file,mos_pred,noi_pred,dis_pred,col_pred,loud_pred,model
/data/nhandt23/Dataset/MMSData/13GKsS26F4U/asr_subtitle/wavs_enhanced/13GKsS26F4U_04214.wav,4.1210413,2.6647542,4.570775,4.2788672,4.1525927,NISQAv2
/data/nhandt23/Dataset/MMSData/13GKsS26F4U/asr_subtitle/wavs_enhanced/13GKsS26F4U_01516.wav,4.273861,3.0470817,4.6262884,4.231646,4.353663,NISQAv2
/data/nhandt23/Dataset/MMSData/13GKsS26F4U/asr_subtitle/wavs_enhanced/13GKsS26F4U_00369.wav,2.9797275,2.4791741,3.5290997,4.0780816,4.180691,NISQAv2
/data/nhandt23/Dataset/MMSData/13GKsS26F4U/asr_subtitle/wavs_enhanced/13GKsS26F4U_01788.wav,3.9450157,2.449149,4.488754,3.8454077,3.8971736,NISQAv2
/data/nhandt23/Dataset/MMSData/13GKsS26F4U/asr_subtitle/wavs_enhanced/13GKsS26F4U_01660.wav,3.0532248,2.7103412,3.5185726,3.9995835,3.439904,NISQAv2
/data/nhandt23/Dataset/MMSData/13GKsS26F4U/asr_subtitle/wavs_enhanced/13GKsS26F4U_03338.wav,3.6116767,2.4379811,4.2667074,4.0882926,3.4810455,NISQAv2
/data/nhandt23/Dataset/MMSData/13GKsS26F4U/asr_subtitle/wavs_enhanced/13GKsS26F4U_01391.wav,3.7808087,2.746602,4.168336,4.0469623,4.0370603,NISQAv2
/data/nhandt23/Dataset/MMSData/13GKsS26F4U/asr_subtitle/wavs_enhanced/13GKsS26F4U_02702.wav,3.5311582,1.9685353,3.9728875,3.8190207,3.4738119,NISQAv2
/data/nhandt23/Dataset/MMSData/13GKsS26F4U/asr_subtitle/wavs_enhanced/13GKsS26F4U_02389.wav,4.1625657,2.177554,4.5606713,4.3214717,4.2552633,NISQAv2
/data/nhandt23/Dataset/MMSData/13GKsS26F4U/asr_subtitle/wavs_enhanced/13GKsS26F4U_03940.wav,4.380439,3.0133712,4.442423,4.297973,4.1168704,NISQAv2
/data/nhandt23/Dataset/MMSData/13GKsS26F4U/asr_subtitle/wavs_enhanced/13GKsS26F4U_01116.wav,3.574733,2.4073625,4.346931,4.237342,4.2612715,NISQAv2
/data/nhandt23/Dataset/MMSData/13GKsS26F4U/asr_subtitle/wavs_enhanced/13GKsS26F4U_00050.wav,2.854131,2.7467453,3.0950341,3.9344585,3.8313837,NISQAv2
/data/nhandt23/Dataset/MMSData/13GKsS26F4U/asr_subtitle/wavs_enhanced/13GKsS26F4U_03717.wav,3.5981383,2.303253,4.264664,3.99157,3.86306,NISQAv2
/data/nhandt23/Dataset/MMSData/13GKsS26F4U/asr_subtitle/wavs_enhanced/13GKsS26F4U_03384.wav,3.2663095,2.409859,4.266025,4.197576,3.9680717,NISQAv2
/data/nhandt23/Dataset/MMSData/13GKsS26F4U/asr_subtitle/wavs_enhanced/13GKsS26F4U_02608.wav,3.8513386,2.9558702,3.9220088,4.183224,4.276057,NISQAv2
/data/nhandt23/Dataset/MMSData/13GKsS26F4U/asr_subtitle/wavs_enhanced/13GKsS26F4U_04764.wav,3.050525,3.304605,4.35838,4.068741,4.0168667,NISQAv2
/data/nhandt23/Dataset/MMSData/13GKsS26F4U/asr_subtitle/wavs_enhanced/13GKsS26F4U_04678.wav,4.2479715,2.8461344,4.565462,4.4938245,4.407469,NISQAv2
/data/nhandt23/Dataset/MMSData/13GKsS26F4U/asr_subtitle/wavs_enhanced/13GKsS26F4U_04736.wav,2.640816,2.5995598,2.5660589,2.995866,3.5730941,NISQAv2
/data/nhandt23/Dataset/MMSData/13GKsS26F4U/asr_subtitle/wavs_enhanced/13GKsS26F4U_01402.wav,2.97598,2.466805,3.935139,3.7080739,3.5997124,NISQAv2
/data/nhandt23/Dataset/MMSData/13GKsS26F4U/asr_subtitle/wavs_enhanced/13GKsS26F4U_00334.wav,2.9639478,2.9519517,4.3441353,4.1771646,4.260945,NISQAv2
/data/nhandt23/Dataset/MMSData/13GKsS26F4U/asr_subtitle/wavs_enhanced/13GKsS26F4U_00760.wav,2.772865,2.8785386,3.5969296,3.388329,3.7200842,NISQAv2
/data/nhandt23/Dataset/MMSData/13GKsS26F4U/asr_subtitle/wavs_enhanced/13GKsS26F4U_01978.wav,2.9908626,3.0610113,3.87826,3.6893175,3.3716757,NISQAv2
/data/nhandt23/Dataset/MMSData/13GKsS26F4U/asr_subtitle/wavs_enhanced/13GKsS26F4U_05105.wav,4.035062,3.0110939,4.417934,4.2679133,4.068702,NISQAv2
/data/nhandt23/Dataset/MMSData/13GKsS26F4U/asr_subtitle/wavs_enhanced/13GKsS26F4U_04205.wav,3.3273447,2.122152,4.1087976,4.0223927,3.7514546,NISQAv2
/data/nhandt23/Dataset/MMSData/13GKsS26F4U/asr_subtitle/wavs_enhanced/13GKsS26F4U_02754.wav,3.3636198,3.160867,4.1572375,3.9681494,4.0109587,NISQAv2
/data/nhandt23/Dataset/MMSData/13GKsS26F4U/asr_subtitle/wavs_enhanced/13GKsS26F4U_02191.wav,2.8991866,2.9677317,3.0237248,3.7490695,3.946176,NISQAv2
/data/nhandt23/Dataset/MMSData/13GKsS26F4U/asr_subtitle/wavs_enhanced/13GKsS26F4U_02250.wav,2.7464697,2.56382,3.2436674,3.1996865,3.0029583,NISQAv2
/data/nhandt23/Dataset/MMSData/13GKsS26F4U/asr_subtitle/wavs_enhanced/13GKsS26F4U_01140.wav,3.9109058,2.9830449,4.332612,4.205552,4.199433,NISQAv2
/data/nhandt23/Dataset/MMSData/13GKsS26F4U/asr_subtitle/wavs_enhanced/13GKsS26F4U_01770.wav,4.131923,3.0366356,4.315687,4.229063,4.306512,NISQAv2
/data/nhandt23/Dataset/MMSData/13GKsS26F4U/asr_subtitle/wavs_enhanced/13GKsS26F4U_02521.wav,2.9160388,2.7800667,3.1564271,3.4273376,3.7465107,NISQAv2
/data/nhandt23/Dataset/MMSData/13GKsS26F4U/asr_subtitle/wavs_enhanced/13GKsS26F4U_04475.wav,3.9876893,2.511482,4.6394114,4.195664,4.2817817,NISQAv2
/data/nhandt23/Dataset/MMSData/13GKsS26F4U/asr_subtitle/wavs_enhanced/13GKsS26F4U_03482.wav,3.7867992,2.982118,4.453982,4.232322,3.6745298,NISQAv2
/data/nhandt23/Dataset/MMSData/13GKsS26F4U/asr_subtitle/wavs_enhanced/13GKsS26F4U_00169.wav,3.902115,3.3819456,4.40213,4.0743794,3.9767208,NISQAv2
/data/nhandt23/Dataset/MMSData/13GKsS26F4U/asr_subtitle/wavs_enhanced/13GKsS26F4U_04482.wav,2.860849,3.0219235,3.1846504,3.6305256,4.0226736,NISQAv2
/data/nhandt23/Dataset/MMSData/13GKsS26F4U/asr_subtitle/wavs_enhanced/13GKsS26F4U_02431.wav,2.9670618,3.1525054,3.7543323,3.357828,3.2580636,NISQAv2
/data/nhandt23/Dataset/MMSData/13GKsS26F4U/asr_subtitle/wavs_enhanced/13GKsS26F4U_02952.wav,3.0361688,2.474097,4.020028,3.85341,3.2383883,NISQAv2
/data/nhandt23/Dataset/MMSData/13GKsS26F4U/asr_subtitle/wavs_enhanced/13GKsS26F4U_00029.wav,3.7965267,2.441198,4.454846,4.3130145,4.1400094,NISQAv2
/data/nhandt23/Dataset/MMSData/13GKsS26F4U/asr_subtitle/wavs_enhanced/13GKsS26F4U_03260.wav,2.5220108,2.6083388,3.481337,3.085563,3.4103825,NISQAv2
/data/nhandt23/Dataset/MMSData/13GKsS26F4U/asr_subtitle/wavs_enhanced/13GKsS26F4U_03650.wav,2.046498,2.9749546,2.6616116,3.636874,4.000414,NISQAv2
/data/nhandt23/Dataset/MMSData/13GKsS26F4U/asr_subtitle/wavs_enhanced/13GKsS26F4U_02836.wav,4.378111,2.4937267,4.4228015,4.3471346,4.180144,NISQAv2
/data/nhandt23/Dataset/MMSData/13GKsS26F4U/asr_subtitle/wavs_enhanced/13GKsS26F4U_03639.wav,3.7204611,3.054797,4.3792157,4.103479,3.8315098,NISQAv2
/data/nhandt23/Dataset/MMSData/13GKsS26F4U/asr_subtitle/wavs_enhanced/13GKsS26F4U_00835.wav,3.2476804,3.213866,4.18876,4.034024,3.895666,NISQAv2
/data/nhandt23/Dataset/MMSData/13GKsS26F4U/asr_subtitle/wavs_enhanced/13GKsS26F4U_01529.wav,3.4090016,2.6420949,4.2335825,4.151869,3.6669095,NISQAv2
/data/nhandt23/Dataset/MMSData/13GKsS26F4U/asr_subtitle/wavs_enhanced/13GKsS26F4U_01812.wav,3.2579262,2.8290746,3.9404266,3.606809,3.4306183,NISQAv2
/data/nhandt23/Dataset/MMSData/13GKsS26F4U/asr_subtitle/wavs_enhanced/13GKsS26F4U_01301.wav,4.442604,3.2150419,4.56169,4.369964,4.3253894,NISQAv2
/data/nhandt23/Dataset/MMSData/13GKsS26F4U/asr_subtitle/wavs_enhanced/13GKsS26F4U_02798.wav,3.111427,2.5696285,4.0396347,3.937463,3.282833,NISQAv2
/data/nhandt23/Dataset/MMSData/13GKsS26F4U/asr_subtitle/wavs_enhanced/13GKsS26F4U_02757.wav,3.7241535,2.673753,4.388364,4.1843743,4.0997186,NISQAv2
/data/nhandt23/Dataset/MMSData/13GKsS26F4U/asr_subtitle/wavs_enhanced/13GKsS26F4U_04335.wav,3.7089524,3.1521122,4.171879,3.9251332,3.471131,NISQAv2
/data/nhandt23/Dataset/MMSData/13GKsS26F4U/asr_subtitle/wavs_enhanced/13GKsS26F4U_01555.wav,2.820637,2.8043354,4.140939,3.755936,3.3105247,NISQAv2
/data/nhandt23/Dataset/MMSData/13GKsS26F4U/asr_subtitle/wavs_enhanced/13GKsS26F4U_04550.wav,2.6426218,2.5638647,2.5727582,3.403305,3.8127167,NISQAv2
/data/nhandt23/Dataset/MMSData/13GKsS26F4U/asr_subtitle/wavs_enhanced/13GKsS26F4U_03466.wav,3.6886702,2.447222,3.916942,3.7942338,3.74299,NISQAv2
/data/nhandt23/Dataset/MMSData/13GKsS26F4U/asr_subtitle/wavs_enhanced/13GKsS26F4U_04452.wav,3.795125,2.9472764,4.4358397,4.2115912,4.033726,NISQAv2
/data/nhandt23/Dataset/MMSData/13GKsS26F4U/asr_subtitle/wavs_enhanced/13GKsS26F4U_00202.wav,2.3865526,2.5491643,4.026521,3.5661287,3.6390328,NISQAv2
/data/nhandt23/Dataset/MMSData/13GKsS26F4U/asr_subtitle/wavs_enhanced/13GKsS26F4U_01760.wav,3.780651,2.7423432,4.233392,4.3506374,4.205243,NISQAv2
/data/nhandt23/Dataset/MMSData/13GKsS26F4U/asr_subtitle/wavs_enhanced/13GKsS26F4U_03994.wav,2.6031854,2.6353111,2.9118724,3.720783,3.390165,NISQAv2
/data/nhandt23/Dataset/MMSData/13GKsS26F4U/asr_subtitle/wavs_enhanced/13GKsS26F4U_01543.wav,3.125016,2.9854515,3.9132965,3.7657614,3.7359512,NISQAv2
/data/nhandt23/Dataset/MMSData/13GKsS26F4U/asr_subtitle/wavs_enhanced/13GKsS26F4U_01449.wav,2.3673801,2.8754494,2.4496787,3.2354023,3.4822085,NISQAv2
/data/nhandt23/Dataset/MMSData/13GKsS26F4U/asr_subtitle/wavs_enhanced/13GKsS26F4U_03514.wav,3.9159646,3.1518,4.392316,4.201162,3.5108893,NISQAv2
/data/nhandt23/Dataset/MMSData/13GKsS26F4U/asr_subtitle/wavs_enhanced/13GKsS26F4U_04841.wav,3.9353666,3.143822,4.363006,4.0994377,4.020267,NISQAv2
/data/nhandt23/Dataset/MMSData/13GKsS26F4U/asr_subtitle/wavs_enhanced/13GKsS26F4U_00445.wav,2.227617,2.5436583,2.1310167,3.3911889,3.4488971,NISQAv2
/data/nhandt23/Dataset/MMSData/13GKsS26F4U/asr_subtitle/wavs_enhanced/13GKsS26F4U_02381.wav,3.2914724,2.7583168,4.423873,3.9238496,3.8399503,NISQAv2
/data/nhandt23/Dataset/MMSData/13GKsS26F4U/asr_subtitle/wavs_enhanced/13GKsS26F4U_03510.wav,3.0959241,1.9290497,4.077684,3.872157,3.6058488,NISQAv2
/data/nhandt23/Dataset/MMSData/13GKsS26F4U/asr_subtitle/wavs_enhanced/13GKsS26F4U_00204.wav,2.12619,2.9631145,2.4163926,3.0867274,3.6800091,NISQAv2
/data/nhandt23/Dataset/MMSData/13GKsS26F4U/asr_subtitle/wavs_enhanced/13GKsS26F4U_00146.wav,2.3714256,3.2161787,2.8618383,3.1395402,3.656041,NISQAv2
/data/nhandt23/Dataset/MMSData/13GKsS26F4U/asr_subtitle/wavs_enhanced/13GKsS26F4U_02550.wav,3.598605,1.9643531,4.4491205,4.2022147,3.6132076,NISQAv2
/data/nhandt23/Dataset/MMSData/13GKsS26F4U/asr_subtitle/wavs_enhanced/13GKsS26F4U_00823.wav,3.538931,3.3039618,4.206594,3.9210575,3.5755117,NISQAv2
/data/nhandt23/Dataset/MMSData/13GKsS26F4U/asr_subtitle/wavs_enhanced/13GKsS26F4U_01367.wav,3.2223542,2.6233552,3.7480304,3.871507,3.4454288,NISQAv2
/data/nhandt23/Dataset/MMSData/13GKsS26F4U/asr_subtitle/wavs_enhanced/13GKsS26F4U_01658.wav,3.2159421,1.921357,4.1572895,3.9137084,3.3447678,NISQAv2
/data/nhandt23/Dataset/MMSData/13GKsS26F4U/asr_subtitle/wavs_enhanced/13GKsS26F4U_01989.wav,2.1772797,2.4918292,2.8332598,3.1229885,3.1079566,NISQAv2
/data/nhandt23/Dataset/MMSData/13GKsS26F4U/asr_subtitle/wavs_enhanced/13GKsS26F4U_00105.wav,2.9896383,3.1569104,3.2536488,3.6115324,3.151281,NISQAv2
/data/nhandt23/Dataset/MMSData/13GKsS26F4U/asr_subtitle/wavs_enhanced/13GKsS26F4U_01720.wav,3.796385,2.5436182,4.286425,4.347053,3.742695,NISQAv2
/data/nhandt23/Dataset/MMSData/13GKsS26F4U/asr_subtitle/wavs_enhanced/13GKsS26F4U_03899.wav,3.6313312,2.3611968,4.356568,4.0959144,3.7385883,NISQAv2
/data/nhandt23/Dataset/MMSData/13GKsS26F4U/asr_subtitle/wavs_enhanced/13GKsS26F4U_00914.wav,3.2088492,3.0838583,3.8104093,4.0206976,3.654031,NISQAv2
/data/nhandt23/Dataset/MMSData/13GKsS26F4U/asr_subtitle/wavs_enhanced/13GKsS26F4U_01054.wav,3.1191359,2.8318856,3.6310647,3.5948799,3.8010094,NISQAv2
/data/nhandt23/Dataset/MMSData/13GKsS26F4U/asr_subtitle/wavs_enhanced/13GKsS26F4U_00082.wav,3.9725363,3.5129735,4.398231,3.972809,4.1667094,NISQAv2
/data/nhandt23/Dataset/MMSData/13GKsS26F4U/asr_subtitle/wavs_enhanced/13GKsS26F4U_00027.wav,3.2424052,2.9000945,3.4225595,3.9844608,3.7442677,NISQAv2
/data/nhandt23/Dataset/MMSData/13GKsS26F4U/asr_subtitle/wavs_enhanced/13GKsS26F4U_03211.wav,3.4075425,2.9023893,4.295998,3.9164493,4.025934,NISQAv2
/data/nhandt23/Dataset/MMSData/13GKsS26F4U/asr_subtitle/wavs_enhanced/13GKsS26F4U_00392.wav,3.3097014,2.732979,3.8965704,3.9281523,3.8708043,NISQAv2
/data/nhandt23/Dataset/MMSData/13GKsS26F4U/asr_subtitle/wavs_enhanced/13GKsS26F4U_02916.wav,3.749426,3.2854385,4.5530095,4.1953716,4.032404,NISQAv2
/data/nhandt23/Dataset/MMSData/13GKsS26F4U/asr_subtitle/wavs_enhanced/13GKsS26F4U_03010.wav,3.789879,2.5089638,4.431556,4.356898,3.6851096,NISQAv2
/data/nhandt23/Dataset/MMSData/13GKsS26F4U/asr_subtitle/wavs_enhanced/13GKsS26F4U_03393.wav,3.9299119,2.4036357,4.4468126,4.237035,4.145483,NISQAv2
/data/nhandt23/Dataset/MMSData/13GKsS26F4U/asr_subtitle/wavs_enhanced/13GKsS26F4U_00252.wav,3.5788915,2.8548522,4.4345884,4.089874,4.0308356,NISQAv2
/data/nhandt23/Dataset/MMSData/13GKsS26F4U/asr_subtitle/wavs_enhanced/13GKsS26F4U_04646.wav,2.452865,2.2253509,2.9289706,2.9253163,2.9795928,NISQAv2
/data/nhandt23/Dataset/MMSData/13GKsS26F4U/asr_subtitle/wavs_enhanced/13GKsS26F4U_03060.wav,2.6052036,2.4310224,4.155033,4.00325,3.7329087,NISQAv2
/data/nhandt23/Dataset/MMSData/13GKsS26F4U/asr_subtitle/wavs_enhanced/13GKsS26F4U_01906.wav,3.12623,2.675728,3.5274413,3.7859797,3.4583108,NISQAv2
/data/nhandt23/Dataset/MMSData/13GKsS26F4U/asr_subtitle/wavs_enhanced/13GKsS26F4U_04136.wav,2.6054366,2.699344,4.0279164,3.6623838,3.542053,NISQAv2
/data/nhandt23/Dataset/MMSData/13GKsS26F4U/asr_subtitle/wavs_enhanced/13GKsS26F4U_02530.wav,3.3667698,2.8736444,3.74563,3.6850502,3.8526309,NISQAv2
/data/nhandt23/Dataset/MMSData/13GKsS26F4U/asr_subtitle/wavs_enhanced/13GKsS26F4U_03946.wav,4.184686,2.6393158,4.4940314,4.081689,4.2861395,NISQAv2
/data/nhandt23/Dataset/MMSData/13GKsS26F4U/asr_subtitle/wavs_enhanced/13GKsS26F4U_04155.wav,3.1376169,2.0194602,3.6459312,3.4886105,3.4656224,NISQAv2
/data/nhandt23/Dataset/MMSData/13GKsS26F4U/asr_subtitle/wavs_enhanced/13GKsS26F4U_01421.wav,3.2117777,2.2444942,3.8841026,3.4755757,3.102724,NISQAv2
/data/nhandt23/Dataset/MMSData/13GKsS26F4U/asr_subtitle/wavs_enhanced/13GKsS26F4U_04046.wav,3.3080914,2.4064124,4.0341363,4.3702993,4.208522,NISQAv2
/data/nhandt23/Dataset/MMSData/13GKsS26F4U/asr_subtitle/wavs_enhanced/13GKsS26F4U_00628.wav,3.2101197,3.3735344,3.7391777,3.9373534,3.881201,NISQAv2
/data/nhandt23/Dataset/MMSData/13GKsS26F4U/asr_subtitle/wavs_enhanced/13GKsS26F4U_02461.wav,3.6197233,2.4973233,4.0257773,3.764066,4.106341,NISQAv2
/data/nhandt23/Dataset/MMSData/13GKsS26F4U/asr_subtitle/wavs_enhanced/13GKsS26F4U_01143.wav,3.5986602,2.4436433,4.6211085,4.466162,4.1124053,NISQAv2
/data/nhandt23/Dataset/MMSData/13GKsS26F4U/asr_subtitle/wavs_enhanced/13GKsS26F4U_00193.wav,3.297016,1.9236344,4.025416,3.8953388,3.3223298,NISQAv2
/data/nhandt23/Dataset/MMSData/13GKsS26F4U/asr_subtitle/wavs_enhanced/13GKsS26F4U_01680.wav,3.35391,3.2852151,4.3743396,4.392939,4.2163167,NISQAv2
/data/nhandt23/Dataset/MMSData/13GKsS26F4U/asr_subtitle/wavs_enhanced/13GKsS26F4U_04775.wav,3.812771,3.0745146,4.4746785,4.321487,4.290937,NISQAv2
/data/nhandt23/Dataset/MMSData/13GKsS26F4U/asr_subtitle/wavs_enhanced/13GKsS26F4U_04853.wav,3.3224447,2.7875648,3.9793012,4.034227,3.94277,NISQAv2
/data/nhandt23/Dataset/MMSData/13GKsS26F4U/asr_subtitle/wavs_enhanced/13GKsS26F4U_00985.wav,3.0079615,2.9410124,3.7664983,3.5478156,2.931923,NISQAv2
/data/nhandt23/Dataset/MMSData/13GKsS26F4U/asr_subtitle/wavs_enhanced/13GKsS26F4U_01303.wav,3.6397831,2.9259522,4.3230295,4.1251445,3.977125,NISQAv2
/data/nhandt23/Dataset/MMSData/13GKsS26F4U/asr_subtitle/wavs_enhanced/13GKsS26F4U_02915.wav,3.2087371,2.8285573,3.9661906,3.9644759,4.1999006,NISQAv2
/data/nhandt23/Dataset/MMSData/13GKsS26F4U/asr_subtitle/wavs_enhanced/13GKsS26F4U_04423.wav,2.8158944,2.4572012,4.2649393,4.153499,3.3386784,NISQAv2
/data/nhandt23/Dataset/MMSData/13GKsS26F4U/asr_subtitle/wavs_enhanced/13GKsS26F4U_03245.wav,4.0900974,3.2561262,4.5912976,4.3704534,4.2306848,NISQAv2
/data/nhandt23/Dataset/MMSData/13GKsS26F4U/asr_subtitle/wavs_enhanced/13GKsS26F4U_01662.wav,3.642887,3.4769812,4.429149,4.3951354,3.8034537,NISQAv2
/data/nhandt23/Dataset/MMSData/13GKsS26F4U/asr_subtitle/wavs_enhanced/13GKsS26F4U_02143.wav,3.9706805,3.1023448,4.517169,4.3836827,4.2932134,NISQAv2
/data/nhandt23/Dataset/MMSData/13GKsS26F4U/asr_subtitle/wavs_enhanced/13GKsS26F4U_03746.wav,3.5015125,2.7156332,4.3105125,3.9591823,3.8115447,NISQAv2
/data/nhandt23/Dataset/MMSData/13GKsS26F4U/asr_subtitle/wavs_enhanced/13GKsS26F4U_01064.wav,3.8863626,3.327455,4.5278587,4.2878327,3.9794128,NISQAv2
/data/nhandt23/Dataset/MMSData/13GKsS26F4U/asr_subtitle/wavs_enhanced/13GKsS26F4U_00333.wav,2.7507327,1.9529512,3.8918865,4.0178995,4.2468286,NISQAv2
/data/nhandt23/Dataset/MMSData/13GKsS26F4U/asr_subtitle/wavs_enhanced/13GKsS26F4U_02255.wav,3.1255834,2.371895,3.975438,3.5022652,3.1833508,NISQAv2
/data/nhandt23/Dataset/MMSData/13GKsS26F4U/asr_subtitle/wavs_enhanced/13GKsS26F4U_03627.wav,2.404202,2.597435,2.7571476,3.3498242,3.8885663,NISQAv2
/data/nhandt23/Dataset/MMSData/13GKsS26F4U/asr_subtitle/wavs_enhanced/13GKsS26F4U_00700.wav,3.2426205,2.9681408,3.06427,3.7327898,3.2680137,NISQAv2
/data/nhandt23/Dataset/MMSData/13GKsS26F4U/asr_subtitle/wavs_enhanced/13GKsS26F4U_03138.wav,3.781741,2.3059049,4.1200724,3.840153,3.9803731,NISQAv2
/data/nhandt23/Dataset/MMSData/13GKsS26F4U/asr_subtitle/wavs_enhanced/13GKsS26F4U_02033.wav,3.3978543,2.8748267,4.3162804,4.0343804,3.5725195,NISQAv2
/data/nhandt23/Dataset/MMSData/13GKsS26F4U/asr_subtitle/wavs_enhanced/13GKsS26F4U_03095.wav,3.4424903,2.7672794,4.067918,3.9074194,3.5027597,NISQAv2
/data/nhandt23/Dataset/MMSData/13GKsS26F4U/asr_subtitle/wavs_enhanced/13GKsS26F4U_01468.wav,3.6880536,3.0680413,4.254863,4.0680346,4.085125,NISQAv2
/data/nhandt23/Dataset/MMSData/13GKsS26F4U/asr_subtitle/wavs_enhanced/13GKsS26F4U_02755.wav,2.6677597,2.774274,4.245779,3.9469683,3.9202805,NISQAv2
/data/nhandt23/Dataset/MMSData/13GKsS26F4U/asr_subtitle/wavs_enhanced/13GKsS26F4U_02847.wav,3.4774706,2.5596688,4.1520267,3.989044,3.5881908,NISQAv2
/data/nhandt23/Dataset/MMSData/13GKsS26F4U/asr_subtitle/wavs_enhanced/13GKsS26F4U_00065.wav,2.7465937,2.627083,3.456778,3.693592,3.9562733,NISQAv2
/data/nhandt23/Dataset/MMSData/13GKsS26F4U/asr_subtitle/wavs_enhanced/13GKsS26F4U_04497.wav,3.7275116,3.0352044,4.1063905,3.9189403,3.1696317,NISQAv2
/data/nhandt23/Dataset/MMSData/13GKsS26F4U/asr_subtitle/wavs_enhanced/13GKsS26F4U_04034.wav,3.4870536,2.1751251,4.5217853,4.1139045,3.6827354,NISQAv2
/data/nhandt23/Dataset/MMSData/13GKsS26F4U/asr_subtitle/wavs_enhanced/13GKsS26F4U_04991.wav,2.9282439,3.0436609,3.970949,3.783906,4.007397,NISQAv2
/data/nhandt23/Dataset/MMSData/13GKsS26F4U/asr_subtitle/wavs_enhanced/13GKsS26F4U_04392.wav,3.0041153,2.5383103,4.279767,3.823465,3.7442505,NISQAv2
/data/nhandt23/Dataset/MMSData/13GKsS26F4U/asr_subtitle/wavs_enhanced/13GKsS26F4U_02498.wav,2.4891913,2.6354036,2.58083,3.0771105,3.6766489,NISQAv2
/data/nhandt23/Dataset/MMSData/13GKsS26F4U/asr_subtitle/wavs_enhanced/13GKsS26F4U_01869.wav,3.1181526,2.2059531,3.8093164,3.8106678,2.7946827,NISQAv2
/data/nhandt23/Dataset/MMSData/13GKsS26F4U/asr_subtitle/wavs_enhanced/13GKsS26F4U_00487.wav,3.701648,2.0939338,3.8631935,3.8728836,4.1134257,NISQAv2
/data/nhandt23/Dataset/MMSData/13GKsS26F4U/asr_subtitle/wavs_enhanced/13GKsS26F4U_01766.wav,3.5117922,2.5214467,4.1662645,4.150583,3.5799422,NISQAv2
/data/nhandt23/Dataset/MMSData/13GKsS26F4U/asr_subtitle/wavs_enhanced/13GKsS26F4U_02466.wav,3.837909,3.001321,4.2693377,4.127584,4.122811,NISQAv2
/data/nhandt23/Dataset/MMSData/13GKsS26F4U/asr_subtitle/wavs_enhanced/13GKsS26F4U_04488.wav,4.2348323,3.2460108,4.49576,4.316854,4.220469,NISQAv2
/data/nhandt23/Dataset/MMSData/13GKsS26F4U/asr_subtitle/wavs_enhanced/13GKsS26F4U_02008.wav,3.8220756,2.266437,4.2075157,3.8022592,3.8399289,NISQAv2
/data/nhandt23/Dataset/MMSData/13GKsS26F4U/asr_subtitle/wavs_enhanced/13GKsS26F4U_00954.wav,3.808112,2.632998,4.3642054,3.8277013,3.627003,NISQAv2
/data/nhandt23/Dataset/MMSData/13GKsS26F4U/asr_subtitle/wavs_enhanced/13GKsS26F4U_00411.wav,3.8691852,3.1901796,3.9062448,4.122086,4.2520294,NISQAv2
/data/nhandt23/Dataset/MMSData/13GKsS26F4U/asr_subtitle/wavs_enhanced/13GKsS26F4U_03825.wav,3.2298641,2.611152,4.168893,3.8177364,3.6788647,NISQAv2
/data/nhandt23/Dataset/MMSData/13GKsS26F4U/asr_subtitle/wavs_enhanced/13GKsS26F4U_01733.wav,3.7623425,3.1552427,4.1980376,3.9914632,4.095607,NISQAv2
/data/nhandt23/Dataset/MMSData/13GKsS26F4U/asr_subtitle/wavs_enhanced/13GKsS26F4U_03502.wav,3.1196525,2.0863001,3.783212,3.5657897,3.397185,NISQAv2
/data/nhandt23/Dataset/MMSData/13GKsS26F4U/asr_subtitle/wavs_enhanced/13GKsS26F4U_00251.wav,3.913651,3.367577,4.5712748,4.231705,4.1560855,NISQAv2
/data/nhandt23/Dataset/MMSData/13GKsS26F4U/asr_subtitle/wavs_enhanced/13GKsS26F4U_00616.wav,3.4915247,2.4774783,4.1290107,4.0734596,3.60314,NISQAv2
/data/nhandt23/Dataset/MMSData/13GKsS26F4U/asr_subtitle/wavs_enhanced/13GKsS26F4U_03917.wav,2.814006,2.3843005,4.2486825,4.1026454,3.5747902,NISQAv2
/data/nhandt23/Dataset/MMSData/13GKsS26F4U/asr_subtitle/wavs_enhanced/13GKsS26F4U_02430.wav,3.5977046,2.9631526,4.4645157,4.0397377,3.6414986,NISQAv2
/data/nhandt23/Dataset/MMSData/13GKsS26F4U/asr_subtitle/wavs_enhanced/13GKsS26F4U_02821.wav,3.8396242,3.221383,4.469265,4.12556,4.1548233,NISQAv2
/data/nhandt23/Dataset/MMSData/13GKsS26F4U/asr_subtitle/wavs_enhanced/13GKsS26F4U_01052.wav,2.638156,2.8102129,2.9562626,3.401365,4.099336,NISQAv2
/data/nhandt23/Dataset/MMSData/13GKsS26F4U/asr_subtitle/wavs_enhanced/13GKsS26F4U_04771.wav,4.2376676,3.7882376,4.5235357,4.1328893,4.1403956,NISQAv2
/data/nhandt23/Dataset/MMSData/13GKsS26F4U/asr_subtitle/wavs_enhanced/13GKsS26F4U_04192.wav,3.1293457,2.931997,3.904504,3.7205534,3.7698343,NISQAv2
/data/nhandt23/Dataset/MMSData/13GKsS26F4U/asr_subtitle/wavs_enhanced/13GKsS26F4U_01382.wav,2.7892168,2.6878486,3.098665,3.0814164,3.1178226,NISQAv2
/data/nhandt23/Dataset/MMSData/13GKsS26F4U/asr_subtitle/wavs_enhanced/13GKsS26F4U_03047.wav,3.778844,2.496118,4.2592373,4.0909886,3.493201,NISQAv2
/data/nhandt23/Dataset/MMSData/13GKsS26F4U/asr_subtitle/wavs_enhanced/13GKsS26F4U_03714.wav,2.1563618,2.4585998,4.050543,3.9803672,3.5834816,NISQAv2
/data/nhandt23/Dataset/MMSData/13GKsS26F4U/asr_subtitle/wavs_enhanced/13GKsS26F4U_03239.wav,2.5252235,2.5150003,4.196851,3.9790227,3.698861,NISQAv2
/data/nhandt23/Dataset/MMSData/13GKsS26F4U/asr_subtitle/wavs_enhanced/13GKsS26F4U_04502.wav,2.2642186,3.3662474,3.0751767,3.8278499,3.7554798,NISQAv2
/data/nhandt23/Dataset/MMSData/13GKsS26F4U/asr_subtitle/wavs_enhanced/13GKsS26F4U_01844.wav,2.679006,2.3903854,3.0801804,3.3770392,3.4006116,NISQAv2
/data/nhandt23/Dataset/MMSData/13GKsS26F4U/asr_subtitle/wavs_enhanced/13GKsS26F4U_03078.wav,4.106201,2.532089,4.6335626,4.3563457,4.1762166,NISQAv2
/data/nhandt23/Dataset/MMSData/13GKsS26F4U/asr_subtitle/wavs_enhanced/13GKsS26F4U_01731.wav,3.6334813,3.0879228,3.6992793,3.7021463,4.085969,NISQAv2
/data/nhandt23/Dataset/MMSData/13GKsS26F4U/asr_subtitle/wavs_enhanced/13GKsS26F4U_02745.wav,2.7608097,2.6430364,3.2953687,3.2609372,3.977605,NISQAv2
/data/nhandt23/Dataset/MMSData/13GKsS26F4U/asr_subtitle/wavs_enhanced/13GKsS26F4U_00269.wav,2.8408108,3.2769473,3.4221482,3.2834418,3.8602364,NISQAv2
/data/nhandt23/Dataset/MMSData/13GKsS26F4U/asr_subtitle/wavs_enhanced/13GKsS26F4U_00090.wav,3.0993116,1.9971873,4.1125712,3.638446,3.2758405,NISQAv2
/data/nhandt23/Dataset/MMSData/13GKsS26F4U/asr_subtitle/wavs_enhanced/13GKsS26F4U_02301.wav,3.5231497,2.9646008,4.382331,4.082171,3.8413048,NISQAv2
/data/nhandt23/Dataset/MMSData/13GKsS26F4U/asr_subtitle/wavs_enhanced/13GKsS26F4U_04531.wav,4.2287283,2.8384264,4.5462866,4.2859898,4.208498,NISQAv2
/data/nhandt23/Dataset/MMSData/13GKsS26F4U/asr_subtitle/wavs_enhanced/13GKsS26F4U_03377.wav,2.6883366,2.040776,2.6589491,3.0928836,3.087442,NISQAv2
/data/nhandt23/Dataset/MMSData/13GKsS26F4U/asr_subtitle/wavs_enhanced/13GKsS26F4U_00593.wav,2.843333,2.3227036,3.832268,3.7042491,3.2334673,NISQAv2
/data/nhandt23/Dataset/MMSData/13GKsS26F4U/asr_subtitle/wavs_enhanced/13GKsS26F4U_03907.wav,3.2528303,1.9508812,3.8565042,3.70892,3.6847372,NISQAv2
/data/nhandt23/Dataset/MMSData/13GKsS26F4U/asr_subtitle/wavs_enhanced/13GKsS26F4U_01670.wav,3.5656407,2.3341532,3.9894202,3.8632507,3.112735,NISQAv2
/data/nhandt23/Dataset/MMSData/13GKsS26F4U/asr_subtitle/wavs_enhanced/13GKsS26F4U_02019.wav,3.8743231,3.3153765,4.1400204,4.0005016,3.4717138,NISQAv2
/data/nhandt23/Dataset/MMSData/13GKsS26F4U/asr_subtitle/wavs_enhanced/13GKsS26F4U_01725.wav,3.9384432,3.0797136,4.444661,4.1434836,4.16816,NISQAv2
/data/nhandt23/Dataset/MMSData/13GKsS26F4U/asr_subtitle/wavs_enhanced/13GKsS26F4U_00218.wav,3.7696793,2.9492075,4.269986,4.122455,4.146101,NISQAv2
/data/nhandt23/Dataset/MMSData/13GKsS26F4U/asr_subtitle/wavs_enhanced/13GKsS26F4U_05053.wav,2.632241,3.2064588,4.170435,3.5933688,4.3275743,NISQAv2
/data/nhandt23/Dataset/MMSData/13GKsS26F4U/asr_subtitle/wavs_enhanced/13GKsS26F4U_02649.wav,3.216407,2.3220108,4.2005987,4.031404,4.1611853,NISQAv2
/data/nhandt23/Dataset/MMSData/13GKsS26F4U/asr_subtitle/wavs_enhanced/13GKsS26F4U_02728.wav,3.488292,2.6962473,4.075535,3.878526,3.865962,NISQAv2
/data/nhandt23/Dataset/MMSData/13GKsS26F4U/asr_subtitle/wavs_enhanced/13GKsS26F4U_00018.wav,3.3159893,3.011711,4.3637166,4.2841887,4.2282605,NISQAv2
/data/nhandt23/Dataset/MMSData/13GKsS26F4U/asr_subtitle/wavs_enhanced/13GKsS26F4U_03360.wav,3.7352734,3.0782492,4.358265,3.9649334,3.8598046,NISQAv2
/data/nhandt23/Dataset/MMSData/13GKsS26F4U/asr_subtitle/wavs_enhanced/13GKsS26F4U_01607.wav,2.3858657,2.453585,2.9388049,3.227834,3.4892576,NISQAv2
/data/nhandt23/Dataset/MMSData/13GKsS26F4U/asr_subtitle/wavs_enhanced/13GKsS26F4U_04382.wav,2.7869747,2.1626847,2.8073914,3.479788,3.730268,NISQAv2
/data/nhandt23/Dataset/MMSData/13GKsS26F4U/asr_subtitle/wavs_enhanced/13GKsS26F4U_00310.wav,2.7809427,2.5360677,3.8133051,3.7745693,3.5362706,NISQAv2
/data/nhandt23/Dataset/MMSData/13GKsS26F4U/asr_subtitle/wavs_enhanced/13GKsS26F4U_03812.wav,3.5845244,2.3473077,4.133876,3.7944834,3.5285733,NISQAv2
/data/nhandt23/Dataset/MMSData/13GKsS26F4U/asr_subtitle/wavs_enhanced/13GKsS26F4U_00372.wav,3.2362945,2.8194194,4.210689,4.1504316,3.6988838,NISQAv2
/data/nhandt23/Dataset/MMSData/13GKsS26F4U/asr_subtitle/wavs_enhanced/13GKsS26F4U_01864.wav,3.8734763,3.1682343,4.3575377,4.2091875,3.9136856,NISQAv2
/data/nhandt23/Dataset/MMSData/13GKsS26F4U/asr_subtitle/wavs_enhanced/13GKsS26F4U_00651.wav,4.262273,2.0028908,4.6154156,4.3831506,4.128896,NISQAv2
/data/nhandt23/Dataset/MMSData/13GKsS26F4U/asr_subtitle/wavs_enhanced/13GKsS26F4U_02354.wav,3.882652,2.5364192,4.1913333,4.053547,3.5317588,NISQAv2
/data/nhandt23/Dataset/MMSData/13GKsS26F4U/asr_subtitle/wavs_enhanced/13GKsS26F4U_02228.wav,3.6752412,2.5007803,4.473221,4.141331,3.7794363,NISQAv2
/data/nhandt23/Dataset/MMSData/13GKsS26F4U/asr_subtitle/wavs_enhanced/13GKsS26F4U_02082.wav,3.2778609,2.7428505,3.5445035,3.8263915,3.2999947,NISQAv2
/data/nhandt23/Dataset/MMSData/13GKsS26F4U/asr_subtitle/wavs_enhanced/13GKsS26F4U_00864.wav,4.026969,2.9325223,4.285285,3.95061,3.5670369,NISQAv2
/data/nhandt23/Dataset/MMSData/13GKsS26F4U/asr_subtitle/wavs_enhanced/13GKsS26F4U_02395.wav,3.388714,2.1228611,4.461915,4.2153096,3.781367,NISQAv2
/data/nhandt23/Dataset/MMSData/13GKsS26F4U/asr_subtitle/wavs_enhanced/13GKsS26F4U_00248.wav,1.9270247,3.0409744,1.8011336,2.7911775,3.6058934,NISQAv2
/data/nhandt23/Dataset/MMSData/13GKsS26F4U/asr_subtitle/wavs_enhanced/13GKsS26F4U_03536.wav,3.7334328,2.8557365,4.4127665,4.0833516,3.7704413,NISQAv2
/data/nhandt23/Dataset/MMSData/13GKsS26F4U/asr_subtitle/wavs_enhanced/13GKsS26F4U_03649.wav,3.1318686,2.9987545,3.9875338,3.906288,3.882455,NISQAv2
/data/nhandt23/Dataset/MMSData/13GKsS26F4U/asr_subtitle/wavs_enhanced/13GKsS26F4U_02885.wav,4.0454836,3.03883,4.456667,4.2862983,4.5280523,NISQAv2
/data/nhandt23/Dataset/MMSData/13GKsS26F4U/asr_subtitle/wavs_enhanced/13GKsS26F4U_03859.wav,4.293825,2.5913384,4.6003857,4.373592,4.288217,NISQAv2
/data/nhandt23/Dataset/MMSData/13GKsS26F4U/asr_subtitle/wavs_enhanced/13GKsS26F4U_04962.wav,3.7822926,3.5780735,4.570315,4.097393,3.9341502,NISQAv2
/data/nhandt23/Dataset/MMSData/13GKsS26F4U/asr_subtitle/wavs_enhanced/13GKsS26F4U_03090.wav,2.3716743,2.331385,3.4586434,3.6893795,3.866461,NISQAv2
/data/nhandt23/Dataset/MMSData/13GKsS26F4U/asr_subtitle/wavs_enhanced/13GKsS26F4U_03786.wav,2.3210568,2.4392183,2.7304013,3.5732198,3.4748504,NISQAv2
/data/nhandt23/Dataset/MMSData/13GKsS26F4U/asr_subtitle/wavs_enhanced/13GKsS26F4U_00573.wav,2.4496417,3.0001724,2.73069,3.7676513,3.8948653,NISQAv2
/data/nhandt23/Dataset/MMSData/13GKsS26F4U/asr_subtitle/wavs_enhanced/13GKsS26F4U_02219.wav,3.7613738,2.9940906,4.1898165,4.0846953,3.8921108,NISQAv2
/data/nhandt23/Dataset/MMSData/13GKsS26F4U/asr_subtitle/wavs_enhanced/13GKsS26F4U_01011.wav,3.782301,2.254692,4.238,4.017083,3.4446325,NISQAv2
/data/nhandt23/Dataset/MMSData/13GKsS26F4U/asr_subtitle/wavs_enhanced/13GKsS26F4U_01952.wav,3.3749225,2.243291,3.8201013,3.8482842,3.4422786,NISQAv2
/data/nhandt23/Dataset/MMSData/13GKsS26F4U/asr_subtitle/wavs_enhanced/13GKsS26F4U_01600.wav,3.7045586,2.512082,4.394971,4.0929937,3.9404757,NISQAv2
/data/nhandt23/Dataset/MMSData/13GKsS26F4U/asr_subtitle/wavs_enhanced/13GKsS26F4U_01048.wav,3.6927612,2.9381018,4.4743013,4.426383,3.731075,NISQAv2
/data/nhandt23/Dataset/MMSData/13GKsS26F4U/asr_subtitle/wavs_enhanced/13GKsS26F4U_00361.wav,2.1188922,2.8889623,2.6910467,3.683939,3.1946309,NISQAv2
/data/nhandt23/Dataset/MMSData/13GKsS26F4U/asr_subtitle/wavs_enhanced/13GKsS26F4U_01992.wav,3.280761,3.2416425,3.8565342,4.0404468,3.9685705,NISQAv2
/data/nhandt23/Dataset/MMSData/13GKsS26F4U/asr_subtitle/wavs_enhanced/13GKsS26F4U_04309.wav,2.5419462,2.4878023,4.105399,3.848407,3.811585,NISQAv2
/data/nhandt23/Dataset/MMSData/13GKsS26F4U/asr_subtitle/wavs_enhanced/13GKsS26F4U_01763.wav,2.720593,2.9667308,3.059094,3.3872125,3.0823617,NISQAv2
/data/nhandt23/Dataset/MMSData/13GKsS26F4U/asr_subtitle/wavs_enhanced/13GKsS26F4U_00883.wav,2.7680655,2.7430995,3.3776968,3.4884923,2.8478458,NISQAv2
/data/nhandt23/Dataset/MMSData/13GKsS26F4U/asr_subtitle/wavs_enhanced/13GKsS26F4U_02336.wav,4.0347023,2.8245378,4.4812784,4.1264744,4.1701984,NISQAv2
/data/nhandt23/Dataset/MMSData/13GKsS26F4U/asr_subtitle/wavs_enhanced/13GKsS26F4U_04447.wav,3.7507346,2.422733,4.3587003,4.2685246,3.831679,NISQAv2
/data/nhandt23/Dataset/MMSData/13GKsS26F4U/asr_subtitle/wavs_enhanced/13GKsS26F4U_04493.wav,3.7621264,3.3472679,4.492989,4.201569,4.156291,NISQAv2
/data/nhandt23/Dataset/MMSData/13GKsS26F4U/asr_subtitle/wavs_enhanced/13GKsS26F4U_02069.wav,4.3112392,2.846792,4.5995855,4.2138014,4.2607894,NISQAv2
/data/nhandt23/Dataset/MMSData/13GKsS26F4U/asr_subtitle/wavs_enhanced/13GKsS26F4U_05122.wav,3.4758158,2.0122194,4.279843,4.126557,4.0238442,NISQAv2
/data/nhandt23/Dataset/MMSData/13GKsS26F4U/asr_subtitle/wavs_enhanced/13GKsS26F4U_02647.wav,3.465615,2.1354253,4.267058,3.7918525,3.4731393,NISQAv2
/data/nhandt23/Dataset/MMSData/13GKsS26F4U/asr_subtitle/wavs_enhanced/13GKsS26F4U_01221.wav,4.3148637,2.8890016,4.689841,4.5225234,4.4933343,NISQAv2
/data/nhandt23/Dataset/MMSData/13GKsS26F4U/asr_subtitle/wavs_enhanced/13GKsS26F4U_00119.wav,3.4154108,2.9247591,4.223897,3.887815,3.7195334,NISQAv2
/data/nhandt23/Dataset/MMSData/13GKsS26F4U/asr_subtitle/wavs_enhanced/13GKsS26F4U_02405.wav,4.2679834,2.7621531,4.5008264,4.4150934,4.410176,NISQAv2
/data/nhandt23/Dataset/MMSData/13GKsS26F4U/asr_subtitle/wavs_enhanced/13GKsS26F4U_03914.wav,3.9197497,2.8128052,4.6299367,4.3694,3.9900753,NISQAv2
/data/nhandt23/Dataset/MMSData/13GKsS26F4U/asr_subtitle/wavs_enhanced/13GKsS26F4U_02763.wav,2.0929592,2.7045686,2.3861327,3.4275692,3.9458847,NISQAv2
/data/nhandt23/Dataset/MMSData/13GKsS26F4U/asr_subtitle/wavs_enhanced/13GKsS26F4U_01931.wav,3.3374555,2.9469192,4.1823025,3.434827,3.1750376,NISQAv2
/data/nhandt23/Dataset/MMSData/13GKsS26F4U/asr_subtitle/wavs_enhanced/13GKsS26F4U_01930.wav,3.5695612,2.92257,4.004399,4.0302763,3.662368,NISQAv2
/data/nhandt23/Dataset/MMSData/13GKsS26F4U/asr_subtitle/wavs_enhanced/13GKsS26F4U_02098.wav,3.8100402,2.4488347,4.5402627,4.2054467,3.9329789,NISQAv2
/data/nhandt23/Dataset/MMSData/13GKsS26F4U/asr_subtitle/wavs_enhanced/13GKsS26F4U_00931.wav,3.7712643,2.9049308,4.5508776,4.430528,3.765072,NISQAv2
/data/nhandt23/Dataset/MMSData/13GKsS26F4U/asr_subtitle/wavs_enhanced/13GKsS26F4U_01936.wav,3.1105509,1.83836,4.1936226,3.7733982,3.63586,NISQAv2
/data/nhandt23/Dataset/MMSData/13GKsS26F4U/asr_subtitle/wavs_enhanced/13GKsS26F4U_00354.wav,3.7206876,2.4770706,4.567503,4.2198343,3.6187584,NISQAv2
/data/nhandt23/Dataset/MMSData/13GKsS26F4U/asr_subtitle/wavs_enhanced/13GKsS26F4U_02709.wav,3.720297,2.6546738,4.314205,4.138991,3.8259988,NISQAv2
/data/nhandt23/Dataset/MMSData/13GKsS26F4U/asr_subtitle/wavs_enhanced/13GKsS26F4U_02115.wav,3.2275531,2.0001657,3.6920645,3.7581122,4.289062,NISQAv2
/data/nhandt23/Dataset/MMSData/13GKsS26F4U/asr_subtitle/wavs_enhanced/13GKsS26F4U_05075.wav,3.7733655,2.9612482,4.3181734,4.237311,3.6339903,NISQAv2
/data/nhandt23/Dataset/MMSData/13GKsS26F4U/asr_subtitle/wavs_enhanced/13GKsS26F4U_00426.wav,2.4594975,2.1851048,3.01923,3.5076752,3.1224701,NISQAv2
/data/nhandt23/Dataset/MMSData/13GKsS26F4U/asr_subtitle/wavs_enhanced/13GKsS26F4U_00898.wav,4.0173974,2.8836281,4.3205595,4.2254786,4.0762277,NISQAv2
/data/nhandt23/Dataset/MMSData/13GKsS26F4U/asr_subtitle/wavs_enhanced/13GKsS26F4U_01940.wav,2.8781493,2.3735838,3.6074514,3.6454244,3.530796,NISQAv2
/data/nhandt23/Dataset/MMSData/13GKsS26F4U/asr_subtitle/wavs_enhanced/13GKsS26F4U_04393.wav,3.6307273,2.7128773,4.2131157,4.1139364,3.9224403,NISQAv2
/data/nhandt23/Dataset/MMSData/13GKsS26F4U/asr_subtitle/wavs_enhanced/13GKsS26F4U_03833.wav,2.7758787,2.5528612,3.881053,3.5123904,3.3150535,NISQAv2
/data/nhandt23/Dataset/MMSData/13GKsS26F4U/asr_subtitle/wavs_enhanced/13GKsS26F4U_03915.wav,2.907132,2.6699426,4.060461,3.8787978,3.9174948,NISQAv2
/data/nhandt23/Dataset/MMSData/13GKsS26F4U/asr_subtitle/wavs_enhanced/13GKsS26F4U_05035.wav,3.7378569,3.0330956,4.4350033,4.0969653,3.8634079,NISQAv2
/data/nhandt23/Dataset/MMSData/13GKsS26F4U/asr_subtitle/wavs_enhanced/13GKsS26F4U_02704.wav,2.8641555,3.4788063,4.2185254,4.133075,3.8984723,NISQAv2
/data/nhandt23/Dataset/MMSData/13GKsS26F4U/asr_subtitle/wavs_enhanced/13GKsS26F4U_02200.wav,2.7812583,2.803264,2.3883436,3.511076,3.5533478,NISQAv2
/data/nhandt23/Dataset/MMSData/13GKsS26F4U/asr_subtitle/wavs_enhanced/13GKsS26F4U_05060.wav,2.042249,3.3713481,2.2849963,3.6567917,4.2470555,NISQAv2
/data/nhandt23/Dataset/MMSData/13GKsS26F4U/asr_subtitle/wavs_enhanced/13GKsS26F4U_00048.wav,3.8826873,3.6862016,4.230777,4.2341404,4.2544765,NISQAv2
/data/nhandt23/Dataset/MMSData/13GKsS26F4U/asr_subtitle/wavs_enhanced/13GKsS26F4U_02272.wav,4.1412034,2.8936741,4.1244054,4.3068194,4.235873,NISQAv2
/data/nhandt23/Dataset/MMSData/13GKsS26F4U/asr_subtitle/wavs_enhanced/13GKsS26F4U_01006.wav,1.9967692,3.2366717,2.5570476,3.1809404,3.2548394,NISQAv2
/data/nhandt23/Dataset/MMSData/13GKsS26F4U/asr_subtitle/wavs_enhanced/13GKsS26F4U_02787.wav,2.803514,2.356415,3.0314476,3.313406,3.2610397,NISQAv2
/data/nhandt23/Dataset/MMSData/13GKsS26F4U/asr_subtitle/wavs_enhanced/13GKsS26F4U_02734.wav,2.9593356,3.0636928,3.5917084,3.734714,3.391727,NISQAv2
/data/nhandt23/Dataset/MMSData/13GKsS26F4U/asr_subtitle/wavs_enhanced/13GKsS26F4U_04873.wav,2.3507268,3.0425103,2.666468,2.8315308,3.5693648,NISQAv2
/data/nhandt23/Dataset/MMSData/13GKsS26F4U/asr_subtitle/wavs_enhanced/13GKsS26F4U_00173.wav,2.4983547,2.8601313,2.284549,3.0203211,4.0358396,NISQAv2
/data/nhandt23/Dataset/MMSData/13GKsS26F4U/asr_subtitle/wavs_enhanced/13GKsS26F4U_03736.wav,3.9642968,3.0627425,4.5568113,4.1379113,3.9906085,NISQAv2
/data/nhandt23/Dataset/MMSData/13GKsS26F4U/asr_subtitle/wavs_enhanced/13GKsS26F4U_00071.wav,3.680489,2.6279156,4.3226585,3.720187,3.5402296,NISQAv2
/data/nhandt23/Dataset/MMSData/13GKsS26F4U/asr_subtitle/wavs_enhanced/13GKsS26F4U_02663.wav,4.1487007,2.132855,4.6371536,4.2798023,4.329897,NISQAv2
/data/nhandt23/Dataset/MMSData/13GKsS26F4U/asr_subtitle/wavs_enhanced/13GKsS26F4U_01758.wav,3.8601296,2.4907997,4.521196,4.2226906,3.7238123,NISQAv2
/data/nhandt23/Dataset/MMSData/13GKsS26F4U/asr_subtitle/wavs_enhanced/13GKsS26F4U_03304.wav,3.183161,2.6694934,3.935903,3.8545773,3.4959877,NISQAv2
/data/nhandt23/Dataset/MMSData/13GKsS26F4U/asr_subtitle/wavs_enhanced/13GKsS26F4U_05138.wav,3.689327,3.8086398,4.376133,4.3890224,4.1968446,NISQAv2
/data/nhandt23/Dataset/MMSData/13GKsS26F4U/asr_subtitle/wavs_enhanced/13GKsS26F4U_03374.wav,2.3118749,2.3602421,3.3122125,3.0152366,2.8099563,NISQAv2
/data/nhandt23/Dataset/MMSData/13GKsS26F4U/asr_subtitle/wavs_enhanced/13GKsS26F4U_05152.wav,2.6848552,2.8673308,2.6187127,3.3610847,3.7309735,NISQAv2
/data/nhandt23/Dataset/MMSData/13GKsS26F4U/asr_subtitle/wavs_enhanced/13GKsS26F4U_00727.wav,2.7089472,3.5322545,4.031485,3.6858456,2.825472,NISQAv2
/data/nhandt23/Dataset/MMSData/13GKsS26F4U/asr_subtitle/wavs_enhanced/13GKsS26F4U_03718.wav,3.3269246,2.682219,4.2315235,3.9999459,3.1859748,NISQAv2
/data/nhandt23/Dataset/MMSData/13GKsS26F4U/asr_subtitle/wavs_enhanced/13GKsS26F4U_00296.wav,3.4216926,3.1814861,4.263035,3.8583615,3.8563569,NISQAv2
/data/nhandt23/Dataset/MMSData/13GKsS26F4U/asr_subtitle/wavs_enhanced/13GKsS26F4U_01544.wav,2.989714,2.3558264,3.1370137,3.653833,3.5714204,NISQAv2
/data/nhandt23/Dataset/MMSData/13GKsS26F4U/asr_subtitle/wavs_enhanced/13GKsS26F4U_04542.wav,2.8396134,3.1577728,4.247199,3.8030732,3.8742294,NISQAv2
/data/nhandt23/Dataset/MMSData/13GKsS26F4U/asr_subtitle/wavs_enhanced/13GKsS26F4U_00817.wav,4.1139617,3.1881876,4.542938,4.034453,3.9840958,NISQAv2
/data/nhandt23/Dataset/MMSData/13GKsS26F4U/asr_subtitle/wavs_enhanced/13GKsS26F4U_00511.wav,2.836138,2.8070264,3.830243,3.403002,3.6755054,NISQAv2
/data/nhandt23/Dataset/MMSData/13GKsS26F4U/asr_subtitle/wavs_enhanced/13GKsS26F4U_00533.wav,4.1778107,2.7519064,4.4498696,4.2197328,4.0312977,NISQAv2
/data/nhandt23/Dataset/MMSData/13GKsS26F4U/asr_subtitle/wavs_enhanced/13GKsS26F4U_00982.wav,3.504245,2.586072,4.157327,4.1560206,4.063039,NISQAv2
/data/nhandt23/Dataset/MMSData/13GKsS26F4U/asr_subtitle/wavs_enhanced/13GKsS26F4U_04813.wav,2.3936212,3.0622761,3.370903,3.3208926,3.5966556,NISQAv2
/data/nhandt23/Dataset/MMSData/13GKsS26F4U/asr_subtitle/wavs_enhanced/13GKsS26F4U_03470.wav,3.3649745,2.0816405,4.0698414,3.9791744,3.5338843,NISQAv2
/data/nhandt23/Dataset/MMSData/13GKsS26F4U/asr_subtitle/wavs_enhanced/13GKsS26F4U_01433.wav,3.4576523,2.3533826,4.3695116,4.4444566,3.991316,NISQAv2
/data/nhandt23/Dataset/MMSData/13GKsS26F4U/asr_subtitle/wavs_enhanced/13GKsS26F4U_00989.wav,3.3368726,2.578158,4.4754834,3.903077,3.4860272,NISQAv2
/data/nhandt23/Dataset/MMSData/13GKsS26F4U/asr_subtitle/wavs_enhanced/13GKsS26F4U_03888.wav,3.0873432,2.0331118,4.290731,3.9656382,3.4504237,NISQAv2
/data/nhandt23/Dataset/MMSData/13GKsS26F4U/asr_subtitle/wavs_enhanced/13GKsS26F4U_02429.wav,3.3478317,2.7126627,2.989347,3.3713648,3.5532064,NISQAv2
/data/nhandt23/Dataset/MMSData/13GKsS26F4U/asr_subtitle/wavs_enhanced/13GKsS26F4U_03487.wav,3.5920997,2.4038622,4.290032,3.9249465,3.46255,NISQAv2
/data/nhandt23/Dataset/MMSData/13GKsS26F4U/asr_subtitle/wavs_enhanced/13GKsS26F4U_03053.wav,3.3622224,2.3020566,4.0151095,3.9558506,4.1364274,NISQAv2
/data/nhandt23/Dataset/MMSData/13GKsS26F4U/asr_subtitle/wavs_enhanced/13GKsS26F4U_04157.wav,2.8435953,2.3348396,3.3635433,3.62375,3.4549038,NISQAv2
/data/nhandt23/Dataset/MMSData/13GKsS26F4U/asr_subtitle/wavs_enhanced/13GKsS26F4U_04665.wav,3.4427264,2.9094303,3.2693856,3.6996078,3.834907,NISQAv2
/data/nhandt23/Dataset/MMSData/13GKsS26F4U/asr_subtitle/wavs_enhanced/13GKsS26F4U_02253.wav,3.1369953,2.8700247,3.2877557,3.8073103,3.4787781,NISQAv2
/data/nhandt23/Dataset/MMSData/13GKsS26F4U/asr_subtitle/wavs_enhanced/13GKsS26F4U_03597.wav,3.607354,3.5124793,4.4085226,4.2154684,4.192594,NISQAv2
/data/nhandt23/Dataset/MMSData/13GKsS26F4U/asr_subtitle/wavs_enhanced/13GKsS26F4U_01147.wav,3.6011057,2.9054363,4.213223,4.2034388,3.9833553,NISQAv2
/data/nhandt23/Dataset/MMSData/13GKsS26F4U/asr_subtitle/wavs_enhanced/13GKsS26F4U_02537.wav,3.9707224,3.0734365,4.41529,4.285782,4.208348,NISQAv2
/data/nhandt23/Dataset/MMSData/13GKsS26F4U/asr_subtitle/wavs_enhanced/13GKsS26F4U_05065.wav,3.506533,2.714464,4.1798964,3.7780144,3.8353066,NISQAv2
/data/nhandt23/Dataset/MMSData/13GKsS26F4U/asr_subtitle/wavs_enhanced/13GKsS26F4U_00804.wav,3.3354619,3.5266879,3.8966377,3.6281788,3.7276568,NISQAv2
/data/nhandt23/Dataset/MMSData/13GKsS26F4U/asr_subtitle/wavs_enhanced/13GKsS26F4U_01423.wav,2.6851292,2.473138,3.3023787,3.8983672,3.686729,NISQAv2
/data/nhandt23/Dataset/MMSData/13GKsS26F4U/asr_subtitle/wavs_enhanced/13GKsS26F4U_01511.wav,2.800969,2.772782,2.3676124,3.5566137,3.5531216,NISQAv2
/data/nhandt23/Dataset/MMSData/13GKsS26F4U/asr_subtitle/wavs_enhanced/13GKsS26F4U_04957.wav,3.1976068,3.7269537,4.2533736,3.8106449,3.4899056,NISQAv2
/data/nhandt23/Dataset/MMSData/13GKsS26F4U/asr_subtitle/wavs_enhanced/13GKsS26F4U_02292.wav,3.4757314,2.3152924,3.8234093,3.86707,4.0403705,NISQAv2
/data/nhandt23/Dataset/MMSData/13GKsS26F4U/asr_subtitle/wavs_enhanced/13GKsS26F4U_02956.wav,2.5042403,2.474131,2.3173945,3.4229672,3.238701,NISQAv2
/data/nhandt23/Dataset/MMSData/13GKsS26F4U/asr_subtitle/wavs_enhanced/13GKsS26F4U_00101.wav,3.634035,3.5609694,4.4993534,4.2041655,4.0548453,NISQAv2
/data/nhandt23/Dataset/MMSData/13GKsS26F4U/asr_subtitle/wavs_enhanced/13GKsS26F4U_00509.wav,2.27354,3.3298566,3.0978043,3.52047,3.9273815,NISQAv2
/data/nhandt23/Dataset/MMSData/13GKsS26F4U/asr_subtitle/wavs_enhanced/13GKsS26F4U_04414.wav,3.2412035,2.8424869,4.14811,4.0603447,3.5033753,NISQAv2
/data/nhandt23/Dataset/MMSData/13GKsS26F4U/asr_subtitle/wavs_enhanced/13GKsS26F4U_04484.wav,4.182606,3.0738218,4.7039557,4.4445844,4.2843432,NISQAv2
/data/nhandt23/Dataset/MMSData/13GKsS26F4U/asr_subtitle/wavs_enhanced/13GKsS26F4U_04057.wav,2.965921,3.2193167,3.0605438,3.6769583,3.6328797,NISQAv2
/data/nhandt23/Dataset/MMSData/13GKsS26F4U/asr_subtitle/wavs_enhanced/13GKsS26F4U_04182.wav,3.555768,2.7970328,4.448006,4.2385597,3.7265942,NISQAv2
/data/nhandt23/Dataset/MMSData/13GKsS26F4U/asr_subtitle/wavs_enhanced/13GKsS26F4U_00148.wav,3.6499135,2.801807,4.442679,4.0894628,3.885479,NISQAv2
/data/nhandt23/Dataset/MMSData/13GKsS26F4U/asr_subtitle/wavs_enhanced/13GKsS26F4U_04108.wav,3.5336092,2.601282,4.0816774,4.017801,3.4312315,NISQAv2
/data/nhandt23/Dataset/MMSData/13GKsS26F4U/asr_subtitle/wavs_enhanced/13GKsS26F4U_00802.wav,3.569114,3.051977,4.126966,4.0927396,3.8324988,NISQAv2
/data/nhandt23/Dataset/MMSData/13GKsS26F4U/asr_subtitle/wavs_enhanced/13GKsS26F4U_02034.wav,3.9090576,2.9405792,4.386516,4.131622,3.1381779,NISQAv2
/data/nhandt23/Dataset/MMSData/13GKsS26F4U/asr_subtitle/wavs_enhanced/13GKsS26F4U_02775.wav,2.9601755,3.0311115,3.9584043,3.7424428,3.4911852,NISQAv2
/data/nhandt23/Dataset/MMSData/13GKsS26F4U/asr_subtitle/wavs_enhanced/13GKsS26F4U_01858.wav,3.5257666,3.1569173,4.074235,3.6551545,4.009046,NISQAv2
/data/nhandt23/Dataset/MMSData/13GKsS26F4U/asr_subtitle/wavs_enhanced/13GKsS26F4U_01135.wav,3.3327906,2.9640555,4.2226515,4.083363,4.074103,NISQAv2
/data/nhandt23/Dataset/MMSData/13GKsS26F4U/asr_subtitle/wavs_enhanced/13GKsS26F4U_02212.wav,3.7638967,2.504513,4.1461525,4.1302495,3.4604843,NISQAv2
/data/nhandt23/Dataset/MMSData/13GKsS26F4U/asr_subtitle/wavs_enhanced/13GKsS26F4U_04576.wav,3.4004796,3.0302927,4.2049627,3.91604,3.7764335,NISQAv2
/data/nhandt23/Dataset/MMSData/13GKsS26F4U/asr_subtitle/wavs_enhanced/13GKsS26F4U_04701.wav,1.8390666,3.0022686,2.106305,2.9376264,3.38257,NISQAv2
/data/nhandt23/Dataset/MMSData/13GKsS26F4U/asr_subtitle/wavs_enhanced/13GKsS26F4U_03745.wav,3.2259653,2.6096764,4.035661,3.914875,3.8630466,NISQAv2
/data/nhandt23/Dataset/MMSData/13GKsS26F4U/asr_subtitle/wavs_enhanced/13GKsS26F4U_00577.wav,3.659159,3.1063008,4.1117263,3.8907475,3.3656297,NISQAv2
/data/nhandt23/Dataset/MMSData/13GKsS26F4U/asr_subtitle/wavs_enhanced/13GKsS26F4U_04540.wav,4.0396056,3.205685,4.3259196,4.3033013,4.1530056,NISQAv2
/data/nhandt23/Dataset/MMSData/13GKsS26F4U/asr_subtitle/wavs_enhanced/13GKsS26F4U_03159.wav,3.4050822,2.034617,4.194527,3.8899488,3.6034224,NISQAv2
/data/nhandt23/Dataset/MMSData/13GKsS26F4U/asr_subtitle/wavs_enhanced/13GKsS26F4U_04914.wav,3.6992204,3.4367518,4.0799823,4.3028226,3.8871572,NISQAv2
/data/nhandt23/Dataset/MMSData/13GKsS26F4U/asr_subtitle/wavs_enhanced/13GKsS26F4U_03281.wav,3.0048792,2.7564657,4.3053503,4.074819,3.5245354,NISQAv2
/data/nhandt23/Dataset/MMSData/13GKsS26F4U/asr_subtitle/wavs_enhanced/13GKsS26F4U_01557.wav,3.9065068,3.018604,4.46753,4.0658402,3.8398323,NISQAv2
/data/nhandt23/Dataset/MMSData/13GKsS26F4U/asr_subtitle/wavs_enhanced/13GKsS26F4U_00328.wav,3.3040333,2.7286754,3.1588018,3.737023,3.9255738,NISQAv2
/data/nhandt23/Dataset/MMSData/13GKsS26F4U/asr_subtitle/wavs_enhanced/13GKsS26F4U_03596.wav,2.9528906,2.3778193,3.8252807,3.6314795,3.2910497,NISQAv2
/data/nhandt23/Dataset/MMSData/13GKsS26F4U/asr_subtitle/wavs_enhanced/13GKsS26F4U_04087.wav,3.0834954,2.952718,3.8792071,4.1023,3.5243227,NISQAv2
/data/nhandt23/Dataset/MMSData/13GKsS26F4U/asr_subtitle/wavs_enhanced/13GKsS26F4U_02158.wav,3.2757928,2.8822043,4.006405,3.8775766,3.943194,NISQAv2
/data/nhandt23/Dataset/MMSData/13GKsS26F4U/asr_subtitle/wavs_enhanced/13GKsS26F4U_03356.wav,3.2919023,2.462056,4.0921874,3.90253,3.537986,NISQAv2
/data/nhandt23/Dataset/MMSData/13GKsS26F4U/asr_subtitle/wavs_enhanced/13GKsS26F4U_00261.wav,3.4034903,2.9417646,3.573847,4.023709,3.8024485,NISQAv2
/data/nhandt23/Dataset/MMSData/13GKsS26F4U/asr_subtitle/wavs_enhanced/13GKsS26F4U_04229.wav,4.088503,2.7679698,4.4533596,4.331442,4.184501,NISQAv2
/data/nhandt23/Dataset/MMSData/13GKsS26F4U/asr_subtitle/wavs_enhanced/13GKsS26F4U_03407.wav,3.863055,2.4299428,4.452658,3.9956605,3.6396124,NISQAv2
/data/nhandt23/Dataset/MMSData/13GKsS26F4U/asr_subtitle/wavs_enhanced/13GKsS26F4U_01399.wav,3.6728475,2.413506,3.75252,3.6559694,3.7338705,NISQAv2
/data/nhandt23/Dataset/MMSData/13GKsS26F4U/asr_subtitle/wavs_enhanced/13GKsS26F4U_00324.wav,3.05637,2.3540444,4.132069,4.0073395,3.7850573,NISQAv2
/data/nhandt23/Dataset/MMSData/13GKsS26F4U/asr_subtitle/wavs_enhanced/13GKsS26F4U_03093.wav,3.7956944,2.7857754,4.6729574,4.34576,3.6209993,NISQAv2
/data/nhandt23/Dataset/MMSData/13GKsS26F4U/asr_subtitle/wavs_enhanced/13GKsS26F4U_00089.wav,3.9000852,2.6442337,4.3617244,3.9750712,3.7298934,NISQAv2
/data/nhandt23/Dataset/MMSData/13GKsS26F4U/asr_subtitle/wavs_enhanced/13GKsS26F4U_01179.wav,3.581292,2.4135177,4.506202,4.153578,4.025656,NISQAv2
/data/nhandt23/Dataset/MMSData/13GKsS26F4U/asr_subtitle/wavs_enhanced/13GKsS26F4U_03792.wav,3.3961806,2.4662206,3.477001,3.4599934,3.108166,NISQAv2
/data/nhandt23/Dataset/MMSData/13GKsS26F4U/asr_subtitle/wavs_enhanced/13GKsS26F4U_03489.wav,4.111519,3.2685792,4.5533876,4.3490453,4.3591523,NISQAv2
/data/nhandt23/Dataset/MMSData/13GKsS26F4U/asr_subtitle/wavs_enhanced/13GKsS26F4U_03268.wav,3.4113996,2.4895895,3.9843364,3.6885936,3.042154,NISQAv2
/data/nhandt23/Dataset/MMSData/13GKsS26F4U/asr_subtitle/wavs_enhanced/13GKsS26F4U_01559.wav,3.2325945,2.2231941,4.1733336,3.9937556,3.9548995,NISQAv2
/data/nhandt23/Dataset/MMSData/13GKsS26F4U/asr_subtitle/wavs_enhanced/13GKsS26F4U_01512.wav,2.793403,3.1594975,4.1293516,3.8277788,3.8567526,NISQAv2
/data/nhandt23/Dataset/MMSData/13GKsS26F4U/asr_subtitle/wavs_enhanced/13GKsS26F4U_04100.wav,4.1958075,2.9732788,4.653615,4.4127975,4.3972964,NISQAv2
/data/nhandt23/Dataset/MMSData/13GKsS26F4U/asr_subtitle/wavs_enhanced/13GKsS26F4U_01164.wav,3.8263576,2.8521805,4.3796096,3.8656723,4.144846,NISQAv2
/data/nhandt23/Dataset/MMSData/13GKsS26F4U/asr_subtitle/wavs_enhanced/13GKsS26F4U_03539.wav,3.5494063,2.7017562,4.0933704,3.8019612,3.770762,NISQAv2
/data/nhandt23/Dataset/MMSData/13GKsS26F4U/asr_subtitle/wavs_enhanced/13GKsS26F4U_01049.wav,3.8371305,3.0258203,4.2487297,3.9462154,3.1858203,NISQAv2
/data/nhandt23/Dataset/MMSData/13GKsS26F4U/asr_subtitle/wavs_enhanced/13GKsS26F4U_01139.wav,3.6774347,2.1496527,4.2050924,3.67506,3.7440004,NISQAv2
/data/nhandt23/Dataset/MMSData/13GKsS26F4U/asr_subtitle/wavs_enhanced/13GKsS26F4U_01232.wav,3.9073143,3.031671,4.2208333,4.0674014,3.7884352,NISQAv2
/data/nhandt23/Dataset/MMSData/13GKsS26F4U/asr_subtitle/wavs_enhanced/13GKsS26F4U_02103.wav,2.65469,2.963844,2.6787543,3.2195513,3.6290681,NISQAv2
/data/nhandt23/Dataset/MMSData/13GKsS26F4U/asr_subtitle/wavs_enhanced/13GKsS26F4U_00932.wav,3.831965,2.979008,4.3296156,3.9458635,3.8265226,NISQAv2
/data/nhandt23/Dataset/MMSData/13GKsS26F4U/asr_subtitle/wavs_enhanced/13GKsS26F4U_04695.wav,1.9786317,2.6899762,1.7737007,2.8224294,3.3069158,NISQAv2
/data/nhandt23/Dataset/MMSData/13GKsS26F4U/asr_subtitle/wavs_enhanced/13GKsS26F4U_02433.wav,3.5834274,3.0213578,4.2689466,3.9966123,3.897803,NISQAv2
/data/nhandt23/Dataset/MMSData/13GKsS26F4U/asr_subtitle/wavs_enhanced/13GKsS26F4U_03012.wav,3.4804966,2.6320019,4.196714,4.088794,3.5933554,NISQAv2
/data/nhandt23/Dataset/MMSData/13GKsS26F4U/asr_subtitle/wavs_enhanced/13GKsS26F4U_03369.wav,2.4969547,2.9822736,3.5494432,3.6709538,3.5401733,NISQAv2
/data/nhandt23/Dataset/MMSData/13GKsS26F4U/asr_subtitle/wavs_enhanced/13GKsS26F4U_02780.wav,3.8565993,2.489899,4.5155087,4.186297,3.8418837,NISQAv2
/data/nhandt23/Dataset/MMSData/13GKsS26F4U/asr_subtitle/wavs_enhanced/13GKsS26F4U_00086.wav,2.3422718,2.5846078,3.0901754,3.8828819,3.729479,NISQAv2
/data/nhandt23/Dataset/MMSData/13GKsS26F4U/asr_subtitle/wavs_enhanced/13GKsS26F4U_00629.wav,2.6963644,2.8294604,3.990904,3.672268,3.7075047,NISQAv2
/data/nhandt23/Dataset/MMSData/13GKsS26F4U/asr_subtitle/wavs_enhanced/13GKsS26F4U_04780.wav,3.670708,2.8224623,4.3131704,3.884525,4.024292,NISQAv2
/data/nhandt23/Dataset/MMSData/13GKsS26F4U/asr_subtitle/wavs_enhanced/13GKsS26F4U_01622.wav,3.930145,3.2851212,4.6243105,4.313317,4.0890155,NISQAv2
/data/nhandt23/Dataset/MMSData/13GKsS26F4U/asr_subtitle/wavs_enhanced/13GKsS26F4U_02226.wav,4.2416954,3.1255436,4.471843,4.4445777,4.4308405,NISQAv2
/data/nhandt23/Dataset/MMSData/13GKsS26F4U/asr_subtitle/wavs_enhanced/13GKsS26F4U_00217.wav,2.8682392,2.8196428,3.2421818,3.489289,3.9343934,NISQAv2
/data/nhandt23/Dataset/MMSData/13GKsS26F4U/asr_subtitle/wavs_enhanced/13GKsS26F4U_02637.wav,2.3339179,3.1530015,2.8881762,3.1678731,4.1690784,NISQAv2
/data/nhandt23/Dataset/MMSData/13GKsS26F4U/asr_subtitle/wavs_enhanced/13GKsS26F4U_03879.wav,3.0523763,2.0006564,4.2422366,3.743341,3.0508144,NISQAv2
/data/nhandt23/Dataset/MMSData/13GKsS26F4U/asr_subtitle/wavs_enhanced/13GKsS26F4U_00680.wav,2.7296796,3.4429185,4.0162196,3.6742349,3.7315645,NISQAv2
/data/nhandt23/Dataset/MMSData/13GKsS26F4U/asr_subtitle/wavs_enhanced/13GKsS26F4U_01896.wav,4.035731,3.2031834,4.436236,4.1805673,3.8838973,NISQAv2
/data/nhandt23/Dataset/MMSData/13GKsS26F4U/asr_subtitle/wavs_enhanced/13GKsS26F4U_03810.wav,3.5947645,2.4741333,4.3575835,4.061068,3.4799602,NISQAv2
/data/nhandt23/Dataset/MMSData/13GKsS26F4U/asr_subtitle/wavs_enhanced/13GKsS26F4U_01235.wav,3.7422993,2.2291949,4.3420234,4.0183897,3.2814584,NISQAv2
/data/nhandt23/Dataset/MMSData/13GKsS26F4U/asr_subtitle/wavs_enhanced/13GKsS26F4U_01901.wav,4.107171,3.222843,4.4624405,4.3448753,4.1445465,NISQAv2
/data/nhandt23/Dataset/MMSData/13GKsS26F4U/asr_subtitle/wavs_enhanced/13GKsS26F4U_00277.wav,2.2761512,2.5982473,1.9667754,2.8196163,3.0373123,NISQAv2
/data/nhandt23/Dataset/MMSData/13GKsS26F4U/asr_subtitle/wavs_enhanced/13GKsS26F4U_04068.wav,3.5453885,2.8794572,4.288712,4.0410023,3.2901688,NISQAv2
/data/nhandt23/Dataset/MMSData/13GKsS26F4U/asr_subtitle/wavs_enhanced/13GKsS26F4U_04617.wav,4.2085657,2.9375715,4.706271,4.2610927,4.253137,NISQAv2
/data/nhandt23/Dataset/MMSData/13GKsS26F4U/asr_subtitle/wavs_enhanced/13GKsS26F4U_04910.wav,3.8718894,3.3263075,4.520664,4.136944,3.5739205,NISQAv2
/data/nhandt23/Dataset/MMSData/13GKsS26F4U/asr_subtitle/wavs_enhanced/13GKsS26F4U_03433.wav,3.8849504,2.270231,4.356804,4.2948456,3.4064534,NISQAv2
/data/nhandt23/Dataset/MMSData/13GKsS26F4U/asr_subtitle/wavs_enhanced/13GKsS26F4U_01073.wav,4.1261935,3.2785885,4.529767,4.1610584,3.9896216,NISQAv2
/data/nhandt23/Dataset/MMSData/13GKsS26F4U/asr_subtitle/wavs_enhanced/13GKsS26F4U_02011.wav,2.9390802,2.8367105,4.46419,3.9784138,3.4819791,NISQAv2
/data/nhandt23/Dataset/MMSData/13GKsS26F4U/asr_subtitle/wavs_enhanced/13GKsS26F4U_03774.wav,2.5845363,2.5462437,3.3511193,3.7761838,3.9464426,NISQAv2
/data/nhandt23/Dataset/MMSData/13GKsS26F4U/asr_subtitle/wavs_enhanced/13GKsS26F4U_04432.wav,2.3427532,2.3434522,2.2541158,3.074125,3.4950323,NISQAv2
/data/nhandt23/Dataset/MMSData/13GKsS26F4U/asr_subtitle/wavs_enhanced/13GKsS26F4U_00708.wav,3.2878282,3.5095937,3.4253228,3.9455135,3.9081538,NISQAv2
/data/nhandt23/Dataset/MMSData/13GKsS26F4U/asr_subtitle/wavs_enhanced/13GKsS26F4U_04491.wav,4.100673,3.3773448,4.377438,4.3058467,4.2379413,NISQAv2
/data/nhandt23/Dataset/MMSData/13GKsS26F4U/asr_subtitle/wavs_enhanced/13GKsS26F4U_01860.wav,4.0468636,1.8048997,4.4639564,4.1732845,4.120566,NISQAv2
/data/nhandt23/Dataset/MMSData/13GKsS26F4U/asr_subtitle/wavs_enhanced/13GKsS26F4U_01954.wav,3.5147676,2.8777583,4.339177,4.273222,4.1823535,NISQAv2
/data/nhandt23/Dataset/MMSData/13GKsS26F4U/asr_subtitle/wavs_enhanced/13GKsS26F4U_00010.wav,4.5956473,3.276727,4.7641544,4.549768,4.4649158,NISQAv2
/data/nhandt23/Dataset/MMSData/13GKsS26F4U/asr_subtitle/wavs_enhanced/13GKsS26F4U_03604.wav,3.3369296,3.040932,4.2062564,4.0233803,3.4207468,NISQAv2
/data/nhandt23/Dataset/MMSData/13GKsS26F4U/asr_subtitle/wavs_enhanced/13GKsS26F4U_04422.wav,3.8990366,2.9241297,4.3111553,4.2462087,4.244232,NISQAv2
/data/nhandt23/Dataset/MMSData/13GKsS26F4U/asr_subtitle/wavs_enhanced/13GKsS26F4U_01677.wav,3.8629282,2.572828,4.221232,3.8810995,3.905415,NISQAv2
/data/nhandt23/Dataset/MMSData/13GKsS26F4U/asr_subtitle/wavs_enhanced/13GKsS26F4U_04936.wav,4.1095266,3.6034157,4.5556493,4.1304326,3.6540816,NISQAv2
/data/nhandt23/Dataset/MMSData/13GKsS26F4U/asr_subtitle/wavs_enhanced/13GKsS26F4U_01514.wav,3.9252696,2.285715,4.3223586,4.1145167,3.6251748,NISQAv2
/data/nhandt23/Dataset/MMSData/13GKsS26F4U/asr_subtitle/wavs_enhanced/13GKsS26F4U_02495.wav,3.4919443,2.4270787,3.4014313,3.8117058,3.8386045,NISQAv2
/data/nhandt23/Dataset/MMSData/13GKsS26F4U/asr_subtitle/wavs_enhanced/13GKsS26F4U_03671.wav,4.561861,3.2550538,4.7514715,4.556912,4.379209,NISQAv2
/data/nhandt23/Dataset/MMSData/13GKsS26F4U/asr_subtitle/wavs_enhanced/13GKsS26F4U_02234.wav,4.259103,2.6774142,4.717826,4.457607,4.28518,NISQAv2
/data/nhandt23/Dataset/MMSData/13GKsS26F4U/asr_subtitle/wavs_enhanced/13GKsS26F4U_03595.wav,3.9515097,3.306865,4.4313765,4.2251763,4.050691,NISQAv2
/data/nhandt23/Dataset/MMSData/13GKsS26F4U/asr_subtitle/wavs_enhanced/13GKsS26F4U_04955.wav,2.7709239,1.9812348,4.2184234,3.6610563,3.2741382,NISQAv2
/data/nhandt23/Dataset/MMSData/13GKsS26F4U/asr_subtitle/wavs_enhanced/13GKsS26F4U_01144.wav,3.3810112,2.7875679,4.167536,3.8985457,3.8473313,NISQAv2
/data/nhandt23/Dataset/MMSData/13GKsS26F4U/asr_subtitle/wavs_enhanced/13GKsS26F4U_02596.wav,3.7053316,2.44992,4.191519,4.015733,3.7032037,NISQAv2
/data/nhandt23/Dataset/MMSData/13GKsS26F4U/asr_subtitle/wavs_enhanced/13GKsS26F4U_02838.wav,2.1158936,2.8137388,3.168668,3.7501314,3.8735328,NISQAv2
/data/nhandt23/Dataset/MMSData/13GKsS26F4U/asr_subtitle/wavs_enhanced/13GKsS26F4U_03054.wav,3.5367684,2.335552,4.539054,4.092975,4.010418,NISQAv2
/data/nhandt23/Dataset/MMSData/13GKsS26F4U/asr_subtitle/wavs_enhanced/13GKsS26F4U_03044.wav,2.7501042,2.4676886,3.5976377,3.532726,2.9244747,NISQAv2
/data/nhandt23/Dataset/MMSData/13GKsS26F4U/asr_subtitle/wavs_enhanced/13GKsS26F4U_04586.wav,4.0210743,2.5454068,4.192235,3.8635352,3.5483098,NISQAv2
/data/nhandt23/Dataset/MMSData/13GKsS26F4U/asr_subtitle/wavs_enhanced/13GKsS26F4U_00282.wav,3.0575514,3.2679327,4.0844135,4.171703,3.8540351,NISQAv2
/data/nhandt23/Dataset/MMSData/13GKsS26F4U/asr_subtitle/wavs_enhanced/13GKsS26F4U_01174.wav,3.6507332,2.9704692,3.8311608,4.008947,4.0123644,NISQAv2
/data/nhandt23/Dataset/MMSData/13GKsS26F4U/asr_subtitle/wavs_enhanced/13GKsS26F4U_00707.wav,3.987606,2.7455046,4.227431,3.8937225,3.4709923,NISQAv2
/data/nhandt23/Dataset/MMSData/13GKsS26F4U/asr_subtitle/wavs_enhanced/13GKsS26F4U_01401.wav,2.6390014,2.334359,3.3661065,3.4167955,3.2314794,NISQAv2
/data/nhandt23/Dataset/MMSData/13GKsS26F4U/asr_subtitle/wavs_enhanced/13GKsS26F4U_01564.wav,3.89273,2.4723327,4.567648,4.4290056,4.3956375,NISQAv2
/data/nhandt23/Dataset/MMSData/13GKsS26F4U/asr_subtitle/wavs_enhanced/13GKsS26F4U_00031.wav,3.153176,2.8558745,4.188032,3.9176052,3.4851172,NISQAv2
/data/nhandt23/Dataset/MMSData/13GKsS26F4U/asr_subtitle/wavs_enhanced/13GKsS26F4U_05090.wav,3.3751523,3.1498287,3.705146,3.7493556,3.792833,NISQAv2
/data/nhandt23/Dataset/MMSData/13GKsS26F4U/asr_subtitle/wavs_enhanced/13GKsS26F4U_03035.wav,3.2620652,2.54942,3.9003808,3.6524427,3.4777758,NISQAv2
/data/nhandt23/Dataset/MMSData/13GKsS26F4U/asr_subtitle/wavs_enhanced/13GKsS26F4U_02876.wav,4.2183867,3.1069558,4.6267295,4.425388,4.2036023,NISQAv2
/data/nhandt23/Dataset/MMSData/13GKsS26F4U/asr_subtitle/wavs_enhanced/13GKsS26F4U_02888.wav,3.4472146,2.953792,4.0351315,4.231337,4.197083,NISQAv2
/data/nhandt23/Dataset/MMSData/13GKsS26F4U/asr_subtitle/wavs_enhanced/13GKsS26F4U_03049.wav,3.633299,2.4466312,4.5191355,4.218888,4.0081315,NISQAv2
/data/nhandt23/Dataset/MMSData/13GKsS26F4U/asr_subtitle/wavs_enhanced/13GKsS26F4U_00191.wav,3.8370667,3.407778,4.551752,4.353164,4.1806164,NISQAv2
/data/nhandt23/Dataset/MMSData/13GKsS26F4U/asr_subtitle/wavs_enhanced/13GKsS26F4U_02083.wav,4.116588,2.483915,4.47628,4.3589654,3.9272754,NISQAv2
/data/nhandt23/Dataset/MMSData/13GKsS26F4U/asr_subtitle/wavs_enhanced/13GKsS26F4U_04379.wav,3.7164547,2.4722679,4.3871493,4.1356287,3.0770338,NISQAv2
/data/nhandt23/Dataset/MMSData/13GKsS26F4U/asr_subtitle/wavs_enhanced/13GKsS26F4U_03101.wav,2.8662589,2.348757,3.6964393,3.9480658,3.7563255,NISQAv2
/data/nhandt23/Dataset/MMSData/13GKsS26F4U/asr_subtitle/wavs_enhanced/13GKsS26F4U_04748.wav,2.6741598,2.7265065,3.8074346,3.73742,3.7636907,NISQAv2
/data/nhandt23/Dataset/MMSData/13GKsS26F4U/asr_subtitle/wavs_enhanced/13GKsS26F4U_01218.wav,3.4293005,2.320183,4.0260787,3.9844453,3.5294018,NISQAv2
/data/nhandt23/Dataset/MMSData/13GKsS26F4U/asr_subtitle/wavs_enhanced/13GKsS26F4U_03591.wav,2.7257752,2.6546056,3.459513,3.6394188,3.41142,NISQAv2
/data/nhandt23/Dataset/MMSData/13GKsS26F4U/asr_subtitle/wavs_enhanced/13GKsS26F4U_01236.wav,2.4232378,2.5914106,2.2419279,3.110146,3.9040413,NISQAv2
/data/nhandt23/Dataset/MMSData/13GKsS26F4U/asr_subtitle/wavs_enhanced/13GKsS26F4U_02415.wav,3.3742,1.9738495,4.1152253,3.934612,3.1121933,NISQAv2
/data/nhandt23/Dataset/MMSData/13GKsS26F4U/asr_subtitle/wavs_enhanced/13GKsS26F4U_03014.wav,3.1487486,2.878771,3.6665745,3.5862324,3.4426126,NISQAv2
/data/nhandt23/Dataset/MMSData/13GKsS26F4U/asr_subtitle/wavs_enhanced/13GKsS26F4U_00337.wav,2.3433883,3.1424892,2.053868,3.2077434,3.8547068,NISQAv2
/data/nhandt23/Dataset/MMSData/13GKsS26F4U/asr_subtitle/wavs_enhanced/13GKsS26F4U_04568.wav,2.6020699,3.030424,3.8876755,3.6599674,3.8184783,NISQAv2
/data/nhandt23/Dataset/MMSData/13GKsS26F4U/asr_subtitle/wavs_enhanced/13GKsS26F4U_00092.wav,2.9536755,2.109292,4.1708517,3.9978483,3.4737036,NISQAv2
/data/nhandt23/Dataset/MMSData/13GKsS26F4U/asr_subtitle/wavs_enhanced/13GKsS26F4U_04364.wav,3.6623578,2.607752,4.2571297,4.1433163,4.066296,NISQAv2
/data/nhandt23/Dataset/MMSData/13GKsS26F4U/asr_subtitle/wavs_enhanced/13GKsS26F4U_02559.wav,2.6725597,2.2355864,3.5636737,3.6293612,3.4120276,NISQAv2
/data/nhandt23/Dataset/MMSData/13GKsS26F4U/asr_subtitle/wavs_enhanced/13GKsS26F4U_03188.wav,2.5581288,2.9372923,2.2359445,2.8753674,2.894399,NISQAv2
/data/nhandt23/Dataset/MMSData/13GKsS26F4U/asr_subtitle/wavs_enhanced/13GKsS26F4U_03005.wav,3.544947,2.380599,4.372921,3.8486297,3.9448895,NISQAv2
/data/nhandt23/Dataset/MMSData/13GKsS26F4U/asr_subtitle/wavs_enhanced/13GKsS26F4U_04937.wav,2.565983,3.5884976,2.2239556,3.3155963,3.586465,NISQAv2
/data/nhandt23/Dataset/MMSData/13GKsS26F4U/asr_subtitle/wavs_enhanced/13GKsS26F4U_03815.wav,3.3872294,2.8324182,3.87064,3.9551156,3.7968392,NISQAv2
/data/nhandt23/Dataset/MMSData/13GKsS26F4U/asr_subtitle/wavs_enhanced/13GKsS26F4U_04827.wav,4.0593696,3.5129006,4.235597,4.1624,4.182892,NISQAv2
/data/nhandt23/Dataset/MMSData/13GKsS26F4U/asr_subtitle/wavs_enhanced/13GKsS26F4U_02738.wav,1.801838,2.5743663,2.0952115,2.9741554,3.4842582,NISQAv2
/data/nhandt23/Dataset/MMSData/13GKsS26F4U/asr_subtitle/wavs_enhanced/13GKsS26F4U_01877.wav,3.4705832,2.781998,3.897758,3.6625,3.633476,NISQAv2
/data/nhandt23/Dataset/MMSData/13GKsS26F4U/asr_subtitle/wavs_enhanced/13GKsS26F4U_01361.wav,4.0503325,2.8662255,4.492494,4.2106886,4.1670175,NISQAv2
/data/nhandt23/Dataset/MMSData/13GKsS26F4U/asr_subtitle/wavs_enhanced/13GKsS26F4U_02525.wav,2.3646991,3.1219432,3.5907714,3.9032204,3.9651108,NISQAv2
/data/nhandt23/Dataset/MMSData/13GKsS26F4U/asr_subtitle/wavs_enhanced/13GKsS26F4U_01242.wav,3.90821,2.8937833,4.4468007,4.064009,3.7423258,NISQAv2
/data/nhandt23/Dataset/MMSData/13GKsS26F4U/asr_subtitle/wavs_enhanced/13GKsS26F4U_00395.wav,3.5946934,3.5471652,4.4253845,3.9665816,3.9086344,NISQAv2
/data/nhandt23/Dataset/MMSData/13GKsS26F4U/asr_subtitle/wavs_enhanced/13GKsS26F4U_03944.wav,3.8173373,2.9801114,4.4363074,4.1802163,3.5996857,NISQAv2
/data/nhandt23/Dataset/MMSData/13GKsS26F4U/asr_subtitle/wavs_enhanced/13GKsS26F4U_02951.wav,3.2916138,2.9034564,4.284588,4.145394,3.7884965,NISQAv2
/data/nhandt23/Dataset/MMSData/13GKsS26F4U/asr_subtitle/wavs_enhanced/13GKsS26F4U_04038.wav,3.6314635,3.1948617,4.4514236,4.086026,3.7531078,NISQAv2
/data/nhandt23/Dataset/MMSData/13GKsS26F4U/asr_subtitle/wavs_enhanced/13GKsS26F4U_01681.wav,3.7838082,2.510498,4.306265,4.265565,3.5157244,NISQAv2
/data/nhandt23/Dataset/MMSData/13GKsS26F4U/asr_subtitle/wavs_enhanced/13GKsS26F4U_00559.wav,2.6260884,3.3542922,3.5197513,3.844183,3.4482143,NISQAv2
/data/nhandt23/Dataset/MMSData/13GKsS26F4U/asr_subtitle/wavs_enhanced/13GKsS26F4U_05033.wav,3.7527564,2.5700576,4.316925,4.1932425,3.7208383,NISQAv2
/data/nhandt23/Dataset/MMSData/13GKsS26F4U/asr_subtitle/wavs_enhanced/13GKsS26F4U_03411.wav,3.6901765,2.3312182,3.9549675,4.034395,3.8288796,NISQAv2
/data/nhandt23/Dataset/MMSData/13GKsS26F4U/asr_subtitle/wavs_enhanced/13GKsS26F4U_03297.wav,2.9976332,1.9888433,3.8942213,3.791959,3.6467733,NISQAv2
/data/nhandt23/Dataset/MMSData/13GKsS26F4U/asr_subtitle/wavs_enhanced/13GKsS26F4U_03085.wav,3.4615958,2.4859698,3.101278,4.081692,4.348393,NISQAv2
/data/nhandt23/Dataset/MMSData/13GKsS26F4U/asr_subtitle/wavs_enhanced/13GKsS26F4U_04152.wav,3.4612303,3.6005857,4.2392845,3.7556183,3.3235934,NISQAv2
/data/nhandt23/Dataset/MMSData/13GKsS26F4U/asr_subtitle/wavs_enhanced/13GKsS26F4U_05094.wav,3.3406196,3.0637038,4.080967,3.7054732,3.94936,NISQAv2
/data/nhandt23/Dataset/MMSData/13GKsS26F4U/asr_subtitle/wavs_enhanced/13GKsS26F4U_00775.wav,3.6519191,3.0918272,4.038754,3.7524574,3.6138995,NISQAv2
/data/nhandt23/Dataset/MMSData/13GKsS26F4U/asr_subtitle/wavs_enhanced/13GKsS26F4U_04822.wav,3.2153637,2.9139266,4.236024,3.8168528,4.0336285,NISQAv2
/data/nhandt23/Dataset/MMSData/13GKsS26F4U/asr_subtitle/wavs_enhanced/13GKsS26F4U_02947.wav,2.9604414,1.6252229,4.028102,4.1276107,3.9647434,NISQAv2
/data/nhandt23/Dataset/MMSData/13GKsS26F4U/asr_subtitle/wavs_enhanced/13GKsS26F4U_02402.wav,2.8328388,2.5769866,3.334792,3.6662984,3.5426667,NISQAv2
/data/nhandt23/Dataset/MMSData/13GKsS26F4U/asr_subtitle/wavs_enhanced/13GKsS26F4U_03608.wav,3.4581687,3.3720844,4.119796,4.2619095,3.9065201,NISQAv2
/data/nhandt23/Dataset/MMSData/13GKsS26F4U/asr_subtitle/wavs_enhanced/13GKsS26F4U_02963.wav,4.2893567,3.4532793,4.651496,4.439284,3.7833889,NISQAv2
/data/nhandt23/Dataset/MMSData/13GKsS26F4U/asr_subtitle/wavs_enhanced/13GKsS26F4U_01309.wav,3.5185697,3.2822955,4.2401485,3.8224146,3.513919,NISQAv2
/data/nhandt23/Dataset/MMSData/13GKsS26F4U/asr_subtitle/wavs_enhanced/13GKsS26F4U_00241.wav,2.5705888,2.7914982,2.6095154,3.1263196,3.1242483,NISQAv2
/data/nhandt23/Dataset/MMSData/13GKsS26F4U/asr_subtitle/wavs_enhanced/13GKsS26F4U_02800.wav,3.0999663,2.3213058,4.003597,3.6593091,2.8639066,NISQAv2
/data/nhandt23/Dataset/MMSData/13GKsS26F4U/asr_subtitle/wavs_enhanced/13GKsS26F4U_02254.wav,3.8169248,2.969456,4.498988,4.1758914,3.913481,NISQAv2
/data/nhandt23/Dataset/MMSData/13GKsS26F4U/asr_subtitle/wavs_enhanced/13GKsS26F4U_05071.wav,3.6270976,3.5974963,4.495694,4.2579746,4.251765,NISQAv2
/data/nhandt23/Dataset/MMSData/13GKsS26F4U/asr_subtitle/wavs_enhanced/13GKsS26F4U_04694.wav,3.7722118,2.8395088,4.4070683,4.1844535,3.5346684,NISQAv2
/data/nhandt23/Dataset/MMSData/13GKsS26F4U/asr_subtitle/wavs_enhanced/13GKsS26F4U_04976.wav,2.57072,3.1669724,3.3437436,3.2326286,3.5039365,NISQAv2
/data/nhandt23/Dataset/MMSData/13GKsS26F4U/asr_subtitle/wavs_enhanced/13GKsS26F4U_02185.wav,3.111062,2.4588196,4.3433504,4.1133456,3.3316674,NISQAv2
/data/nhandt23/Dataset/MMSData/13GKsS26F4U/asr_subtitle/wavs_enhanced/13GKsS26F4U_04946.wav,2.4823022,3.2222888,2.329226,2.8330657,3.6438286,NISQAv2
/data/nhandt23/Dataset/MMSData/13GKsS26F4U/asr_subtitle/wavs_enhanced/13GKsS26F4U_01821.wav,3.6098213,2.7426422,4.623439,4.136169,3.9007747,NISQAv2
/data/nhandt23/Dataset/MMSData/13GKsS26F4U/asr_subtitle/wavs_enhanced/13GKsS26F4U_00357.wav,4.129406,2.8873847,4.3777065,4.2238355,4.014775,NISQAv2
/data/nhandt23/Dataset/MMSData/13GKsS26F4U/asr_subtitle/wavs_enhanced/13GKsS26F4U_03942.wav,3.647982,2.9016373,4.315927,4.084482,3.572055,NISQAv2
/data/nhandt23/Dataset/MMSData/13GKsS26F4U/asr_subtitle/wavs_enhanced/13GKsS26F4U_04984.wav,2.6234062,2.895934,3.7646837,3.8123333,3.683655,NISQAv2
/data/nhandt23/Dataset/MMSData/13GKsS26F4U/asr_subtitle/wavs_enhanced/13GKsS26F4U_03566.wav,2.7755406,2.8205626,3.9259367,3.953012,3.9025657,NISQAv2
/data/nhandt23/Dataset/MMSData/13GKsS26F4U/asr_subtitle/wavs_enhanced/13GKsS26F4U_02284.wav,3.7251675,3.4936423,3.8414643,4.1375346,3.9842045,NISQAv2
/data/nhandt23/Dataset/MMSData/13GKsS26F4U/asr_subtitle/wavs_enhanced/13GKsS26F4U_04085.wav,2.2132661,2.8902643,3.7724655,3.8047707,3.911175,NISQAv2
/data/nhandt23/Dataset/MMSData/13GKsS26F4U/asr_subtitle/wavs_enhanced/13GKsS26F4U_03454.wav,3.6980765,2.4700513,4.4078746,3.8610668,3.571916,NISQAv2
/data/nhandt23/Dataset/MMSData/13GKsS26F4U/asr_subtitle/wavs_enhanced/13GKsS26F4U_03660.wav,3.6596906,2.9521518,4.3849444,4.1090055,3.1495314,NISQAv2
/data/nhandt23/Dataset/MMSData/13GKsS26F4U/asr_subtitle/wavs_enhanced/13GKsS26F4U_01478.wav,3.0694373,2.7576482,3.9899776,4.085704,3.922914,NISQAv2
/data/nhandt23/Dataset/MMSData/13GKsS26F4U/asr_subtitle/wavs_enhanced/13GKsS26F4U_01589.wav,2.80026,2.39588,3.7545218,3.4108887,3.597903,NISQAv2
/data/nhandt23/Dataset/MMSData/13GKsS26F4U/asr_subtitle/wavs_enhanced/13GKsS26F4U_02349.wav,3.5937908,2.8178465,4.2226095,3.9864407,3.5441191,NISQAv2
/data/nhandt23/Dataset/MMSData/13GKsS26F4U/asr_subtitle/wavs_enhanced/13GKsS26F4U_00578.wav,4.3400826,3.563699,4.3744516,4.322451,4.282214,NISQAv2
/data/nhandt23/Dataset/MMSData/13GKsS26F4U/asr_subtitle/wavs_enhanced/13GKsS26F4U_04790.wav,3.1990654,3.2741365,4.174528,4.0607014,4.0869727,NISQAv2
/data/nhandt23/Dataset/MMSData/13GKsS26F4U/asr_subtitle/wavs_enhanced/13GKsS26F4U_01253.wav,3.979821,2.6644895,4.173877,3.9157283,3.5309405,NISQAv2
/data/nhandt23/Dataset/MMSData/13GKsS26F4U/asr_subtitle/wavs_enhanced/13GKsS26F4U_03501.wav,2.957833,2.847552,3.778883,3.4254317,3.4840937,NISQAv2
/data/nhandt23/Dataset/MMSData/13GKsS26F4U/asr_subtitle/wavs_enhanced/13GKsS26F4U_01586.wav,3.3879497,2.6079476,4.49797,4.2247634,4.1070175,NISQAv2
/data/nhandt23/Dataset/MMSData/13GKsS26F4U/asr_subtitle/wavs_enhanced/13GKsS26F4U_02817.wav,3.7613044,3.2063534,4.474685,4.167487,3.5952213,NISQAv2
/data/nhandt23/Dataset/MMSData/13GKsS26F4U/asr_subtitle/wavs_enhanced/13GKsS26F4U_03185.wav,2.2298045,2.7721262,3.3927968,3.2906759,3.4782188,NISQAv2
/data/nhandt23/Dataset/MMSData/13GKsS26F4U/asr_subtitle/wavs_enhanced/13GKsS26F4U_04387.wav,3.003403,2.235929,3.8243625,3.830878,2.9723961,NISQAv2
/data/nhandt23/Dataset/MMSData/13GKsS26F4U/asr_subtitle/wavs_enhanced/13GKsS26F4U_01925.wav,3.5248811,2.554292,4.0314913,3.9015868,3.7503474,NISQAv2
/data/nhandt23/Dataset/MMSData/13GKsS26F4U/asr_subtitle/wavs_enhanced/13GKsS26F4U_01796.wav,3.483366,2.5704663,4.4257946,4.324309,4.2078047,NISQAv2
/data/nhandt23/Dataset/MMSData/13GKsS26F4U/asr_subtitle/wavs_enhanced/13GKsS26F4U_03498.wav,3.5989456,2.7467563,4.089696,3.8241715,3.1934032,NISQAv2
/data/nhandt23/Dataset/MMSData/13GKsS26F4U/asr_subtitle/wavs_enhanced/13GKsS26F4U_02950.wav,2.7342155,2.0058496,3.003558,3.0328045,3.2914116,NISQAv2
/data/nhandt23/Dataset/MMSData/13GKsS26F4U/asr_subtitle/wavs_enhanced/13GKsS26F4U_04007.wav,3.214455,2.9497879,3.8478487,3.75058,3.7150476,NISQAv2
/data/nhandt23/Dataset/MMSData/13GKsS26F4U/asr_subtitle/wavs_enhanced/13GKsS26F4U_04524.wav,3.1847324,2.4996185,4.0785775,4.058167,4.0305133,NISQAv2
/data/nhandt23/Dataset/MMSData/13GKsS26F4U/asr_subtitle/wavs_enhanced/13GKsS26F4U_01809.wav,3.0211585,2.7288902,4.274856,4.085255,3.3290873,NISQAv2
/data/nhandt23/Dataset/MMSData/13GKsS26F4U/asr_subtitle/wavs_enhanced/13GKsS26F4U_01957.wav,4.1786137,3.111018,4.518564,4.3410163,4.336355,NISQAv2
/data/nhandt23/Dataset/MMSData/13GKsS26F4U/asr_subtitle/wavs_enhanced/13GKsS26F4U_02960.wav,2.714849,2.578789,4.2610726,4.1204123,3.6576545,NISQAv2
/data/nhandt23/Dataset/MMSData/13GKsS26F4U/asr_subtitle/wavs_enhanced/13GKsS26F4U_05026.wav,3.2514207,3.5413125,3.2536905,3.18517,3.8284163,NISQAv2
/data/nhandt23/Dataset/MMSData/13GKsS26F4U/asr_subtitle/wavs_enhanced/13GKsS26F4U_04094.wav,2.860875,2.992198,3.6627202,3.9084876,3.3990238,NISQAv2
/data/nhandt23/Dataset/MMSData/13GKsS26F4U/asr_subtitle/wavs_enhanced/13GKsS26F4U_02080.wav,2.6091497,2.8064704,3.5718143,3.7192574,3.683834,NISQAv2
/data/nhandt23/Dataset/MMSData/13GKsS26F4U/asr_subtitle/wavs_enhanced/13GKsS26F4U_01090.wav,2.908391,2.708697,4.204091,4.0558295,3.1440237,NISQAv2
/data/nhandt23/Dataset/MMSData/13GKsS26F4U/asr_subtitle/wavs_enhanced/13GKsS26F4U_02322.wav,2.9326522,1.9079533,4.1455193,3.9668434,3.4350216,NISQAv2
/data/nhandt23/Dataset/MMSData/13GKsS26F4U/asr_subtitle/wavs_enhanced/13GKsS26F4U_01067.wav,3.6376166,3.4368193,4.162959,3.7993653,3.4745214,NISQAv2
/data/nhandt23/Dataset/MMSData/13GKsS26F4U/asr_subtitle/wavs_enhanced/13GKsS26F4U_00672.wav,3.540887,1.7237433,4.1673784,3.9252806,3.3108144,NISQAv2
/data/nhandt23/Dataset/MMSData/13GKsS26F4U/asr_subtitle/wavs_enhanced/13GKsS26F4U_04084.wav,2.6123078,3.4475663,3.3687446,3.511451,3.0412455,NISQAv2
/data/nhandt23/Dataset/MMSData/13GKsS26F4U/asr_subtitle/wavs_enhanced/13GKsS26F4U_02010.wav,3.6959229,3.0824158,4.420382,4.194382,3.6057854,NISQAv2
/data/nhandt23/Dataset/MMSData/13GKsS26F4U/asr_subtitle/wavs_enhanced/13GKsS26F4U_00439.wav,3.4600146,3.7676394,3.62698,3.746143,3.9302695,NISQAv2
/data/nhandt23/Dataset/MMSData/13GKsS26F4U/asr_subtitle/wavs_enhanced/13GKsS26F4U_01999.wav,2.7205338,2.3943493,3.4396086,3.6958067,3.141924,NISQAv2
/data/nhandt23/Dataset/MMSData/13GKsS26F4U/asr_subtitle/wavs_enhanced/13GKsS26F4U_04031.wav,3.1993167,2.9457438,4.1297083,4.119525,4.149281,NISQAv2
/data/nhandt23/Dataset/MMSData/13GKsS26F4U/asr_subtitle/wavs_enhanced/13GKsS26F4U_03076.wav,2.982608,2.644944,3.9876592,4.3546233,4.105192,NISQAv2
/data/nhandt23/Dataset/MMSData/13GKsS26F4U/asr_subtitle/wavs_enhanced/13GKsS26F4U_04019.wav,3.2221718,2.5377445,4.20184,4.02308,3.9894583,NISQAv2
/data/nhandt23/Dataset/MMSData/13GKsS26F4U/asr_subtitle/wavs_enhanced/13GKsS26F4U_01387.wav,3.345147,3.2543213,4.214635,3.7666085,3.7383971,NISQAv2
/data/nhandt23/Dataset/MMSData/13GKsS26F4U/asr_subtitle/wavs_enhanced/13GKsS26F4U_04958.wav,2.347041,3.0961394,3.9421687,3.629739,3.231015,NISQAv2
/data/nhandt23/Dataset/MMSData/13GKsS26F4U/asr_subtitle/wavs_enhanced/13GKsS26F4U_02770.wav,2.8875186,2.491524,4.1014466,3.849503,3.4874794,NISQAv2
/data/nhandt23/Dataset/MMSData/13GKsS26F4U/asr_subtitle/wavs_enhanced/13GKsS26F4U_04272.wav,2.4477956,2.276108,3.025665,3.451914,3.4895,NISQAv2
/data/nhandt23/Dataset/MMSData/13GKsS26F4U/asr_subtitle/wavs_enhanced/13GKsS26F4U_02911.wav,2.9742115,2.7029893,3.2511597,3.6420743,3.825507,NISQAv2
/data/nhandt23/Dataset/MMSData/13GKsS26F4U/asr_subtitle/wavs_enhanced/13GKsS26F4U_01275.wav,4.3813286,3.5222373,4.661554,4.286259,4.164911,NISQAv2
/data/nhandt23/Dataset/MMSData/13GKsS26F4U/asr_subtitle/wavs_enhanced/13GKsS26F4U_04063.wav,3.1778922,2.6781588,4.1443124,4.1198583,3.5892856,NISQAv2
/data/nhandt23/Dataset/MMSData/13GKsS26F4U/asr_subtitle/wavs_enhanced/13GKsS26F4U_04135.wav,3.575125,2.4727776,4.3138437,4.066363,3.4733608,NISQAv2
/data/nhandt23/Dataset/MMSData/13GKsS26F4U/asr_subtitle/wavs_enhanced/13GKsS26F4U_01695.wav,3.6973388,2.4464328,4.286665,3.9932432,4.0279455,NISQAv2
/data/nhandt23/Dataset/MMSData/13GKsS26F4U/asr_subtitle/wavs_enhanced/13GKsS26F4U_00145.wav,3.8844147,2.717662,4.325898,4.079267,4.0278544,NISQAv2
/data/nhandt23/Dataset/MMSData/13GKsS26F4U/asr_subtitle/wavs_enhanced/13GKsS26F4U_03727.wav,3.2730348,2.5114,4.5079975,4.0957594,3.9404814,NISQAv2
/data/nhandt23/Dataset/MMSData/13GKsS26F4U/asr_subtitle/wavs_enhanced/13GKsS26F4U_04107.wav,3.453077,2.5141702,4.165141,3.797509,3.4025412,NISQAv2
/data/nhandt23/Dataset/MMSData/13GKsS26F4U/asr_subtitle/wavs_enhanced/13GKsS26F4U_02270.wav,2.3781497,2.2005239,2.2654169,2.7751107,3.4049263,NISQAv2
/data/nhandt23/Dataset/MMSData/13GKsS26F4U/asr_subtitle/wavs_enhanced/13GKsS26F4U_02945.wav,3.4622357,2.9855425,4.372181,4.1144557,3.6337464,NISQAv2
/data/nhandt23/Dataset/MMSData/13GKsS26F4U/asr_subtitle/wavs_enhanced/13GKsS26F4U_02959.wav,2.7172284,2.0661843,4.2363377,3.8667934,3.5676153,NISQAv2
/data/nhandt23/Dataset/MMSData/13GKsS26F4U/asr_subtitle/wavs_enhanced/13GKsS26F4U_03552.wav,3.6981692,2.9887295,4.4986453,4.1316595,3.8759766,NISQAv2
/data/nhandt23/Dataset/MMSData/13GKsS26F4U/asr_subtitle/wavs_enhanced/13GKsS26F4U_02099.wav,3.6117637,3.4436562,4.4147787,3.8844666,3.761807,NISQAv2
/data/nhandt23/Dataset/MMSData/13GKsS26F4U/asr_subtitle/wavs_enhanced/13GKsS26F4U_02502.wav,3.849105,2.6727257,4.330294,4.209043,4.0383024,NISQAv2
/data/nhandt23/Dataset/MMSData/13GKsS26F4U/asr_subtitle/wavs_enhanced/13GKsS26F4U_02358.wav,4.2384996,2.293405,4.6934476,4.424475,4.203044,NISQAv2
/data/nhandt23/Dataset/MMSData/13GKsS26F4U/asr_subtitle/wavs_enhanced/13GKsS26F4U_03820.wav,2.5037904,2.5472891,3.649626,3.772132,3.4837983,NISQAv2
/data/nhandt23/Dataset/MMSData/13GKsS26F4U/asr_subtitle/wavs_enhanced/13GKsS26F4U_00944.wav,1.8787826,2.8310666,1.9120889,2.8763638,3.4407651,NISQAv2
/data/nhandt23/Dataset/MMSData/13GKsS26F4U/asr_subtitle/wavs_enhanced/13GKsS26F4U_00298.wav,2.199989,2.9340765,2.6849866,3.6224012,3.3582685,NISQAv2
/data/nhandt23/Dataset/MMSData/13GKsS26F4U/asr_subtitle/wavs_enhanced/13GKsS26F4U_01947.wav,2.9219162,2.4131408,4.048167,3.867561,2.924639,NISQAv2
/data/nhandt23/Dataset/MMSData/13GKsS26F4U/asr_subtitle/wavs_enhanced/13GKsS26F4U_04342.wav,3.7506237,2.5995405,4.0873017,3.8792963,3.6879086,NISQAv2
/data/nhandt23/Dataset/MMSData/13GKsS26F4U/asr_subtitle/wavs_enhanced/13GKsS26F4U_01185.wav,4.057723,3.7721863,4.45881,4.125515,3.7971928,NISQAv2
/data/nhandt23/Dataset/MMSData/13GKsS26F4U/asr_subtitle/wavs_enhanced/13GKsS26F4U_00977.wav,3.5658572,3.623255,4.5031967,4.237102,4.0971327,NISQAv2
/data/nhandt23/Dataset/MMSData/13GKsS26F4U/asr_subtitle/wavs_enhanced/13GKsS26F4U_04774.wav,3.686012,3.2631562,4.564293,3.8829465,4.12347,NISQAv2
/data/nhandt23/Dataset/MMSData/13GKsS26F4U/asr_subtitle/wavs_enhanced/13GKsS26F4U_02830.wav,3.9019315,2.5073514,4.2758904,4.027918,4.123913,NISQAv2
/data/nhandt23/Dataset/MMSData/13GKsS26F4U/asr_subtitle/wavs_enhanced/13GKsS26F4U_04921.wav,4.100767,3.1821394,4.3407803,3.9968545,3.8412786,NISQAv2
/data/nhandt23/Dataset/MMSData/13GKsS26F4U/asr_subtitle/wavs_enhanced/13GKsS26F4U_01578.wav,3.2965982,2.4759967,2.9263523,3.6141996,3.7667582,NISQAv2
/data/nhandt23/Dataset/MMSData/13GKsS26F4U/asr_subtitle/wavs_enhanced/13GKsS26F4U_02769.wav,3.5985858,2.7220414,4.1358023,4.1482496,4.094563,NISQAv2
/data/nhandt23/Dataset/MMSData/13GKsS26F4U/asr_subtitle/wavs_enhanced/13GKsS26F4U_03223.wav,2.9437912,2.9223275,3.4851067,3.4234142,3.9348674,NISQAv2
/data/nhandt23/Dataset/MMSData/13GKsS26F4U/asr_subtitle/wavs_enhanced/13GKsS26F4U_04486.wav,3.0170043,3.3364625,3.9938045,3.7765431,3.5838149,NISQAv2
/data/nhandt23/Dataset/MMSData/13GKsS26F4U/asr_subtitle/wavs_enhanced/13GKsS26F4U_03939.wav,4.4938874,2.8077579,4.6449623,4.451283,4.184039,NISQAv2
/data/nhandt23/Dataset/MMSData/13GKsS26F4U/asr_subtitle/wavs_enhanced/13GKsS26F4U_01444.wav,2.8786504,2.2044423,3.830608,4.045938,3.735511,NISQAv2
/data/nhandt23/Dataset/MMSData/13GKsS26F4U/asr_subtitle/wavs_enhanced/13GKsS26F4U_02687.wav,3.1243403,2.2830346,4.111515,4.136966,3.440441,NISQAv2
/data/nhandt23/Dataset/MMSData/13GKsS26F4U/asr_subtitle/wavs_enhanced/13GKsS26F4U_03772.wav,3.1287262,2.7117407,4.217396,3.786555,3.7296226,NISQAv2
/data/nhandt23/Dataset/MMSData/13GKsS26F4U/asr_subtitle/wavs_enhanced/13GKsS26F4U_03145.wav,3.124608,2.5297961,3.9159997,4.117495,3.9446025,NISQAv2
/data/nhandt23/Dataset/MMSData/13GKsS26F4U/asr_subtitle/wavs_enhanced/13GKsS26F4U_02889.wav,4.2050533,3.3302944,4.620127,4.413807,4.2743993,NISQAv2
/data/nhandt23/Dataset/MMSData/13GKsS26F4U/asr_subtitle/wavs_enhanced/13GKsS26F4U_00965.wav,4.0458355,3.1157167,4.5164723,4.0850244,4.100696,NISQAv2
/data/nhandt23/Dataset/MMSData/13GKsS26F4U/asr_subtitle/wavs_enhanced/13GKsS26F4U_02015.wav,3.534415,2.6497324,4.366033,3.930148,3.4953413,NISQAv2
/data/nhandt23/Dataset/MMSData/13GKsS26F4U/asr_subtitle/wavs_enhanced/13GKsS26F4U_01015.wav,3.0907464,2.4213278,4.251436,3.99256,3.96325,NISQAv2
/data/nhandt23/Dataset/MMSData/13GKsS26F4U/asr_subtitle/wavs_enhanced/13GKsS26F4U_00183.wav,4.080641,2.7180617,4.35266,4.2810726,4.170899,NISQAv2
/data/nhandt23/Dataset/MMSData/13GKsS26F4U/asr_subtitle/wavs_enhanced/13GKsS26F4U_01603.wav,2.6486223,3.4391675,3.737532,3.1851547,3.5767858,NISQAv2
/data/nhandt23/Dataset/MMSData/13GKsS26F4U/asr_subtitle/wavs_enhanced/13GKsS26F4U_04025.wav,2.6768415,3.5786774,2.622471,3.6709917,4.1110764,NISQAv2
/data/nhandt23/Dataset/MMSData/13GKsS26F4U/asr_subtitle/wavs_enhanced/13GKsS26F4U_00831.wav,3.4537191,2.8981493,4.2828674,4.1825104,3.8699694,NISQAv2
/data/nhandt23/Dataset/MMSData/13GKsS26F4U/asr_subtitle/wavs_enhanced/13GKsS26F4U_04978.wav,1.9747182,2.4833093,3.5674527,2.9349895,3.545663,NISQAv2
/data/nhandt23/Dataset/MMSData/13GKsS26F4U/asr_subtitle/wavs_enhanced/13GKsS26F4U_03430.wav,2.4681745,2.4655774,4.080872,3.4265864,3.7011268,NISQAv2
/data/nhandt23/Dataset/MMSData/13GKsS26F4U/asr_subtitle/wavs_enhanced/13GKsS26F4U_01580.wav,3.689209,2.7919981,4.412532,4.177902,3.9728034,NISQAv2
/data/nhandt23/Dataset/MMSData/13GKsS26F4U/asr_subtitle/wavs_enhanced/13GKsS26F4U_01675.wav,3.1624823,3.8112814,3.6701415,3.9317286,3.965625,NISQAv2
/data/nhandt23/Dataset/MMSData/13GKsS26F4U/asr_subtitle/wavs_enhanced/13GKsS26F4U_00987.wav,3.800008,2.4051237,4.578872,4.33831,4.310159,NISQAv2
/data/nhandt23/Dataset/MMSData/13GKsS26F4U/asr_subtitle/wavs_enhanced/13GKsS26F4U_01104.wav,3.4780564,1.8894837,4.346549,4.1373568,3.8310535,NISQAv2
/data/nhandt23/Dataset/MMSData/13GKsS26F4U/asr_subtitle/wavs_enhanced/13GKsS26F4U_03507.wav,2.1286225,2.5349205,2.6928115,3.3680646,3.6972325,NISQAv2
/data/nhandt23/Dataset/MMSData/13GKsS26F4U/asr_subtitle/wavs_enhanced/13GKsS26F4U_03495.wav,3.3678887,3.1324518,3.9150965,4.0466995,3.9559512,NISQAv2
/data/nhandt23/Dataset/MMSData/13GKsS26F4U/asr_subtitle/wavs_enhanced/13GKsS26F4U_04819.wav,3.075295,3.0417106,3.9150217,3.5153654,3.392398,NISQAv2
/data/nhandt23/Dataset/MMSData/13GKsS26F4U/asr_subtitle/wavs_enhanced/13GKsS26F4U_01394.wav,3.4206176,3.6334927,4.3394375,4.115797,4.1242585,NISQAv2
/data/nhandt23/Dataset/MMSData/13GKsS26F4U/asr_subtitle/wavs_enhanced/13GKsS26F4U_03967.wav,3.0474076,1.9061755,3.675361,3.4657702,3.2602398,NISQAv2
/data/nhandt23/Dataset/MMSData/13GKsS26F4U/asr_subtitle/wavs_enhanced/13GKsS26F4U_03918.wav,3.5603888,2.3737738,4.2403173,4.019511,3.7918792,NISQAv2
/data/nhandt23/Dataset/MMSData/13GKsS26F4U/asr_subtitle/wavs_enhanced/13GKsS26F4U_03347.wav,3.252436,2.529525,4.451414,4.0065265,3.6769793,NISQAv2
/data/nhandt23/Dataset/MMSData/13GKsS26F4U/asr_subtitle/wavs_enhanced/13GKsS26F4U_00281.wav,2.4078639,3.219186,2.1457045,3.328486,3.767783,NISQAv2
/data/nhandt23/Dataset/MMSData/13GKsS26F4U/asr_subtitle/wavs_enhanced/13GKsS26F4U_02022.wav,2.3568246,2.6510384,2.5271227,2.982136,3.5827076,NISQAv2
/data/nhandt23/Dataset/MMSData/13GKsS26F4U/asr_subtitle/wavs_enhanced/13GKsS26F4U_01729.wav,3.3884883,2.4462361,4.161023,3.9859855,3.1100981,NISQAv2
/data/nhandt23/Dataset/MMSData/13GKsS26F4U/asr_subtitle/wavs_enhanced/13GKsS26F4U_03801.wav,2.9901085,2.1388655,4.2751637,3.976171,3.8188796,NISQAv2
/data/nhandt23/Dataset/MMSData/13GKsS26F4U/asr_subtitle/wavs_enhanced/13GKsS26F4U_02995.wav,3.3649666,3.1152837,4.18117,3.9343612,3.5150468,NISQAv2
/data/nhandt23/Dataset/MMSData/13GKsS26F4U/asr_subtitle/wavs_enhanced/13GKsS26F4U_00008.wav,2.7667584,2.7103703,3.5968268,3.8774266,3.9689648,NISQAv2
/data/nhandt23/Dataset/MMSData/13GKsS26F4U/asr_subtitle/wavs_enhanced/13GKsS26F4U_00547.wav,2.8550766,2.7771733,3.882686,3.6911843,3.3174865,NISQAv2
/data/nhandt23/Dataset/MMSData/13GKsS26F4U/asr_subtitle/wavs_enhanced/13GKsS26F4U_03586.wav,2.0569472,2.813411,2.6051989,3.0459647,3.442487,NISQAv2
/data/nhandt23/Dataset/MMSData/13GKsS26F4U/asr_subtitle/wavs_enhanced/13GKsS26F4U_00952.wav,2.4220622,2.4469023,3.2583504,3.8016655,3.4477584,NISQAv2
/data/nhandt23/Dataset/MMSData/13GKsS26F4U/asr_subtitle/wavs_enhanced/13GKsS26F4U_00688.wav,3.4712288,3.2757215,4.0771537,4.459836,4.21154,NISQAv2
/data/nhandt23/Dataset/MMSData/13GKsS26F4U/asr_subtitle/wavs_enhanced/13GKsS26F4U_00884.wav,3.2764657,2.6248653,4.1111765,4.074161,4.0584145,NISQAv2
/data/nhandt23/Dataset/MMSData/13GKsS26F4U/asr_subtitle/wavs_enhanced/13GKsS26F4U_04940.wav,2.4146273,2.9234276,2.0771568,2.9779725,4.0300884,NISQAv2
/data/nhandt23/Dataset/MMSData/13GKsS26F4U/asr_subtitle/wavs_enhanced/13GKsS26F4U_04442.wav,3.683248,3.550046,4.1525536,3.8297698,3.3784342,NISQAv2
/data/nhandt23/Dataset/MMSData/13GKsS26F4U/asr_subtitle/wavs_enhanced/13GKsS26F4U_02196.wav,3.6052516,3.1853468,3.8470118,3.8168066,4.048558,NISQAv2
/data/nhandt23/Dataset/MMSData/13GKsS26F4U/asr_subtitle/wavs_enhanced/13GKsS26F4U_03910.wav,3.7147071,2.2173119,4.105992,3.910464,3.4789822,NISQAv2
/data/nhandt23/Dataset/MMSData/13GKsS26F4U/asr_subtitle/wavs_enhanced/13GKsS26F4U_04897.wav,4.509618,3.8031213,4.758849,4.2930045,4.2521663,NISQAv2
/data/nhandt23/Dataset/MMSData/13GKsS26F4U/asr_subtitle/wavs_enhanced/13GKsS26F4U_05036.wav,3.4343765,2.94492,3.9866889,3.8747308,4.046839,NISQAv2
/data/nhandt23/Dataset/MMSData/13GKsS26F4U/asr_subtitle/wavs_enhanced/13GKsS26F4U_01096.wav,3.6973548,2.8282626,4.1812844,4.010618,3.5146363,NISQAv2
/data/nhandt23/Dataset/MMSData/13GKsS26F4U/asr_subtitle/wavs_enhanced/13GKsS26F4U_04328.wav,2.761494,2.2154262,3.0780869,3.151456,3.260647,NISQAv2
/data/nhandt23/Dataset/MMSData/13GKsS26F4U/asr_subtitle/wavs_enhanced/13GKsS26F4U_00433.wav,3.0158951,2.7193122,3.6956637,3.4616177,3.702835,NISQAv2
/data/nhandt23/Dataset/MMSData/13GKsS26F4U/asr_subtitle/wavs_enhanced/13GKsS26F4U_00522.wav,3.017484,2.825956,4.1946836,3.927451,3.6722276,NISQAv2
/data/nhandt23/Dataset/MMSData/13GKsS26F4U/asr_subtitle/wavs_enhanced/13GKsS26F4U_03770.wav,2.1539924,2.515436,2.8270342,3.6328995,3.723356,NISQAv2
/data/nhandt23/Dataset/MMSData/13GKsS26F4U/asr_subtitle/wavs_enhanced/13GKsS26F4U_01900.wav,3.6108103,2.8392978,4.295636,4.0518966,3.9214613,NISQAv2
/data/nhandt23/Dataset/MMSData/13GKsS26F4U/asr_subtitle/wavs_enhanced/13GKsS26F4U_03782.wav,3.3672369,2.3295267,4.411625,4.111785,3.1822207,NISQAv2
/data/nhandt23/Dataset/MMSData/13GKsS26F4U/asr_subtitle/wavs_enhanced/13GKsS26F4U_04160.wav,3.644263,3.4551375,4.4838924,4.1716332,4.2038145,NISQAv2
/data/nhandt23/Dataset/MMSData/13GKsS26F4U/asr_subtitle/wavs_enhanced/13GKsS26F4U_01217.wav,2.6404955,2.559524,3.8226132,3.8700042,3.4546058,NISQAv2
/data/nhandt23/Dataset/MMSData/13GKsS26F4U/asr_subtitle/wavs_enhanced/13GKsS26F4U_01832.wav,2.7376635,2.7429245,3.4211552,3.3724046,3.3573906,NISQAv2
/data/nhandt23/Dataset/MMSData/13GKsS26F4U/asr_subtitle/wavs_enhanced/13GKsS26F4U_01570.wav,2.910042,2.0851781,4.0239725,3.7912436,3.5872362,NISQAv2
/data/nhandt23/Dataset/MMSData/13GKsS26F4U/asr_subtitle/wavs_enhanced/13GKsS26F4U_00857.wav,2.25826,2.9667232,3.2943785,3.2607853,3.0411537,NISQAv2
/data/nhandt23/Dataset/MMSData/13GKsS26F4U/asr_subtitle/wavs_enhanced/13GKsS26F4U_00211.wav,3.5425222,3.2813733,3.9290109,3.2665894,4.099646,NISQAv2
/data/nhandt23/Dataset/MMSData/13GKsS26F4U/asr_subtitle/wavs_enhanced/13GKsS26F4U_00245.wav,3.7760174,2.6023123,4.346798,4.010795,4.010657,NISQAv2
/data/nhandt23/Dataset/MMSData/13GKsS26F4U/asr_subtitle/wavs_enhanced/13GKsS26F4U_01318.wav,3.083244,2.9026024,2.9916577,3.3268464,3.6211731,NISQAv2
/data/nhandt23/Dataset/MMSData/13GKsS26F4U/asr_subtitle/wavs_enhanced/13GKsS26F4U_01445.wav,3.6367762,2.4640014,4.296048,4.060842,3.8085766,NISQAv2
/data/nhandt23/Dataset/MMSData/13GKsS26F4U/asr_subtitle/wavs_enhanced/13GKsS26F4U_04234.wav,3.6322534,3.1105866,4.13208,4.2727604,4.2492824,NISQAv2
/data/nhandt23/Dataset/MMSData/13GKsS26F4U/asr_subtitle/wavs_enhanced/13GKsS26F4U_01384.wav,3.321792,3.5266829,4.2614417,3.6642978,3.3721232,NISQAv2
/data/nhandt23/Dataset/MMSData/13GKsS26F4U/asr_subtitle/wavs_enhanced/13GKsS26F4U_01882.wav,3.7197993,2.9507992,4.4729567,3.5361774,3.6684444,NISQAv2
/data/nhandt23/Dataset/MMSData/13GKsS26F4U/asr_subtitle/wavs_enhanced/13GKsS26F4U_01816.wav,3.4587436,2.3343108,4.431625,3.9794037,3.584365,NISQAv2
/data/nhandt23/Dataset/MMSData/13GKsS26F4U/asr_subtitle/wavs_enhanced/13GKsS26F4U_01435.wav,3.6069236,2.1900232,4.4151955,4.128737,3.2793567,NISQAv2
/data/nhandt23/Dataset/MMSData/13GKsS26F4U/asr_subtitle/wavs_enhanced/13GKsS26F4U_04710.wav,3.8145874,2.5539353,4.6708603,4.4733744,4.257147,NISQAv2
/data/nhandt23/Dataset/MMSData/13GKsS26F4U/asr_subtitle/wavs_enhanced/13GKsS26F4U_01102.wav,4.2532415,3.9009879,4.625355,4.432445,4.4051766,NISQAv2
/data/nhandt23/Dataset/MMSData/13GKsS26F4U/asr_subtitle/wavs_enhanced/13GKsS26F4U_00263.wav,3.1083846,2.2897584,4.218444,3.9601817,3.8337526,NISQAv2
/data/nhandt23/Dataset/MMSData/13GKsS26F4U/asr_subtitle/wavs_enhanced/13GKsS26F4U_03423.wav,3.6650941,2.275919,4.2479277,4.0798516,3.8353436,NISQAv2
/data/nhandt23/Dataset/MMSData/13GKsS26F4U/asr_subtitle/wavs_enhanced/13GKsS26F4U_03619.wav,3.365878,2.3208783,2.7578976,3.5702631,4.2032723,NISQAv2
/data/nhandt23/Dataset/MMSData/13GKsS26F4U/asr_subtitle/wavs_enhanced/13GKsS26F4U_02914.wav,2.8349154,2.614155,3.9186764,3.766729,3.6725533,NISQAv2
/data/nhandt23/Dataset/MMSData/13GKsS26F4U/asr_subtitle/wavs_enhanced/13GKsS26F4U_00117.wav,3.61435,2.7727275,4.276176,3.9423392,3.9932432,NISQAv2
/data/nhandt23/Dataset/MMSData/13GKsS26F4U/asr_subtitle/wavs_enhanced/13GKsS26F4U_02616.wav,3.8593528,2.8297472,4.484164,4.289613,4.093899,NISQAv2
/data/nhandt23/Dataset/MMSData/13GKsS26F4U/asr_subtitle/wavs_enhanced/13GKsS26F4U_02517.wav,3.8054655,2.4581115,4.310523,4.1063566,3.6672943,NISQAv2
/data/nhandt23/Dataset/MMSData/13GKsS26F4U/asr_subtitle/wavs_enhanced/13GKsS26F4U_03249.wav,3.354839,2.3164299,4.377883,4.0116897,3.5189555,NISQAv2
/data/nhandt23/Dataset/MMSData/13GKsS26F4U/asr_subtitle/wavs_enhanced/13GKsS26F4U_00055.wav,3.5131996,2.3345265,4.2162943,3.8658085,3.4681041,NISQAv2
/data/nhandt23/Dataset/MMSData/13GKsS26F4U/asr_subtitle/wavs_enhanced/13GKsS26F4U_00479.wav,3.6426885,3.082267,4.4257107,4.299276,4.1926627,NISQAv2
/data/nhandt23/Dataset/MMSData/13GKsS26F4U/asr_subtitle/wavs_enhanced/13GKsS26F4U_01953.wav,3.4369757,3.137932,4.4106975,4.1833177,4.098537,NISQAv2
/data/nhandt23/Dataset/MMSData/13GKsS26F4U/asr_subtitle/wavs_enhanced/13GKsS26F4U_00214.wav,4.1873364,3.6593864,4.6066236,4.4356933,4.0680056,NISQAv2
/data/nhandt23/Dataset/MMSData/13GKsS26F4U/asr_subtitle/wavs_enhanced/13GKsS26F4U_03739.wav,3.7218206,2.1345813,3.6636188,3.9784744,3.5653477,NISQAv2
/data/nhandt23/Dataset/MMSData/13GKsS26F4U/asr_subtitle/wavs_enhanced/13GKsS26F4U_03808.wav,2.71387,3.0118463,4.345519,4.2324886,3.8862362,NISQAv2
/data/nhandt23/Dataset/MMSData/13GKsS26F4U/asr_subtitle/wavs_enhanced/13GKsS26F4U_03212.wav,3.3892138,2.8535378,4.1121974,3.8801918,3.409293,NISQAv2
/data/nhandt23/Dataset/MMSData/13GKsS26F4U/asr_subtitle/wavs_enhanced/13GKsS26F4U_01482.wav,3.3735948,2.9764583,4.104588,4.068318,3.8245788,NISQAv2
/data/nhandt23/Dataset/MMSData/13GKsS26F4U/asr_subtitle/wavs_enhanced/13GKsS26F4U_03729.wav,4.196278,3.7816722,4.450801,4.2307153,3.8753197,NISQAv2
/data/nhandt23/Dataset/MMSData/13GKsS26F4U/asr_subtitle/wavs_enhanced/13GKsS26F4U_00991.wav,2.7080681,2.8135273,3.5422118,3.6629138,3.6779442,NISQAv2
/data/nhandt23/Dataset/MMSData/13GKsS26F4U/asr_subtitle/wavs_enhanced/13GKsS26F4U_01686.wav,3.2161934,2.926079,4.0110435,3.7528188,4.197668,NISQAv2
/data/nhandt23/Dataset/MMSData/13GKsS26F4U/asr_subtitle/wavs_enhanced/13GKsS26F4U_03045.wav,3.9366603,2.3649738,4.476454,4.239203,4.2248716,NISQAv2
/data/nhandt23/Dataset/MMSData/13GKsS26F4U/asr_subtitle/wavs_enhanced/13GKsS26F4U_04628.wav,2.1304338,3.125821,1.9809995,3.304252,3.9346554,NISQAv2
/data/nhandt23/Dataset/MMSData/13GKsS26F4U/asr_subtitle/wavs_enhanced/13GKsS26F4U_02802.wav,2.639994,2.2746255,3.0118186,3.354791,3.5374815,NISQAv2
/data/nhandt23/Dataset/MMSData/13GKsS26F4U/asr_subtitle/wavs_enhanced/13GKsS26F4U_03447.wav,2.6033027,2.6048305,3.9781122,3.9931738,3.4930012,NISQAv2
/data/nhandt23/Dataset/MMSData/13GKsS26F4U/asr_subtitle/wavs_enhanced/13GKsS26F4U_03050.wav,3.8338904,2.5657852,4.6126685,4.230573,4.3799186,NISQAv2
/data/nhandt23/Dataset/MMSData/13GKsS26F4U/asr_subtitle/wavs_enhanced/13GKsS26F4U_04016.wav,3.1661694,2.3819785,4.0367427,3.9457896,3.444248,NISQAv2
/data/nhandt23/Dataset/MMSData/13GKsS26F4U/asr_subtitle/wavs_enhanced/13GKsS26F4U_01062.wav,2.9157107,3.3500273,2.7587254,3.4496787,3.8410685,NISQAv2
/data/nhandt23/Dataset/MMSData/13GKsS26F4U/asr_subtitle/wavs_enhanced/13GKsS26F4U_03021.wav,3.4216263,2.3079517,4.381222,4.036432,3.8782866,NISQAv2
/data/nhandt23/Dataset/MMSData/13GKsS26F4U/asr_subtitle/wavs_enhanced/13GKsS26F4U_03410.wav,2.2907844,2.2731311,2.4142637,3.599756,2.39397,NISQAv2
/data/nhandt23/Dataset/MMSData/13GKsS26F4U/asr_subtitle/wavs_enhanced/13GKsS26F4U_05132.wav,4.325878,3.6636205,4.643994,4.481901,4.4057207,NISQAv2
/data/nhandt23/Dataset/MMSData/13GKsS26F4U/asr_subtitle/wavs_enhanced/13GKsS26F4U_03962.wav,3.3596432,2.1681552,4.2401123,3.8281074,3.6906524,NISQAv2
/data/nhandt23/Dataset/MMSData/13GKsS26F4U/asr_subtitle/wavs_enhanced/13GKsS26F4U_04222.wav,3.1113646,2.7075415,4.052691,4.1395426,3.9410968,NISQAv2
/data/nhandt23/Dataset/MMSData/13GKsS26F4U/asr_subtitle/wavs_enhanced/13GKsS26F4U_04969.wav,3.312799,3.3428307,4.516645,4.0969234,3.7462442,NISQAv2
/data/nhandt23/Dataset/MMSData/13GKsS26F4U/asr_subtitle/wavs_enhanced/13GKsS26F4U_02736.wav,3.8661761,3.05916,4.423517,4.347721,4.2132125,NISQAv2
/data/nhandt23/Dataset/MMSData/13GKsS26F4U/asr_subtitle/wavs_enhanced/13GKsS26F4U_01495.wav,3.305316,2.8656242,4.254655,3.8302226,3.8339267,NISQAv2
/data/nhandt23/Dataset/MMSData/13GKsS26F4U/asr_subtitle/wavs_enhanced/13GKsS26F4U_03287.wav,3.9614074,3.3528202,4.511841,4.312535,3.5500267,NISQAv2
/data/nhandt23/Dataset/MMSData/13GKsS26F4U/asr_subtitle/wavs_enhanced/13GKsS26F4U_04445.wav,3.3486574,2.8936226,4.1118603,3.8909814,3.609907,NISQAv2
/data/nhandt23/Dataset/MMSData/13GKsS26F4U/asr_subtitle/wavs_enhanced/13GKsS26F4U_02173.wav,3.0000005,2.2758114,3.7984948,3.6390066,2.1895907,NISQAv2
/data/nhandt23/Dataset/MMSData/13GKsS26F4U/asr_subtitle/wavs_enhanced/13GKsS26F4U_01616.wav,2.8286734,2.9182637,2.923259,3.5419605,3.9129703,NISQAv2
/data/nhandt23/Dataset/MMSData/13GKsS26F4U/asr_subtitle/wavs_enhanced/13GKsS26F4U_03519.wav,3.3313956,2.292227,3.4844387,3.7109797,3.7920854,NISQAv2
/data/nhandt23/Dataset/MMSData/13GKsS26F4U/asr_subtitle/wavs_enhanced/13GKsS26F4U_02406.wav,3.0245097,2.314711,2.805906,3.76386,2.879202,NISQAv2
/data/nhandt23/Dataset/MMSData/13GKsS26F4U/asr_subtitle/wavs_enhanced/13GKsS26F4U_02012.wav,3.78991,3.2313306,4.48121,4.382556,4.282304,NISQAv2
/data/nhandt23/Dataset/MMSData/13GKsS26F4U/asr_subtitle/wavs_enhanced/13GKsS26F4U_00150.wav,2.4204917,2.8816135,3.2842271,3.4109585,3.4315305,NISQAv2
/data/nhandt23/Dataset/MMSData/13GKsS26F4U/asr_subtitle/wavs_enhanced/13GKsS26F4U_03657.wav,3.7005994,3.5712054,4.104368,3.7894933,3.515362,NISQAv2
/data/nhandt23/Dataset/MMSData/13GKsS26F4U/asr_subtitle/wavs_enhanced/13GKsS26F4U_05158.wav,2.8938046,3.3161643,3.6721365,3.739484,3.6412594,NISQAv2
/data/nhandt23/Dataset/MMSData/13GKsS26F4U/asr_subtitle/wavs_enhanced/13GKsS26F4U_02659.wav,4.000926,2.5695097,4.338706,4.0556483,3.9467242,NISQAv2
/data/nhandt23/Dataset/MMSData/13GKsS26F4U/asr_subtitle/wavs_enhanced/13GKsS26F4U_01271.wav,3.8013058,3.1558993,4.503557,4.1395698,3.8645554,NISQAv2
/data/nhandt23/Dataset/MMSData/13GKsS26F4U/asr_subtitle/wavs_enhanced/13GKsS26F4U_00413.wav,3.344396,2.5973837,4.02439,3.775174,3.2356184,NISQAv2
/data/nhandt23/Dataset/MMSData/13GKsS26F4U/asr_subtitle/wavs_enhanced/13GKsS26F4U_04026.wav,3.9715362,3.1978023,4.5182605,4.1132674,4.193898,NISQAv2
/data/nhandt23/Dataset/MMSData/13GKsS26F4U/asr_subtitle/wavs_enhanced/13GKsS26F4U_00845.wav,3.3123703,2.5406392,3.922538,3.9958143,3.923487,NISQAv2
/data/nhandt23/Dataset/MMSData/13GKsS26F4U/asr_subtitle/wavs_enhanced/13GKsS26F4U_04861.wav,2.953206,2.6295903,3.1910288,4.1290574,4.213898,NISQAv2
/data/nhandt23/Dataset/MMSData/13GKsS26F4U/asr_subtitle/wavs_enhanced/13GKsS26F4U_03638.wav,3.7444072,2.3625739,4.4000473,4.1307635,3.9811738,NISQAv2
/data/nhandt23/Dataset/MMSData/13GKsS26F4U/asr_subtitle/wavs_enhanced/13GKsS26F4U_02092.wav,3.2753232,2.831496,4.081298,3.77632,3.1659791,NISQAv2
/data/nhandt23/Dataset/MMSData/13GKsS26F4U/asr_subtitle/wavs_enhanced/13GKsS26F4U_03829.wav,3.8840935,3.0791223,4.542849,4.1561604,4.0947795,NISQAv2
/data/nhandt23/Dataset/MMSData/13GKsS26F4U/asr_subtitle/wavs_enhanced/13GKsS26F4U_01905.wav,3.1365254,2.884806,3.9924512,3.679378,3.1134324,NISQAv2
/data/nhandt23/Dataset/MMSData/13GKsS26F4U/asr_subtitle/wavs_enhanced/13GKsS26F4U_04000.wav,3.1697,2.638827,4.143073,4.0171094,3.8485157,NISQAv2
/data/nhandt23/Dataset/MMSData/13GKsS26F4U/asr_subtitle/wavs_enhanced/13GKsS26F4U_01839.wav,2.3846757,2.668297,4.020314,3.6758127,2.6748583,NISQAv2
/data/nhandt23/Dataset/MMSData/13GKsS26F4U/asr_subtitle/wavs_enhanced/13GKsS26F4U_04770.wav,2.764291,3.069237,3.7443848,2.9754465,2.9701889,NISQAv2
/data/nhandt23/Dataset/MMSData/13GKsS26F4U/asr_subtitle/wavs_enhanced/13GKsS26F4U_00326.wav,2.8910196,2.6481364,4.2981033,4.1918087,3.7779648,NISQAv2
/data/nhandt23/Dataset/MMSData/13GKsS26F4U/asr_subtitle/wavs_enhanced/13GKsS26F4U_03107.wav,3.5169907,2.4382627,4.2235928,4.0960994,3.816309,NISQAv2
/data/nhandt23/Dataset/MMSData/13GKsS26F4U/asr_subtitle/wavs_enhanced/13GKsS26F4U_04310.wav,3.8464844,2.9547126,4.3284287,4.0362096,3.6596339,NISQAv2
/data/nhandt23/Dataset/MMSData/13GKsS26F4U/asr_subtitle/wavs_enhanced/13GKsS26F4U_01097.wav,3.3175344,2.72834,3.8715558,4.0616055,4.0461645,NISQAv2
/data/nhandt23/Dataset/MMSData/13GKsS26F4U/asr_subtitle/wavs_enhanced/13GKsS26F4U_04378.wav,3.4057837,2.6617582,4.3501363,4.110822,4.1588883,NISQAv2
/data/nhandt23/Dataset/MMSData/13GKsS26F4U/asr_subtitle/wavs_enhanced/13GKsS26F4U_01472.wav,3.6549003,2.781287,4.428685,4.0571446,4.3290043,NISQAv2
/data/nhandt23/Dataset/MMSData/13GKsS26F4U/asr_subtitle/wavs_enhanced/13GKsS26F4U_01840.wav,3.691349,2.7310083,4.408551,4.210308,3.8711536,NISQAv2
/data/nhandt23/Dataset/MMSData/13GKsS26F4U/asr_subtitle/wavs_enhanced/13GKsS26F4U_02261.wav,3.3830907,2.4052384,3.911194,3.8820598,3.3907967,NISQAv2
/data/nhandt23/Dataset/MMSData/13GKsS26F4U/asr_subtitle/wavs_enhanced/13GKsS26F4U_05056.wav,2.5349514,3.0888228,3.5980704,3.3036559,3.4589643,NISQAv2
/data/nhandt23/Dataset/MMSData/13GKsS26F4U/asr_subtitle/wavs_enhanced/13GKsS26F4U_02337.wav,3.1007144,2.0185254,4.2548,3.82925,3.3305554,NISQAv2
/data/nhandt23/Dataset/MMSData/13GKsS26F4U/asr_subtitle/wavs_enhanced/13GKsS26F4U_01951.wav,2.8938046,3.1966941,3.2512395,3.5602202,3.6188052,NISQAv2
/data/nhandt23/Dataset/MMSData/13GKsS26F4U/asr_subtitle/wavs_enhanced/13GKsS26F4U_00614.wav,1.9042233,3.0713208,1.9679987,2.4786594,3.7243297,NISQAv2
/data/nhandt23/Dataset/MMSData/13GKsS26F4U/asr_subtitle/wavs_enhanced/13GKsS26F4U_01018.wav,2.2470026,2.386508,2.8331568,3.1592858,3.5847929,NISQAv2
/data/nhandt23/Dataset/MMSData/13GKsS26F4U/asr_subtitle/wavs_enhanced/13GKsS26F4U_04408.wav,4.1966276,2.4496982,4.5863857,4.3557534,3.6046677,NISQAv2
/data/nhandt23/Dataset/MMSData/13GKsS26F4U/asr_subtitle/wavs_enhanced/13GKsS26F4U_03938.wav,3.9755745,3.0075066,4.395147,4.18168,4.185821,NISQAv2
/data/nhandt23/Dataset/MMSData/13GKsS26F4U/asr_subtitle/wavs_enhanced/13GKsS26F4U_02788.wav,2.9961603,3.0306706,4.143941,3.966273,4.027539,NISQAv2
/data/nhandt23/Dataset/MMSData/13GKsS26F4U/asr_subtitle/wavs_enhanced/13GKsS26F4U_03455.wav,3.2573438,2.759946,4.1308002,3.8204985,3.6571717,NISQAv2
/data/nhandt23/Dataset/MMSData/13GKsS26F4U/asr_subtitle/wavs_enhanced/13GKsS26F4U_01137.wav,3.6112385,2.7434065,3.4177043,3.9296176,3.4921434,NISQAv2
/data/nhandt23/Dataset/MMSData/13GKsS26F4U/asr_subtitle/wavs_enhanced/13GKsS26F4U_02872.wav,3.1547983,2.6090763,4.2970853,3.7698572,2.785081,NISQAv2
/data/nhandt23/Dataset/MMSData/13GKsS26F4U/asr_subtitle/wavs_enhanced/13GKsS26F4U_04175.wav,2.3328636,2.433294,3.4654768,3.499657,3.8320398,NISQAv2
/data/nhandt23/Dataset/MMSData/13GKsS26F4U/asr_subtitle/wavs_enhanced/13GKsS26F4U_02930.wav,3.906962,2.7684042,4.257165,4.187261,3.9420006,NISQAv2
/data/nhandt23/Dataset/MMSData/13GKsS26F4U/asr_subtitle/wavs_enhanced/13GKsS26F4U_01633.wav,3.7972257,3.3208272,4.1891418,4.043152,3.841537,NISQAv2
/data/nhandt23/Dataset/MMSData/13GKsS26F4U/asr_subtitle/wavs_enhanced/13GKsS26F4U_03029.wav,4.1319675,3.0893812,4.59581,4.3567142,4.37229,NISQAv2
/data/nhandt23/Dataset/MMSData/13GKsS26F4U/asr_subtitle/wavs_enhanced/13GKsS26F4U_01173.wav,3.4448347,2.6882675,4.0339556,3.683221,4.138778,NISQAv2
/data/nhandt23/Dataset/MMSData/13GKsS26F4U/asr_subtitle/wavs_enhanced/13GKsS26F4U_03847.wav,2.930794,2.4796586,2.8256903,3.567899,3.4651794,NISQAv2
/data/nhandt23/Dataset/MMSData/13GKsS26F4U/asr_subtitle/wavs_enhanced/13GKsS26F4U_03329.wav,2.5792108,2.3009875,3.021899,3.2208474,3.543142,NISQAv2
/data/nhandt23/Dataset/MMSData/13GKsS26F4U/asr_subtitle/wavs_enhanced/13GKsS26F4U_01342.wav,3.8550067,2.4607685,4.3675084,4.16356,4.0352974,NISQAv2
/data/nhandt23/Dataset/MMSData/13GKsS26F4U/asr_subtitle/wavs_enhanced/13GKsS26F4U_03073.wav,2.995312,2.6788857,4.1002846,3.8973792,3.6020043,NISQAv2
/data/nhandt23/Dataset/MMSData/13GKsS26F4U/asr_subtitle/wavs_enhanced/13GKsS26F4U_00376.wav,2.866306,2.832999,3.6221077,3.4035668,3.2687852,NISQAv2
/data/nhandt23/Dataset/MMSData/13GKsS26F4U/asr_subtitle/wavs_enhanced/13GKsS26F4U_00735.wav,2.4234025,3.7729495,2.1597297,3.6825972,4.062585,NISQAv2
/data/nhandt23/Dataset/MMSData/13GKsS26F4U/asr_subtitle/wavs_enhanced/13GKsS26F4U_04179.wav,2.4721282,2.3604257,3.5269625,3.7642481,3.9622161,NISQAv2
/data/nhandt23/Dataset/MMSData/13GKsS26F4U/asr_subtitle/wavs_enhanced/13GKsS26F4U_01979.wav,3.7543046,3.00583,4.248083,4.0392833,3.5020568,NISQAv2
/data/nhandt23/Dataset/MMSData/13GKsS26F4U/asr_subtitle/wavs_enhanced/13GKsS26F4U_01553.wav,3.5603373,2.7852123,3.8295798,3.7225373,3.9016187,NISQAv2
/data/nhandt23/Dataset/MMSData/13GKsS26F4U/asr_subtitle/wavs_enhanced/13GKsS26F4U_02829.wav,2.6223013,2.179225,2.629711,3.1088684,3.7026904,NISQAv2
/data/nhandt23/Dataset/MMSData/13GKsS26F4U/asr_subtitle/wavs_enhanced/13GKsS26F4U_02003.wav,3.4376504,2.5920389,4.3303275,4.0311327,3.8289983,NISQAv2
/data/nhandt23/Dataset/MMSData/13GKsS26F4U/asr_subtitle/wavs_enhanced/13GKsS26F4U_00417.wav,2.4461536,2.5335886,2.9552367,3.7820787,3.4190462,NISQAv2
/data/nhandt23/Dataset/MMSData/13GKsS26F4U/asr_subtitle/wavs_enhanced/13GKsS26F4U_04884.wav,3.842114,2.3930528,4.3424535,4.3328557,3.8879085,NISQAv2
/data/nhandt23/Dataset/MMSData/13GKsS26F4U/asr_subtitle/wavs_enhanced/13GKsS26F4U_01017.wav,3.9117067,2.7569768,4.322604,4.0846877,3.7385058,NISQAv2
/data/nhandt23/Dataset/MMSData/13GKsS26F4U/asr_subtitle/wavs_enhanced/13GKsS26F4U_00909.wav,2.8529663,2.828311,3.9206665,3.6387002,3.4097006,NISQAv2
/data/nhandt23/Dataset/MMSData/13GKsS26F4U/asr_subtitle/wavs_enhanced/13GKsS26F4U_00460.wav,3.9604461,3.619667,4.3291893,4.070077,4.04051,NISQAv2
/data/nhandt23/Dataset/MMSData/13GKsS26F4U/asr_subtitle/wavs_enhanced/13GKsS26F4U_01861.wav,3.7814705,2.4968154,4.2613163,3.8302157,3.6795547,NISQAv2
/data/nhandt23/Dataset/MMSData/13GKsS26F4U/asr_subtitle/wavs_enhanced/13GKsS26F4U_03749.wav,3.929639,2.9581428,4.59929,4.46092,4.1857266,NISQAv2
/data/nhandt23/Dataset/MMSData/13GKsS26F4U/asr_subtitle/wavs_enhanced/13GKsS26F4U_04802.wav,3.6752124,3.9348893,4.045316,4.065163,4.3825274,NISQAv2
/data/nhandt23/Dataset/MMSData/13GKsS26F4U/asr_subtitle/wavs_enhanced/13GKsS26F4U_02242.wav,3.283955,2.617433,3.9606345,3.793833,3.843043,NISQAv2
/data/nhandt23/Dataset/MMSData/13GKsS26F4U/asr_subtitle/wavs_enhanced/13GKsS26F4U_00458.wav,4.37228,3.2529924,4.312704,4.4132485,4.331451,NISQAv2
/data/nhandt23/Dataset/MMSData/13GKsS26F4U/asr_subtitle/wavs_enhanced/13GKsS26F4U_03456.wav,3.3990326,2.2089522,3.8921802,3.8136947,3.242438,NISQAv2
/data/nhandt23/Dataset/MMSData/13GKsS26F4U/asr_subtitle/wavs_enhanced/13GKsS26F4U_04965.wav,3.9779882,3.2002072,4.5595317,4.1739483,4.2717233,NISQAv2
/data/nhandt23/Dataset/MMSData/13GKsS26F4U/asr_subtitle/wavs_enhanced/13GKsS26F4U_03121.wav,2.8051403,2.5143402,3.9959881,3.4522476,2.958968,NISQAv2
/data/nhandt23/Dataset/MMSData/13GKsS26F4U/asr_subtitle/wavs_enhanced/13GKsS26F4U_01926.wav,3.4168622,2.5868564,4.219152,3.9402106,3.6892622,NISQAv2
/data/nhandt23/Dataset/MMSData/13GKsS26F4U/asr_subtitle/wavs_enhanced/13GKsS26F4U_00641.wav,4.326651,3.5955303,4.5613623,4.314297,4.411302,NISQAv2
/data/nhandt23/Dataset/MMSData/13GKsS26F4U/asr_subtitle/wavs_enhanced/13GKsS26F4U_02220.wav,3.1331396,2.482258,3.7603528,4.004146,4.0757346,NISQAv2
/data/nhandt23/Dataset/MMSData/13GKsS26F4U/asr_subtitle/wavs_enhanced/13GKsS26F4U_03218.wav,2.7675602,2.1887252,3.927398,3.5738735,2.927132,NISQAv2
/data/nhandt23/Dataset/MMSData/13GKsS26F4U/asr_subtitle/wavs_enhanced/13GKsS26F4U_05034.wav,4.004189,3.3447945,4.2461576,4.1293716,3.9776762,NISQAv2
/data/nhandt23/Dataset/MMSData/13GKsS26F4U/asr_subtitle/wavs_enhanced/13GKsS26F4U_01156.wav,3.8333745,2.847864,4.3815713,4.017659,3.4650834,NISQAv2
/data/nhandt23/Dataset/MMSData/13GKsS26F4U/asr_subtitle/wavs_enhanced/13GKsS26F4U_00702.wav,3.5120063,3.6236691,3.3878145,3.5735133,3.6296859,NISQAv2
/data/nhandt23/Dataset/MMSData/13GKsS26F4U/asr_subtitle/wavs_enhanced/13GKsS26F4U_02509.wav,3.6096027,2.4689476,4.2662377,4.087239,3.641585,NISQAv2
/data/nhandt23/Dataset/MMSData/13GKsS26F4U/asr_subtitle/wavs_enhanced/13GKsS26F4U_03984.wav,2.582283,2.830107,3.7550542,2.8151186,2.8104851,NISQAv2
/data/nhandt23/Dataset/MMSData/13GKsS26F4U/asr_subtitle/wavs_enhanced/13GKsS26F4U_00260.wav,4.0585346,3.3683774,4.5469346,4.262019,4.1210256,NISQAv2
/data/nhandt23/Dataset/MMSData/13GKsS26F4U/asr_subtitle/wavs_enhanced/13GKsS26F4U_00474.wav,2.3985584,3.1358156,3.7984643,3.7056577,3.6073084,NISQAv2
/data/nhandt23/Dataset/MMSData/13GKsS26F4U/asr_subtitle/wavs_enhanced/13GKsS26F4U_00693.wav,4.227347,3.8274815,4.2007303,3.836941,3.6981335,NISQAv2
/data/nhandt23/Dataset/MMSData/13GKsS26F4U/asr_subtitle/wavs_enhanced/13GKsS26F4U_01912.wav,3.8567274,2.797888,4.27935,4.0634575,3.976617,NISQAv2
/data/nhandt23/Dataset/MMSData/13GKsS26F4U/asr_subtitle/wavs_enhanced/13GKsS26F4U_02479.wav,3.6294992,3.1505601,3.713952,3.9364338,3.5224137,NISQAv2
/data/nhandt23/Dataset/MMSData/13GKsS26F4U/asr_subtitle/wavs_enhanced/13GKsS26F4U_02256.wav,2.7605398,3.0122526,4.091045,3.6092823,3.2214463,NISQAv2
/data/nhandt23/Dataset/MMSData/13GKsS26F4U/asr_subtitle/wavs_enhanced/13GKsS26F4U_00199.wav,4.076953,3.8387716,4.6451416,4.2930646,4.090252,NISQAv2
/data/nhandt23/Dataset/MMSData/13GKsS26F4U/asr_subtitle/wavs_enhanced/13GKsS26F4U_03760.wav,2.7829714,2.189045,2.453476,3.2313063,3.5691674,NISQAv2
/data/nhandt23/Dataset/MMSData/13GKsS26F4U/asr_subtitle/wavs_enhanced/13GKsS26F4U_02089.wav,3.4831142,2.4933472,3.8546317,3.9558873,3.9872987,NISQAv2
/data/nhandt23/Dataset/MMSData/13GKsS26F4U/asr_subtitle/wavs_enhanced/13GKsS26F4U_01347.wav,3.4155424,3.1467597,3.972852,4.0418596,3.8370273,NISQAv2
/data/nhandt23/Dataset/MMSData/13GKsS26F4U/asr_subtitle/wavs_enhanced/13GKsS26F4U_03798.wav,3.7502053,2.8739667,4.3704762,4.1600833,3.763995,NISQAv2
/data/nhandt23/Dataset/MMSData/13GKsS26F4U/asr_subtitle/wavs_enhanced/13GKsS26F4U_00013.wav,4.4287004,3.3327832,4.7604947,4.4036555,4.419166,NISQAv2
/data/nhandt23/Dataset/MMSData/13GKsS26F4U/asr_subtitle/wavs_enhanced/13GKsS26F4U_04088.wav,2.644985,3.3800197,2.5259588,3.85048,3.8036878,NISQAv2
/data/nhandt23/Dataset/MMSData/13GKsS26F4U/asr_subtitle/wavs_enhanced/13GKsS26F4U_02511.wav,3.7511494,2.5739744,4.3126864,4.2147293,3.7015064,NISQAv2
/data/nhandt23/Dataset/MMSData/13GKsS26F4U/asr_subtitle/wavs_enhanced/13GKsS26F4U_01716.wav,2.7612343,2.243099,3.8611715,3.5257971,3.4505382,NISQAv2
/data/nhandt23/Dataset/MMSData/13GKsS26F4U/asr_subtitle/wavs_enhanced/13GKsS26F4U_02545.wav,2.6616497,2.0796854,3.91868,3.7915075,3.6949341,NISQAv2
/data/nhandt23/Dataset/MMSData/13GKsS26F4U/asr_subtitle/wavs_enhanced/13GKsS26F4U_00289.wav,2.316746,2.5537903,3.6463416,3.6687973,3.88145,NISQAv2
/data/nhandt23/Dataset/MMSData/13GKsS26F4U/asr_subtitle/wavs_enhanced/13GKsS26F4U_04789.wav,2.9000423,2.6195726,4.1490755,3.5569046,3.1796358,NISQAv2
/data/nhandt23/Dataset/MMSData/13GKsS26F4U/asr_subtitle/wavs_enhanced/13GKsS26F4U_02214.wav,4.337426,2.7864048,4.5899253,4.478398,4.1052513,NISQAv2
/data/nhandt23/Dataset/MMSData/13GKsS26F4U/asr_subtitle/wavs_enhanced/13GKsS26F4U_04030.wav,2.4413686,2.486194,3.5636253,3.5785227,3.725479,NISQAv2
/data/nhandt23/Dataset/MMSData/13GKsS26F4U/asr_subtitle/wavs_enhanced/13GKsS26F4U_02163.wav,3.9371483,3.062519,4.613696,4.423074,4.221683,NISQAv2
/data/nhandt23/Dataset/MMSData/13GKsS26F4U/asr_subtitle/wavs_enhanced/13GKsS26F4U_04948.wav,3.9666433,2.0611687,4.5030184,4.1369977,4.1288295,NISQAv2
/data/nhandt23/Dataset/MMSData/13GKsS26F4U/asr_subtitle/wavs_enhanced/13GKsS26F4U_00930.wav,2.65149,2.8303425,2.4703176,3.3287551,3.2161381,NISQAv2
/data/nhandt23/Dataset/MMSData/13GKsS26F4U/asr_subtitle/wavs_enhanced/13GKsS26F4U_00781.wav,3.3141775,2.8394039,3.6570356,3.656892,3.395837,NISQAv2
/data/nhandt23/Dataset/MMSData/13GKsS26F4U/asr_subtitle/wavs_enhanced/13GKsS26F4U_02883.wav,3.0806992,2.7959363,4.2741194,4.2261333,4.0941215,NISQAv2
/data/nhandt23/Dataset/MMSData/13GKsS26F4U/asr_subtitle/wavs_enhanced/13GKsS26F4U_04730.wav,4.0931296,3.364179,4.6606736,4.197312,4.0762005,NISQAv2
/data/nhandt23/Dataset/MMSData/13GKsS26F4U/asr_subtitle/wavs_enhanced/13GKsS26F4U_00321.wav,2.791175,3.2135322,2.4315224,3.2304022,2.9780266,NISQAv2
/data/nhandt23/Dataset/MMSData/13GKsS26F4U/asr_subtitle/wavs_enhanced/13GKsS26F4U_04171.wav,3.478032,3.463955,4.3098955,4.1989465,4.1767564,NISQAv2
/data/nhandt23/Dataset/MMSData/13GKsS26F4U/asr_subtitle/wavs_enhanced/13GKsS26F4U_03690.wav,3.1624029,2.7808487,4.1431713,4.051376,3.555279,NISQAv2
/data/nhandt23/Dataset/MMSData/13GKsS26F4U/asr_subtitle/wavs_enhanced/13GKsS26F4U_00104.wav,3.2190225,2.7465856,4.209073,3.885618,2.991307,NISQAv2
/data/nhandt23/Dataset/MMSData/13GKsS26F4U/asr_subtitle/wavs_enhanced/13GKsS26F4U_03851.wav,3.569446,2.0540671,3.824803,4.0741553,3.819423,NISQAv2
/data/nhandt23/Dataset/MMSData/13GKsS26F4U/asr_subtitle/wavs_enhanced/13GKsS26F4U_04734.wav,3.923864,2.7444031,4.2839108,4.1146846,4.1628923,NISQAv2
/data/nhandt23/Dataset/MMSData/13GKsS26F4U/asr_subtitle/wavs_enhanced/13GKsS26F4U_00464.wav,3.63208,3.473346,4.513755,4.262508,4.2066665,NISQAv2
/data/nhandt23/Dataset/MMSData/13GKsS26F4U/asr_subtitle/wavs_enhanced/13GKsS26F4U_02781.wav,2.8472288,2.7389586,3.3528745,4.1584573,4.140018,NISQAv2
/data/nhandt23/Dataset/MMSData/13GKsS26F4U/asr_subtitle/wavs_enhanced/13GKsS26F4U_00472.wav,3.1424713,3.1474993,2.5943751,3.45888,3.6815805,NISQAv2
/data/nhandt23/Dataset/MMSData/13GKsS26F4U/asr_subtitle/wavs_enhanced/13GKsS26F4U_00668.wav,3.727706,3.422072,4.2917624,4.0830674,3.7658012,NISQAv2
/data/nhandt23/Dataset/MMSData/13GKsS26F4U/asr_subtitle/wavs_enhanced/13GKsS26F4U_02142.wav,4.2438354,2.4327662,4.599261,4.4418325,4.441106,NISQAv2
/data/nhandt23/Dataset/MMSData/13GKsS26F4U/asr_subtitle/wavs_enhanced/13GKsS26F4U_03003.wav,2.6387517,2.5517948,3.6434662,3.3478703,2.9532263,NISQAv2
/data/nhandt23/Dataset/MMSData/13GKsS26F4U/asr_subtitle/wavs_enhanced/13GKsS26F4U_04093.wav,3.9360962,3.2726016,4.4670978,4.2622466,3.8296854,NISQAv2
/data/nhandt23/Dataset/MMSData/13GKsS26F4U/asr_subtitle/wavs_enhanced/13GKsS26F4U_04320.wav,3.2732594,2.4891531,4.059505,4.0097957,3.3952582,NISQAv2
/data/nhandt23/Dataset/MMSData/13GKsS26F4U/asr_subtitle/wavs_enhanced/13GKsS26F4U_00113.wav,3.459901,3.0442924,4.3194566,3.979786,3.9000695,NISQAv2
/data/nhandt23/Dataset/MMSData/13GKsS26F4U/asr_subtitle/wavs_enhanced/13GKsS26F4U_04232.wav,3.7366946,2.5849204,4.465139,4.263975,4.1901803,NISQAv2
/data/nhandt23/Dataset/MMSData/13GKsS26F4U/asr_subtitle/wavs_enhanced/13GKsS26F4U_01808.wav,3.3367774,2.178194,4.2625785,3.9883177,3.5929172,NISQAv2
/data/nhandt23/Dataset/MMSData/13GKsS26F4U/asr_subtitle/wavs_enhanced/13GKsS26F4U_03921.wav,3.6822047,2.9497955,4.1205726,4.0188246,3.7417226,NISQAv2
/data/nhandt23/Dataset/MMSData/13GKsS26F4U/asr_subtitle/wavs_enhanced/13GKsS26F4U_00257.wav,2.857789,2.8635862,3.5450358,3.560616,3.5684826,NISQAv2
/data/nhandt23/Dataset/MMSData/13GKsS26F4U/asr_subtitle/wavs_enhanced/13GKsS26F4U_02968.wav,3.731796,2.2875183,4.5102615,4.3997326,4.181684,NISQAv2
/data/nhandt23/Dataset/MMSData/13GKsS26F4U/asr_subtitle/wavs_enhanced/13GKsS26F4U_01789.wav,3.8033478,2.5052497,4.321177,3.9804993,3.8638797,NISQAv2
/data/nhandt23/Dataset/MMSData/13GKsS26F4U/asr_subtitle/wavs_enhanced/13GKsS26F4U_04464.wav,2.6158693,2.7270844,4.03384,4.0710254,3.8364465,NISQAv2
/data/nhandt23/Dataset/MMSData/13GKsS26F4U/asr_subtitle/wavs_enhanced/13GKsS26F4U_04888.wav,3.324668,2.1296916,4.047678,3.7896152,3.6343048,NISQAv2
/data/nhandt23/Dataset/MMSData/13GKsS26F4U/asr_subtitle/wavs_enhanced/13GKsS26F4U_04259.wav,2.7388592,2.1615293,3.2546852,3.4021487,3.4567695,NISQAv2
/data/nhandt23/Dataset/MMSData/13GKsS26F4U/asr_subtitle/wavs_enhanced/13GKsS26F4U_00505.wav,3.5048957,3.2062955,4.478785,4.321101,3.9359338,NISQAv2
/data/nhandt23/Dataset/MMSData/13GKsS26F4U/asr_subtitle/wavs_enhanced/13GKsS26F4U_00967.wav,3.141075,2.3185306,4.347951,4.2079387,3.8380487,NISQAv2
/data/nhandt23/Dataset/MMSData/13GKsS26F4U/asr_subtitle/wavs_enhanced/13GKsS26F4U_02330.wav,3.9656115,2.4936917,4.5451603,4.2619843,3.8711798,NISQAv2
/data/nhandt23/Dataset/MMSData/13GKsS26F4U/asr_subtitle/wavs_enhanced/13GKsS26F4U_01059.wav,3.2487545,2.2860687,4.2458324,3.9548383,3.5296383,NISQAv2
/data/nhandt23/Dataset/MMSData/13GKsS26F4U/asr_subtitle/wavs_enhanced/13GKsS26F4U_01721.wav,3.6288943,3.0978477,4.2505293,4.119021,3.6542208,NISQAv2
/data/nhandt23/Dataset/MMSData/13GKsS26F4U/asr_subtitle/wavs_enhanced/13GKsS26F4U_04500.wav,1.8135173,2.2007258,2.73194,2.7998857,2.6279583,NISQAv2
/data/nhandt23/Dataset/MMSData/13GKsS26F4U/asr_subtitle/wavs_enhanced/13GKsS26F4U_02346.wav,3.6258,2.577858,4.3721714,4.104333,3.8092513,NISQAv2
/data/nhandt23/Dataset/MMSData/13GKsS26F4U/asr_subtitle/wavs_enhanced/13GKsS26F4U_05077.wav,3.331741,3.3195622,2.7758844,3.5532272,3.976466,NISQAv2
/data/nhandt23/Dataset/MMSData/13GKsS26F4U/asr_subtitle/wavs_enhanced/13GKsS26F4U_03037.wav,2.3998191,2.0198112,2.4758716,3.094029,3.160372,NISQAv2
/data/nhandt23/Dataset/MMSData/13GKsS26F4U/asr_subtitle/wavs_enhanced/13GKsS26F4U_01948.wav,3.6968277,2.4295719,4.5880747,4.269765,4.0276318,NISQAv2
/data/nhandt23/Dataset/MMSData/13GKsS26F4U/asr_subtitle/wavs_enhanced/13GKsS26F4U_04988.wav,2.5329432,3.1481044,3.4493468,3.7416353,3.9682865,NISQAv2
/data/nhandt23/Dataset/MMSData/13GKsS26F4U/asr_subtitle/wavs_enhanced/13GKsS26F4U_03209.wav,3.5289624,2.7815459,3.7487528,3.726996,3.8488903,NISQAv2
/data/nhandt23/Dataset/MMSData/13GKsS26F4U/asr_subtitle/wavs_enhanced/13GKsS26F4U_00254.wav,4.6127977,3.5276124,4.755764,4.5471053,4.270176,NISQAv2
/data/nhandt23/Dataset/MMSData/13GKsS26F4U/asr_subtitle/wavs_enhanced/13GKsS26F4U_04480.wav,3.0714967,2.475783,3.6980116,3.3556788,3.3046162,NISQAv2
/data/nhandt23/Dataset/MMSData/13GKsS26F4U/asr_subtitle/wavs_enhanced/13GKsS26F4U_01732.wav,3.1914716,2.5786011,4.2462354,3.8766298,3.7405298,NISQAv2
/data/nhandt23/Dataset/MMSData/13GKsS26F4U/asr_subtitle/wavs_enhanced/13GKsS26F4U_04690.wav,3.662419,2.8930616,4.1180096,3.931001,3.9628384,NISQAv2
/data/nhandt23/Dataset/MMSData/13GKsS26F4U/asr_subtitle/wavs_enhanced/13GKsS26F4U_04207.wav,2.6404526,2.3709602,3.4128022,3.5570912,3.0383697,NISQAv2
/data/nhandt23/Dataset/MMSData/13GKsS26F4U/asr_subtitle/wavs_enhanced/13GKsS26F4U_02440.wav,4.0428267,2.7449276,4.5590925,4.244176,3.9117553,NISQAv2
/data/nhandt23/Dataset/MMSData/13GKsS26F4U/asr_subtitle/wavs_enhanced/13GKsS26F4U_04305.wav,2.333628,2.2931461,2.9030097,3.6469839,3.4442103,NISQAv2
/data/nhandt23/Dataset/MMSData/13GKsS26F4U/asr_subtitle/wavs_enhanced/13GKsS26F4U_00246.wav,3.6743927,3.0942233,4.2503705,4.0052967,3.8376756,NISQAv2
/data/nhandt23/Dataset/MMSData/13GKsS26F4U/asr_subtitle/wavs_enhanced/13GKsS26F4U_03871.wav,3.34406,2.7725508,4.081232,3.5990512,3.102711,NISQAv2
/data/nhandt23/Dataset/MMSData/13GKsS26F4U/asr_subtitle/wavs_enhanced/13GKsS26F4U_00330.wav,3.835176,2.4092615,4.5095553,4.2242403,4.162635,NISQAv2
/data/nhandt23/Dataset/MMSData/13GKsS26F4U/asr_subtitle/wavs_enhanced/13GKsS26F4U_02771.wav,3.6505082,2.6989698,4.4592547,4.239544,4.069248,NISQAv2
/data/nhandt23/Dataset/MMSData/13GKsS26F4U/asr_subtitle/wavs_enhanced/13GKsS26F4U_04021.wav,4.191145,2.9272635,4.5820985,4.119471,4.02661,NISQAv2
/data/nhandt23/Dataset/MMSData/13GKsS26F4U/asr_subtitle/wavs_enhanced/13GKsS26F4U_01991.wav,3.5918906,2.8557262,3.8579593,3.6805294,3.198116,NISQAv2
/data/nhandt23/Dataset/MMSData/13GKsS26F4U/asr_subtitle/wavs_enhanced/13GKsS26F4U_01157.wav,3.5579057,2.867095,4.141866,4.309862,4.236158,NISQAv2
/data/nhandt23/Dataset/MMSData/13GKsS26F4U/asr_subtitle/wavs_enhanced/13GKsS26F4U_04429.wav,2.5940545,2.9552953,3.5428658,3.7986176,3.5638964,NISQAv2
/data/nhandt23/Dataset/MMSData/13GKsS26F4U/asr_subtitle/wavs_enhanced/13GKsS26F4U_04370.wav,3.8021128,3.1768284,4.298857,4.047196,3.754286,NISQAv2
/data/nhandt23/Dataset/MMSData/13GKsS26F4U/asr_subtitle/wavs_enhanced/13GKsS26F4U_03892.wav,3.7872818,2.73934,4.5002913,3.9086802,3.7737854,NISQAv2
/data/nhandt23/Dataset/MMSData/13GKsS26F4U/asr_subtitle/wavs_enhanced/13GKsS26F4U_01416.wav,2.525048,2.9078844,4.3831105,3.9614213,4.0597987,NISQAv2
/data/nhandt23/Dataset/MMSData/13GKsS26F4U/asr_subtitle/wavs_enhanced/13GKsS26F4U_00743.wav,3.88719,2.683719,4.015788,3.6859343,3.2392397,NISQAv2
/data/nhandt23/Dataset/MMSData/13GKsS26F4U/asr_subtitle/wavs_enhanced/13GKsS26F4U_01078.wav,3.894001,2.9856913,4.3316164,3.923464,3.4480836,NISQAv2
/data/nhandt23/Dataset/MMSData/13GKsS26F4U/asr_subtitle/wavs_enhanced/13GKsS26F4U_02967.wav,4.229555,2.7983773,4.4934664,4.1593065,4.2133193,NISQAv2
/data/nhandt23/Dataset/MMSData/13GKsS26F4U/asr_subtitle/wavs_enhanced/13GKsS26F4U_00450.wav,4.0520744,2.152622,4.431157,4.258414,4.1384797,NISQAv2
/data/nhandt23/Dataset/MMSData/13GKsS26F4U/asr_subtitle/wavs_enhanced/13GKsS26F4U_04329.wav,3.9646108,1.8617656,4.475288,3.9822452,3.497747,NISQAv2
/data/nhandt23/Dataset/MMSData/13GKsS26F4U/asr_subtitle/wavs_enhanced/13GKsS26F4U_01573.wav,2.3779798,3.1832361,3.17707,3.2085993,3.26212,NISQAv2
/data/nhandt23/Dataset/MMSData/13GKsS26F4U/asr_subtitle/wavs_enhanced/13GKsS26F4U_04613.wav,3.2932,2.7436848,4.469732,4.1461797,4.0174994,NISQAv2
/data/nhandt23/Dataset/MMSData/13GKsS26F4U/asr_subtitle/wavs_enhanced/13GKsS26F4U_01428.wav,3.7428408,2.7573702,4.4583898,4.1696763,3.9656417,NISQAv2
/data/nhandt23/Dataset/MMSData/13GKsS26F4U/asr_subtitle/wavs_enhanced/13GKsS26F4U_03432.wav,3.8772917,2.478811,4.561116,4.3245196,4.0746713,NISQAv2
/data/nhandt23/Dataset/MMSData/13GKsS26F4U/asr_subtitle/wavs_enhanced/13GKsS26F4U_02149.wav,3.8795366,2.8864696,4.4161987,4.0892897,3.8256407,NISQAv2
/data/nhandt23/Dataset/MMSData/13GKsS26F4U/asr_subtitle/wavs_enhanced/13GKsS26F4U_02730.wav,3.0974865,2.4655564,3.9256313,3.6154168,3.379365,NISQAv2
/data/nhandt23/Dataset/MMSData/13GKsS26F4U/asr_subtitle/wavs_enhanced/13GKsS26F4U_03836.wav,2.756233,2.3394105,3.3868687,3.2654717,2.7841766,NISQAv2
/data/nhandt23/Dataset/MMSData/13GKsS26F4U/asr_subtitle/wavs_enhanced/13GKsS26F4U_00790.wav,3.8086393,3.3622656,4.527266,4.167248,3.8404517,NISQAv2
/data/nhandt23/Dataset/MMSData/13GKsS26F4U/asr_subtitle/wavs_enhanced/13GKsS26F4U_00607.wav,2.13439,2.5182655,2.8056908,3.5810764,3.174214,NISQAv2
/data/nhandt23/Dataset/MMSData/13GKsS26F4U/asr_subtitle/wavs_enhanced/13GKsS26F4U_04722.wav,2.3249972,2.9377427,2.6767855,3.6186006,3.528926,NISQAv2
/data/nhandt23/Dataset/MMSData/13GKsS26F4U/asr_subtitle/wavs_enhanced/13GKsS26F4U_01588.wav,3.3893018,3.0966356,4.3645754,4.2253704,4.0288033,NISQAv2
/data/nhandt23/Dataset/MMSData/13GKsS26F4U/asr_subtitle/wavs_enhanced/13GKsS26F4U_04696.wav,2.9797785,2.972262,4.3911915,4.089941,3.1334732,NISQAv2
/data/nhandt23/Dataset/MMSData/13GKsS26F4U/asr_subtitle/wavs_enhanced/13GKsS26F4U_01863.wav,3.8340888,2.5945203,4.3484793,4.0865016,3.7499635,NISQAv2
/data/nhandt23/Dataset/MMSData/13GKsS26F4U/asr_subtitle/wavs_enhanced/13GKsS26F4U_01937.wav,3.7769914,3.0499868,4.096153,3.8017223,3.5581093,NISQAv2
/data/nhandt23/Dataset/MMSData/13GKsS26F4U/asr_subtitle/wavs_enhanced/13GKsS26F4U_02102.wav,2.592743,2.781079,3.7889206,3.4422586,3.4446306,NISQAv2
/data/nhandt23/Dataset/MMSData/13GKsS26F4U/asr_subtitle/wavs_enhanced/13GKsS26F4U_01942.wav,3.800688,2.896705,4.274631,3.8853307,3.341861,NISQAv2
/data/nhandt23/Dataset/MMSData/13GKsS26F4U/asr_subtitle/wavs_enhanced/13GKsS26F4U_00386.wav,3.6397383,3.4566617,4.0849366,3.980787,4.0145426,NISQAv2
/data/nhandt23/Dataset/MMSData/13GKsS26F4U/asr_subtitle/wavs_enhanced/13GKsS26F4U_00792.wav,3.8455822,2.1909523,4.2258334,4.121264,3.3194232,NISQAv2
/data/nhandt23/Dataset/MMSData/13GKsS26F4U/asr_subtitle/wavs_enhanced/13GKsS26F4U_00353.wav,3.612043,2.5761092,4.3721766,4.186991,3.5485659,NISQAv2
/data/nhandt23/Dataset/MMSData/13GKsS26F4U/asr_subtitle/wavs_enhanced/13GKsS26F4U_03413.wav,2.502439,2.2320254,3.106856,3.6922777,3.7219303,NISQAv2
/data/nhandt23/Dataset/MMSData/13GKsS26F4U/asr_subtitle/wavs_enhanced/13GKsS26F4U_01484.wav,3.126752,1.8925424,4.3159475,3.9756453,3.2083528,NISQAv2
/data/nhandt23/Dataset/MMSData/13GKsS26F4U/asr_subtitle/wavs_enhanced/13GKsS26F4U_01351.wav,3.1863282,2.4147737,4.177719,3.8924766,2.5396392,NISQAv2
/data/nhandt23/Dataset/MMSData/13GKsS26F4U/asr_subtitle/wavs_enhanced/13GKsS26F4U_02739.wav,3.4121368,3.1230295,3.426657,3.5299094,4.0088935,NISQAv2
/data/nhandt23/Dataset/MMSData/13GKsS26F4U/asr_subtitle/wavs_enhanced/13GKsS26F4U_00627.wav,2.7011793,2.059383,3.3116157,3.4586518,3.7738874,NISQAv2
/data/nhandt23/Dataset/MMSData/13GKsS26F4U/asr_subtitle/wavs_enhanced/13GKsS26F4U_02037.wav,2.9821508,2.7178488,2.3178933,3.2966921,3.589169,NISQAv2
/data/nhandt23/Dataset/MMSData/13GKsS26F4U/asr_subtitle/wavs_enhanced/13GKsS26F4U_04641.wav,3.331894,2.6257265,4.010535,3.7266467,3.8274865,NISQAv2
/data/nhandt23/Dataset/MMSData/13GKsS26F4U/asr_subtitle/wavs_enhanced/13GKsS26F4U_00009.wav,3.5118093,2.766922,4.1056914,3.7971895,3.7630641,NISQAv2
/data/nhandt23/Dataset/MMSData/13GKsS26F4U/asr_subtitle/wavs_enhanced/13GKsS26F4U_00565.wav,3.3508139,3.4830363,4.0773926,3.8913834,3.5429437,NISQAv2
/data/nhandt23/Dataset/MMSData/13GKsS26F4U/asr_subtitle/wavs_enhanced/13GKsS26F4U_00675.wav,3.1045716,2.552188,3.1548393,3.456251,3.991419,NISQAv2
/data/nhandt23/Dataset/MMSData/13GKsS26F4U/asr_subtitle/wavs_enhanced/13GKsS26F4U_00162.wav,3.6300547,2.482336,4.531781,4.342382,4.183252,NISQAv2
/data/nhandt23/Dataset/MMSData/13GKsS26F4U/asr_subtitle/wavs_enhanced/13GKsS26F4U_02407.wav,3.3213184,2.3346007,4.200922,3.9965494,3.789359,NISQAv2
/data/nhandt23/Dataset/MMSData/13GKsS26F4U/asr_subtitle/wavs_enhanced/13GKsS26F4U_00438.wav,4.234405,3.9096568,4.5176115,4.3966117,4.4686084,NISQAv2
/data/nhandt23/Dataset/MMSData/13GKsS26F4U/asr_subtitle/wavs_enhanced/13GKsS26F4U_01685.wav,4.206771,3.3471925,4.451232,4.323028,4.363005,NISQAv2
/data/nhandt23/Dataset/MMSData/13GKsS26F4U/asr_subtitle/wavs_enhanced/13GKsS26F4U_01506.wav,3.536222,2.584879,4.2320166,3.9781659,3.3940706,NISQAv2
/data/nhandt23/Dataset/MMSData/13GKsS26F4U/asr_subtitle/wavs_enhanced/13GKsS26F4U_01085.wav,2.8164604,2.2616503,2.7665973,3.3023098,3.894686,NISQAv2
/data/nhandt23/Dataset/MMSData/13GKsS26F4U/asr_subtitle/wavs_enhanced/13GKsS26F4U_03191.wav,3.4935508,2.5042315,3.4812267,3.6152103,3.3932586,NISQAv2
/data/nhandt23/Dataset/MMSData/13GKsS26F4U/asr_subtitle/wavs_enhanced/13GKsS26F4U_04227.wav,3.491553,2.4053333,4.110585,4.106925,3.623924,NISQAv2
/data/nhandt23/Dataset/MMSData/13GKsS26F4U/asr_subtitle/wavs_enhanced/13GKsS26F4U_03898.wav,2.9863236,2.3992631,3.860934,3.9815462,3.7808957,NISQAv2
/data/nhandt23/Dataset/MMSData/13GKsS26F4U/asr_subtitle/wavs_enhanced/13GKsS26F4U_00584.wav,3.3104837,2.9209788,4.139978,3.7707055,3.4933074,NISQAv2
/data/nhandt23/Dataset/MMSData/13GKsS26F4U/asr_subtitle/wavs_enhanced/13GKsS26F4U_00666.wav,3.8149338,2.3742507,4.271172,4.05603,4.072992,NISQAv2
/data/nhandt23/Dataset/MMSData/13GKsS26F4U/asr_subtitle/wavs_enhanced/13GKsS26F4U_02351.wav,3.365609,3.311799,4.131818,3.894021,4.0170875,NISQAv2
/data/nhandt23/Dataset/MMSData/13GKsS26F4U/asr_subtitle/wavs_enhanced/13GKsS26F4U_00364.wav,3.8264234,3.095696,4.384557,4.205616,3.6223505,NISQAv2
/data/nhandt23/Dataset/MMSData/13GKsS26F4U/asr_subtitle/wavs_enhanced/13GKsS26F4U_04761.wav,3.857175,2.4944918,4.352995,4.0278177,3.3044698,NISQAv2
/data/nhandt23/Dataset/MMSData/13GKsS26F4U/asr_subtitle/wavs_enhanced/13GKsS26F4U_01684.wav,3.026758,3.0574343,3.7923295,3.9581645,3.7310975,NISQAv2
/data/nhandt23/Dataset/MMSData/13GKsS26F4U/asr_subtitle/wavs_enhanced/13GKsS26F4U_00596.wav,4.0816846,3.0262578,4.485914,4.2854795,4.1241555,NISQAv2
/data/nhandt23/Dataset/MMSData/13GKsS26F4U/asr_subtitle/wavs_enhanced/13GKsS26F4U_05069.wav,3.1315048,2.8369994,4.173683,4.0895605,4.264282,NISQAv2
/data/nhandt23/Dataset/MMSData/13GKsS26F4U/asr_subtitle/wavs_enhanced/13GKsS26F4U_02136.wav,3.591215,2.4172416,4.4454937,4.0537105,3.2376394,NISQAv2
/data/nhandt23/Dataset/MMSData/13GKsS26F4U/asr_subtitle/wavs_enhanced/13GKsS26F4U_04460.wav,2.701012,3.321201,3.108071,3.6779516,2.9723692,NISQAv2
/data/nhandt23/Dataset/MMSData/13GKsS26F4U/asr_subtitle/wavs_enhanced/13GKsS26F4U_02087.wav,3.6984308,2.8607442,4.3195534,3.998849,4.0979695,NISQAv2
/data/nhandt23/Dataset/MMSData/13GKsS26F4U/asr_subtitle/wavs_enhanced/13GKsS26F4U_04562.wav,3.5002596,3.4545,4.3715796,4.314672,4.2201343,NISQAv2
/data/nhandt23/Dataset/MMSData/13GKsS26F4U/asr_subtitle/wavs_enhanced/13GKsS26F4U_02021.wav,4.1276627,3.283397,4.6476336,4.456203,4.419973,NISQAv2
/data/nhandt23/Dataset/MMSData/13GKsS26F4U/asr_subtitle/wavs_enhanced/13GKsS26F4U_02230.wav,3.865753,3.302818,4.3788333,4.2766604,4.198292,NISQAv2
/data/nhandt23/Dataset/MMSData/13GKsS26F4U/asr_subtitle/wavs_enhanced/13GKsS26F4U_04588.wav,3.0707448,2.1565363,3.7975552,3.5801995,3.4682367,NISQAv2
/data/nhandt23/Dataset/MMSData/13GKsS26F4U/asr_subtitle/wavs_enhanced/13GKsS26F4U_02699.wav,3.3592312,2.4089315,4.2245054,4.203584,4.054488,NISQAv2
/data/nhandt23/Dataset/MMSData/13GKsS26F4U/asr_subtitle/wavs_enhanced/13GKsS26F4U_00198.wav,3.0743906,3.090943,3.061796,3.1076596,3.7477722,NISQAv2
/data/nhandt23/Dataset/MMSData/13GKsS26F4U/asr_subtitle/wavs_enhanced/13GKsS26F4U_00737.wav,2.6605694,2.8026502,4.2156286,3.7234445,3.4902658,NISQAv2
/data/nhandt23/Dataset/MMSData/13GKsS26F4U/asr_subtitle/wavs_enhanced/13GKsS26F4U_01576.wav,2.9166744,2.618567,4.27382,4.0151978,3.793938,NISQAv2
/data/nhandt23/Dataset/MMSData/13GKsS26F4U/asr_subtitle/wavs_enhanced/13GKsS26F4U_01420.wav,3.8161073,2.5418386,4.204921,4.086821,3.1890142,NISQAv2
/data/nhandt23/Dataset/MMSData/13GKsS26F4U/asr_subtitle/wavs_enhanced/13GKsS26F4U_04985.wav,3.441474,3.0769727,4.4938583,4.015902,3.9021266,NISQAv2
/data/nhandt23/Dataset/MMSData/13GKsS26F4U/asr_subtitle/wavs_enhanced/13GKsS26F4U_00653.wav,4.423179,3.6948545,4.6883135,4.305354,4.447805,NISQAv2
/data/nhandt23/Dataset/MMSData/13GKsS26F4U/asr_subtitle/wavs_enhanced/13GKsS26F4U_01551.wav,3.8271506,2.9140537,4.440465,4.2271075,4.1091847,NISQAv2
/data/nhandt23/Dataset/MMSData/13GKsS26F4U/asr_subtitle/wavs_enhanced/13GKsS26F4U_03125.wav,2.5141375,3.2066905,3.2952433,3.3539035,3.6381178,NISQAv2
/data/nhandt23/Dataset/MMSData/13GKsS26F4U/asr_subtitle/wavs_enhanced/13GKsS26F4U_01197.wav,4.0187283,2.6546729,4.2571816,4.1237216,4.17945,NISQAv2
/data/nhandt23/Dataset/MMSData/13GKsS26F4U/asr_subtitle/wavs_enhanced/13GKsS26F4U_03247.wav,2.9470594,2.8727877,3.7503746,3.91477,3.7707963,NISQAv2
/data/nhandt23/Dataset/MMSData/13GKsS26F4U/asr_subtitle/wavs_enhanced/13GKsS26F4U_02144.wav,2.841784,2.9113722,2.4900064,3.5563042,3.6237924,NISQAv2
/data/nhandt23/Dataset/MMSData/13GKsS26F4U/asr_subtitle/wavs_enhanced/13GKsS26F4U_02335.wav,3.7115328,2.5404494,4.324387,4.1770105,3.933584,NISQAv2
/data/nhandt23/Dataset/MMSData/13GKsS26F4U/asr_subtitle/wavs_enhanced/13GKsS26F4U_04549.wav,3.80251,2.2212555,4.498785,4.3159127,4.1256127,NISQAv2
/data/nhandt23/Dataset/MMSData/13GKsS26F4U/asr_subtitle/wavs_enhanced/13GKsS26F4U_02957.wav,3.9220872,2.9632204,4.3360934,4.0226526,3.546327,NISQAv2
/data/nhandt23/Dataset/MMSData/13GKsS26F4U/asr_subtitle/wavs_enhanced/13GKsS26F4U_02288.wav,2.406059,2.5098011,2.8175085,3.3971531,3.378102,NISQAv2
/data/nhandt23/Dataset/MMSData/13GKsS26F4U/asr_subtitle/wavs_enhanced/13GKsS26F4U_01915.wav,3.0117495,2.581565,2.8368063,3.1861763,3.8099267,NISQAv2
/data/nhandt23/Dataset/MMSData/13GKsS26F4U/asr_subtitle/wavs_enhanced/13GKsS26F4U_03623.wav,3.2213786,2.7298524,4.0529914,3.9673483,4.1348667,NISQAv2
/data/nhandt23/Dataset/MMSData/13GKsS26F4U/asr_subtitle/wavs_enhanced/13GKsS26F4U_04297.wav,3.442438,2.6802633,3.8907573,3.8797355,3.9648635,NISQAv2
/data/nhandt23/Dataset/MMSData/13GKsS26F4U/asr_subtitle/wavs_enhanced/13GKsS26F4U_04154.wav,3.4478266,2.1735015,4.346298,4.0905037,3.7462442,NISQAv2
/data/nhandt23/Dataset/MMSData/13GKsS26F4U/asr_subtitle/wavs_enhanced/13GKsS26F4U_01434.wav,4.6033125,2.521948,4.7418895,4.492795,4.3794084,NISQAv2
/data/nhandt23/Dataset/MMSData/13GKsS26F4U/asr_subtitle/wavs_enhanced/13GKsS26F4U_02041.wav,3.992348,3.4236019,4.439596,4.255705,4.3271756,NISQAv2
/data/nhandt23/Dataset/MMSData/13GKsS26F4U/asr_subtitle/wavs_enhanced/13GKsS26F4U_00824.wav,3.4860275,3.164058,3.674856,3.6566918,3.9811018,NISQAv2
/data/nhandt23/Dataset/MMSData/13GKsS26F4U/asr_subtitle/wavs_enhanced/13GKsS26F4U_03524.wav,4.2863894,3.1788092,4.4883423,4.341884,3.7877543,NISQAv2
/data/nhandt23/Dataset/MMSData/13GKsS26F4U/asr_subtitle/wavs_enhanced/13GKsS26F4U_04415.wav,3.4291017,3.0116396,4.1665087,3.8999813,3.8317177,NISQAv2
/data/nhandt23/Dataset/MMSData/13GKsS26F4U/asr_subtitle/wavs_enhanced/13GKsS26F4U_00188.wav,4.2566414,3.548289,4.578575,4.1372633,3.827328,NISQAv2
/data/nhandt23/Dataset/MMSData/13GKsS26F4U/asr_subtitle/wavs_enhanced/13GKsS26F4U_00133.wav,2.2742255,3.1133206,2.7363896,3.344232,3.1510377,NISQAv2
/data/nhandt23/Dataset/MMSData/13GKsS26F4U/asr_subtitle/wavs_enhanced/13GKsS26F4U_00098.wav,3.612741,2.6851184,4.180297,4.116527,3.3778467,NISQAv2
/data/nhandt23/Dataset/MMSData/13GKsS26F4U/asr_subtitle/wavs_enhanced/13GKsS26F4U_03805.wav,2.6560721,2.2167518,3.0942366,3.0021298,3.0337365,NISQAv2
/data/nhandt23/Dataset/MMSData/13GKsS26F4U/asr_subtitle/wavs_enhanced/13GKsS26F4U_00234.wav,3.368767,3.2079694,4.4162292,4.0112915,3.8261285,NISQAv2
/data/nhandt23/Dataset/MMSData/13GKsS26F4U/asr_subtitle/wavs_enhanced/13GKsS26F4U_03424.wav,3.7191865,2.4811509,3.9761326,4.0293474,3.6120632,NISQAv2
/data/nhandt23/Dataset/MMSData/13GKsS26F4U/asr_subtitle/wavs_enhanced/13GKsS26F4U_03664.wav,3.753546,3.07504,4.4927526,4.133182,3.9055874,NISQAv2
/data/nhandt23/Dataset/MMSData/13GKsS26F4U/asr_subtitle/wavs_enhanced/13GKsS26F4U_00926.wav,3.7915723,3.3061259,4.47993,4.173407,3.945999,NISQAv2
/data/nhandt23/Dataset/MMSData/13GKsS26F4U/asr_subtitle/wavs_enhanced/13GKsS26F4U_05093.wav,2.8550556,3.4837315,3.3845313,3.2176697,3.6046047,NISQAv2
/data/nhandt23/Dataset/MMSData/13GKsS26F4U/asr_subtitle/wavs_enhanced/13GKsS26F4U_02729.wav,4.076121,2.617798,4.5363913,4.38229,3.738465,NISQAv2
/data/nhandt23/Dataset/MMSData/13GKsS26F4U/asr_subtitle/wavs_enhanced/13GKsS26F4U_01984.wav,4.1446676,3.2071815,4.403805,4.429329,4.374179,NISQAv2
/data/nhandt23/Dataset/MMSData/13GKsS26F4U/asr_subtitle/wavs_enhanced/13GKsS26F4U_01311.wav,3.4549,3.0695384,4.36317,4.3606634,4.4016747,NISQAv2
/data/nhandt23/Dataset/MMSData/13GKsS26F4U/asr_subtitle/wavs_enhanced/13GKsS26F4U_04224.wav,3.6072974,2.6657963,4.003988,4.0889134,3.8346558,NISQAv2
/data/nhandt23/Dataset/MMSData/13GKsS26F4U/asr_subtitle/wavs_enhanced/13GKsS26F4U_01348.wav,4.025363,2.244015,4.555061,4.2678933,3.9957175,NISQAv2
/data/nhandt23/Dataset/MMSData/13GKsS26F4U/asr_subtitle/wavs_enhanced/13GKsS26F4U_04018.wav,3.6909847,2.6765382,4.3733773,3.8864155,3.5755477,NISQAv2
/data/nhandt23/Dataset/MMSData/13GKsS26F4U/asr_subtitle/wavs_enhanced/13GKsS26F4U_02512.wav,3.579826,2.6107917,4.154493,3.9566395,4.1540823,NISQAv2
/data/nhandt23/Dataset/MMSData/13GKsS26F4U/asr_subtitle/wavs_enhanced/13GKsS26F4U_00548.wav,3.0310495,3.1676059,3.7150445,3.2518895,3.5099785,NISQAv2
/data/nhandt23/Dataset/MMSData/13GKsS26F4U/asr_subtitle/wavs_enhanced/13GKsS26F4U_04896.wav,3.068835,2.5952685,4.0702176,3.8008249,3.5066586,NISQAv2
/data/nhandt23/Dataset/MMSData/13GKsS26F4U/asr_subtitle/wavs_enhanced/13GKsS26F4U_01039.wav,3.560632,3.017539,4.2810955,3.91919,3.5874646,NISQAv2
/data/nhandt23/Dataset/MMSData/13GKsS26F4U/asr_subtitle/wavs_enhanced/13GKsS26F4U_01976.wav,3.870764,3.2220752,3.7362945,3.9732327,4.0002933,NISQAv2
/data/nhandt23/Dataset/MMSData/13GKsS26F4U/asr_subtitle/wavs_enhanced/13GKsS26F4U_01852.wav,3.627317,2.417421,4.052635,4.1109953,4.1337504,NISQAv2
/data/nhandt23/Dataset/MMSData/13GKsS26F4U/asr_subtitle/wavs_enhanced/13GKsS26F4U_00140.wav,1.8067977,2.836253,3.2827766,3.22315,3.0567882,NISQAv2
/data/nhandt23/Dataset/MMSData/13GKsS26F4U/asr_subtitle/wavs_enhanced/13GKsS26F4U_02811.wav,3.6609852,2.7355313,4.3539524,4.031601,4.2177963,NISQAv2
/data/nhandt23/Dataset/MMSData/13GKsS26F4U/asr_subtitle/wavs_enhanced/13GKsS26F4U_00356.wav,3.3476856,2.1770024,4.253844,4.0991344,3.621761,NISQAv2
/data/nhandt23/Dataset/MMSData/13GKsS26F4U/asr_subtitle/wavs_enhanced/13GKsS26F4U_03103.wav,4.106315,2.7434852,4.604566,4.389791,4.3426366,NISQAv2
/data/nhandt23/Dataset/MMSData/13GKsS26F4U/asr_subtitle/wavs_enhanced/13GKsS26F4U_04744.wav,3.274835,3.3525155,4.3084145,3.8884845,3.8350294,NISQAv2
/data/nhandt23/Dataset/MMSData/13GKsS26F4U/asr_subtitle/wavs_enhanced/13GKsS26F4U_04560.wav,3.5559514,3.0103128,3.8916023,4.309365,4.32152,NISQAv2
/data/nhandt23/Dataset/MMSData/13GKsS26F4U/asr_subtitle/wavs_enhanced/13GKsS26F4U_04963.wav,3.6516168,3.5772746,4.3260784,3.9940193,3.9355175,NISQAv2
/data/nhandt23/Dataset/MMSData/13GKsS26F4U/asr_subtitle/wavs_enhanced/13GKsS26F4U_02806.wav,2.9008114,2.136666,3.8139715,3.7040524,3.3801649,NISQAv2
/data/nhandt23/Dataset/MMSData/13GKsS26F4U/asr_subtitle/wavs_enhanced/13GKsS26F4U_00358.wav,3.623884,3.101331,3.7998092,3.9255764,3.9589953,NISQAv2
/data/nhandt23/Dataset/MMSData/13GKsS26F4U/asr_subtitle/wavs_enhanced/13GKsS26F4U_01522.wav,3.4479773,1.9487972,4.4558516,4.113498,3.9186382,NISQAv2
/data/nhandt23/Dataset/MMSData/13GKsS26F4U/asr_subtitle/wavs_enhanced/13GKsS26F4U_00094.wav,4.163589,2.8056662,4.6093855,4.3884625,3.9078782,NISQAv2
/data/nhandt23/Dataset/MMSData/13GKsS26F4U/asr_subtitle/wavs_enhanced/13GKsS26F4U_02246.wav,3.9389665,2.7189538,4.3404875,4.08358,4.186893,NISQAv2
/data/nhandt23/Dataset/MMSData/13GKsS26F4U/asr_subtitle/wavs_enhanced/13GKsS26F4U_04056.wav,3.8952801,2.044475,3.8974311,3.9344022,3.7597558,NISQAv2
/data/nhandt23/Dataset/MMSData/13GKsS26F4U/asr_subtitle/wavs_enhanced/13GKsS26F4U_04890.wav,3.4849708,3.0084338,4.0310335,4.151695,4.2395167,NISQAv2
/data/nhandt23/Dataset/MMSData/13GKsS26F4U/asr_subtitle/wavs_enhanced/13GKsS26F4U_01772.wav,3.42434,2.4683547,4.1485353,3.9978013,3.2744858,NISQAv2
/data/nhandt23/Dataset/MMSData/13GKsS26F4U/asr_subtitle/wavs_enhanced/13GKsS26F4U_00923.wav,2.7383797,2.132965,3.2985053,3.0997593,3.0720055,NISQAv2
/data/nhandt23/Dataset/MMSData/13GKsS26F4U/asr_subtitle/wavs_enhanced/13GKsS26F4U_00833.wav,2.0895226,2.79706,3.4232388,3.6050994,3.2910585,NISQAv2
/data/nhandt23/Dataset/MMSData/13GKsS26F4U/asr_subtitle/wavs_enhanced/13GKsS26F4U_00854.wav,2.742243,2.9106607,3.5015311,3.961271,3.3495746,NISQAv2
/data/nhandt23/Dataset/MMSData/13GKsS26F4U/asr_subtitle/wavs_enhanced/13GKsS26F4U_04091.wav,2.965738,2.468699,3.8354628,3.696944,3.6772785,NISQAv2
/data/nhandt23/Dataset/MMSData/13GKsS26F4U/asr_subtitle/wavs_enhanced/13GKsS26F4U_03827.wav,3.3145697,2.3320155,4.0340104,3.7830453,3.2578385,NISQAv2
/data/nhandt23/Dataset/MMSData/13GKsS26F4U/asr_subtitle/wavs_enhanced/13GKsS26F4U_01908.wav,2.957242,2.5145772,2.8574605,3.750234,3.4010768,NISQAv2
/data/nhandt23/Dataset/MMSData/13GKsS26F4U/asr_subtitle/wavs_enhanced/13GKsS26F4U_00228.wav,2.6749842,2.4448621,4.0884104,3.768067,2.866708,NISQAv2
/data/nhandt23/Dataset/MMSData/13GKsS26F4U/asr_subtitle/wavs_enhanced/13GKsS26F4U_00676.wav,3.5313652,3.6667805,4.0178394,3.881583,3.6442564,NISQAv2
/data/nhandt23/Dataset/MMSData/13GKsS26F4U/asr_subtitle/wavs_enhanced/13GKsS26F4U_04172.wav,4.0642233,2.8770936,4.456789,4.280134,3.8272789,NISQAv2
/data/nhandt23/Dataset/MMSData/13GKsS26F4U/asr_subtitle/wavs_enhanced/13GKsS26F4U_02401.wav,3.8086014,2.5308757,4.496594,4.1413326,3.6954515,NISQAv2
/data/nhandt23/Dataset/MMSData/13GKsS26F4U/asr_subtitle/wavs_enhanced/13GKsS26F4U_03115.wav,2.110309,2.0819209,2.6563604,3.3751736,3.0289114,NISQAv2
/data/nhandt23/Dataset/MMSData/13GKsS26F4U/asr_subtitle/wavs_enhanced/13GKsS26F4U_04168.wav,3.5956914,3.4181406,4.191925,4.256227,4.1685634,NISQAv2
/data/nhandt23/Dataset/MMSData/13GKsS26F4U/asr_subtitle/wavs_enhanced/13GKsS26F4U_00696.wav,2.4547,3.4376848,1.9789176,3.1650846,3.5771708,NISQAv2
/data/nhandt23/Dataset/MMSData/13GKsS26F4U/asr_subtitle/wavs_enhanced/13GKsS26F4U_02518.wav,3.2431552,2.4691076,2.5886397,3.617782,4.062604,NISQAv2
/data/nhandt23/Dataset/MMSData/13GKsS26F4U/asr_subtitle/wavs_enhanced/13GKsS26F4U_02737.wav,3.480645,2.281813,4.102593,3.6714814,3.7090485,NISQAv2
/data/nhandt23/Dataset/MMSData/13GKsS26F4U/asr_subtitle/wavs_enhanced/13GKsS26F4U_00886.wav,3.7659798,2.4654882,4.064963,3.7899952,3.7075436,NISQAv2
/data/nhandt23/Dataset/MMSData/13GKsS26F4U/asr_subtitle/wavs_enhanced/13GKsS26F4U_02994.wav,2.513958,3.0716174,2.7208533,3.6527863,3.7113855,NISQAv2
/data/nhandt23/Dataset/MMSData/13GKsS26F4U/asr_subtitle/wavs_enhanced/13GKsS26F4U_05095.wav,2.4001296,3.1969652,2.7665284,3.3164442,3.997655,NISQAv2
/data/nhandt23/Dataset/MMSData/13GKsS26F4U/asr_subtitle/wavs_enhanced/13GKsS26F4U_03700.wav,4.6363626,3.6267555,4.833232,4.51376,4.5440063,NISQAv2
/data/nhandt23/Dataset/MMSData/13GKsS26F4U/asr_subtitle/wavs_enhanced/13GKsS26F4U_03546.wav,3.2064803,2.6673386,3.3773592,3.7804005,3.239243,NISQAv2
/data/nhandt23/Dataset/MMSData/13GKsS26F4U/asr_subtitle/wavs_enhanced/13GKsS26F4U_02927.wav,3.6175013,3.440038,4.459086,4.2784643,4.295289,NISQAv2
/data/nhandt23/Dataset/MMSData/13GKsS26F4U/asr_subtitle/wavs_enhanced/13GKsS26F4U_00035.wav,3.5163414,2.8405075,4.513837,4.1774497,4.090722,NISQAv2
/data/nhandt23/Dataset/MMSData/13GKsS26F4U/asr_subtitle/wavs_enhanced/13GKsS26F4U_00441.wav,4.0030622,3.0503776,4.4326124,4.1114364,3.982242,NISQAv2
/data/nhandt23/Dataset/MMSData/13GKsS26F4U/asr_subtitle/wavs_enhanced/13GKsS26F4U_01492.wav,4.245368,2.6805565,4.573406,4.260901,4.202618,NISQAv2
/data/nhandt23/Dataset/MMSData/13GKsS26F4U/asr_subtitle/wavs_enhanced/13GKsS26F4U_05150.wav,3.0283504,2.6689346,3.919093,3.332195,2.929774,NISQAv2
/data/nhandt23/Dataset/MMSData/13GKsS26F4U/asr_subtitle/wavs_enhanced/13GKsS26F4U_02774.wav,3.4182782,2.2864528,4.3039513,3.9392517,4.0959506,NISQAv2
/data/nhandt23/Dataset/MMSData/13GKsS26F4U/asr_subtitle/wavs_enhanced/13GKsS26F4U_03785.wav,3.3031151,2.556522,4.265103,3.949347,3.8551402,NISQAv2
/data/nhandt23/Dataset/MMSData/13GKsS26F4U/asr_subtitle/wavs_enhanced/13GKsS26F4U_03562.wav,3.597295,2.1836572,4.0593367,4.1836867,3.4042351,NISQAv2
/data/nhandt23/Dataset/MMSData/13GKsS26F4U/asr_subtitle/wavs_enhanced/13GKsS26F4U_02382.wav,2.8545723,2.7448428,3.5726488,3.723323,3.970155,NISQAv2
/data/nhandt23/Dataset/MMSData/13GKsS26F4U/asr_subtitle/wavs_enhanced/13GKsS26F4U_02777.wav,2.9119914,2.2002711,3.2497127,3.7004097,4.0699005,NISQAv2
/data/nhandt23/Dataset/MMSData/13GKsS26F4U/asr_subtitle/wavs_enhanced/13GKsS26F4U_00636.wav,3.9986458,3.6274958,4.532691,4.298601,4.2885537,NISQAv2
/data/nhandt23/Dataset/MMSData/13GKsS26F4U/asr_subtitle/wavs_enhanced/13GKsS26F4U_03950.wav,3.9592192,2.8546066,4.4788427,4.372068,4.5142765,NISQAv2
/data/nhandt23/Dataset/MMSData/13GKsS26F4U/asr_subtitle/wavs_enhanced/13GKsS26F4U_00227.wav,2.769727,2.649028,4.1576447,4.2798066,3.8734448,NISQAv2
/data/nhandt23/Dataset/MMSData/13GKsS26F4U/asr_subtitle/wavs_enhanced/13GKsS26F4U_03216.wav,2.3224692,2.4174907,3.0862513,3.449248,3.3424256,NISQAv2
/data/nhandt23/Dataset/MMSData/13GKsS26F4U/asr_subtitle/wavs_enhanced/13GKsS26F4U_01556.wav,3.6988544,3.0480993,4.286588,4.29989,4.318149,NISQAv2
/data/nhandt23/Dataset/MMSData/13GKsS26F4U/asr_subtitle/wavs_enhanced/13GKsS26F4U_03465.wav,3.2650533,2.2850783,3.2867792,3.7667925,4.190428,NISQAv2
/data/nhandt23/Dataset/MMSData/13GKsS26F4U/asr_subtitle/wavs_enhanced/13GKsS26F4U_04763.wav,3.5884893,2.3645327,4.3667836,3.835177,3.8391783,NISQAv2
/data/nhandt23/Dataset/MMSData/13GKsS26F4U/asr_subtitle/wavs_enhanced/13GKsS26F4U_00283.wav,4.1985197,2.7169816,4.4097114,4.3779655,4.185787,NISQAv2
/data/nhandt23/Dataset/MMSData/13GKsS26F4U/asr_subtitle/wavs_enhanced/13GKsS26F4U_04148.wav,4.100245,3.0130427,4.4634504,4.101233,4.0534587,NISQAv2
/data/nhandt23/Dataset/MMSData/13GKsS26F4U/asr_subtitle/wavs_enhanced/13GKsS26F4U_00973.wav,3.5524533,2.885971,4.2125072,3.9536135,4.000364,NISQAv2
/data/nhandt23/Dataset/MMSData/13GKsS26F4U/asr_subtitle/wavs_enhanced/13GKsS26F4U_03587.wav,3.6622803,3.0001771,4.4980364,4.1606054,4.2088428,NISQAv2
/data/nhandt23/Dataset/MMSData/13GKsS26F4U/asr_subtitle/wavs_enhanced/13GKsS26F4U_04051.wav,3.8931468,2.6830401,4.439098,4.135864,3.7716656,NISQAv2
/data/nhandt23/Dataset/MMSData/13GKsS26F4U/asr_subtitle/wavs_enhanced/13GKsS26F4U_01288.wav,3.886219,3.1273909,4.221846,4.0674047,3.866121,NISQAv2
/data/nhandt23/Dataset/MMSData/13GKsS26F4U/asr_subtitle/wavs_enhanced/13GKsS26F4U_00907.wav,3.3526218,2.677489,4.0111113,3.7995095,3.4902985,NISQAv2
/data/nhandt23/Dataset/MMSData/13GKsS26F4U/asr_subtitle/wavs_enhanced/13GKsS26F4U_03438.wav,3.685716,2.6143734,4.345506,3.9714577,3.658299,NISQAv2
/data/nhandt23/Dataset/MMSData/13GKsS26F4U/asr_subtitle/wavs_enhanced/13GKsS26F4U_02866.wav,3.3011887,2.4269066,4.220641,3.9326515,3.5305445,NISQAv2
/data/nhandt23/Dataset/MMSData/13GKsS26F4U/asr_subtitle/wavs_enhanced/13GKsS26F4U_01446.wav,4.2104254,2.2097123,4.700043,4.320808,4.137363,NISQAv2
/data/nhandt23/Dataset/MMSData/13GKsS26F4U/asr_subtitle/wavs_enhanced/13GKsS26F4U_00061.wav,2.8245044,2.9489143,4.1085196,3.844111,3.6037798,NISQAv2
/data/nhandt23/Dataset/MMSData/13GKsS26F4U/asr_subtitle/wavs_enhanced/13GKsS26F4U_00960.wav,3.5512927,2.2423408,3.683576,3.8532388,4.132143,NISQAv2
/data/nhandt23/Dataset/MMSData/13GKsS26F4U/asr_subtitle/wavs_enhanced/13GKsS26F4U_02981.wav,3.6316512,2.4633117,4.2396955,3.9912047,4.128718,NISQAv2
/data/nhandt23/Dataset/MMSData/13GKsS26F4U/asr_subtitle/wavs_enhanced/13GKsS26F4U_02441.wav,3.1570456,2.5912,4.2964277,3.8745775,3.2251105,NISQAv2
/data/nhandt23/Dataset/MMSData/13GKsS26F4U/asr_subtitle/wavs_enhanced/13GKsS26F4U_01432.wav,2.7563026,1.8881267,4.2527456,3.9980702,3.6162715,NISQAv2
/data/nhandt23/Dataset/MMSData/13GKsS26F4U/asr_subtitle/wavs_enhanced/13GKsS26F4U_03912.wav,3.6621244,2.5879338,4.4534845,4.1647577,3.5659826,NISQAv2
/data/nhandt23/Dataset/MMSData/13GKsS26F4U/asr_subtitle/wavs_enhanced/13GKsS26F4U_02652.wav,2.626092,2.606732,3.6849635,3.649429,3.52447,NISQAv2
/data/nhandt23/Dataset/MMSData/13GKsS26F4U/asr_subtitle/wavs_enhanced/13GKsS26F4U_00997.wav,3.8073552,2.3618445,4.0459,3.9516544,4.0332117,NISQAv2
/data/nhandt23/Dataset/MMSData/13GKsS26F4U/asr_subtitle/wavs_enhanced/13GKsS26F4U_03350.wav,3.6232686,2.8017612,4.138293,4.0692306,3.4093547,NISQAv2
/data/nhandt23/Dataset/MMSData/13GKsS26F4U/asr_subtitle/wavs_enhanced/13GKsS26F4U_03269.wav,3.4733963,2.5996156,3.8636258,4.3141594,3.967751,NISQAv2
/data/nhandt23/Dataset/MMSData/13GKsS26F4U/asr_subtitle/wavs_enhanced/13GKsS26F4U_00115.wav,2.9411263,2.9885385,3.7133899,3.7171016,4.30356,NISQAv2
/data/nhandt23/Dataset/MMSData/13GKsS26F4U/asr_subtitle/wavs_enhanced/13GKsS26F4U_04245.wav,2.9479673,2.6732514,3.810776,3.9188054,3.6385481,NISQAv2
/data/nhandt23/Dataset/MMSData/13GKsS26F4U/asr_subtitle/wavs_enhanced/13GKsS26F4U_02504.wav,4.1507573,2.6920037,4.570017,4.278443,3.9436932,NISQAv2
/data/nhandt23/Dataset/MMSData/13GKsS26F4U/asr_subtitle/wavs_enhanced/13GKsS26F4U_03777.wav,3.0427802,2.3933537,3.082339,3.533571,3.7080839,NISQAv2
/data/nhandt23/Dataset/MMSData/13GKsS26F4U/asr_subtitle/wavs_enhanced/13GKsS26F4U_01717.wav,3.9658864,2.4846141,4.5048695,3.9921024,4.341768,NISQAv2
/data/nhandt23/Dataset/MMSData/13GKsS26F4U/asr_subtitle/wavs_enhanced/13GKsS26F4U_04541.wav,3.6261468,2.7642853,4.0728874,3.5497434,3.829249,NISQAv2
/data/nhandt23/Dataset/MMSData/13GKsS26F4U/asr_subtitle/wavs_enhanced/13GKsS26F4U_00983.wav,3.3419368,2.408044,4.2981825,3.9321878,3.7059724,NISQAv2
/data/nhandt23/Dataset/MMSData/13GKsS26F4U/asr_subtitle/wavs_enhanced/13GKsS26F4U_03006.wav,2.9551642,2.45703,3.0739973,3.9192898,3.7641766,NISQAv2
/data/nhandt23/Dataset/MMSData/13GKsS26F4U/asr_subtitle/wavs_enhanced/13GKsS26F4U_04809.wav,4.061427,3.3025692,4.4520106,4.3601193,4.067498,NISQAv2
/data/nhandt23/Dataset/MMSData/13GKsS26F4U/asr_subtitle/wavs_enhanced/13GKsS26F4U_00640.wav,3.4773693,2.5591135,4.553839,4.1512866,3.7104843,NISQAv2
/data/nhandt23/Dataset/MMSData/13GKsS26F4U/asr_subtitle/wavs_enhanced/13GKsS26F4U_01916.wav,3.5085137,2.4018595,4.1043367,3.8798683,4.022347,NISQAv2
/data/nhandt23/Dataset/MMSData/13GKsS26F4U/asr_subtitle/wavs_enhanced/13GKsS26F4U_02500.wav,3.2511835,2.5213606,4.1383753,3.8282402,3.2911956,NISQAv2
/data/nhandt23/Dataset/MMSData/13GKsS26F4U/asr_subtitle/wavs_enhanced/13GKsS26F4U_01035.wav,4.09795,3.300599,4.540874,4.3996067,4.319369,NISQAv2
/data/nhandt23/Dataset/MMSData/13GKsS26F4U/asr_subtitle/wavs_enhanced/13GKsS26F4U_00867.wav,3.715254,3.4677541,4.247658,4.347035,4.1295595,NISQAv2
/data/nhandt23/Dataset/MMSData/13GKsS26F4U/asr_subtitle/wavs_enhanced/13GKsS26F4U_02215.wav,2.8409424,2.750829,4.1084075,3.5666864,3.4932654,NISQAv2
/data/nhandt23/Dataset/MMSData/13GKsS26F4U/asr_subtitle/wavs_enhanced/13GKsS26F4U_04931.wav,3.0746348,2.971657,3.8286107,3.8321216,3.8994985,NISQAv2
/data/nhandt23/Dataset/MMSData/13GKsS26F4U/asr_subtitle/wavs_enhanced/13GKsS26F4U_04673.wav,3.370895,2.5357447,4.346509,3.9791884,3.7219722,NISQAv2
/data/nhandt23/Dataset/MMSData/13GKsS26F4U/asr_subtitle/wavs_enhanced/13GKsS26F4U_03564.wav,2.054475,3.1058745,3.612841,3.7421558,4.0833488,NISQAv2
/data/nhandt23/Dataset/MMSData/13GKsS26F4U/asr_subtitle/wavs_enhanced/13GKsS26F4U_02759.wav,3.5819013,2.390335,4.195439,3.882015,3.5603175,NISQAv2
/data/nhandt23/Dataset/MMSData/13GKsS26F4U/asr_subtitle/wavs_enhanced/13GKsS26F4U_00154.wav,2.5305293,2.6164675,2.6231914,3.309882,3.2593744,NISQAv2
/data/nhandt23/Dataset/MMSData/13GKsS26F4U/asr_subtitle/wavs_enhanced/13GKsS26F4U_01963.wav,2.708629,2.6855423,3.104788,3.381839,3.0232172,NISQAv2
/data/nhandt23/Dataset/MMSData/13GKsS26F4U/asr_subtitle/wavs_enhanced/13GKsS26F4U_00915.wav,3.707767,2.2413576,4.5003333,4.2580175,4.186935,NISQAv2
/data/nhandt23/Dataset/MMSData/13GKsS26F4U/asr_subtitle/wavs_enhanced/13GKsS26F4U_03726.wav,4.208846,3.0051863,4.428698,4.295693,4.1625676,NISQAv2
/data/nhandt23/Dataset/MMSData/13GKsS26F4U/asr_subtitle/wavs_enhanced/13GKsS26F4U_02925.wav,3.6012678,2.8968093,4.0298076,3.9826753,3.51743,NISQAv2
/data/nhandt23/Dataset/MMSData/13GKsS26F4U/asr_subtitle/wavs_enhanced/13GKsS26F4U_00564.wav,4.0148273,3.7257724,4.5310326,4.152101,3.548747,NISQAv2
/data/nhandt23/Dataset/MMSData/13GKsS26F4U/asr_subtitle/wavs_enhanced/13GKsS26F4U_00829.wav,3.527011,2.4518971,4.1214204,3.8978066,3.5944474,NISQAv2
/data/nhandt23/Dataset/MMSData/13GKsS26F4U/asr_subtitle/wavs_enhanced/13GKsS26F4U_03891.wav,3.8408465,2.4690905,4.4822583,4.3542094,4.2532115,NISQAv2
/data/nhandt23/Dataset/MMSData/13GKsS26F4U/asr_subtitle/wavs_enhanced/13GKsS26F4U_04191.wav,3.3663762,3.1709573,4.436413,3.9905152,3.9346414,NISQAv2
/data/nhandt23/Dataset/MMSData/13GKsS26F4U/asr_subtitle/wavs_enhanced/13GKsS26F4U_01740.wav,3.4296167,2.5769498,4.3062773,3.886408,4.211143,NISQAv2
/data/nhandt23/Dataset/MMSData/13GKsS26F4U/asr_subtitle/wavs_enhanced/13GKsS26F4U_00620.wav,2.9614518,2.2607605,3.6684084,3.5877757,3.7021146,NISQAv2
/data/nhandt23/Dataset/MMSData/13GKsS26F4U/asr_subtitle/wavs_enhanced/13GKsS26F4U_03059.wav,2.5302098,3.626012,3.171724,3.423951,3.7452734,NISQAv2
/data/nhandt23/Dataset/MMSData/13GKsS26F4U/asr_subtitle/wavs_enhanced/13GKsS26F4U_01237.wav,3.2631664,2.7579782,4.030237,3.6861978,3.4171422,NISQAv2
/data/nhandt23/Dataset/MMSData/13GKsS26F4U/asr_subtitle/wavs_enhanced/13GKsS26F4U_03843.wav,3.0307257,2.5926657,3.7381349,3.5343437,3.4755385,NISQAv2
/data/nhandt23/Dataset/MMSData/13GKsS26F4U/asr_subtitle/wavs_enhanced/13GKsS26F4U_01340.wav,3.2582803,1.8933852,4.277137,4.0637703,3.6143532,NISQAv2
/data/nhandt23/Dataset/MMSData/13GKsS26F4U/asr_subtitle/wavs_enhanced/13GKsS26F4U_03176.wav,3.1024158,2.2289941,3.2555954,3.602433,3.773418,NISQAv2
/data/nhandt23/Dataset/MMSData/13GKsS26F4U/asr_subtitle/wavs_enhanced/13GKsS26F4U_00582.wav,4.1601686,3.2298229,4.5083265,4.2548165,4.0717597,NISQAv2
/data/nhandt23/Dataset/MMSData/13GKsS26F4U/asr_subtitle/wavs_enhanced/13GKsS26F4U_02886.wav,2.2448971,2.3180714,2.440972,2.7657018,4.032654,NISQAv2
/data/nhandt23/Dataset/MMSData/13GKsS26F4U/asr_subtitle/wavs_enhanced/13GKsS26F4U_00768.wav,2.7126026,2.6346068,3.4573467,3.3776772,3.4275014,NISQAv2
/data/nhandt23/Dataset/MMSData/13GKsS26F4U/asr_subtitle/wavs_enhanced/13GKsS26F4U_00405.wav,2.9635274,3.4261122,3.9115365,3.3795445,3.5784214,NISQAv2
/data/nhandt23/Dataset/MMSData/13GKsS26F4U/asr_subtitle/wavs_enhanced/13GKsS26F4U_02442.wav,2.9492006,2.4665015,4.011388,4.1607194,3.9669585,NISQAv2
/data/nhandt23/Dataset/MMSData/13GKsS26F4U/asr_subtitle/wavs_enhanced/13GKsS26F4U_01982.wav,2.7181613,2.756981,3.5573623,3.547504,3.3048434,NISQAv2
/data/nhandt23/Dataset/MMSData/13GKsS26F4U/asr_subtitle/wavs_enhanced/13GKsS26F4U_00746.wav,3.49857,3.657074,4.185009,3.991247,3.5706704,NISQAv2
/data/nhandt23/Dataset/MMSData/13GKsS26F4U/asr_subtitle/wavs_enhanced/13GKsS26F4U_02077.wav,3.3181381,3.0397332,4.202041,3.9621909,4.3136272,NISQAv2
/data/nhandt23/Dataset/MMSData/13GKsS26F4U/asr_subtitle/wavs_enhanced/13GKsS26F4U_03602.wav,2.711033,2.4316525,4.2033825,4.200306,4.244544,NISQAv2
/data/nhandt23/Dataset/MMSData/13GKsS26F4U/asr_subtitle/wavs_enhanced/13GKsS26F4U_04594.wav,4.4435124,3.5179386,4.636833,4.387832,4.4220896,NISQAv2
/data/nhandt23/Dataset/MMSData/13GKsS26F4U/asr_subtitle/wavs_enhanced/13GKsS26F4U_02229.wav,3.1959155,2.393389,4.362955,4.137017,3.9286098,NISQAv2
/data/nhandt23/Dataset/MMSData/13GKsS26F4U/asr_subtitle/wavs_enhanced/13GKsS26F4U_00650.wav,2.113127,2.9982927,2.471893,2.8013213,3.469744,NISQAv2
/data/nhandt23/Dataset/MMSData/13GKsS26F4U/asr_subtitle/wavs_enhanced/13GKsS26F4U_02611.wav,3.895474,3.5019166,4.3439054,4.147529,4.2117467,NISQAv2
/data/nhandt23/Dataset/MMSData/13GKsS26F4U/asr_subtitle/wavs_enhanced/13GKsS26F4U_03087.wav,3.2836502,2.3226993,4.426442,4.204662,3.9050643,NISQAv2
/data/nhandt23/Dataset/MMSData/13GKsS26F4U/asr_subtitle/wavs_enhanced/13GKsS26F4U_01669.wav,3.5530386,2.2372,4.1580935,3.8591413,3.6834574,NISQAv2
/data/nhandt23/Dataset/MMSData/13GKsS26F4U/asr_subtitle/wavs_enhanced/13GKsS26F4U_04398.wav,2.9289467,2.4560406,3.7443178,3.328478,3.1903903,NISQAv2
/data/nhandt23/Dataset/MMSData/13GKsS26F4U/asr_subtitle/wavs_enhanced/13GKsS26F4U_02680.wav,4.2319746,2.8764465,4.489234,4.3902345,4.063612,NISQAv2
/data/nhandt23/Dataset/MMSData/13GKsS26F4U/asr_subtitle/wavs_enhanced/13GKsS26F4U_00796.wav,2.2050993,2.9449205,1.967752,3.133158,3.7365143,NISQAv2
/data/nhandt23/Dataset/MMSData/13GKsS26F4U/asr_subtitle/wavs_enhanced/13GKsS26F4U_03673.wav,2.9349697,2.3875196,3.800597,3.7322671,3.121254,NISQAv2
/data/nhandt23/Dataset/MMSData/13GKsS26F4U/asr_subtitle/wavs_enhanced/13GKsS26F4U_01053.wav,3.576954,3.2883964,4.373296,4.007261,3.859567,NISQAv2
/data/nhandt23/Dataset/MMSData/13GKsS26F4U/asr_subtitle/wavs_enhanced/13GKsS26F4U_04444.wav,3.5890973,2.2716525,4.0410953,3.812109,3.633509,NISQAv2
/data/nhandt23/Dataset/MMSData/13GKsS26F4U/asr_subtitle/wavs_enhanced/13GKsS26F4U_03183.wav,3.453879,2.6292002,4.0679417,4.131823,4.1155343,NISQAv2
/data/nhandt23/Dataset/MMSData/13GKsS26F4U/asr_subtitle/wavs_enhanced/13GKsS26F4U_02210.wav,2.986409,2.6160572,3.8246977,3.900123,3.5895238,NISQAv2
/data/nhandt23/Dataset/MMSData/13GKsS26F4U/asr_subtitle/wavs_enhanced/13GKsS26F4U_02352.wav,3.6559582,2.0849113,4.366045,3.927673,3.6011984,NISQAv2
/data/nhandt23/Dataset/MMSData/13GKsS26F4U/asr_subtitle/wavs_enhanced/13GKsS26F4U_02989.wav,3.5791802,3.083689,4.3969812,4.069489,3.938104,NISQAv2
/data/nhandt23/Dataset/MMSData/13GKsS26F4U/asr_subtitle/wavs_enhanced/13GKsS26F4U_00471.wav,2.9078999,3.443539,3.8254817,3.5425165,3.3497522,NISQAv2
/data/nhandt23/Dataset/MMSData/13GKsS26F4U/asr_subtitle/wavs_enhanced/13GKsS26F4U_03046.wav,3.5302465,3.2434378,4.246756,4.015649,3.5692837,NISQAv2
/data/nhandt23/Dataset/MMSData/13GKsS26F4U/asr_subtitle/wavs_enhanced/13GKsS26F4U_00879.wav,2.869012,3.3759766,2.811214,3.2797945,3.7528596,NISQAv2
/data/nhandt23/Dataset/MMSData/13GKsS26F4U/asr_subtitle/wavs_enhanced/13GKsS26F4U_01602.wav,2.8738549,2.4503624,3.4072464,3.3198369,3.6565933,NISQAv2
/data/nhandt23/Dataset/MMSData/13GKsS26F4U/asr_subtitle/wavs_enhanced/13GKsS26F4U_04956.wav,2.9617195,2.644048,3.5577264,3.3746965,3.923686,NISQAv2
/data/nhandt23/Dataset/MMSData/13GKsS26F4U/asr_subtitle/wavs_enhanced/13GKsS26F4U_02975.wav,3.8469994,2.4020488,4.4013004,4.209248,4.067741,NISQAv2
/data/nhandt23/Dataset/MMSData/13GKsS26F4U/asr_subtitle/wavs_enhanced/13GKsS26F4U_01249.wav,3.5226784,2.4650693,4.2507505,3.8507671,3.4930744,NISQAv2
/data/nhandt23/Dataset/MMSData/13GKsS26F4U/asr_subtitle/wavs_enhanced/13GKsS26F4U_00859.wav,3.2419832,3.305745,3.9648988,3.9697082,3.6475136,NISQAv2
/data/nhandt23/Dataset/MMSData/13GKsS26F4U/asr_subtitle/wavs_enhanced/13GKsS26F4U_03336.wav,2.901076,2.329803,3.37063,3.7644284,3.497161,NISQAv2
/data/nhandt23/Dataset/MMSData/13GKsS26F4U/asr_subtitle/wavs_enhanced/13GKsS26F4U_03486.wav,3.81062,2.333394,4.2276874,3.6769924,3.947004,NISQAv2
/data/nhandt23/Dataset/MMSData/13GKsS26F4U/asr_subtitle/wavs_enhanced/13GKsS26F4U_00920.wav,2.6754029,3.0340497,3.2886553,3.4856093,3.6353457,NISQAv2
/data/nhandt23/Dataset/MMSData/13GKsS26F4U/asr_subtitle/wavs_enhanced/13GKsS26F4U_01655.wav,4.10843,2.8707705,3.9272192,4.0574083,3.9910553,NISQAv2
/data/nhandt23/Dataset/MMSData/13GKsS26F4U/asr_subtitle/wavs_enhanced/13GKsS26F4U_00971.wav,3.4106588,3.3026283,4.015626,3.8983424,3.7925148,NISQAv2
/data/nhandt23/Dataset/MMSData/13GKsS26F4U/asr_subtitle/wavs_enhanced/13GKsS26F4U_03437.wav,3.673515,2.8328164,4.5593014,4.1739197,3.7838235,NISQAv2
/data/nhandt23/Dataset/MMSData/13GKsS26F4U/asr_subtitle/wavs_enhanced/13GKsS26F4U_05147.wav,3.4963336,2.8799999,4.0414743,3.7147095,3.8714871,NISQAv2
/data/nhandt23/Dataset/MMSData/13GKsS26F4U/asr_subtitle/wavs_enhanced/13GKsS26F4U_02268.wav,3.3718846,2.631497,3.3238742,3.6705363,3.2770143,NISQAv2
/data/nhandt23/Dataset/MMSData/13GKsS26F4U/asr_subtitle/wavs_enhanced/13GKsS26F4U_02793.wav,3.505994,2.619581,4.4722233,4.192209,4.139026,NISQAv2
/data/nhandt23/Dataset/MMSData/13GKsS26F4U/asr_subtitle/wavs_enhanced/13GKsS26F4U_01867.wav,3.2328289,2.822665,4.1972895,4.033482,4.128924,NISQAv2
/data/nhandt23/Dataset/MMSData/13GKsS26F4U/asr_subtitle/wavs_enhanced/13GKsS26F4U_00615.wav,3.7029366,2.9214647,4.2726183,4.1504507,3.9400074,NISQAv2
/data/nhandt23/Dataset/MMSData/13GKsS26F4U/asr_subtitle/wavs_enhanced/13GKsS26F4U_02586.wav,2.5408044,2.3302233,3.35308,3.7273757,4.031576,NISQAv2
/data/nhandt23/Dataset/MMSData/13GKsS26F4U/asr_subtitle/wavs_enhanced/13GKsS26F4U_04011.wav,2.7223532,2.5421824,2.7461867,3.71794,3.5141487,NISQAv2
/data/nhandt23/Dataset/MMSData/13GKsS26F4U/asr_subtitle/wavs_enhanced/13GKsS26F4U_02789.wav,3.6564906,2.2602673,4.280195,3.8003592,3.5996969,NISQAv2
/data/nhandt23/Dataset/MMSData/13GKsS26F4U/asr_subtitle/wavs_enhanced/13GKsS26F4U_04945.wav,3.9526722,2.504967,4.4523954,4.1239915,4.108523,NISQAv2
/data/nhandt23/Dataset/MMSData/13GKsS26F4U/asr_subtitle/wavs_enhanced/13GKsS26F4U_04015.wav,2.9606817,2.369407,2.873124,3.5368068,3.562467,NISQAv2
/data/nhandt23/Dataset/MMSData/13GKsS26F4U/asr_subtitle/wavs_enhanced/13GKsS26F4U_01722.wav,3.0901904,2.466407,3.99365,3.7597368,3.2636058,NISQAv2
/data/nhandt23/Dataset/MMSData/13GKsS26F4U/asr_subtitle/wavs_enhanced/13GKsS26F4U_04731.wav,3.5936773,3.0966365,4.5442486,4.138293,3.9583242,NISQAv2
/data/nhandt23/Dataset/MMSData/13GKsS26F4U/asr_subtitle/wavs_enhanced/13GKsS26F4U_01007.wav,3.8854241,2.5907824,4.272806,4.186992,3.6656067,NISQAv2
/data/nhandt23/Dataset/MMSData/13GKsS26F4U/asr_subtitle/wavs_enhanced/13GKsS26F4U_02747.wav,3.0959675,3.2595625,3.17616,3.7501712,3.7018383,NISQAv2
/data/nhandt23/Dataset/MMSData/13GKsS26F4U/asr_subtitle/wavs_enhanced/13GKsS26F4U_04867.wav,2.503249,2.5772994,3.410253,3.5696619,3.910365,NISQAv2
/data/nhandt23/Dataset/MMSData/13GKsS26F4U/asr_subtitle/wavs_enhanced/13GKsS26F4U_03123.wav,4.000613,2.6838925,4.5378337,4.2416196,3.9027321,NISQAv2
/data/nhandt23/Dataset/MMSData/13GKsS26F4U/asr_subtitle/wavs_enhanced/13GKsS26F4U_02249.wav,3.6544058,2.4103656,3.8698838,4.0197406,3.844551,NISQAv2
/data/nhandt23/Dataset/MMSData/13GKsS26F4U/asr_subtitle/wavs_enhanced/13GKsS26F4U_02094.wav,3.5570579,2.959759,4.3350496,4.060234,3.7938163,NISQAv2
/data/nhandt23/Dataset/MMSData/13GKsS26F4U/asr_subtitle/wavs_enhanced/13GKsS26F4U_03018.wav,3.5100698,3.0568619,4.0841,4.0996437,3.8021529,NISQAv2
/data/nhandt23/Dataset/MMSData/13GKsS26F4U/asr_subtitle/wavs_enhanced/13GKsS26F4U_03926.wav,3.1225483,2.8732955,4.014871,3.9568548,3.4765153,NISQAv2
/data/nhandt23/Dataset/MMSData/13GKsS26F4U/asr_subtitle/wavs_enhanced/13GKsS26F4U_05030.wav,2.5374467,2.5455348,4.0419602,3.8160555,3.5013404,NISQAv2
/data/nhandt23/Dataset/MMSData/13GKsS26F4U/asr_subtitle/wavs_enhanced/13GKsS26F4U_03992.wav,2.907378,2.4350057,4.0267825,3.7024672,3.3640583,NISQAv2
/data/nhandt23/Dataset/MMSData/13GKsS26F4U/asr_subtitle/wavs_enhanced/13GKsS26F4U_03173.wav,3.505189,2.6957595,4.252955,3.9092932,3.873247,NISQAv2
/data/nhandt23/Dataset/MMSData/13GKsS26F4U/asr_subtitle/wavs_enhanced/13GKsS26F4U_03354.wav,3.7843444,3.0832927,4.4812517,4.1263824,3.4822078,NISQAv2
/data/nhandt23/Dataset/MMSData/13GKsS26F4U/asr_subtitle/wavs_enhanced/13GKsS26F4U_03708.wav,1.8891889,2.5670147,2.7354944,3.009896,3.6850193,NISQAv2
/data/nhandt23/Dataset/MMSData/13GKsS26F4U/asr_subtitle/wavs_enhanced/13GKsS26F4U_03520.wav,2.6411278,2.7103446,3.9008658,3.9973824,3.6042187,NISQAv2
/data/nhandt23/Dataset/MMSData/13GKsS26F4U/asr_subtitle/wavs_enhanced/13GKsS26F4U_01715.wav,3.7953851,2.4972577,4.213846,4.1249604,3.910937,NISQAv2
/data/nhandt23/Dataset/MMSData/13GKsS26F4U/asr_subtitle/wavs_enhanced/13GKsS26F4U_01183.wav,3.2550046,2.2934685,4.276084,3.761994,2.9805422,NISQAv2
/data/nhandt23/Dataset/MMSData/13GKsS26F4U/asr_subtitle/wavs_enhanced/13GKsS26F4U_04188.wav,4.043714,2.914515,4.300465,4.20775,4.0123725,NISQAv2
/data/nhandt23/Dataset/MMSData/13GKsS26F4U/asr_subtitle/wavs_enhanced/13GKsS26F4U_01823.wav,4.137845,3.1903696,4.4008017,4.263738,4.169272,NISQAv2
/data/nhandt23/Dataset/MMSData/13GKsS26F4U/asr_subtitle/wavs_enhanced/13GKsS26F4U_00580.wav,2.490009,2.7494042,3.3354342,3.3423254,3.4702291,NISQAv2
/data/nhandt23/Dataset/MMSData/13GKsS26F4U/asr_subtitle/wavs_enhanced/13GKsS26F4U_03513.wav,3.6718817,2.2477033,4.148189,4.0573373,3.7620516,NISQAv2
/data/nhandt23/Dataset/MMSData/13GKsS26F4U/asr_subtitle/wavs_enhanced/13GKsS26F4U_04999.wav,2.0292845,3.0430086,2.012311,3.016196,3.7504191,NISQAv2
/data/nhandt23/Dataset/MMSData/13GKsS26F4U/asr_subtitle/wavs_enhanced/13GKsS26F4U_02036.wav,2.5493999,3.224411,2.8434486,3.5715551,3.8474333,NISQAv2
/data/nhandt23/Dataset/MMSData/13GKsS26F4U/asr_subtitle/wavs_enhanced/13GKsS26F4U_00290.wav,2.8081377,2.4307973,4.3949184,4.0205693,4.0202675,NISQAv2
/data/nhandt23/Dataset/MMSData/13GKsS26F4U/asr_subtitle/wavs_enhanced/13GKsS26F4U_02520.wav,3.3056903,3.1786942,4.3974566,4.3432546,3.6446908,NISQAv2
/data/nhandt23/Dataset/MMSData/13GKsS26F4U/asr_subtitle/wavs_enhanced/13GKsS26F4U_01919.wav,3.8675673,2.6469893,4.2446194,4.0323024,3.6973498,NISQAv2
/data/nhandt23/Dataset/MMSData/13GKsS26F4U/asr_subtitle/wavs_enhanced/13GKsS26F4U_00005.wav,2.663545,2.732148,4.090358,4.1856666,4.1739616,NISQAv2
/data/nhandt23/Dataset/MMSData/13GKsS26F4U/asr_subtitle/wavs_enhanced/13GKsS26F4U_03342.wav,3.858835,2.678888,4.463907,4.132103,3.9423022,NISQAv2
/data/nhandt23/Dataset/MMSData/13GKsS26F4U/asr_subtitle/wavs_enhanced/13GKsS26F4U_01631.wav,3.597376,2.782932,4.063882,4.0806756,3.0796998,NISQAv2
/data/nhandt23/Dataset/MMSData/13GKsS26F4U/asr_subtitle/wavs_enhanced/13GKsS26F4U_01911.wav,4.2106543,3.233013,4.55954,4.281677,4.175486,NISQAv2
/data/nhandt23/Dataset/MMSData/13GKsS26F4U/asr_subtitle/wavs_enhanced/13GKsS26F4U_04150.wav,2.6835158,3.4444506,3.854295,3.7580018,3.164732,NISQAv2
/data/nhandt23/Dataset/MMSData/13GKsS26F4U/asr_subtitle/wavs_enhanced/13GKsS26F4U_04610.wav,2.486082,2.1447246,2.4463809,3.24898,3.4121666,NISQAv2
/data/nhandt23/Dataset/MMSData/13GKsS26F4U/asr_subtitle/wavs_enhanced/13GKsS26F4U_02643.wav,2.4740133,1.9932444,3.8235424,3.4338205,3.2032473,NISQAv2
/data/nhandt23/Dataset/MMSData/13GKsS26F4U/asr_subtitle/wavs_enhanced/13GKsS26F4U_05086.wav,3.425768,3.4639442,4.3009996,3.9535775,3.5927885,NISQAv2
/data/nhandt23/Dataset/MMSData/13GKsS26F4U/asr_subtitle/wavs_enhanced/13GKsS26F4U_03775.wav,3.0071633,2.0016658,3.6218097,3.63364,3.8789241,NISQAv2
/data/nhandt23/Dataset/MMSData/13GKsS26F4U/asr_subtitle/wavs_enhanced/13GKsS26F4U_01929.wav,2.8433068,1.8654349,3.9284053,3.8207526,3.5023549,NISQAv2
/data/nhandt23/Dataset/MMSData/13GKsS26F4U/asr_subtitle/wavs_enhanced/13GKsS26F4U_03345.wav,4.2704606,3.6327555,4.5622697,4.2725115,4.4766107,NISQAv2
/data/nhandt23/Dataset/MMSData/13GKsS26F4U/asr_subtitle/wavs_enhanced/13GKsS26F4U_02016.wav,3.3818514,3.337979,4.5838203,4.220378,3.88508,NISQAv2
/data/nhandt23/Dataset/MMSData/13GKsS26F4U/asr_subtitle/wavs_enhanced/13GKsS26F4U_03446.wav,2.731353,2.3171144,2.6115701,3.4012716,3.5661328,NISQAv2
/data/nhandt23/Dataset/MMSData/13GKsS26F4U/asr_subtitle/wavs_enhanced/13GKsS26F4U_04027.wav,3.3488414,2.8090594,4.1306896,4.0138,3.8325758,NISQAv2
/data/nhandt23/Dataset/MMSData/13GKsS26F4U/asr_subtitle/wavs_enhanced/13GKsS26F4U_00095.wav,3.6703465,3.4887958,4.382531,4.2804656,4.145192,NISQAv2
/data/nhandt23/Dataset/MMSData/13GKsS26F4U/asr_subtitle/wavs_enhanced/13GKsS26F4U_03064.wav,3.8826516,2.8256464,4.448432,4.160305,4.108789,NISQAv2
/data/nhandt23/Dataset/MMSData/13GKsS26F4U/asr_subtitle/wavs_enhanced/13GKsS26F4U_02218.wav,1.9954706,2.5655782,3.5948923,3.1295774,2.7052867,NISQAv2
/data/nhandt23/Dataset/MMSData/13GKsS26F4U/asr_subtitle/wavs_enhanced/13GKsS26F4U_00110.wav,2.977012,2.7502882,4.1817684,3.862263,3.7205882,NISQAv2
/data/nhandt23/Dataset/MMSData/13GKsS26F4U/asr_subtitle/wavs_enhanced/13GKsS26F4U_04337.wav,2.854411,3.0564432,3.9085128,3.4990306,3.1050546,NISQAv2
/data/nhandt23/Dataset/MMSData/13GKsS26F4U/asr_subtitle/wavs_enhanced/13GKsS26F4U_01888.wav,3.5844183,2.4201643,4.177346,3.8099768,3.5848932,NISQAv2
/data/nhandt23/Dataset/MMSData/13GKsS26F4U/asr_subtitle/wavs_enhanced/13GKsS26F4U_01307.wav,3.1050184,2.2268221,4.183735,3.9182026,3.8819776,NISQAv2
/data/nhandt23/Dataset/MMSData/13GKsS26F4U/asr_subtitle/wavs_enhanced/13GKsS26F4U_02076.wav,3.654121,2.4463794,4.133618,3.786027,3.3866913,NISQAv2
/data/nhandt23/Dataset/MMSData/13GKsS26F4U/asr_subtitle/wavs_enhanced/13GKsS26F4U_00053.wav,2.645869,3.3449175,3.4953802,3.6091106,3.1463106,NISQAv2
/data/nhandt23/Dataset/MMSData/13GKsS26F4U/asr_subtitle/wavs_enhanced/13GKsS26F4U_02721.wav,4.2352886,2.4417698,4.6137085,4.257156,4.2299104,NISQAv2
/data/nhandt23/Dataset/MMSData/13GKsS26F4U/asr_subtitle/wavs_enhanced/13GKsS26F4U_01238.wav,3.5972657,2.5081718,4.3796654,4.087266,3.234154,NISQAv2
/data/nhandt23/Dataset/MMSData/13GKsS26F4U/asr_subtitle/wavs_enhanced/13GKsS26F4U_02187.wav,2.9772375,2.4169407,4.093754,4.157956,4.0955663,NISQAv2
/data/nhandt23/Dataset/MMSData/13GKsS26F4U/asr_subtitle/wavs_enhanced/13GKsS26F4U_00904.wav,2.8507001,2.754194,3.5170355,3.401175,3.3733356,NISQAv2
/data/nhandt23/Dataset/MMSData/13GKsS26F4U/asr_subtitle/wavs_enhanced/13GKsS26F4U_00825.wav,3.320126,2.7923386,3.628647,3.8626237,3.61336,NISQAv2
/data/nhandt23/Dataset/MMSData/13GKsS26F4U/asr_subtitle/wavs_enhanced/13GKsS26F4U_02693.wav,3.4058735,2.9211247,3.8578334,3.6391642,3.6984477,NISQAv2
/data/nhandt23/Dataset/MMSData/13GKsS26F4U/asr_subtitle/wavs_enhanced/13GKsS26F4U_04608.wav,2.532288,2.6727388,4.3246818,4.362889,3.1627147,NISQAv2
/data/nhandt23/Dataset/MMSData/13GKsS26F4U/asr_subtitle/wavs_enhanced/13GKsS26F4U_00015.wav,3.673859,1.7971687,4.417569,4.256943,3.7668417,NISQAv2
/data/nhandt23/Dataset/MMSData/13GKsS26F4U/asr_subtitle/wavs_enhanced/13GKsS26F4U_04340.wav,3.8459976,2.3168237,4.5336065,4.3665056,4.049976,NISQAv2
/data/nhandt23/Dataset/MMSData/13GKsS26F4U/asr_subtitle/wavs_enhanced/13GKsS26F4U_01291.wav,3.6916602,2.5570633,4.4618254,4.158526,3.6454453,NISQAv2
/data/nhandt23/Dataset/MMSData/13GKsS26F4U/asr_subtitle/wavs_enhanced/13GKsS26F4U_04705.wav,3.1262176,3.0540192,3.7545946,3.8902586,3.6868784,NISQAv2
/data/nhandt23/Dataset/MMSData/13GKsS26F4U/asr_subtitle/wavs_enhanced/13GKsS26F4U_04863.wav,2.6282704,2.608097,3.6824968,3.8163185,3.4226043,NISQAv2
/data/nhandt23/Dataset/MMSData/13GKsS26F4U/asr_subtitle/wavs_enhanced/13GKsS26F4U_02644.wav,3.2247636,2.1634753,4.141775,3.9556096,3.099239,NISQAv2
/data/nhandt23/Dataset/MMSData/13GKsS26F4U/asr_subtitle/wavs_enhanced/13GKsS26F4U_00959.wav,4.082923,2.6538613,4.353794,4.429172,4.3650846,NISQAv2
/data/nhandt23/Dataset/MMSData/13GKsS26F4U/asr_subtitle/wavs_enhanced/13GKsS26F4U_00622.wav,3.853893,2.9596639,4.3388243,3.680083,4.0962367,NISQAv2
/data/nhandt23/Dataset/MMSData/13GKsS26F4U/asr_subtitle/wavs_enhanced/13GKsS26F4U_05112.wav,3.1036098,2.6890786,4.1590514,4.1305175,4.093429,NISQAv2
/data/nhandt23/Dataset/MMSData/13GKsS26F4U/asr_subtitle/wavs_enhanced/13GKsS26F4U_02167.wav,3.5090778,2.8720462,4.117786,3.6704023,3.2528076,NISQAv2
/data/nhandt23/Dataset/MMSData/13GKsS26F4U/asr_subtitle/wavs_enhanced/13GKsS26F4U_00671.wav,2.3243716,2.713421,2.3589175,3.3618398,3.4698727,NISQAv2
/data/nhandt23/Dataset/MMSData/13GKsS26F4U/asr_subtitle/wavs_enhanced/13GKsS26F4U_03380.wav,2.5589209,2.1354635,2.111855,2.8864594,2.8953004,NISQAv2
/data/nhandt23/Dataset/MMSData/13GKsS26F4U/asr_subtitle/wavs_enhanced/13GKsS26F4U_01457.wav,3.6594098,2.759865,3.7719266,3.9297097,3.712154,NISQAv2
/data/nhandt23/Dataset/MMSData/13GKsS26F4U/asr_subtitle/wavs_enhanced/13GKsS26F4U_03367.wav,3.1763365,2.1469727,4.149688,3.8312886,3.752997,NISQAv2
/data/nhandt23/Dataset/MMSData/13GKsS26F4U/asr_subtitle/wavs_enhanced/13GKsS26F4U_02195.wav,2.9864507,2.7011335,3.2101157,3.7560055,3.8881733,NISQAv2
/data/nhandt23/Dataset/MMSData/13GKsS26F4U/asr_subtitle/wavs_enhanced/13GKsS26F4U_02682.wav,3.0863597,2.888397,4.0302377,3.767889,3.705924,NISQAv2
/data/nhandt23/Dataset/MMSData/13GKsS26F4U/asr_subtitle/wavs_enhanced/13GKsS26F4U_02465.wav,3.4418006,2.7582946,4.301566,4.0236015,3.5537362,NISQAv2
/data/nhandt23/Dataset/MMSData/13GKsS26F4U/asr_subtitle/wavs_enhanced/13GKsS26F4U_04979.wav,3.9805286,3.4080646,4.572848,4.541137,4.1319094,NISQAv2
/data/nhandt23/Dataset/MMSData/13GKsS26F4U/asr_subtitle/wavs_enhanced/13GKsS26F4U_01121.wav,3.722009,3.0034888,4.0649595,3.948526,3.6900384,NISQAv2
/data/nhandt23/Dataset/MMSData/13GKsS26F4U/asr_subtitle/wavs_enhanced/13GKsS26F4U_01467.wav,2.9703925,2.324795,2.9978912,3.3279674,3.4529622,NISQAv2
/data/nhandt23/Dataset/MMSData/13GKsS26F4U/asr_subtitle/wavs_enhanced/13GKsS26F4U_04391.wav,2.4738076,2.3170762,2.944058,3.6491358,3.9136093,NISQAv2
/data/nhandt23/Dataset/MMSData/13GKsS26F4U/asr_subtitle/wavs_enhanced/13GKsS26F4U_00534.wav,2.5249705,2.3128755,2.6175358,3.6675909,3.8561862,NISQAv2
/data/nhandt23/Dataset/MMSData/13GKsS26F4U/asr_subtitle/wavs_enhanced/13GKsS26F4U_02807.wav,3.5536535,2.5179188,4.194138,3.995137,3.8186877,NISQAv2
/data/nhandt23/Dataset/MMSData/13GKsS26F4U/asr_subtitle/wavs_enhanced/13GKsS26F4U_03497.wav,2.9118226,2.845438,3.4568202,3.8646154,3.9731705,NISQAv2
/data/nhandt23/Dataset/MMSData/13GKsS26F4U/asr_subtitle/wavs_enhanced/13GKsS26F4U_03732.wav,2.4259288,2.3473434,3.669521,4.1358685,2.6803238,NISQAv2
/data/nhandt23/Dataset/MMSData/13GKsS26F4U/asr_subtitle/wavs_enhanced/13GKsS26F4U_03464.wav,3.4609694,2.8203318,4.194213,4.080711,3.6598759,NISQAv2
/data/nhandt23/Dataset/MMSData/13GKsS26F4U/asr_subtitle/wavs_enhanced/13GKsS26F4U_02002.wav,3.837075,2.6752744,4.530576,4.3165817,4.2489023,NISQAv2
/data/nhandt23/Dataset/MMSData/13GKsS26F4U/asr_subtitle/wavs_enhanced/13GKsS26F4U_03128.wav,2.03973,2.1204226,1.8618214,3.057638,3.5960815,NISQAv2
/data/nhandt23/Dataset/MMSData/13GKsS26F4U/asr_subtitle/wavs_enhanced/13GKsS26F4U_01261.wav,3.393551,2.7514386,3.8062623,3.734806,3.8524868,NISQAv2
/data/nhandt23/Dataset/MMSData/13GKsS26F4U/asr_subtitle/wavs_enhanced/13GKsS26F4U_04787.wav,2.2736123,2.7077558,3.872776,3.6013236,3.56822,NISQAv2
/data/nhandt23/Dataset/MMSData/13GKsS26F4U/asr_subtitle/wavs_enhanced/13GKsS26F4U_01782.wav,3.8603,3.5034082,4.374722,4.28541,4.2824135,NISQAv2
/data/nhandt23/Dataset/MMSData/13GKsS26F4U/asr_subtitle/wavs_enhanced/13GKsS26F4U_05042.wav,2.7012537,2.6895752,4.267953,4.234787,3.59195,NISQAv2
/data/nhandt23/Dataset/MMSData/13GKsS26F4U/asr_subtitle/wavs_enhanced/13GKsS26F4U_00670.wav,4.2289805,4.0278525,4.4517546,4.0225186,4.2359347,NISQAv2
/data/nhandt23/Dataset/MMSData/13GKsS26F4U/asr_subtitle/wavs_enhanced/13GKsS26F4U_02958.wav,3.3368287,2.4593441,4.4282107,4.3011274,3.4196937,NISQAv2
/data/nhandt23/Dataset/MMSData/13GKsS26F4U/asr_subtitle/wavs_enhanced/13GKsS26F4U_00753.wav,3.2806146,2.767012,4.221498,3.8866427,3.3293617,NISQAv2
/data/nhandt23/Dataset/MMSData/13GKsS26F4U/asr_subtitle/wavs_enhanced/13GKsS26F4U_01430.wav,3.072285,1.9650216,4.2601013,4.0924406,4.058052,NISQAv2
/data/nhandt23/Dataset/MMSData/13GKsS26F4U/asr_subtitle/wavs_enhanced/13GKsS26F4U_00309.wav,2.2898276,2.407695,3.487369,3.0345595,3.147101,NISQAv2
/data/nhandt23/Dataset/MMSData/13GKsS26F4U/asr_subtitle/wavs_enhanced/13GKsS26F4U_03558.wav,2.2828457,3.72345,1.8785665,3.3920772,3.9514692,NISQAv2
/data/nhandt23/Dataset/MMSData/13GKsS26F4U/asr_subtitle/wavs_enhanced/13GKsS26F4U_00494.wav,2.8521,2.457219,3.9260604,3.951032,3.9354422,NISQAv2
/data/nhandt23/Dataset/MMSData/13GKsS26F4U/asr_subtitle/wavs_enhanced/13GKsS26F4U_01668.wav,3.704388,3.5108848,4.081743,4.021225,3.8463392,NISQAv2
/data/nhandt23/Dataset/MMSData/13GKsS26F4U/asr_subtitle/wavs_enhanced/13GKsS26F4U_02575.wav,2.8048344,2.4079037,2.7799642,3.604094,3.786815,NISQAv2
/data/nhandt23/Dataset/MMSData/13GKsS26F4U/asr_subtitle/wavs_enhanced/13GKsS26F4U_04565.wav,3.2007184,2.8481991,3.7951515,3.8024173,4.115891,NISQAv2
/data/nhandt23/Dataset/MMSData/13GKsS26F4U/asr_subtitle/wavs_enhanced/13GKsS26F4U_01520.wav,3.7121863,1.9324677,4.181809,4.1193566,3.1272318,NISQAv2
/data/nhandt23/Dataset/MMSData/13GKsS26F4U/asr_subtitle/wavs_enhanced/13GKsS26F4U_00929.wav,3.4445465,2.778031,4.030466,4.0231833,3.5465362,NISQAv2
/data/nhandt23/Dataset/MMSData/13GKsS26F4U/asr_subtitle/wavs_enhanced/13GKsS26F4U_03584.wav,3.3190835,2.6732385,3.7199528,3.841894,3.3001528,NISQAv2
/data/nhandt23/Dataset/MMSData/13GKsS26F4U/asr_subtitle/wavs_enhanced/13GKsS26F4U_03243.wav,4.214108,3.2418272,4.647401,4.475732,4.3882155,NISQAv2
/data/nhandt23/Dataset/MMSData/13GKsS26F4U/asr_subtitle/wavs_enhanced/13GKsS26F4U_05089.wav,2.3260005,3.0987399,2.4633267,3.3287117,3.3933315,NISQAv2
/data/nhandt23/Dataset/MMSData/13GKsS26F4U/asr_subtitle/wavs_enhanced/13GKsS26F4U_04249.wav,2.6337423,2.669484,3.5576568,3.4340928,3.5072587,NISQAv2
/data/nhandt23/Dataset/MMSData/13GKsS26F4U/asr_subtitle/wavs_enhanced/13GKsS26F4U_03299.wav,2.5692163,2.6127017,3.7930949,3.5487373,3.2870972,NISQAv2
/data/nhandt23/Dataset/MMSData/13GKsS26F4U/asr_subtitle/wavs_enhanced/13GKsS26F4U_00052.wav,3.283846,2.7230818,3.8738174,3.6224597,3.0908744,NISQAv2
/data/nhandt23/Dataset/MMSData/13GKsS26F4U/asr_subtitle/wavs_enhanced/13GKsS26F4U_05109.wav,3.01395,3.0493777,4.254298,3.7956579,3.7604825,NISQAv2
/data/nhandt23/Dataset/MMSData/13GKsS26F4U/asr_subtitle/wavs_enhanced/13GKsS26F4U_00667.wav,2.770749,2.0282848,2.660053,3.0815513,3.8126166,NISQAv2
/data/nhandt23/Dataset/MMSData/13GKsS26F4U/asr_subtitle/wavs_enhanced/13GKsS26F4U_04144.wav,3.8509533,2.9180682,3.9450033,4.0244436,3.91419,NISQAv2
/data/nhandt23/Dataset/MMSData/13GKsS26F4U/asr_subtitle/wavs_enhanced/13GKsS26F4U_03505.wav,3.1921477,2.0472007,4.1881833,4.1030664,3.1475468,NISQAv2
/data/nhandt23/Dataset/MMSData/13GKsS26F4U/asr_subtitle/wavs_enhanced/13GKsS26F4U_05072.wav,4.2968373,3.7683456,4.6449404,4.401448,4.3241687,NISQAv2
/data/nhandt23/Dataset/MMSData/13GKsS26F4U/asr_subtitle/wavs_enhanced/13GKsS26F4U_04386.wav,3.6753159,2.9836757,4.085743,3.970576,4.1469455,NISQAv2
/data/nhandt23/Dataset/MMSData/13GKsS26F4U/asr_subtitle/wavs_enhanced/13GKsS26F4U_00287.wav,4.203372,2.8460991,4.528614,4.166838,4.4601445,NISQAv2
/data/nhandt23/Dataset/MMSData/13GKsS26F4U/asr_subtitle/wavs_enhanced/13GKsS26F4U_00070.wav,2.5958838,2.895556,4.011089,3.794492,3.7092273,NISQAv2
/data/nhandt23/Dataset/MMSData/13GKsS26F4U/asr_subtitle/wavs_enhanced/13GKsS26F4U_03678.wav,4.2695255,2.3213518,4.294052,4.255922,4.2148542,NISQAv2
/data/nhandt23/Dataset/MMSData/13GKsS26F4U/asr_subtitle/wavs_enhanced/13GKsS26F4U_03139.wav,3.6949313,2.3224041,4.3490677,4.0079665,3.7854288,NISQAv2
/data/nhandt23/Dataset/MMSData/13GKsS26F4U/asr_subtitle/wavs_enhanced/13GKsS26F4U_04769.wav,3.797477,2.376177,4.691529,4.604154,4.364792,NISQAv2
/data/nhandt23/Dataset/MMSData/13GKsS26F4U/asr_subtitle/wavs_enhanced/13GKsS26F4U_02417.wav,4.2965536,3.3963711,4.580159,4.342175,4.3184757,NISQAv2
/data/nhandt23/Dataset/MMSData/13GKsS26F4U/asr_subtitle/wavs_enhanced/13GKsS26F4U_04338.wav,2.755738,2.9161274,3.6608446,3.7708428,3.2933578,NISQAv2
/data/nhandt23/Dataset/MMSData/13GKsS26F4U/asr_subtitle/wavs_enhanced/13GKsS26F4U_03516.wav,3.215947,3.6980703,3.97865,3.3043919,3.4824774,NISQAv2
/data/nhandt23/Dataset/MMSData/13GKsS26F4U/asr_subtitle/wavs_enhanced/13GKsS26F4U_00258.wav,3.0194738,2.1819532,4.2196884,3.9624891,3.5469491,NISQAv2
/data/nhandt23/Dataset/MMSData/13GKsS26F4U/asr_subtitle/wavs_enhanced/13GKsS26F4U_02176.wav,3.8792768,3.2582247,4.3095207,4.282947,4.204208,NISQAv2
/data/nhandt23/Dataset/MMSData/13GKsS26F4U/asr_subtitle/wavs_enhanced/13GKsS26F4U_01779.wav,3.3257155,3.338924,3.791825,3.4372153,3.7445629,NISQAv2
/data/nhandt23/Dataset/MMSData/13GKsS26F4U/asr_subtitle/wavs_enhanced/13GKsS26F4U_02271.wav,4.0062103,2.601742,4.3822575,4.30164,4.0395513,NISQAv2
/data/nhandt23/Dataset/MMSData/13GKsS26F4U/asr_subtitle/wavs_enhanced/13GKsS26F4U_04373.wav,3.6023269,2.2952623,4.4376054,4.210956,3.485185,NISQAv2
/data/nhandt23/Dataset/MMSData/13GKsS26F4U/asr_subtitle/wavs_enhanced/13GKsS26F4U_04206.wav,2.790731,2.31945,3.8450983,3.8719728,3.5327566,NISQAv2
/data/nhandt23/Dataset/MMSData/13GKsS26F4U/asr_subtitle/wavs_enhanced/13GKsS26F4U_02879.wav,3.600962,3.31533,4.3585787,4.0652614,3.4633925,NISQAv2
/data/nhandt23/Dataset/MMSData/13GKsS26F4U/asr_subtitle/wavs_enhanced/13GKsS26F4U_01412.wav,3.6045363,2.2841837,4.3163905,4.0498996,3.5753198,NISQAv2
/data/nhandt23/Dataset/MMSData/13GKsS26F4U/asr_subtitle/wavs_enhanced/13GKsS26F4U_03324.wav,3.7089577,2.712485,4.61934,4.190987,3.7632868,NISQAv2
/data/nhandt23/Dataset/MMSData/13GKsS26F4U/asr_subtitle/wavs_enhanced/13GKsS26F4U_03807.wav,3.1720505,2.4872909,4.0160556,3.8062794,3.555275,NISQAv2
/data/nhandt23/Dataset/MMSData/13GKsS26F4U/asr_subtitle/wavs_enhanced/13GKsS26F4U_00984.wav,3.2146647,2.6524656,3.5067966,3.493552,3.1743164,NISQAv2
/data/nhandt23/Dataset/MMSData/13GKsS26F4U/asr_subtitle/wavs_enhanced/13GKsS26F4U_02207.wav,3.949238,2.7565372,4.3484607,4.136553,3.536618,NISQAv2
/data/nhandt23/Dataset/MMSData/13GKsS26F4U/asr_subtitle/wavs_enhanced/13GKsS26F4U_01297.wav,3.299003,3.0274718,2.9012368,3.612325,4.129654,NISQAv2
/data/nhandt23/Dataset/MMSData/13GKsS26F4U/asr_subtitle/wavs_enhanced/13GKsS26F4U_02199.wav,2.6156023,2.9862225,3.827132,4.094687,3.7851617,NISQAv2
/data/nhandt23/Dataset/MMSData/13GKsS26F4U/asr_subtitle/wavs_enhanced/13GKsS26F4U_05088.wav,3.5290067,2.6639032,3.99,3.8557594,3.2714512,NISQAv2
/data/nhandt23/Dataset/MMSData/13GKsS26F4U/asr_subtitle/wavs_enhanced/13GKsS26F4U_01804.wav,3.5023673,3.4520028,4.2690277,4.08844,3.8826158,NISQAv2
/data/nhandt23/Dataset/MMSData/13GKsS26F4U/asr_subtitle/wavs_enhanced/13GKsS26F4U_01667.wav,3.5090177,2.3932877,4.2439127,4.132605,3.7413468,NISQAv2
/data/nhandt23/Dataset/MMSData/13GKsS26F4U/asr_subtitle/wavs_enhanced/13GKsS26F4U_00545.wav,2.9458869,2.471075,3.8172967,3.8334112,3.7733562,NISQAv2
/data/nhandt23/Dataset/MMSData/13GKsS26F4U/asr_subtitle/wavs_enhanced/13GKsS26F4U_01941.wav,4.024641,2.388241,4.4769745,4.1530857,3.5455782,NISQAv2
/data/nhandt23/Dataset/MMSData/13GKsS26F4U/asr_subtitle/wavs_enhanced/13GKsS26F4U_04681.wav,2.302998,3.2113073,3.3097885,2.968875,2.8625424,NISQAv2
/data/nhandt23/Dataset/MMSData/13GKsS26F4U/asr_subtitle/wavs_enhanced/13GKsS26F4U_01360.wav,4.2918415,3.2238119,4.6631002,4.3289285,4.290376,NISQAv2
/data/nhandt23/Dataset/MMSData/13GKsS26F4U/asr_subtitle/wavs_enhanced/13GKsS26F4U_00121.wav,2.975827,2.8548853,3.8483403,3.651967,3.6218977,NISQAv2
/data/nhandt23/Dataset/MMSData/13GKsS26F4U/asr_subtitle/wavs_enhanced/13GKsS26F4U_00917.wav,3.70511,3.0693977,4.5232854,4.048242,3.3355696,NISQAv2
/data/nhandt23/Dataset/MMSData/13GKsS26F4U/asr_subtitle/wavs_enhanced/13GKsS26F4U_01209.wav,3.3888657,2.2304986,3.3098838,3.7022655,3.430411,NISQAv2
/data/nhandt23/Dataset/MMSData/13GKsS26F4U/asr_subtitle/wavs_enhanced/13GKsS26F4U_02097.wav,3.3799546,2.7598057,4.4938745,4.2678356,3.9762917,NISQAv2
/data/nhandt23/Dataset/MMSData/13GKsS26F4U/asr_subtitle/wavs_enhanced/13GKsS26F4U_04055.wav,3.673996,3.0979073,4.142729,4.133535,3.5615156,NISQAv2
/data/nhandt23/Dataset/MMSData/13GKsS26F4U/asr_subtitle/wavs_enhanced/13GKsS26F4U_05078.wav,2.9118564,3.3087018,3.5367,3.8828745,3.5906994,NISQAv2
/data/nhandt23/Dataset/MMSData/13GKsS26F4U/asr_subtitle/wavs_enhanced/13GKsS26F4U_04283.wav,1.6826483,2.5398538,2.3815072,3.3112206,3.8311284,NISQAv2
/data/nhandt23/Dataset/MMSData/13GKsS26F4U/asr_subtitle/wavs_enhanced/13GKsS26F4U_01874.wav,3.4023764,2.4446692,4.291197,4.297057,3.6759877,NISQAv2
/data/nhandt23/Dataset/MMSData/13GKsS26F4U/asr_subtitle/wavs_enhanced/13GKsS26F4U_04180.wav,4.051947,3.0731847,4.4478674,4.3162494,4.113598,NISQAv2
/data/nhandt23/Dataset/MMSData/13GKsS26F4U/asr_subtitle/wavs_enhanced/13GKsS26F4U_05080.wav,3.2899618,2.740044,4.4470654,4.2249923,4.1942706,NISQAv2
/data/nhandt23/Dataset/MMSData/13GKsS26F4U/asr_subtitle/wavs_enhanced/13GKsS26F4U_00349.wav,2.8134792,2.8156776,4.1447325,3.9032035,3.683533,NISQAv2
/data/nhandt23/Dataset/MMSData/13GKsS26F4U/asr_subtitle/wavs_enhanced/13GKsS26F4U_00270.wav,4.4196844,4.0180383,4.7397094,4.439026,4.2445064,NISQAv2
/data/nhandt23/Dataset/MMSData/13GKsS26F4U/asr_subtitle/wavs_enhanced/13GKsS26F4U_01657.wav,3.7296317,3.0077631,4.086898,3.991627,3.6051831,NISQAv2
/data/nhandt23/Dataset/MMSData/13GKsS26F4U/asr_subtitle/wavs_enhanced/13GKsS26F4U_04050.wav,3.6684325,2.230678,4.2871404,3.8746367,3.6414685,NISQAv2
/data/nhandt23/Dataset/MMSData/13GKsS26F4U/asr_subtitle/wavs_enhanced/13GKsS26F4U_02527.wav,3.6131048,3.3267355,4.3352485,4.090142,4.010709,NISQAv2
/data/nhandt23/Dataset/MMSData/13GKsS26F4U/asr_subtitle/wavs_enhanced/13GKsS26F4U_04563.wav,3.8033612,2.9394095,4.6340585,4.2140517,4.2071614,NISQAv2
/data/nhandt23/Dataset/MMSData/13GKsS26F4U/asr_subtitle/wavs_enhanced/13GKsS26F4U_05127.wav,4.1259446,3.4259875,4.497055,4.207685,4.1400604,NISQAv2
/data/nhandt23/Dataset/MMSData/13GKsS26F4U/asr_subtitle/wavs_enhanced/13GKsS26F4U_02079.wav,3.3673303,2.9778242,4.251079,3.9899175,3.446606,NISQAv2
/data/nhandt23/Dataset/MMSData/13GKsS26F4U/asr_subtitle/wavs_enhanced/13GKsS26F4U_00808.wav,2.580911,2.7670994,2.4250414,3.0254984,3.1833122,NISQAv2
/data/nhandt23/Dataset/MMSData/13GKsS26F4U/asr_subtitle/wavs_enhanced/13GKsS26F4U_01887.wav,2.8367999,2.5210574,3.8202097,3.749502,3.6253397,NISQAv2
/data/nhandt23/Dataset/MMSData/13GKsS26F4U/asr_subtitle/wavs_enhanced/13GKsS26F4U_00555.wav,2.9867375,3.0785959,4.0798535,3.6830704,3.2264478,NISQAv2
/data/nhandt23/Dataset/MMSData/13GKsS26F4U/asr_subtitle/wavs_enhanced/13GKsS26F4U_01647.wav,3.3309784,3.0507805,4.2229433,4.194574,3.6549819,NISQAv2
/data/nhandt23/Dataset/MMSData/13GKsS26F4U/asr_subtitle/wavs_enhanced/13GKsS26F4U_01846.wav,3.555732,3.1370676,4.1081634,3.6089818,3.5604722,NISQAv2
/data/nhandt23/Dataset/MMSData/13GKsS26F4U/asr_subtitle/wavs_enhanced/13GKsS26F4U_02024.wav,4.18414,3.0130613,4.525181,4.3070073,4.3111224,NISQAv2
/data/nhandt23/Dataset/MMSData/13GKsS26F4U/asr_subtitle/wavs_enhanced/13GKsS26F4U_03000.wav,3.000362,2.3486655,4.0153384,3.977907,3.3856568,NISQAv2
/data/nhandt23/Dataset/MMSData/13GKsS26F4U/asr_subtitle/wavs_enhanced/13GKsS26F4U_04433.wav,3.4649425,2.7890303,4.254101,3.975369,3.1573644,NISQAv2
/data/nhandt23/Dataset/MMSData/13GKsS26F4U/asr_subtitle/wavs_enhanced/13GKsS26F4U_01856.wav,2.3589156,2.3915176,2.2629685,3.3440838,3.6717596,NISQAv2
/data/nhandt23/Dataset/MMSData/13GKsS26F4U/asr_subtitle/wavs_enhanced/13GKsS26F4U_01638.wav,3.5205925,2.7660244,3.583404,4.0248137,3.8131547,NISQAv2
/data/nhandt23/Dataset/MMSData/13GKsS26F4U/asr_subtitle/wavs_enhanced/13GKsS26F4U_01781.wav,3.05563,2.4955533,3.703729,3.4424455,3.1238487,NISQAv2
/data/nhandt23/Dataset/MMSData/13GKsS26F4U/asr_subtitle/wavs_enhanced/13GKsS26F4U_00423.wav,3.3787022,2.284283,3.6316903,3.584498,3.7065394,NISQAv2
/data/nhandt23/Dataset/MMSData/13GKsS26F4U/asr_subtitle/wavs_enhanced/13GKsS26F4U_04741.wav,2.9424376,2.1720965,3.934676,3.4716575,3.2963307,NISQAv2
/data/nhandt23/Dataset/MMSData/13GKsS26F4U/asr_subtitle/wavs_enhanced/13GKsS26F4U_02432.wav,3.2745874,2.6317642,3.2,3.6214726,3.9775167,NISQAv2
/data/nhandt23/Dataset/MMSData/13GKsS26F4U/asr_subtitle/wavs_enhanced/13GKsS26F4U_03099.wav,4.040607,2.2256556,3.9649723,4.1976347,4.136442,NISQAv2
/data/nhandt23/Dataset/MMSData/13GKsS26F4U/asr_subtitle/wavs_enhanced/13GKsS26F4U_02304.wav,2.9737377,2.2274947,2.6238494,3.7316267,3.0435767,NISQAv2
/data/nhandt23/Dataset/MMSData/13GKsS26F4U/asr_subtitle/wavs_enhanced/13GKsS26F4U_04845.wav,3.2112362,3.223497,3.749685,3.8396947,3.927889,NISQAv2
/data/nhandt23/Dataset/MMSData/13GKsS26F4U/asr_subtitle/wavs_enhanced/13GKsS26F4U_01619.wav,3.2217436,3.401478,4.462496,4.3096843,3.9864128,NISQAv2
/data/nhandt23/Dataset/MMSData/13GKsS26F4U/asr_subtitle/wavs_enhanced/13GKsS26F4U_02435.wav,2.954448,2.5175004,3.488842,3.2840064,3.881737,NISQAv2
/data/nhandt23/Dataset/MMSData/13GKsS26F4U/asr_subtitle/wavs_enhanced/13GKsS26F4U_02366.wav,3.760015,2.7315595,4.21869,4.0264015,3.5289762,NISQAv2
/data/nhandt23/Dataset/MMSData/13GKsS26F4U/asr_subtitle/wavs_enhanced/13GKsS26F4U_04199.wav,3.9230835,2.1959126,4.278304,4.2141004,3.6012018,NISQAv2
/data/nhandt23/Dataset/MMSData/13GKsS26F4U/asr_subtitle/wavs_enhanced/13GKsS26F4U_01152.wav,3.930576,2.608548,4.3222265,4.136771,3.8295538,NISQAv2
/data/nhandt23/Dataset/MMSData/13GKsS26F4U/asr_subtitle/wavs_enhanced/13GKsS26F4U_02548.wav,3.8957615,2.1687098,4.4387016,4.268837,3.845229,NISQAv2
/data/nhandt23/Dataset/MMSData/13GKsS26F4U/asr_subtitle/wavs_enhanced/13GKsS26F4U_02257.wav,3.496554,2.4280498,3.432618,3.8698955,3.7198484,NISQAv2
/data/nhandt23/Dataset/MMSData/13GKsS26F4U/asr_subtitle/wavs_enhanced/13GKsS26F4U_04428.wav,3.2975838,2.9333327,4.283614,4.036131,3.6065347,NISQAv2
/data/nhandt23/Dataset/MMSData/13GKsS26F4U/asr_subtitle/wavs_enhanced/13GKsS26F4U_04996.wav,2.95389,2.855127,4.088926,4.1791463,4.142692,NISQAv2
/data/nhandt23/Dataset/MMSData/13GKsS26F4U/asr_subtitle/wavs_enhanced/13GKsS26F4U_03615.wav,4.2048006,3.2095516,4.564287,4.3164525,4.0694013,NISQAv2
/data/nhandt23/Dataset/MMSData/13GKsS26F4U/asr_subtitle/wavs_enhanced/13GKsS26F4U_02507.wav,4.6415,3.1042736,4.7469254,4.3772144,4.507842,NISQAv2
/data/nhandt23/Dataset/MMSData/13GKsS26F4U/asr_subtitle/wavs_enhanced/13GKsS26F4U_03030.wav,1.7713298,2.235111,2.3681765,3.4801376,3.6749246,NISQAv2
/data/nhandt23/Dataset/MMSData/13GKsS26F4U/asr_subtitle/wavs_enhanced/13GKsS26F4U_00190.wav,3.4345253,2.9467895,4.2776165,4.0364866,3.6162953,NISQAv2
/data/nhandt23/Dataset/MMSData/13GKsS26F4U/asr_subtitle/wavs_enhanced/13GKsS26F4U_01229.wav,2.746415,2.6283934,3.820962,3.6418583,3.3238728,NISQAv2
/data/nhandt23/Dataset/MMSData/13GKsS26F4U/asr_subtitle/wavs_enhanced/13GKsS26F4U_02600.wav,3.6173472,3.2410467,4.063583,3.9197822,3.938245,NISQAv2
/data/nhandt23/Dataset/MMSData/13GKsS26F4U/asr_subtitle/wavs_enhanced/13GKsS26F4U_00778.wav,3.3433032,3.693083,4.320174,4.1029844,3.8242867,NISQAv2
/data/nhandt23/Dataset/MMSData/13GKsS26F4U/asr_subtitle/wavs_enhanced/13GKsS26F4U_01503.wav,2.806255,2.6915176,4.036523,3.6945775,3.6391468,NISQAv2
/data/nhandt23/Dataset/MMSData/13GKsS26F4U/asr_subtitle/wavs_enhanced/13GKsS26F4U_05120.wav,2.8536594,3.1094098,3.593236,3.4231944,3.6607637,NISQAv2
/data/nhandt23/Dataset/MMSData/13GKsS26F4U/asr_subtitle/wavs_enhanced/13GKsS26F4U_04333.wav,2.70764,2.7023365,3.6897275,3.6989357,3.615715,NISQAv2
/data/nhandt23/Dataset/MMSData/13GKsS26F4U/asr_subtitle/wavs_enhanced/13GKsS26F4U_01532.wav,3.0355718,2.9415522,4.280521,3.9884272,3.8325112,NISQAv2
/data/nhandt23/Dataset/MMSData/13GKsS26F4U/asr_subtitle/wavs_enhanced/13GKsS26F4U_00039.wav,2.7691202,2.0958607,4.0578203,3.7210348,3.2957604,NISQAv2
/data/nhandt23/Dataset/MMSData/13GKsS26F4U/asr_subtitle/wavs_enhanced/13GKsS26F4U_02584.wav,3.44167,3.3531911,4.1417675,4.1561275,4.0876756,NISQAv2
/data/nhandt23/Dataset/MMSData/13GKsS26F4U/asr_subtitle/wavs_enhanced/13GKsS26F4U_02376.wav,3.7001684,2.7639546,4.307209,4.0893235,4.07815,NISQAv2
/data/nhandt23/Dataset/MMSData/13GKsS26F4U/asr_subtitle/wavs_enhanced/13GKsS26F4U_02580.wav,4.410787,2.6778495,4.6981373,4.320587,4.296159,NISQAv2
/data/nhandt23/Dataset/MMSData/13GKsS26F4U/asr_subtitle/wavs_enhanced/13GKsS26F4U_02593.wav,4.2250767,3.2234573,4.5958977,4.2529526,3.85961,NISQAv2
/data/nhandt23/Dataset/MMSData/13GKsS26F4U/asr_subtitle/wavs_enhanced/13GKsS26F4U_03599.wav,3.2490628,2.5138052,4.1722846,4.0564713,3.888129,NISQAv2
/data/nhandt23/Dataset/MMSData/13GKsS26F4U/asr_subtitle/wavs_enhanced/13GKsS26F4U_01614.wav,3.5036213,2.768873,4.3676925,4.2333713,4.070916,NISQAv2
/data/nhandt23/Dataset/MMSData/13GKsS26F4U/asr_subtitle/wavs_enhanced/13GKsS26F4U_03140.wav,3.5242302,2.636284,4.4968605,4.2398634,4.089122,NISQAv2
/data/nhandt23/Dataset/MMSData/13GKsS26F4U/asr_subtitle/wavs_enhanced/13GKsS26F4U_02719.wav,3.676872,2.2731915,4.219976,4.069761,3.8756735,NISQAv2
/data/nhandt23/Dataset/MMSData/13GKsS26F4U/asr_subtitle/wavs_enhanced/13GKsS26F4U_04071.wav,2.6002195,2.7358978,3.7866266,3.924792,3.8537753,NISQAv2
/data/nhandt23/Dataset/MMSData/13GKsS26F4U/asr_subtitle/wavs_enhanced/13GKsS26F4U_03203.wav,3.0760744,2.601641,3.8427408,3.6728084,3.210862,NISQAv2
/data/nhandt23/Dataset/MMSData/13GKsS26F4U/asr_subtitle/wavs_enhanced/13GKsS26F4U_02920.wav,3.0710928,2.5727942,3.9805794,4.070111,2.6504037,NISQAv2
/data/nhandt23/Dataset/MMSData/13GKsS26F4U/asr_subtitle/wavs_enhanced/13GKsS26F4U_00060.wav,3.1916497,2.6735666,4.1456685,3.7461705,3.4769964,NISQAv2
/data/nhandt23/Dataset/MMSData/13GKsS26F4U/asr_subtitle/wavs_enhanced/13GKsS26F4U_05107.wav,2.2461944,2.8305628,2.0427828,3.3665786,3.8732376,NISQAv2
/data/nhandt23/Dataset/MMSData/13GKsS26F4U/asr_subtitle/wavs_enhanced/13GKsS26F4U_00265.wav,4.0393133,3.3063524,4.631378,4.3896422,4.1691008,NISQAv2
/data/nhandt23/Dataset/MMSData/13GKsS26F4U/asr_subtitle/wavs_enhanced/13GKsS26F4U_04181.wav,3.3458338,2.7567666,4.0424623,3.6522582,3.75525,NISQAv2
/data/nhandt23/Dataset/MMSData/13GKsS26F4U/asr_subtitle/wavs_enhanced/13GKsS26F4U_03116.wav,3.5109785,3.1927664,4.397744,4.263025,3.7789557,NISQAv2
/data/nhandt23/Dataset/MMSData/13GKsS26F4U/asr_subtitle/wavs_enhanced/13GKsS26F4U_00905.wav,3.5449002,2.4429853,4.178208,3.9459038,3.1875434,NISQAv2
/data/nhandt23/Dataset/MMSData/13GKsS26F4U/asr_subtitle/wavs_enhanced/13GKsS26F4U_04798.wav,1.9365561,3.1732857,2.2100787,3.3563797,3.9031975,NISQAv2
/data/nhandt23/Dataset/MMSData/13GKsS26F4U/asr_subtitle/wavs_enhanced/13GKsS26F4U_01108.wav,3.6373808,2.5868833,4.319309,3.967789,3.8826087,NISQAv2
/data/nhandt23/Dataset/MMSData/13GKsS26F4U/asr_subtitle/wavs_enhanced/13GKsS26F4U_01148.wav,3.4196563,2.600879,4.337982,3.949506,3.744975,NISQAv2
/data/nhandt23/Dataset/MMSData/13GKsS26F4U/asr_subtitle/wavs_enhanced/13GKsS26F4U_00882.wav,3.0426576,3.3827555,3.6859338,3.7644975,3.8725212,NISQAv2
/data/nhandt23/Dataset/MMSData/13GKsS26F4U/asr_subtitle/wavs_enhanced/13GKsS26F4U_03544.wav,3.8925593,3.1607265,4.346962,3.895147,3.8748033,NISQAv2
/data/nhandt23/Dataset/MMSData/13GKsS26F4U/asr_subtitle/wavs_enhanced/13GKsS26F4U_04231.wav,3.8355014,2.8902495,4.2499676,4.0404825,3.7826297,NISQAv2
/data/nhandt23/Dataset/MMSData/13GKsS26F4U/asr_subtitle/wavs_enhanced/13GKsS26F4U_04871.wav,3.0717041,3.089825,4.2216477,3.7383745,3.2790883,NISQAv2
/data/nhandt23/Dataset/MMSData/13GKsS26F4U/asr_subtitle/wavs_enhanced/13GKsS26F4U_02634.wav,3.6498797,2.4538178,4.451337,4.2434144,4.2731905,NISQAv2
/data/nhandt23/Dataset/MMSData/13GKsS26F4U/asr_subtitle/wavs_enhanced/13GKsS26F4U_04129.wav,3.6000893,2.674987,4.5379915,4.440562,3.8854976,NISQAv2
/data/nhandt23/Dataset/MMSData/13GKsS26F4U/asr_subtitle/wavs_enhanced/13GKsS26F4U_04698.wav,3.6107879,3.0215938,4.12147,3.8580492,3.6816247,NISQAv2
/data/nhandt23/Dataset/MMSData/13GKsS26F4U/asr_subtitle/wavs_enhanced/13GKsS26F4U_00043.wav,3.8242686,3.0923617,4.4256725,4.1086893,3.7083898,NISQAv2
/data/nhandt23/Dataset/MMSData/13GKsS26F4U/asr_subtitle/wavs_enhanced/13GKsS26F4U_03840.wav,3.0458019,2.1039834,4.2257676,4.063072,3.4438999,NISQAv2
/data/nhandt23/Dataset/MMSData/13GKsS26F4U/asr_subtitle/wavs_enhanced/13GKsS26F4U_03351.wav,3.5506003,2.77129,4.201479,3.9364343,3.8986764,NISQAv2
/data/nhandt23/Dataset/MMSData/13GKsS26F4U/asr_subtitle/wavs_enhanced/13GKsS26F4U_01505.wav,2.4854832,2.0825906,3.3262656,2.8528266,3.2297788,NISQAv2
/data/nhandt23/Dataset/MMSData/13GKsS26F4U/asr_subtitle/wavs_enhanced/13GKsS26F4U_02990.wav,2.5714452,2.8984025,3.5148132,3.6572764,3.454261,NISQAv2
/data/nhandt23/Dataset/MMSData/13GKsS26F4U/asr_subtitle/wavs_enhanced/13GKsS26F4U_03640.wav,4.1838446,2.8459246,4.499923,4.299708,3.9675157,NISQAv2
/data/nhandt23/Dataset/MMSData/13GKsS26F4U/asr_subtitle/wavs_enhanced/13GKsS26F4U_04804.wav,3.785926,3.4832304,4.422862,4.2451234,3.44915,NISQAv2
/data/nhandt23/Dataset/MMSData/13GKsS26F4U/asr_subtitle/wavs_enhanced/13GKsS26F4U_00012.wav,4.062689,2.8609407,4.620387,4.3620048,4.233154,NISQAv2
/data/nhandt23/Dataset/MMSData/13GKsS26F4U/asr_subtitle/wavs_enhanced/13GKsS26F4U_02368.wav,4.4117355,2.8454516,4.6685143,4.4695,4.1163163,NISQAv2
/data/nhandt23/Dataset/MMSData/13GKsS26F4U/asr_subtitle/wavs_enhanced/13GKsS26F4U_01264.wav,3.5439317,2.6902754,4.2998986,4.000628,3.9874566,NISQAv2
/data/nhandt23/Dataset/MMSData/13GKsS26F4U/asr_subtitle/wavs_enhanced/13GKsS26F4U_03636.wav,3.69393,3.2428055,4.4998155,4.214569,3.7940614,NISQAv2
/data/nhandt23/Dataset/MMSData/13GKsS26F4U/asr_subtitle/wavs_enhanced/13GKsS26F4U_00624.wav,3.1905773,2.3659928,4.328517,4.0449343,3.4748142,NISQAv2
/data/nhandt23/Dataset/MMSData/13GKsS26F4U/asr_subtitle/wavs_enhanced/13GKsS26F4U_01358.wav,2.112264,2.2626274,2.2729905,3.1278493,3.7627323,NISQAv2
/data/nhandt23/Dataset/MMSData/13GKsS26F4U/asr_subtitle/wavs_enhanced/13GKsS26F4U_02262.wav,3.8056104,2.743387,4.154204,4.1319323,3.7762935,NISQAv2
/data/nhandt23/Dataset/MMSData/13GKsS26F4U/asr_subtitle/wavs_enhanced/13GKsS26F4U_03662.wav,2.3094058,2.2644,3.5327609,3.1718981,3.2003381,NISQAv2
/data/nhandt23/Dataset/MMSData/13GKsS26F4U/asr_subtitle/wavs_enhanced/13GKsS26F4U_00301.wav,2.1992345,2.2199688,2.674186,3.046958,2.7475653,NISQAv2
/data/nhandt23/Dataset/MMSData/13GKsS26F4U/asr_subtitle/wavs_enhanced/13GKsS26F4U_01265.wav,3.1647267,2.6540596,4.1165648,3.7985246,3.868305,NISQAv2
/data/nhandt23/Dataset/MMSData/13GKsS26F4U/asr_subtitle/wavs_enhanced/13GKsS26F4U_00329.wav,3.0716617,2.952459,3.840091,3.9716802,3.8160546,NISQAv2
/data/nhandt23/Dataset/MMSData/13GKsS26F4U/asr_subtitle/wavs_enhanced/13GKsS26F4U_01243.wav,3.580303,3.0850973,4.257248,3.8234913,3.5871503,NISQAv2
/data/nhandt23/Dataset/MMSData/13GKsS26F4U/asr_subtitle/wavs_enhanced/13GKsS26F4U_04750.wav,4.064872,3.2936113,4.5585976,4.155607,3.7960708,NISQAv2
/data/nhandt23/Dataset/MMSData/13GKsS26F4U/asr_subtitle/wavs_enhanced/13GKsS26F4U_01252.wav,2.8351367,3.0049765,3.1032546,3.0987036,3.524152,NISQAv2
/data/nhandt23/Dataset/MMSData/13GKsS26F4U/asr_subtitle/wavs_enhanced/13GKsS26F4U_02197.wav,3.6032307,3.2262866,3.9215953,3.941201,4.0377493,NISQAv2
/data/nhandt23/Dataset/MMSData/13GKsS26F4U/asr_subtitle/wavs_enhanced/13GKsS26F4U_04095.wav,2.9027028,2.6188695,4.0996156,3.5591974,3.7984293,NISQAv2
/data/nhandt23/Dataset/MMSData/13GKsS26F4U/asr_subtitle/wavs_enhanced/13GKsS26F4U_01566.wav,3.5079267,2.424005,3.8895943,3.3607647,3.6570575,NISQAv2
/data/nhandt23/Dataset/MMSData/13GKsS26F4U/asr_subtitle/wavs_enhanced/13GKsS26F4U_01519.wav,3.457638,2.2440994,4.246223,4.120798,3.8726127,NISQAv2
/data/nhandt23/Dataset/MMSData/13GKsS26F4U/asr_subtitle/wavs_enhanced/13GKsS26F4U_03908.wav,2.9999876,2.9962873,3.9958231,3.4262092,3.0759997,NISQAv2
/data/nhandt23/Dataset/MMSData/13GKsS26F4U/asr_subtitle/wavs_enhanced/13GKsS26F4U_03493.wav,3.4100878,2.5775344,4.2185206,3.9553618,3.7320623,NISQAv2
/data/nhandt23/Dataset/MMSData/13GKsS26F4U/asr_subtitle/wavs_enhanced/13GKsS26F4U_01627.wav,3.095552,3.236082,3.637664,3.5832062,3.473961,NISQAv2
/data/nhandt23/Dataset/MMSData/13GKsS26F4U/asr_subtitle/wavs_enhanced/13GKsS26F4U_02513.wav,2.9301944,2.9981706,3.9071891,4.0834846,3.6834793,NISQAv2
/data/nhandt23/Dataset/MMSData/13GKsS26F4U/asr_subtitle/wavs_enhanced/13GKsS26F4U_02312.wav,4.412465,2.8792374,4.694871,4.469112,4.481608,NISQAv2
/data/nhandt23/Dataset/MMSData/13GKsS26F4U/asr_subtitle/wavs_enhanced/13GKsS26F4U_01320.wav,2.1611679,2.9065506,2.4887328,3.469014,3.9801044,NISQAv2
/data/nhandt23/Dataset/MMSData/13GKsS26F4U/asr_subtitle/wavs_enhanced/13GKsS26F4U_03873.wav,3.393216,2.1968718,4.2556944,4.1129823,3.3668458,NISQAv2
/data/nhandt23/Dataset/MMSData/13GKsS26F4U/asr_subtitle/wavs_enhanced/13GKsS26F4U_02860.wav,3.6656444,2.5964596,4.5763865,4.295272,4.3572235,NISQAv2
/data/nhandt23/Dataset/MMSData/13GKsS26F4U/asr_subtitle/wavs_enhanced/13GKsS26F4U_02000.wav,3.5100155,3.3428884,4.3842006,4.210126,3.7562907,NISQAv2
/data/nhandt23/Dataset/MMSData/13GKsS26F4U/asr_subtitle/wavs_enhanced/13GKsS26F4U_01325.wav,2.2596974,3.3201492,2.34984,3.2150733,2.8776202,NISQAv2
/data/nhandt23/Dataset/MMSData/13GKsS26F4U/asr_subtitle/wavs_enhanced/13GKsS26F4U_03750.wav,3.6339755,1.9648242,4.1273603,3.9557292,3.6781633,NISQAv2
/data/nhandt23/Dataset/MMSData/13GKsS26F4U/asr_subtitle/wavs_enhanced/13GKsS26F4U_02717.wav,4.0143523,2.7207797,4.7113714,4.356792,4.1749415,NISQAv2
/data/nhandt23/Dataset/MMSData/13GKsS26F4U/asr_subtitle/wavs_enhanced/13GKsS26F4U_00157.wav,2.6743553,2.8414028,3.7631462,3.7770243,3.3885334,NISQAv2
/data/nhandt23/Dataset/MMSData/13GKsS26F4U/asr_subtitle/wavs_enhanced/13GKsS26F4U_01169.wav,1.8011,2.395895,2.256311,2.465868,2.8072095,NISQAv2
/data/nhandt23/Dataset/MMSData/13GKsS26F4U/asr_subtitle/wavs_enhanced/13GKsS26F4U_00017.wav,2.9625058,2.5815322,4.2133217,4.222447,3.7144375,NISQAv2
/data/nhandt23/Dataset/MMSData/13GKsS26F4U/asr_subtitle/wavs_enhanced/13GKsS26F4U_01057.wav,2.9670222,3.010308,3.9409044,3.6132665,3.128952,NISQAv2
/data/nhandt23/Dataset/MMSData/13GKsS26F4U/asr_subtitle/wavs_enhanced/13GKsS26F4U_01587.wav,3.147043,2.1515734,3.526629,3.7374256,3.954354,NISQAv2
/data/nhandt23/Dataset/MMSData/13GKsS26F4U/asr_subtitle/wavs_enhanced/13GKsS26F4U_00128.wav,2.800584,2.1620176,4.060489,3.9211047,3.1942198,NISQAv2
/data/nhandt23/Dataset/MMSData/13GKsS26F4U/asr_subtitle/wavs_enhanced/13GKsS26F4U_01240.wav,3.798498,2.6797693,4.3505564,4.1982803,3.9769552,NISQAv2
/data/nhandt23/Dataset/MMSData/13GKsS26F4U/asr_subtitle/wavs_enhanced/13GKsS26F4U_01883.wav,4.1750317,2.6411483,4.4178333,4.312164,4.0709233,NISQAv2
/data/nhandt23/Dataset/MMSData/13GKsS26F4U/asr_subtitle/wavs_enhanced/13GKsS26F4U_01612.wav,3.5711067,2.815083,4.326053,4.053928,4.029763,NISQAv2
/data/nhandt23/Dataset/MMSData/13GKsS26F4U/asr_subtitle/wavs_enhanced/13GKsS26F4U_04591.wav,3.881167,3.1245072,4.3363614,3.923216,4.0505505,NISQAv2
/data/nhandt23/Dataset/MMSData/13GKsS26F4U/asr_subtitle/wavs_enhanced/13GKsS26F4U_02166.wav,3.9167254,2.1629682,4.6909533,4.244506,4.1000924,NISQAv2
/data/nhandt23/Dataset/MMSData/13GKsS26F4U/asr_subtitle/wavs_enhanced/13GKsS26F4U_05110.wav,3.1026323,1.9945201,4.253419,3.8620594,3.3151848,NISQAv2
/data/nhandt23/Dataset/MMSData/13GKsS26F4U/asr_subtitle/wavs_enhanced/13GKsS26F4U_01214.wav,3.4374511,2.7976959,4.142308,3.745188,3.6354573,NISQAv2
/data/nhandt23/Dataset/MMSData/13GKsS26F4U/asr_subtitle/wavs_enhanced/13GKsS26F4U_00927.wav,3.9003165,3.2114754,4.4865355,4.190125,3.9260392,NISQAv2
/data/nhandt23/Dataset/MMSData/13GKsS26F4U/asr_subtitle/wavs_enhanced/13GKsS26F4U_05004.wav,3.3579786,3.5469372,4.170289,4.2801085,4.1524,NISQAv2
/data/nhandt23/Dataset/MMSData/13GKsS26F4U/asr_subtitle/wavs_enhanced/13GKsS26F4U_01009.wav,3.956168,3.595176,4.142318,4.0274067,3.9820988,NISQAv2
/data/nhandt23/Dataset/MMSData/13GKsS26F4U/asr_subtitle/wavs_enhanced/13GKsS26F4U_04714.wav,1.9379596,1.9674525,3.0326557,3.4420109,3.074338,NISQAv2
/data/nhandt23/Dataset/MMSData/13GKsS26F4U/asr_subtitle/wavs_enhanced/13GKsS26F4U_03658.wav,3.335327,2.8804286,4.2780333,3.8663309,3.9423053,NISQAv2
/data/nhandt23/Dataset/MMSData/13GKsS26F4U/asr_subtitle/wavs_enhanced/13GKsS26F4U_04449.wav,3.8595154,2.4479904,4.426484,4.3297963,4.1166024,NISQAv2
/data/nhandt23/Dataset/MMSData/13GKsS26F4U/asr_subtitle/wavs_enhanced/13GKsS26F4U_00851.wav,2.7266424,2.7196553,2.6509092,3.3099735,3.7079208,NISQAv2
/data/nhandt23/Dataset/MMSData/13GKsS26F4U/asr_subtitle/wavs_enhanced/13GKsS26F4U_04339.wav,3.488423,3.189509,3.7916763,3.7868207,3.641416,NISQAv2
/data/nhandt23/Dataset/MMSData/13GKsS26F4U/asr_subtitle/wavs_enhanced/13GKsS26F4U_01220.wav,3.9246347,2.9513543,4.3729343,4.240042,3.4899714,NISQAv2
/data/nhandt23/Dataset/MMSData/13GKsS26F4U/asr_subtitle/wavs_enhanced/13GKsS26F4U_01827.wav,3.6919906,2.9278843,4.2597284,4.0128126,3.7847922,NISQAv2
/data/nhandt23/Dataset/MMSData/13GKsS26F4U/asr_subtitle/wavs_enhanced/13GKsS26F4U_00635.wav,3.8095868,3.636776,4.2303123,3.8512113,4.072933,NISQAv2
/data/nhandt23/Dataset/MMSData/13GKsS26F4U/asr_subtitle/wavs_enhanced/13GKsS26F4U_03778.wav,3.450684,2.5337834,4.5247965,4.221069,3.8140671,NISQAv2
/data/nhandt23/Dataset/MMSData/13GKsS26F4U/asr_subtitle/wavs_enhanced/13GKsS26F4U_01868.wav,3.4470904,2.5796068,4.447184,3.9389808,3.6126332,NISQAv2
/data/nhandt23/Dataset/MMSData/13GKsS26F4U/asr_subtitle/wavs_enhanced/13GKsS26F4U_04508.wav,3.5289266,2.4963446,4.4158907,4.142737,3.84835,NISQAv2
/data/nhandt23/Dataset/MMSData/13GKsS26F4U/asr_subtitle/wavs_enhanced/13GKsS26F4U_03381.wav,4.0022736,2.4639168,4.585557,4.3151336,3.9724803,NISQAv2
/data/nhandt23/Dataset/MMSData/13GKsS26F4U/asr_subtitle/wavs_enhanced/13GKsS26F4U_02224.wav,3.1434855,2.3858917,3.9850428,3.8682816,3.290899,NISQAv2
/data/nhandt23/Dataset/MMSData/13GKsS26F4U/asr_subtitle/wavs_enhanced/13GKsS26F4U_00163.wav,4.150079,3.2860973,4.475293,4.307285,4.2982225,NISQAv2
/data/nhandt23/Dataset/MMSData/13GKsS26F4U/asr_subtitle/wavs_enhanced/13GKsS26F4U_03366.wav,3.3296835,2.3333018,3.9625556,4.0217586,3.184665,NISQAv2
/data/nhandt23/Dataset/MMSData/13GKsS26F4U/asr_subtitle/wavs_enhanced/13GKsS26F4U_03383.wav,2.991068,2.5331028,4.474565,4.0082526,3.745271,NISQAv2
/data/nhandt23/Dataset/MMSData/13GKsS26F4U/asr_subtitle/wavs_enhanced/13GKsS26F4U_01194.wav,3.8469694,2.7326605,4.3351994,3.9616966,4.0218806,NISQAv2
/data/nhandt23/Dataset/MMSData/13GKsS26F4U/asr_subtitle/wavs_enhanced/13GKsS26F4U_02110.wav,3.5464587,2.686165,4.5203896,4.179314,4.3015604,NISQAv2
/data/nhandt23/Dataset/MMSData/13GKsS26F4U/asr_subtitle/wavs_enhanced/13GKsS26F4U_02536.wav,3.5583494,2.072597,4.143794,4.0030065,3.88579,NISQAv2
/data/nhandt23/Dataset/MMSData/13GKsS26F4U/asr_subtitle/wavs_enhanced/13GKsS26F4U_02237.wav,4.227212,2.7903583,4.6785088,4.3640876,4.245108,NISQAv2
/data/nhandt23/Dataset/MMSData/13GKsS26F4U/asr_subtitle/wavs_enhanced/13GKsS26F4U_01201.wav,4.2098904,3.8693993,4.4135423,4.2816496,3.9999037,NISQAv2
/data/nhandt23/Dataset/MMSData/13GKsS26F4U/asr_subtitle/wavs_enhanced/13GKsS26F4U_01687.wav,3.5157154,2.3909605,4.3392534,4.0914025,3.8428588,NISQAv2
/data/nhandt23/Dataset/MMSData/13GKsS26F4U/asr_subtitle/wavs_enhanced/13GKsS26F4U_03590.wav,3.5983756,1.9710633,4.3880014,3.9824812,3.5770912,NISQAv2
/data/nhandt23/Dataset/MMSData/13GKsS26F4U/asr_subtitle/wavs_enhanced/13GKsS26F4U_00390.wav,3.0705266,2.7969892,4.086092,3.432899,3.1138232,NISQAv2
/data/nhandt23/Dataset/MMSData/13GKsS26F4U/asr_subtitle/wavs_enhanced/13GKsS26F4U_01518.wav,2.3536675,2.225888,2.931523,3.0494976,3.2202775,NISQAv2
/data/nhandt23/Dataset/MMSData/13GKsS26F4U/asr_subtitle/wavs_enhanced/13GKsS26F4U_01623.wav,3.6702073,2.5338764,4.4374876,4.141904,3.7724128,NISQAv2
/data/nhandt23/Dataset/MMSData/13GKsS26F4U/asr_subtitle/wavs_enhanced/13GKsS26F4U_04033.wav,2.0787601,2.2470834,3.9328244,4.037657,3.924986,NISQAv2
/data/nhandt23/Dataset/MMSData/13GKsS26F4U/asr_subtitle/wavs_enhanced/13GKsS26F4U_01308.wav,4.0986605,3.2847903,4.5254526,4.241898,4.155734,NISQAv2
/data/nhandt23/Dataset/MMSData/13GKsS26F4U/asr_subtitle/wavs_enhanced/13GKsS26F4U_03633.wav,4.011453,2.751289,4.490521,4.287036,4.22341,NISQAv2
/data/nhandt23/Dataset/MMSData/13GKsS26F4U/asr_subtitle/wavs_enhanced/13GKsS26F4U_05119.wav,2.3963113,2.782378,3.3275928,3.8145864,4.0848985,NISQAv2
/data/nhandt23/Dataset/MMSData/13GKsS26F4U/asr_subtitle/wavs_enhanced/13GKsS26F4U_02750.wav,3.6332123,2.9063027,4.2540545,4.0854707,3.883313,NISQAv2
/data/nhandt23/Dataset/MMSData/13GKsS26F4U/asr_subtitle/wavs_enhanced/13GKsS26F4U_00754.wav,3.964443,2.6389637,4.473851,4.292555,3.9076266,NISQAv2
/data/nhandt23/Dataset/MMSData/13GKsS26F4U/asr_subtitle/wavs_enhanced/13GKsS26F4U_03286.wav,3.472341,2.0477183,4.2122574,3.8575504,3.1964533,NISQAv2
/data/nhandt23/Dataset/MMSData/13GKsS26F4U/asr_subtitle/wavs_enhanced/13GKsS26F4U_01993.wav,4.1267424,2.6972673,4.646063,4.43138,4.1717353,NISQAv2
/data/nhandt23/Dataset/MMSData/13GKsS26F4U/asr_subtitle/wavs_enhanced/13GKsS26F4U_04396.wav,3.8423357,2.4662306,4.4666324,4.1465735,4.2184787,NISQAv2
/data/nhandt23/Dataset/MMSData/13GKsS26F4U/asr_subtitle/wavs_enhanced/13GKsS26F4U_04124.wav,3.922615,2.386216,4.3263083,4.261492,4.146269,NISQAv2
/data/nhandt23/Dataset/MMSData/13GKsS26F4U/asr_subtitle/wavs_enhanced/13GKsS26F4U_04102.wav,2.588234,2.502496,2.370005,2.8545413,2.9372008,NISQAv2
/data/nhandt23/Dataset/MMSData/13GKsS26F4U/asr_subtitle/wavs_enhanced/13GKsS26F4U_04740.wav,4.080211,2.8267176,4.202547,4.417978,4.285825,NISQAv2
/data/nhandt23/Dataset/MMSData/13GKsS26F4U/asr_subtitle/wavs_enhanced/13GKsS26F4U_04869.wav,2.5195181,2.9363134,2.324658,3.4113615,3.5282018,NISQAv2
/data/nhandt23/Dataset/MMSData/13GKsS26F4U/asr_subtitle/wavs_enhanced/13GKsS26F4U_01335.wav,3.4203494,2.2494318,4.1030173,3.9466145,3.8293576,NISQAv2
/data/nhandt23/Dataset/MMSData/13GKsS26F4U/asr_subtitle/wavs_enhanced/13GKsS26F4U_00014.wav,3.0270817,3.2904027,4.4332,4.2515535,3.9765012,NISQAv2
/data/nhandt23/Dataset/MMSData/13GKsS26F4U/asr_subtitle/wavs_enhanced/13GKsS26F4U_02744.wav,3.1696866,3.1695602,3.5694678,3.703231,3.7103927,NISQAv2
/data/nhandt23/Dataset/MMSData/13GKsS26F4U/asr_subtitle/wavs_enhanced/13GKsS26F4U_01636.wav,2.2428591,2.942176,3.127678,3.4202962,3.0175526,NISQAv2
/data/nhandt23/Dataset/MMSData/13GKsS26F4U/asr_subtitle/wavs_enhanced/13GKsS26F4U_01988.wav,3.1761253,3.1765914,3.8936555,3.7349868,3.4620082,NISQAv2
/data/nhandt23/Dataset/MMSData/13GKsS26F4U/asr_subtitle/wavs_enhanced/13GKsS26F4U_01447.wav,3.0248673,2.4799218,3.844591,3.5530632,3.146258,NISQAv2
/data/nhandt23/Dataset/MMSData/13GKsS26F4U/asr_subtitle/wavs_enhanced/13GKsS26F4U_00279.wav,3.3797646,2.8731952,4.4579387,4.2778964,3.8316276,NISQAv2
/data/nhandt23/Dataset/MMSData/13GKsS26F4U/asr_subtitle/wavs_enhanced/13GKsS26F4U_02186.wav,3.4450684,2.17071,4.1555123,4.0798364,3.9167373,NISQAv2
/data/nhandt23/Dataset/MMSData/13GKsS26F4U/asr_subtitle/wavs_enhanced/13GKsS26F4U_02290.wav,3.7097607,2.5119255,4.108159,3.7218165,3.9192264,NISQAv2
/data/nhandt23/Dataset/MMSData/13GKsS26F4U/asr_subtitle/wavs_enhanced/13GKsS26F4U_04664.wav,2.9072328,2.8274374,3.6395478,3.5226865,3.1724188,NISQAv2
/data/nhandt23/Dataset/MMSData/13GKsS26F4U/asr_subtitle/wavs_enhanced/13GKsS26F4U_04720.wav,3.4756677,2.9531887,4.186782,3.9913697,3.2536278,NISQAv2
/data/nhandt23/Dataset/MMSData/13GKsS26F4U/asr_subtitle/wavs_enhanced/13GKsS26F4U_01061.wav,3.774027,3.4483173,4.106728,3.6712112,4.02724,NISQAv2
/data/nhandt23/Dataset/MMSData/13GKsS26F4U/asr_subtitle/wavs_enhanced/13GKsS26F4U_00611.wav,3.1020367,3.1122715,3.3988328,3.7124078,3.6584032,NISQAv2
/data/nhandt23/Dataset/MMSData/13GKsS26F4U/asr_subtitle/wavs_enhanced/13GKsS26F4U_02528.wav,3.0528562,2.3805926,4.037733,3.8408306,3.4564137,NISQAv2
/data/nhandt23/Dataset/MMSData/13GKsS26F4U/asr_subtitle/wavs_enhanced/13GKsS26F4U_02933.wav,3.5595477,2.267059,4.36837,4.1894574,3.918034,NISQAv2
/data/nhandt23/Dataset/MMSData/13GKsS26F4U/asr_subtitle/wavs_enhanced/13GKsS26F4U_03392.wav,3.127227,2.4161,3.7385054,3.639951,3.9861963,NISQAv2
/data/nhandt23/Dataset/MMSData/13GKsS26F4U/asr_subtitle/wavs_enhanced/13GKsS26F4U_02650.wav,2.2872133,2.9225876,3.764687,3.5755632,3.827207,NISQAv2
/data/nhandt23/Dataset/MMSData/13GKsS26F4U/asr_subtitle/wavs_enhanced/13GKsS26F4U_02138.wav,3.724625,2.976137,3.896568,4.3038077,4.1265197,NISQAv2
/data/nhandt23/Dataset/MMSData/13GKsS26F4U/asr_subtitle/wavs_enhanced/13GKsS26F4U_01774.wav,2.7821646,2.4233425,3.8395529,3.4385114,2.824615,NISQAv2
/data/nhandt23/Dataset/MMSData/13GKsS26F4U/asr_subtitle/wavs_enhanced/13GKsS26F4U_04654.wav,3.192249,2.7256114,3.5375555,3.8867033,4.107187,NISQAv2
/data/nhandt23/Dataset/MMSData/13GKsS26F4U/asr_subtitle/wavs_enhanced/13GKsS26F4U_01488.wav,2.6677907,2.9663217,3.8946855,3.977579,3.9582522,NISQAv2
/data/nhandt23/Dataset/MMSData/13GKsS26F4U/asr_subtitle/wavs_enhanced/13GKsS26F4U_03554.wav,2.714209,2.326347,4.0560246,3.6989734,3.1564903,NISQAv2
/data/nhandt23/Dataset/MMSData/13GKsS26F4U/asr_subtitle/wavs_enhanced/13GKsS26F4U_01862.wav,3.5160239,2.4422493,4.0068135,3.796405,3.4130309,NISQAv2
/data/nhandt23/Dataset/MMSData/13GKsS26F4U/asr_subtitle/wavs_enhanced/13GKsS26F4U_00925.wav,3.2734134,2.4888759,3.9019737,3.746155,3.7565305,NISQAv2
/data/nhandt23/Dataset/MMSData/13GKsS26F4U/asr_subtitle/wavs_enhanced/13GKsS26F4U_03248.wav,3.7101665,2.6914232,4.488699,4.107701,4.1274056,NISQAv2
/data/nhandt23/Dataset/MMSData/13GKsS26F4U/asr_subtitle/wavs_enhanced/13GKsS26F4U_04504.wav,3.5799859,2.6056743,4.311806,4.2215934,4.056877,NISQAv2
/data/nhandt23/Dataset/MMSData/13GKsS26F4U/asr_subtitle/wavs_enhanced/13GKsS26F4U_01476.wav,2.5676239,2.8129175,2.6604407,3.6323874,3.6235163,NISQAv2
/data/nhandt23/Dataset/MMSData/13GKsS26F4U/asr_subtitle/wavs_enhanced/13GKsS26F4U_01652.wav,3.8506482,3.6377113,3.9342067,4.2157674,4.1773787,NISQAv2
/data/nhandt23/Dataset/MMSData/13GKsS26F4U/asr_subtitle/wavs_enhanced/13GKsS26F4U_03895.wav,2.3814979,2.6725757,3.520587,4.0228567,4.14819,NISQAv2
/data/nhandt23/Dataset/MMSData/13GKsS26F4U/asr_subtitle/wavs_enhanced/13GKsS26F4U_00841.wav,3.6532378,3.2244697,4.480916,4.1020603,4.18519,NISQAv2
/data/nhandt23/Dataset/MMSData/13GKsS26F4U/asr_subtitle/wavs_enhanced/13GKsS26F4U_01634.wav,3.429424,2.6744106,4.194414,4.166652,3.7572272,NISQAv2
/data/nhandt23/Dataset/MMSData/13GKsS26F4U/asr_subtitle/wavs_enhanced/13GKsS26F4U_03412.wav,3.7443306,2.5904834,4.5357256,4.252013,4.091343,NISQAv2
/data/nhandt23/Dataset/MMSData/13GKsS26F4U/asr_subtitle/wavs_enhanced/13GKsS26F4U_04800.wav,3.8757818,3.0991962,3.9475074,3.83222,3.550465,NISQAv2
/data/nhandt23/Dataset/MMSData/13GKsS26F4U/asr_subtitle/wavs_enhanced/13GKsS26F4U_03157.wav,4.3200245,2.8160865,4.696167,4.4859414,4.3341775,NISQAv2
/data/nhandt23/Dataset/MMSData/13GKsS26F4U/asr_subtitle/wavs_enhanced/13GKsS26F4U_03585.wav,3.8195143,2.706507,4.376132,4.128385,4.1111264,NISQAv2
/data/nhandt23/Dataset/MMSData/13GKsS26F4U/asr_subtitle/wavs_enhanced/13GKsS26F4U_03280.wav,4.033088,3.0592246,4.5637918,4.2026315,3.2142005,NISQAv2
/data/nhandt23/Dataset/MMSData/13GKsS26F4U/asr_subtitle/wavs_enhanced/13GKsS26F4U_00293.wav,4.0996323,2.260727,4.605892,4.4857163,4.305118,NISQAv2
/data/nhandt23/Dataset/MMSData/13GKsS26F4U/asr_subtitle/wavs_enhanced/13GKsS26F4U_00320.wav,3.3111007,3.5570939,4.40805,3.9867053,4.0886908,NISQAv2
/data/nhandt23/Dataset/MMSData/13GKsS26F4U/asr_subtitle/wavs_enhanced/13GKsS26F4U_05159.wav,3.4837685,3.3979352,4.1997204,3.6504798,3.5784361,NISQAv2
/data/nhandt23/Dataset/MMSData/13GKsS26F4U/asr_subtitle/wavs_enhanced/13GKsS26F4U_01141.wav,3.7567348,3.1117032,4.020801,3.9707494,3.939583,NISQAv2
/data/nhandt23/Dataset/MMSData/13GKsS26F4U/asr_subtitle/wavs_enhanced/13GKsS26F4U_00542.wav,3.9129038,3.403835,4.32896,3.9970682,3.8823013,NISQAv2
/data/nhandt23/Dataset/MMSData/13GKsS26F4U/asr_subtitle/wavs_enhanced/13GKsS26F4U_01202.wav,3.8603504,2.9165123,4.2654953,4.210976,4.087027,NISQAv2
/data/nhandt23/Dataset/MMSData/13GKsS26F4U/asr_subtitle/wavs_enhanced/13GKsS26F4U_04240.wav,3.2383459,2.6217482,4.190634,3.704069,3.021081,NISQAv2
/data/nhandt23/Dataset/MMSData/13GKsS26F4U/asr_subtitle/wavs_enhanced/13GKsS26F4U_00617.wav,3.5468693,3.1656034,3.861786,3.8841288,3.818548,NISQAv2
/data/nhandt23/Dataset/MMSData/13GKsS26F4U/asr_subtitle/wavs_enhanced/13GKsS26F4U_05043.wav,3.0211828,3.2828705,2.7861874,3.177892,3.3674085,NISQAv2
/data/nhandt23/Dataset/MMSData/13GKsS26F4U/asr_subtitle/wavs_enhanced/13GKsS26F4U_02844.wav,3.6123557,2.1149917,4.4696326,4.232652,3.512022,NISQAv2
/data/nhandt23/Dataset/MMSData/13GKsS26F4U/asr_subtitle/wavs_enhanced/13GKsS26F4U_02837.wav,3.0081415,2.899046,4.088023,3.8329449,3.5633261,NISQAv2
/data/nhandt23/Dataset/MMSData/13GKsS26F4U/asr_subtitle/wavs_enhanced/13GKsS26F4U_04638.wav,2.7050145,3.0617702,2.8474877,3.1254017,3.506612,NISQAv2
/data/nhandt23/Dataset/MMSData/13GKsS26F4U/asr_subtitle/wavs_enhanced/13GKsS26F4U_03867.wav,4.199157,3.1673338,4.480543,4.347716,3.864422,NISQAv2
/data/nhandt23/Dataset/MMSData/13GKsS26F4U/asr_subtitle/wavs_enhanced/13GKsS26F4U_00446.wav,3.072122,2.6833813,3.5851526,3.4614444,3.4964154,NISQAv2
/data/nhandt23/Dataset/MMSData/13GKsS26F4U/asr_subtitle/wavs_enhanced/13GKsS26F4U_01063.wav,3.5653076,3.247834,4.351888,4.0982394,3.932316,NISQAv2
/data/nhandt23/Dataset/MMSData/13GKsS26F4U/asr_subtitle/wavs_enhanced/13GKsS26F4U_01031.wav,3.0852172,2.15214,3.8282163,3.6794016,3.1408587,NISQAv2
/data/nhandt23/Dataset/MMSData/13GKsS26F4U/asr_subtitle/wavs_enhanced/13GKsS26F4U_01398.wav,3.100266,2.2331226,2.6275272,3.4283283,3.9356444,NISQAv2
/data/nhandt23/Dataset/MMSData/13GKsS26F4U/asr_subtitle/wavs_enhanced/13GKsS26F4U_00317.wav,2.8224041,2.4399383,3.9315813,3.485178,3.0552049,NISQAv2
/data/nhandt23/Dataset/MMSData/13GKsS26F4U/asr_subtitle/wavs_enhanced/13GKsS26F4U_03790.wav,3.9154754,2.4408689,4.5023184,4.331546,3.9927185,NISQAv2
/data/nhandt23/Dataset/MMSData/13GKsS26F4U/asr_subtitle/wavs_enhanced/13GKsS26F4U_00476.wav,3.6094322,3.2510788,4.566905,4.14713,3.8401084,NISQAv2
/data/nhandt23/Dataset/MMSData/13GKsS26F4U/asr_subtitle/wavs_enhanced/13GKsS26F4U_03734.wav,3.6675723,2.7289395,4.5076237,4.003307,3.5933383,NISQAv2
/data/nhandt23/Dataset/MMSData/13GKsS26F4U/asr_subtitle/wavs_enhanced/13GKsS26F4U_03276.wav,3.4861534,2.783607,4.2508535,3.7947433,3.4960437,NISQAv2
/data/nhandt23/Dataset/MMSData/13GKsS26F4U/asr_subtitle/wavs_enhanced/13GKsS26F4U_01195.wav,3.0116763,3.027549,2.7569108,3.456063,3.2431276,NISQAv2
/data/nhandt23/Dataset/MMSData/13GKsS26F4U/asr_subtitle/wavs_enhanced/13GKsS26F4U_02553.wav,2.9252331,2.9994075,3.3793366,3.4141688,3.5218499,NISQAv2
/data/nhandt23/Dataset/MMSData/13GKsS26F4U/asr_subtitle/wavs_enhanced/13GKsS26F4U_03822.wav,3.7237098,2.6956728,4.329779,4.0308595,4.0926433,NISQAv2
/data/nhandt23/Dataset/MMSData/13GKsS26F4U/asr_subtitle/wavs_enhanced/13GKsS26F4U_02007.wav,3.192942,2.5593443,4.1821947,3.8258955,3.783738,NISQAv2
/data/nhandt23/Dataset/MMSData/13GKsS26F4U/asr_subtitle/wavs_enhanced/13GKsS26F4U_04674.wav,3.4824605,3.2431905,4.145749,3.7106428,3.8142438,NISQAv2
/data/nhandt23/Dataset/MMSData/13GKsS26F4U/asr_subtitle/wavs_enhanced/13GKsS26F4U_03011.wav,2.9256842,2.8083475,3.9266284,3.9638658,3.541026,NISQAv2
/data/nhandt23/Dataset/MMSData/13GKsS26F4U/asr_subtitle/wavs_enhanced/13GKsS26F4U_03799.wav,2.399319,2.4774635,2.9155238,2.9071212,2.6878989,NISQAv2
/data/nhandt23/Dataset/MMSData/13GKsS26F4U/asr_subtitle/wavs_enhanced/13GKsS26F4U_02106.wav,3.049658,2.2211537,4.262087,4.15537,3.6774209,NISQAv2
/data/nhandt23/Dataset/MMSData/13GKsS26F4U/asr_subtitle/wavs_enhanced/13GKsS26F4U_00019.wav,3.4700882,2.2974746,4.2975097,3.9066343,3.828566,NISQAv2
/data/nhandt23/Dataset/MMSData/13GKsS26F4U/asr_subtitle/wavs_enhanced/13GKsS26F4U_04657.wav,4.196012,3.3158548,4.64454,4.4351416,4.2234817,NISQAv2
/data/nhandt23/Dataset/MMSData/13GKsS26F4U/asr_subtitle/wavs_enhanced/13GKsS26F4U_04525.wav,4.306412,3.4903378,4.6712627,4.3665853,4.401891,NISQAv2
/data/nhandt23/Dataset/MMSData/13GKsS26F4U/asr_subtitle/wavs_enhanced/13GKsS26F4U_00244.wav,3.177041,3.3165472,3.5052044,3.8162756,3.6209254,NISQAv2
/data/nhandt23/Dataset/MMSData/13GKsS26F4U/asr_subtitle/wavs_enhanced/13GKsS26F4U_02248.wav,3.60054,2.551359,3.7402241,3.737369,3.6386476,NISQAv2
/data/nhandt23/Dataset/MMSData/13GKsS26F4U/asr_subtitle/wavs_enhanced/13GKsS26F4U_04327.wav,3.004122,2.5446622,3.9498107,4.086342,3.5602458,NISQAv2
/data/nhandt23/Dataset/MMSData/13GKsS26F4U/asr_subtitle/wavs_enhanced/13GKsS26F4U_02081.wav,3.6360505,2.6261063,4.2478743,4.0294943,4.00067,NISQAv2
/data/nhandt23/Dataset/MMSData/13GKsS26F4U/asr_subtitle/wavs_enhanced/13GKsS26F4U_01193.wav,3.290736,3.3714936,4.141996,4.1269517,3.9983733,NISQAv2
/data/nhandt23/Dataset/MMSData/13GKsS26F4U/asr_subtitle/wavs_enhanced/13GKsS26F4U_00587.wav,3.0731077,2.723173,3.8697083,3.7900054,3.5675097,NISQAv2
/data/nhandt23/Dataset/MMSData/13GKsS26F4U/asr_subtitle/wavs_enhanced/13GKsS26F4U_04280.wav,3.5256994,2.916045,4.238836,3.9498074,3.8402724,NISQAv2
/data/nhandt23/Dataset/MMSData/13GKsS26F4U/asr_subtitle/wavs_enhanced/13GKsS26F4U_00632.wav,3.0292318,3.2907307,3.54827,3.132325,4.153733,NISQAv2
/data/nhandt23/Dataset/MMSData/13GKsS26F4U/asr_subtitle/wavs_enhanced/13GKsS26F4U_00485.wav,3.64942,2.7544215,4.4066772,4.1899457,4.181571,NISQAv2
/data/nhandt23/Dataset/MMSData/13GKsS26F4U/asr_subtitle/wavs_enhanced/13GKsS26F4U_01949.wav,2.815214,3.173695,4.084672,3.7219856,3.7100136,NISQAv2
/data/nhandt23/Dataset/MMSData/13GKsS26F4U/asr_subtitle/wavs_enhanced/13GKsS26F4U_03796.wav,2.9128482,2.474499,3.9711354,3.8282604,3.6434965,NISQAv2
/data/nhandt23/Dataset/MMSData/13GKsS26F4U/asr_subtitle/wavs_enhanced/13GKsS26F4U_03560.wav,3.2060726,2.6060827,4.260444,4.0943694,3.6969726,NISQAv2
/data/nhandt23/Dataset/MMSData/13GKsS26F4U/asr_subtitle/wavs_enhanced/13GKsS26F4U_00639.wav,2.6065261,2.6065154,3.0224075,3.3920114,3.3055117,NISQAv2
/data/nhandt23/Dataset/MMSData/13GKsS26F4U/asr_subtitle/wavs_enhanced/13GKsS26F4U_02966.wav,4.0670595,3.2161324,4.2378807,4.091162,4.0713096,NISQAv2
/data/nhandt23/Dataset/MMSData/13GKsS26F4U/asr_subtitle/wavs_enhanced/13GKsS26F4U_04635.wav,3.9186459,3.0650313,4.516777,4.241003,4.106286,NISQAv2
/data/nhandt23/Dataset/MMSData/13GKsS26F4U/asr_subtitle/wavs_enhanced/13GKsS26F4U_04307.wav,2.8206046,2.895873,2.539401,3.6685367,3.2244513,NISQAv2
/data/nhandt23/Dataset/MMSData/13GKsS26F4U/asr_subtitle/wavs_enhanced/13GKsS26F4U_03874.wav,3.238518,2.0852976,4.079047,4.1022325,3.0063107,NISQAv2
/data/nhandt23/Dataset/MMSData/13GKsS26F4U/asr_subtitle/wavs_enhanced/13GKsS26F4U_02542.wav,3.5948777,2.342136,4.1676097,3.9183195,4.0471463,NISQAv2
/data/nhandt23/Dataset/MMSData/13GKsS26F4U/asr_subtitle/wavs_enhanced/13GKsS26F4U_01829.wav,3.992952,3.1262462,4.1425476,4.112777,3.8741143,NISQAv2
/data/nhandt23/Dataset/MMSData/13GKsS26F4U/asr_subtitle/wavs_enhanced/13GKsS26F4U_04754.wav,3.5953689,2.596158,4.3992147,3.998101,3.7943096,NISQAv2
/data/nhandt23/Dataset/MMSData/13GKsS26F4U/asr_subtitle/wavs_enhanced/13GKsS26F4U_01024.wav,2.4351456,3.372262,3.4135458,3.8660371,3.9551356,NISQAv2
/data/nhandt23/Dataset/MMSData/13GKsS26F4U/asr_subtitle/wavs_enhanced/13GKsS26F4U_00068.wav,4.198862,2.550718,4.3366375,4.1283755,3.8336096,NISQAv2
/data/nhandt23/Dataset/MMSData/13GKsS26F4U/asr_subtitle/wavs_enhanced/13GKsS26F4U_00033.wav,3.0601666,2.7371619,3.3174832,3.542074,3.6485734,NISQAv2
/data/nhandt23/Dataset/MMSData/13GKsS26F4U/asr_subtitle/wavs_enhanced/13GKsS26F4U_00526.wav,3.5497606,2.8378606,3.8987696,3.5796173,3.8251016,NISQAv2
/data/nhandt23/Dataset/MMSData/13GKsS26F4U/asr_subtitle/wavs_enhanced/13GKsS26F4U_04058.wav,3.6399786,3.0912957,4.413299,4.1337023,4.0139756,NISQAv2
/data/nhandt23/Dataset/MMSData/13GKsS26F4U/asr_subtitle/wavs_enhanced/13GKsS26F4U_03594.wav,2.4096057,2.3798769,2.230224,3.362445,3.804724,NISQAv2
/data/nhandt23/Dataset/MMSData/13GKsS26F4U/asr_subtitle/wavs_enhanced/13GKsS26F4U_00794.wav,2.9452856,3.0548034,4.0418324,3.9049742,3.7311664,NISQAv2
/data/nhandt23/Dataset/MMSData/13GKsS26F4U/asr_subtitle/wavs_enhanced/13GKsS26F4U_04870.wav,3.0863163,2.139515,4.184211,3.994167,3.7765296,NISQAv2
/data/nhandt23/Dataset/MMSData/13GKsS26F4U/asr_subtitle/wavs_enhanced/13GKsS26F4U_00634.wav,3.4737303,2.0535579,4.150218,4.022937,3.5145514,NISQAv2
/data/nhandt23/Dataset/MMSData/13GKsS26F4U/asr_subtitle/wavs_enhanced/13GKsS26F4U_05131.wav,3.649541,3.3825982,4.3956637,4.2006917,4.1753983,NISQAv2
/data/nhandt23/Dataset/MMSData/13GKsS26F4U/asr_subtitle/wavs_enhanced/13GKsS26F4U_01814.wav,4.039174,3.5602744,4.507044,4.0826664,4.0603113,NISQAv2
/data/nhandt23/Dataset/MMSData/13GKsS26F4U/asr_subtitle/wavs_enhanced/13GKsS26F4U_02227.wav,3.2737265,2.3713481,3.670867,3.6565735,3.5214183,NISQAv2
/data/nhandt23/Dataset/MMSData/13GKsS26F4U/asr_subtitle/wavs_enhanced/13GKsS26F4U_03227.wav,2.69791,2.729177,2.3555465,3.071411,3.0521748,NISQAv2
/data/nhandt23/Dataset/MMSData/13GKsS26F4U/asr_subtitle/wavs_enhanced/13GKsS26F4U_02805.wav,3.8859704,3.3123534,4.3961396,4.1679664,3.9492006,NISQAv2
/data/nhandt23/Dataset/MMSData/13GKsS26F4U/asr_subtitle/wavs_enhanced/13GKsS26F4U_00543.wav,3.2681644,2.7402098,3.8028543,3.8213208,3.8420272,NISQAv2
/data/nhandt23/Dataset/MMSData/13GKsS26F4U/asr_subtitle/wavs_enhanced/13GKsS26F4U_03105.wav,3.2180042,2.2289228,4.0283146,3.7518055,3.5246694,NISQAv2
/data/nhandt23/Dataset/MMSData/13GKsS26F4U/asr_subtitle/wavs_enhanced/13GKsS26F4U_01270.wav,3.7193131,2.6540177,4.3420286,4.354644,4.0510354,NISQAv2
/data/nhandt23/Dataset/MMSData/13GKsS26F4U/asr_subtitle/wavs_enhanced/13GKsS26F4U_02050.wav,3.7233295,2.5444314,3.9515798,3.7718606,3.5558648,NISQAv2
/data/nhandt23/Dataset/MMSData/13GKsS26F4U/asr_subtitle/wavs_enhanced/13GKsS26F4U_03893.wav,3.463114,2.2485988,4.270034,4.0312624,3.0809603,NISQAv2
/data/nhandt23/Dataset/MMSData/13GKsS26F4U/asr_subtitle/wavs_enhanced/13GKsS26F4U_04359.wav,3.3440259,2.4593034,3.9046054,3.612159,3.7563963,NISQAv2
/data/nhandt23/Dataset/MMSData/13GKsS26F4U/asr_subtitle/wavs_enhanced/13GKsS26F4U_00724.wav,2.829338,2.3711126,2.6537576,3.5044763,3.0093813,NISQAv2
/data/nhandt23/Dataset/MMSData/13GKsS26F4U/asr_subtitle/wavs_enhanced/13GKsS26F4U_03791.wav,2.8873475,2.4137704,3.4195812,3.7933552,3.9426816,NISQAv2
/data/nhandt23/Dataset/MMSData/13GKsS26F4U/asr_subtitle/wavs_enhanced/13GKsS26F4U_02508.wav,3.6131873,2.4635117,4.026294,4.1495986,4.2811913,NISQAv2
/data/nhandt23/Dataset/MMSData/13GKsS26F4U/asr_subtitle/wavs_enhanced/13GKsS26F4U_03462.wav,3.3860958,2.8348715,3.9076202,3.8575308,3.866759,NISQAv2
/data/nhandt23/Dataset/MMSData/13GKsS26F4U/asr_subtitle/wavs_enhanced/13GKsS26F4U_00812.wav,4.053343,3.3807435,4.460727,4.183212,4.1090646,NISQAv2
/data/nhandt23/Dataset/MMSData/13GKsS26F4U/asr_subtitle/wavs_enhanced/13GKsS26F4U_04932.wav,2.4411814,2.9816248,2.171131,3.2848504,3.366175,NISQAv2
/data/nhandt23/Dataset/MMSData/13GKsS26F4U/asr_subtitle/wavs_enhanced/13GKsS26F4U_02582.wav,3.643088,2.9010322,4.386834,4.0950565,3.5814345,NISQAv2
/data/nhandt23/Dataset/MMSData/13GKsS26F4U/asr_subtitle/wavs_enhanced/13GKsS26F4U_01646.wav,2.785433,2.622471,3.3442132,3.67334,3.8408914,NISQAv2
/data/nhandt23/Dataset/MMSData/13GKsS26F4U/asr_subtitle/wavs_enhanced/13GKsS26F4U_02881.wav,2.8567116,3.6582346,3.8800137,3.749234,3.5783336,NISQAv2
/data/nhandt23/Dataset/MMSData/13GKsS26F4U/asr_subtitle/wavs_enhanced/13GKsS26F4U_03323.wav,3.9252164,3.1285677,4.3731546,4.0797577,3.9498436,NISQAv2
/data/nhandt23/Dataset/MMSData/13GKsS26F4U/asr_subtitle/wavs_enhanced/13GKsS26F4U_01353.wav,3.1805284,3.040654,4.306338,4.0356092,3.5103214,NISQAv2
/data/nhandt23/Dataset/MMSData/13GKsS26F4U/asr_subtitle/wavs_enhanced/13GKsS26F4U_01180.wav,3.3468106,2.7192767,4.1297283,3.7996218,3.3688755,NISQAv2
/data/nhandt23/Dataset/MMSData/13GKsS26F4U/asr_subtitle/wavs_enhanced/13GKsS26F4U_00537.wav,3.0612826,2.610957,4.088774,3.977299,3.266548,NISQAv2
/data/nhandt23/Dataset/MMSData/13GKsS26F4U/asr_subtitle/wavs_enhanced/13GKsS26F4U_02014.wav,3.665015,2.3208992,4.0457053,4.3055944,4.019171,NISQAv2
/data/nhandt23/Dataset/MMSData/13GKsS26F4U/asr_subtitle/wavs_enhanced/13GKsS26F4U_01871.wav,2.6906798,3.1412017,4.001652,3.7804537,3.62758,NISQAv2
/data/nhandt23/Dataset/MMSData/13GKsS26F4U/asr_subtitle/wavs_enhanced/13GKsS26F4U_00550.wav,2.2746162,3.0518486,2.434138,3.146243,3.3584783,NISQAv2
/data/nhandt23/Dataset/MMSData/13GKsS26F4U/asr_subtitle/wavs_enhanced/13GKsS26F4U_00046.wav,3.484931,2.4936368,4.0618515,4.059928,3.4977446,NISQAv2
/data/nhandt23/Dataset/MMSData/13GKsS26F4U/asr_subtitle/wavs_enhanced/13GKsS26F4U_04208.wav,3.4096222,3.0419953,3.935869,3.8369029,3.699472,NISQAv2
/data/nhandt23/Dataset/MMSData/13GKsS26F4U/asr_subtitle/wavs_enhanced/13GKsS26F4U_04158.wav,3.8729677,3.0599146,4.4530706,4.131822,3.5839338,NISQAv2
/data/nhandt23/Dataset/MMSData/13GKsS26F4U/asr_subtitle/wavs_enhanced/13GKsS26F4U_04487.wav,4.698206,3.6038432,4.7482862,4.5759635,4.5490003,NISQAv2
/data/nhandt23/Dataset/MMSData/13GKsS26F4U/asr_subtitle/wavs_enhanced/13GKsS26F4U_03028.wav,3.3841503,3.152291,4.2946506,4.0588164,3.9421184,NISQAv2
/data/nhandt23/Dataset/MMSData/13GKsS26F4U/asr_subtitle/wavs_enhanced/13GKsS26F4U_03903.wav,4.2096114,3.068734,4.572221,4.3864117,4.2093263,NISQAv2
/data/nhandt23/Dataset/MMSData/13GKsS26F4U/asr_subtitle/wavs_enhanced/13GKsS26F4U_03641.wav,4.0235195,2.5519397,4.577074,4.4259324,4.0410523,NISQAv2
/data/nhandt23/Dataset/MMSData/13GKsS26F4U/asr_subtitle/wavs_enhanced/13GKsS26F4U_00142.wav,2.1838017,2.6518228,2.8123455,3.340009,3.1710122,NISQAv2
/data/nhandt23/Dataset/MMSData/13GKsS26F4U/asr_subtitle/wavs_enhanced/13GKsS26F4U_03364.wav,3.0707138,2.4835398,3.0596464,3.6359499,3.467768,NISQAv2
/data/nhandt23/Dataset/MMSData/13GKsS26F4U/asr_subtitle/wavs_enhanced/13GKsS26F4U_01504.wav,2.6583226,2.3997958,2.7457929,3.3407302,3.75582,NISQAv2
/data/nhandt23/Dataset/MMSData/13GKsS26F4U/asr_subtitle/wavs_enhanced/13GKsS26F4U_03931.wav,3.8446496,2.4653451,4.3000817,3.9528048,3.7508085,NISQAv2
/data/nhandt23/Dataset/MMSData/13GKsS26F4U/asr_subtitle/wavs_enhanced/13GKsS26F4U_00728.wav,3.4018743,2.8576796,2.9039795,3.4841056,3.874145,NISQAv2
/data/nhandt23/Dataset/MMSData/13GKsS26F4U/asr_subtitle/wavs_enhanced/13GKsS26F4U_01615.wav,3.3782053,2.4302292,4.3578506,4.127943,3.2853115,NISQAv2
/data/nhandt23/Dataset/MMSData/13GKsS26F4U/asr_subtitle/wavs_enhanced/13GKsS26F4U_05009.wav,3.2769153,2.5137875,4.162652,3.903195,3.1302094,NISQAv2
/data/nhandt23/Dataset/MMSData/13GKsS26F4U/asr_subtitle/wavs_enhanced/13GKsS26F4U_00892.wav,4.2330246,3.3907354,4.567593,4.4308085,3.611089,NISQAv2
/data/nhandt23/Dataset/MMSData/13GKsS26F4U/asr_subtitle/wavs_enhanced/13GKsS26F4U_00327.wav,2.2106721,3.1045918,3.47262,3.2537236,3.4172814,NISQAv2
/data/nhandt23/Dataset/MMSData/13GKsS26F4U/asr_subtitle/wavs_enhanced/13GKsS26F4U_02656.wav,2.908024,3.0750701,4.035492,3.4911134,3.5729592,NISQAv2
/data/nhandt23/Dataset/MMSData/13GKsS26F4U/asr_subtitle/wavs_enhanced/13GKsS26F4U_04285.wav,2.9096076,2.8663008,3.6767237,3.3163466,3.121115,NISQAv2
/data/nhandt23/Dataset/MMSData/13GKsS26F4U/asr_subtitle/wavs_enhanced/13GKsS26F4U_02792.wav,3.9187617,2.7426884,4.4902368,4.132464,3.3071463,NISQAv2
/data/nhandt23/Dataset/MMSData/13GKsS26F4U/asr_subtitle/wavs_enhanced/13GKsS26F4U_01708.wav,2.5518317,2.6263232,2.5776641,2.555427,3.1013057,NISQAv2
/data/nhandt23/Dataset/MMSData/13GKsS26F4U/asr_subtitle/wavs_enhanced/13GKsS26F4U_02128.wav,3.9031305,3.2741141,4.2859726,4.1559258,3.9218233,NISQAv2
/data/nhandt23/Dataset/MMSData/13GKsS26F4U/asr_subtitle/wavs_enhanced/13GKsS26F4U_03253.wav,3.640367,2.7341094,4.303726,4.1994305,3.397943,NISQAv2
/data/nhandt23/Dataset/MMSData/13GKsS26F4U/asr_subtitle/wavs_enhanced/13GKsS26F4U_02510.wav,4.2514186,3.022483,4.599674,4.3329277,4.0775485,NISQAv2
/data/nhandt23/Dataset/MMSData/13GKsS26F4U/asr_subtitle/wavs_enhanced/13GKsS26F4U_02694.wav,3.2805061,2.9260423,4.507166,4.312924,3.9485602,NISQAv2
/data/nhandt23/Dataset/MMSData/13GKsS26F4U/asr_subtitle/wavs_enhanced/13GKsS26F4U_02607.wav,3.1765487,2.37469,4.146211,3.844526,3.1750362,NISQAv2
/data/nhandt23/Dataset/MMSData/13GKsS26F4U/asr_subtitle/wavs_enhanced/13GKsS26F4U_05142.wav,3.8403337,3.3633955,4.3197756,3.847462,3.408506,NISQAv2
/data/nhandt23/Dataset/MMSData/13GKsS26F4U/asr_subtitle/wavs_enhanced/13GKsS26F4U_04578.wav,3.2955346,2.9045901,3.6197188,3.573385,3.477531,NISQAv2
/data/nhandt23/Dataset/MMSData/13GKsS26F4U/asr_subtitle/wavs_enhanced/13GKsS26F4U_01215.wav,3.0169961,2.1719816,3.5293465,3.5830472,3.3403423,NISQAv2
/data/nhandt23/Dataset/MMSData/13GKsS26F4U/asr_subtitle/wavs_enhanced/13GKsS26F4U_04959.wav,3.174121,3.0107057,4.3791275,4.0887284,3.8786037,NISQAv2
/data/nhandt23/Dataset/MMSData/13GKsS26F4U/asr_subtitle/wavs_enhanced/13GKsS26F4U_04174.wav,3.6549146,2.8295026,4.2275715,3.8488038,3.919037,NISQAv2
/data/nhandt23/Dataset/MMSData/13GKsS26F4U/asr_subtitle/wavs_enhanced/13GKsS26F4U_03422.wav,3.5516338,2.2565305,4.2614136,3.934222,3.7301693,NISQAv2
/data/nhandt23/Dataset/MMSData/13GKsS26F4U/asr_subtitle/wavs_enhanced/13GKsS26F4U_05006.wav,3.9725704,3.8430853,4.3035107,4.040915,4.0393443,NISQAv2
/data/nhandt23/Dataset/MMSData/13GKsS26F4U/asr_subtitle/wavs_enhanced/13GKsS26F4U_02294.wav,3.2012615,2.74037,4.135071,3.8219101,3.4528124,NISQAv2
/data/nhandt23/Dataset/MMSData/13GKsS26F4U/asr_subtitle/wavs_enhanced/13GKsS26F4U_00563.wav,3.1840823,3.6022694,4.022859,3.7908502,3.7073157,NISQAv2
/data/nhandt23/Dataset/MMSData/13GKsS26F4U/asr_subtitle/wavs_enhanced/13GKsS26F4U_02348.wav,3.2443957,2.821966,4.151451,3.792521,3.1840737,NISQAv2
/data/nhandt23/Dataset/MMSData/13GKsS26F4U/asr_subtitle/wavs_enhanced/13GKsS26F4U_02118.wav,3.75508,2.9751046,4.338028,4.2239366,4.0175185,NISQAv2
/data/nhandt23/Dataset/MMSData/13GKsS26F4U/asr_subtitle/wavs_enhanced/13GKsS26F4U_05106.wav,3.289812,2.6632931,4.2265778,3.9618936,3.5900776,NISQAv2
/data/nhandt23/Dataset/MMSData/13GKsS26F4U/asr_subtitle/wavs_enhanced/13GKsS26F4U_01375.wav,3.662103,2.3064299,4.255245,4.1073127,3.8495457,NISQAv2
/data/nhandt23/Dataset/MMSData/13GKsS26F4U/asr_subtitle/wavs_enhanced/13GKsS26F4U_03661.wav,3.9940517,2.3915784,4.5110855,4.219111,3.917968,NISQAv2
/data/nhandt23/Dataset/MMSData/13GKsS26F4U/asr_subtitle/wavs_enhanced/13GKsS26F4U_03643.wav,4.0438786,3.5139272,4.5773015,4.1892257,3.9562519,NISQAv2
/data/nhandt23/Dataset/MMSData/13GKsS26F4U/asr_subtitle/wavs_enhanced/13GKsS26F4U_01112.wav,3.09927,2.2219648,4.1056952,3.4451005,2.8181856,NISQAv2
/data/nhandt23/Dataset/MMSData/13GKsS26F4U/asr_subtitle/wavs_enhanced/13GKsS26F4U_00124.wav,2.9076211,3.3777523,3.8059297,3.6327217,3.8168693,NISQAv2
/data/nhandt23/Dataset/MMSData/13GKsS26F4U/asr_subtitle/wavs_enhanced/13GKsS26F4U_02420.wav,3.4523532,3.2589676,3.7548153,3.950226,3.927008,NISQAv2
/data/nhandt23/Dataset/MMSData/13GKsS26F4U/asr_subtitle/wavs_enhanced/13GKsS26F4U_01730.wav,3.2160497,2.7199173,4.0202017,3.941434,3.2787774,NISQAv2
/data/nhandt23/Dataset/MMSData/13GKsS26F4U/asr_subtitle/wavs_enhanced/13GKsS26F4U_04503.wav,3.2777216,2.8550513,3.9472327,3.587333,3.6604238,NISQAv2
/data/nhandt23/Dataset/MMSData/13GKsS26F4U/asr_subtitle/wavs_enhanced/13GKsS26F4U_01155.wav,2.7140903,3.2130086,3.9053483,3.8262324,3.2736373,NISQAv2
/data/nhandt23/Dataset/MMSData/13GKsS26F4U/asr_subtitle/wavs_enhanced/13GKsS26F4U_03398.wav,2.115688,2.4051592,2.2153645,2.9030862,3.390228,NISQAv2
/data/nhandt23/Dataset/MMSData/13GKsS26F4U/asr_subtitle/wavs_enhanced/13GKsS26F4U_01282.wav,2.5978825,3.1140316,3.8162384,3.6560051,3.2531114,NISQAv2
/data/nhandt23/Dataset/MMSData/13GKsS26F4U/asr_subtitle/wavs_enhanced/13GKsS26F4U_00192.wav,4.0903854,2.971707,4.313843,4.1463137,4.001525,NISQAv2
/data/nhandt23/Dataset/MMSData/13GKsS26F4U/asr_subtitle/wavs_enhanced/13GKsS26F4U_01260.wav,4.1374483,2.9002929,4.3516407,4.244238,4.207726,NISQAv2
/data/nhandt23/Dataset/MMSData/13GKsS26F4U/asr_subtitle/wavs_enhanced/13GKsS26F4U_03113.wav,3.2753088,2.4190814,4.445667,4.1453443,3.7665234,NISQAv2
/data/nhandt23/Dataset/MMSData/13GKsS26F4U/asr_subtitle/wavs_enhanced/13GKsS26F4U_05104.wav,3.2677941,3.2838733,4.433867,4.0161386,3.5983677,NISQAv2
/data/nhandt23/Dataset/MMSData/13GKsS26F4U/asr_subtitle/wavs_enhanced/13GKsS26F4U_01101.wav,4.6053834,3.5521274,4.620824,4.5703783,4.4912124,NISQAv2
/data/nhandt23/Dataset/MMSData/13GKsS26F4U/asr_subtitle/wavs_enhanced/13GKsS26F4U_03704.wav,3.913351,2.588832,4.4328117,4.2246575,4.1419435,NISQAv2
/data/nhandt23/Dataset/MMSData/13GKsS26F4U/asr_subtitle/wavs_enhanced/13GKsS26F4U_01582.wav,2.9831293,2.8494418,3.9401634,3.9048934,3.7402217,NISQAv2
/data/nhandt23/Dataset/MMSData/13GKsS26F4U/asr_subtitle/wavs_enhanced/13GKsS26F4U_01255.wav,3.3925037,2.5126455,4.2338533,4.1382637,3.8267787,NISQAv2
/data/nhandt23/Dataset/MMSData/13GKsS26F4U/asr_subtitle/wavs_enhanced/13GKsS26F4U_03043.wav,3.9418182,2.3546689,4.3805203,4.160265,3.5455887,NISQAv2
/data/nhandt23/Dataset/MMSData/13GKsS26F4U/asr_subtitle/wavs_enhanced/13GKsS26F4U_02422.wav,3.684752,2.2463374,4.27227,4.0486107,3.6090672,NISQAv2
/data/nhandt23/Dataset/MMSData/13GKsS26F4U/asr_subtitle/wavs_enhanced/13GKsS26F4U_00072.wav,2.589543,2.7816198,4.085672,4.079173,3.9560127,NISQAv2
/data/nhandt23/Dataset/MMSData/13GKsS26F4U/asr_subtitle/wavs_enhanced/13GKsS26F4U_01390.wav,3.9282825,2.9862597,4.4907084,4.293321,4.4249196,NISQAv2
/data/nhandt23/Dataset/MMSData/13GKsS26F4U/asr_subtitle/wavs_enhanced/13GKsS26F4U_03275.wav,3.8599296,2.981355,4.5651536,4.311075,4.2373376,NISQAv2
/data/nhandt23/Dataset/MMSData/13GKsS26F4U/asr_subtitle/wavs_enhanced/13GKsS26F4U_01456.wav,3.5454345,3.0006275,3.9248753,3.9354084,3.9071677,NISQAv2
/data/nhandt23/Dataset/MMSData/13GKsS26F4U/asr_subtitle/wavs_enhanced/13GKsS26F4U_02086.wav,3.4979317,2.7078025,4.1777377,4.0489078,4.154895,NISQAv2
/data/nhandt23/Dataset/MMSData/13GKsS26F4U/asr_subtitle/wavs_enhanced/13GKsS26F4U_03751.wav,3.493757,2.662387,4.1519313,4.25428,4.0826902,NISQAv2
/data/nhandt23/Dataset/MMSData/13GKsS26F4U/asr_subtitle/wavs_enhanced/13GKsS26F4U_02151.wav,2.4628122,3.263055,3.0747755,3.586209,3.887131,NISQAv2
/data/nhandt23/Dataset/MMSData/13GKsS26F4U/asr_subtitle/wavs_enhanced/13GKsS26F4U_03066.wav,3.440179,2.6548378,4.3463726,3.8588352,3.783913,NISQAv2
/data/nhandt23/Dataset/MMSData/13GKsS26F4U/asr_subtitle/wavs_enhanced/13GKsS26F4U_04459.wav,3.1776345,2.2548053,4.2062645,4.071536,3.4877334,NISQAv2
/data/nhandt23/Dataset/MMSData/13GKsS26F4U/asr_subtitle/wavs_enhanced/13GKsS26F4U_01927.wav,3.140949,2.733019,3.6944797,3.6098335,3.7281868,NISQAv2
/data/nhandt23/Dataset/MMSData/13GKsS26F4U/asr_subtitle/wavs_enhanced/13GKsS26F4U_04660.wav,3.3188934,2.7031572,4.548772,4.166104,4.118113,NISQAv2
/data/nhandt23/Dataset/MMSData/13GKsS26F4U/asr_subtitle/wavs_enhanced/13GKsS26F4U_02334.wav,2.790045,2.6947134,3.0884519,3.349044,3.5234394,NISQAv2
/data/nhandt23/Dataset/MMSData/13GKsS26F4U/asr_subtitle/wavs_enhanced/13GKsS26F4U_03611.wav,3.9106,3.1699145,3.953775,4.0607834,3.9145496,NISQAv2
/data/nhandt23/Dataset/MMSData/13GKsS26F4U/asr_subtitle/wavs_enhanced/13GKsS26F4U_01246.wav,3.5643582,3.1501472,4.0734606,3.9120824,3.8012989,NISQAv2
/data/nhandt23/Dataset/MMSData/13GKsS26F4U/asr_subtitle/wavs_enhanced/13GKsS26F4U_00558.wav,4.3596125,3.1729658,4.2260036,4.04718,3.9612331,NISQAv2
/data/nhandt23/Dataset/MMSData/13GKsS26F4U/asr_subtitle/wavs_enhanced/13GKsS26F4U_02169.wav,4.0527906,2.5784955,4.5511785,4.313005,4.0773697,NISQAv2
/data/nhandt23/Dataset/MMSData/13GKsS26F4U/asr_subtitle/wavs_enhanced/13GKsS26F4U_04040.wav,3.542287,3.6503246,3.7650144,3.9356732,4.003226,NISQAv2
/data/nhandt23/Dataset/MMSData/13GKsS26F4U/asr_subtitle/wavs_enhanced/13GKsS26F4U_00363.wav,3.8465204,3.175094,4.5543337,4.2342544,3.5323606,NISQAv2
/data/nhandt23/Dataset/MMSData/13GKsS26F4U/asr_subtitle/wavs_enhanced/13GKsS26F4U_00777.wav,4.1211586,2.6811564,4.5818853,4.2551885,3.9092302,NISQAv2
/data/nhandt23/Dataset/MMSData/13GKsS26F4U/asr_subtitle/wavs_enhanced/13GKsS26F4U_03473.wav,2.973959,2.5984614,3.768545,3.6563828,3.129266,NISQAv2
/data/nhandt23/Dataset/MMSData/13GKsS26F4U/asr_subtitle/wavs_enhanced/13GKsS26F4U_03795.wav,3.5432575,2.4831817,4.1669474,3.7640793,3.4897,NISQAv2
/data/nhandt23/Dataset/MMSData/13GKsS26F4U/asr_subtitle/wavs_enhanced/13GKsS26F4U_00674.wav,3.8910413,3.3319838,4.252766,4.0617476,3.9846332,NISQAv2
/data/nhandt23/Dataset/MMSData/13GKsS26F4U/asr_subtitle/wavs_enhanced/13GKsS26F4U_00953.wav,3.0655963,2.2277555,3.686943,3.382366,3.2392328,NISQAv2
/data/nhandt23/Dataset/MMSData/13GKsS26F4U/asr_subtitle/wavs_enhanced/13GKsS26F4U_02501.wav,3.0485003,2.8082273,3.989295,3.7548723,3.1914704,NISQAv2
/data/nhandt23/Dataset/MMSData/13GKsS26F4U/asr_subtitle/wavs_enhanced/13GKsS26F4U_03100.wav,3.8402846,2.5286024,4.5338554,4.2552805,3.8428726,NISQAv2
/data/nhandt23/Dataset/MMSData/13GKsS26F4U/asr_subtitle/wavs_enhanced/13GKsS26F4U_00848.wav,2.558638,2.3476207,3.9773173,3.9839466,3.7595034,NISQAv2
/data/nhandt23/Dataset/MMSData/13GKsS26F4U/asr_subtitle/wavs_enhanced/13GKsS26F4U_04934.wav,3.5708714,2.651661,4.6057496,4.153781,3.9829466,NISQAv2
/data/nhandt23/Dataset/MMSData/13GKsS26F4U/asr_subtitle/wavs_enhanced/13GKsS26F4U_01306.wav,3.7221582,3.453393,4.588788,4.255335,3.8656423,NISQAv2
/data/nhandt23/Dataset/MMSData/13GKsS26F4U/asr_subtitle/wavs_enhanced/13GKsS26F4U_03206.wav,3.900761,2.7489102,4.56561,4.1775017,3.2024348,NISQAv2
/data/nhandt23/Dataset/MMSData/13GKsS26F4U/asr_subtitle/wavs_enhanced/13GKsS26F4U_03600.wav,4.1135087,3.2858946,4.51389,4.317512,4.140041,NISQAv2
/data/nhandt23/Dataset/MMSData/13GKsS26F4U/asr_subtitle/wavs_enhanced/13GKsS26F4U_00590.wav,4.11584,3.5812984,4.534506,4.1634474,4.1564145,NISQAv2
/data/nhandt23/Dataset/MMSData/13GKsS26F4U/asr_subtitle/wavs_enhanced/13GKsS26F4U_04758.wav,3.167582,2.2605455,4.1727443,3.8363984,2.5910556,NISQAv2
/data/nhandt23/Dataset/MMSData/13GKsS26F4U/asr_subtitle/wavs_enhanced/13GKsS26F4U_02867.wav,3.698226,2.715844,4.4566755,4.1644783,3.0740387,NISQAv2
/data/nhandt23/Dataset/MMSData/13GKsS26F4U/asr_subtitle/wavs_enhanced/13GKsS26F4U_03317.wav,3.9438064,3.426252,4.429661,3.926291,3.6827686,NISQAv2
/data/nhandt23/Dataset/MMSData/13GKsS26F4U/asr_subtitle/wavs_enhanced/13GKsS26F4U_02890.wav,3.5619252,2.409693,4.3845415,3.81543,3.305189,NISQAv2
/data/nhandt23/Dataset/MMSData/13GKsS26F4U/asr_subtitle/wavs_enhanced/13GKsS26F4U_04122.wav,3.866759,3.627786,4.1850843,4.0925474,4.0178843,NISQAv2
/data/nhandt23/Dataset/MMSData/13GKsS26F4U/asr_subtitle/wavs_enhanced/13GKsS26F4U_01107.wav,2.6452024,2.2712684,2.2927988,3.2321396,3.5423825,NISQAv2
/data/nhandt23/Dataset/MMSData/13GKsS26F4U/asr_subtitle/wavs_enhanced/13GKsS26F4U_04215.wav,2.246031,2.7266598,1.8908062,3.3282483,3.8132212,NISQAv2
/data/nhandt23/Dataset/MMSData/13GKsS26F4U/asr_subtitle/wavs_enhanced/13GKsS26F4U_02100.wav,2.4563987,2.33424,3.3154473,2.828914,2.8462718,NISQAv2
/data/nhandt23/Dataset/MMSData/13GKsS26F4U/asr_subtitle/wavs_enhanced/13GKsS26F4U_00828.wav,3.320503,2.8146656,4.2704988,3.9838047,3.1474206,NISQAv2
/data/nhandt23/Dataset/MMSData/13GKsS26F4U/asr_subtitle/wavs_enhanced/13GKsS26F4U_05137.wav,3.7137778,2.6632526,4.2180147,4.0717845,3.8143866,NISQAv2
/data/nhandt23/Dataset/MMSData/13GKsS26F4U/asr_subtitle/wavs_enhanced/13GKsS26F4U_02921.wav,3.8817089,3.4298053,4.513426,4.404923,4.3352118,NISQAv2
/data/nhandt23/Dataset/MMSData/13GKsS26F4U/asr_subtitle/wavs_enhanced/13GKsS26F4U_03189.wav,3.1098592,2.5257032,4.2271576,4.176646,4.035919,NISQAv2
/data/nhandt23/Dataset/MMSData/13GKsS26F4U/asr_subtitle/wavs_enhanced/13GKsS26F4U_01212.wav,3.7111688,2.472555,4.4144487,4.1783657,2.911142,NISQAv2
/data/nhandt23/Dataset/MMSData/13GKsS26F4U/asr_subtitle/wavs_enhanced/13GKsS26F4U_01322.wav,4.0219893,3.2191784,4.6036577,4.216467,4.4958043,NISQAv2
/data/nhandt23/Dataset/MMSData/13GKsS26F4U/asr_subtitle/wavs_enhanced/13GKsS26F4U_04812.wav,2.5680368,2.8409312,2.6420395,3.5051775,3.7931538,NISQAv2
/data/nhandt23/Dataset/MMSData/13GKsS26F4U/asr_subtitle/wavs_enhanced/13GKsS26F4U_03685.wav,3.0652115,2.534475,3.0936818,3.327246,4.003913,NISQAv2
/data/nhandt23/Dataset/MMSData/13GKsS26F4U/asr_subtitle/wavs_enhanced/13GKsS26F4U_05118.wav,2.9959443,3.4178298,3.9092262,3.7965767,3.40331,NISQAv2
/data/nhandt23/Dataset/MMSData/13GKsS26F4U/asr_subtitle/wavs_enhanced/13GKsS26F4U_05044.wav,3.7008712,3.0287774,4.3062224,4.0011024,4.092841,NISQAv2
/data/nhandt23/Dataset/MMSData/13GKsS26F4U/asr_subtitle/wavs_enhanced/13GKsS26F4U_04605.wav,3.4777815,3.6974728,4.0679336,3.8218293,3.7869248,NISQAv2
/data/nhandt23/Dataset/MMSData/13GKsS26F4U/asr_subtitle/wavs_enhanced/13GKsS26F4U_02692.wav,4.0287466,3.246575,4.5221004,4.248834,3.8607552,NISQAv2
/data/nhandt23/Dataset/MMSData/13GKsS26F4U/asr_subtitle/wavs_enhanced/13GKsS26F4U_02051.wav,3.8366697,2.853892,4.450471,4.1675777,3.5209143,NISQAv2
/data/nhandt23/Dataset/MMSData/13GKsS26F4U/asr_subtitle/wavs_enhanced/13GKsS26F4U_04688.wav,3.157166,3.0989933,4.230773,3.9050937,3.782296,NISQAv2
/data/nhandt23/Dataset/MMSData/13GKsS26F4U/asr_subtitle/wavs_enhanced/13GKsS26F4U_00233.wav,2.9362264,2.834802,4.1403284,3.758979,3.7530613,NISQAv2
/data/nhandt23/Dataset/MMSData/13GKsS26F4U/asr_subtitle/wavs_enhanced/13GKsS26F4U_00506.wav,3.7917144,3.5492232,4.338681,4.0244045,4.0243006,NISQAv2
/data/nhandt23/Dataset/MMSData/13GKsS26F4U/asr_subtitle/wavs_enhanced/13GKsS26F4U_02843.wav,3.590747,2.887695,4.261057,4.072162,4.0437403,NISQAv2
/data/nhandt23/Dataset/MMSData/13GKsS26F4U/asr_subtitle/wavs_enhanced/13GKsS26F4U_04864.wav,2.1408346,2.9090414,3.4157095,3.8561947,3.6945968,NISQAv2
/data/nhandt23/Dataset/MMSData/13GKsS26F4U/asr_subtitle/wavs_enhanced/13GKsS26F4U_03875.wav,2.3555825,2.8447006,2.5650032,3.8379989,3.811547,NISQAv2
/data/nhandt23/Dataset/MMSData/13GKsS26F4U/asr_subtitle/wavs_enhanced/13GKsS26F4U_01850.wav,3.4848533,2.4129143,4.11451,3.8226078,4.115834,NISQAv2
/data/nhandt23/Dataset/MMSData/13GKsS26F4U/asr_subtitle/wavs_enhanced/13GKsS26F4U_02661.wav,4.12384,3.277963,4.589614,4.210259,4.003443,NISQAv2
/data/nhandt23/Dataset/MMSData/13GKsS26F4U/asr_subtitle/wavs_enhanced/13GKsS26F4U_00100.wav,3.018584,2.4895055,4.4172673,4.2375703,3.7750974,NISQAv2
/data/nhandt23/Dataset/MMSData/13GKsS26F4U/asr_subtitle/wavs_enhanced/13GKsS26F4U_00656.wav,3.9286644,3.3227158,4.503914,4.123528,4.1707835,NISQAv2
/data/nhandt23/Dataset/MMSData/13GKsS26F4U/asr_subtitle/wavs_enhanced/13GKsS26F4U_04345.wav,3.3768654,2.6669457,4.086985,3.7678776,3.6754012,NISQAv2
/data/nhandt23/Dataset/MMSData/13GKsS26F4U/asr_subtitle/wavs_enhanced/13GKsS26F4U_01289.wav,3.4702241,2.5400298,4.3339405,4.100316,3.5211608,NISQAv2
/data/nhandt23/Dataset/MMSData/13GKsS26F4U/asr_subtitle/wavs_enhanced/13GKsS26F4U_03598.wav,3.1641238,2.3119738,4.193406,3.8475149,3.3720436,NISQAv2
/data/nhandt23/Dataset/MMSData/13GKsS26F4U/asr_subtitle/wavs_enhanced/13GKsS26F4U_04551.wav,3.2751434,2.7348995,4.17441,3.8229291,3.5451033,NISQAv2
/data/nhandt23/Dataset/MMSData/13GKsS26F4U/asr_subtitle/wavs_enhanced/13GKsS26F4U_04430.wav,4.2740097,3.450653,4.2587986,4.1222157,4.2784667,NISQAv2
/data/nhandt23/Dataset/MMSData/13GKsS26F4U/asr_subtitle/wavs_enhanced/13GKsS26F4U_03186.wav,2.493933,2.5739079,3.4260628,3.7267082,3.76036,NISQAv2
/data/nhandt23/Dataset/MMSData/13GKsS26F4U/asr_subtitle/wavs_enhanced/13GKsS26F4U_01608.wav,3.3795226,2.5004175,4.129257,3.7000062,3.3976774,NISQAv2
/data/nhandt23/Dataset/MMSData/13GKsS26F4U/asr_subtitle/wavs_enhanced/13GKsS26F4U_00398.wav,2.2283642,2.918918,1.9639883,2.9380472,3.775089,NISQAv2
/data/nhandt23/Dataset/MMSData/13GKsS26F4U/asr_subtitle/wavs_enhanced/13GKsS26F4U_05039.wav,4.014466,3.3604302,4.5352526,4.3575583,4.2157416,NISQAv2
/data/nhandt23/Dataset/MMSData/13GKsS26F4U/asr_subtitle/wavs_enhanced/13GKsS26F4U_03397.wav,2.9945228,2.3411994,3.853879,3.678213,3.1817663,NISQAv2
/data/nhandt23/Dataset/MMSData/13GKsS26F4U/asr_subtitle/wavs_enhanced/13GKsS26F4U_00630.wav,3.4509609,3.3551567,3.8076952,3.6994512,3.8453348,NISQAv2
/data/nhandt23/Dataset/MMSData/13GKsS26F4U/asr_subtitle/wavs_enhanced/13GKsS26F4U_01820.wav,2.7995684,2.3784163,4.4255652,3.920151,3.8668177,NISQAv2
/data/nhandt23/Dataset/MMSData/13GKsS26F4U/asr_subtitle/wavs_enhanced/13GKsS26F4U_04825.wav,3.5080068,2.3298624,4.1274643,3.7165728,3.516408,NISQAv2
/data/nhandt23/Dataset/MMSData/13GKsS26F4U/asr_subtitle/wavs_enhanced/13GKsS26F4U_02871.wav,3.1299136,2.3088357,2.492482,3.3505077,4.036889,NISQAv2
/data/nhandt23/Dataset/MMSData/13GKsS26F4U/asr_subtitle/wavs_enhanced/13GKsS26F4U_04495.wav,2.9970953,2.2101433,3.6337361,3.6226833,3.7596507,NISQAv2
/data/nhandt23/Dataset/MMSData/13GKsS26F4U/asr_subtitle/wavs_enhanced/13GKsS26F4U_04887.wav,4.2333612,3.213603,4.386723,4.1623325,4.0199594,NISQAv2
/data/nhandt23/Dataset/MMSData/13GKsS26F4U/asr_subtitle/wavs_enhanced/13GKsS26F4U_04468.wav,3.7408638,3.0107791,4.2855854,4.071976,4.1082683,NISQAv2
/data/nhandt23/Dataset/MMSData/13GKsS26F4U/asr_subtitle/wavs_enhanced/13GKsS26F4U_03929.wav,4.028569,2.8677566,4.470805,4.3488383,3.8694575,NISQAv2
/data/nhandt23/Dataset/MMSData/13GKsS26F4U/asr_subtitle/wavs_enhanced/13GKsS26F4U_00756.wav,3.399041,2.3712828,3.8908544,3.679522,3.879436,NISQAv2
/data/nhandt23/Dataset/MMSData/13GKsS26F4U/asr_subtitle/wavs_enhanced/13GKsS26F4U_01609.wav,3.4196954,3.3605025,3.7399256,3.6453907,3.7078156,NISQAv2
/data/nhandt23/Dataset/MMSData/13GKsS26F4U/asr_subtitle/wavs_enhanced/13GKsS26F4U_04672.wav,2.5837035,2.4805057,4.05073,3.581927,2.9864552,NISQAv2
/data/nhandt23/Dataset/MMSData/13GKsS26F4U/asr_subtitle/wavs_enhanced/13GKsS26F4U_00742.wav,3.5894682,3.1291664,4.080802,3.6700454,3.5194623,NISQAv2
/data/nhandt23/Dataset/MMSData/13GKsS26F4U/asr_subtitle/wavs_enhanced/13GKsS26F4U_01761.wav,4.192683,3.5420022,4.3409457,4.22365,4.2347913,NISQAv2
/data/nhandt23/Dataset/MMSData/13GKsS26F4U/asr_subtitle/wavs_enhanced/13GKsS26F4U_04134.wav,3.3052032,2.9455454,3.8508854,3.6747856,3.0064073,NISQAv2
/data/nhandt23/Dataset/MMSData/13GKsS26F4U/asr_subtitle/wavs_enhanced/13GKsS26F4U_02319.wav,3.124912,3.2742305,3.8487585,4.1195784,3.8731718,NISQAv2
/data/nhandt23/Dataset/MMSData/13GKsS26F4U/asr_subtitle/wavs_enhanced/13GKsS26F4U_00267.wav,3.7176807,2.1495664,4.585676,4.301227,4.2139544,NISQAv2
/data/nhandt23/Dataset/MMSData/13GKsS26F4U/asr_subtitle/wavs_enhanced/13GKsS26F4U_04114.wav,4.1267595,2.864689,4.591938,4.0740333,3.7623608,NISQAv2
/data/nhandt23/Dataset/MMSData/13GKsS26F4U/asr_subtitle/wavs_enhanced/13GKsS26F4U_01651.wav,3.2079713,2.3272521,3.8647413,3.8106768,3.2587752,NISQAv2
/data/nhandt23/Dataset/MMSData/13GKsS26F4U/asr_subtitle/wavs_enhanced/13GKsS26F4U_02363.wav,3.6781156,3.2491271,4.223489,4.0864415,4.0855947,NISQAv2
/data/nhandt23/Dataset/MMSData/13GKsS26F4U/asr_subtitle/wavs_enhanced/13GKsS26F4U_03240.wav,2.798493,2.5837505,2.7417755,3.259277,3.4384093,NISQAv2
/data/nhandt23/Dataset/MMSData/13GKsS26F4U/asr_subtitle/wavs_enhanced/13GKsS26F4U_03656.wav,3.9019303,2.6562207,4.1454654,4.3178725,3.8939688,NISQAv2
/data/nhandt23/Dataset/MMSData/13GKsS26F4U/asr_subtitle/wavs_enhanced/13GKsS26F4U_04400.wav,3.5606387,2.013536,4.670806,4.3826222,4.331388,NISQAv2
/data/nhandt23/Dataset/MMSData/13GKsS26F4U/asr_subtitle/wavs_enhanced/13GKsS26F4U_02468.wav,3.1188436,2.822726,3.901406,3.7857232,4.199783,NISQAv2
/data/nhandt23/Dataset/MMSData/13GKsS26F4U/asr_subtitle/wavs_enhanced/13GKsS26F4U_02202.wav,3.781869,2.942935,4.422716,4.1896605,4.169154,NISQAv2
/data/nhandt23/Dataset/MMSData/13GKsS26F4U/asr_subtitle/wavs_enhanced/13GKsS26F4U_04647.wav,3.3136573,2.8641956,4.4069967,4.233605,4.109636,NISQAv2
/data/nhandt23/Dataset/MMSData/13GKsS26F4U/asr_subtitle/wavs_enhanced/13GKsS26F4U_04543.wav,2.7277672,2.4987493,3.6449182,3.9176326,3.9407485,NISQAv2
/data/nhandt23/Dataset/MMSData/13GKsS26F4U/asr_subtitle/wavs_enhanced/13GKsS26F4U_00091.wav,2.8929799,2.0742748,4.2965813,4.0900955,3.7383087,NISQAv2
/data/nhandt23/Dataset/MMSData/13GKsS26F4U/asr_subtitle/wavs_enhanced/13GKsS26F4U_02343.wav,3.9542077,2.804032,4.3819423,4.234863,3.9164023,NISQAv2
/data/nhandt23/Dataset/MMSData/13GKsS26F4U/asr_subtitle/wavs_enhanced/13GKsS26F4U_01726.wav,3.5835311,2.982088,4.029953,3.8420737,3.665756,NISQAv2
/data/nhandt23/Dataset/MMSData/13GKsS26F4U/asr_subtitle/wavs_enhanced/13GKsS26F4U_02624.wav,4.200224,2.5510743,4.484085,4.4226127,4.3610506,NISQAv2
/data/nhandt23/Dataset/MMSData/13GKsS26F4U/asr_subtitle/wavs_enhanced/13GKsS26F4U_03061.wav,3.8251393,2.7894585,4.343747,4.1642942,4.0553784,NISQAv2
/data/nhandt23/Dataset/MMSData/13GKsS26F4U/asr_subtitle/wavs_enhanced/13GKsS26F4U_03252.wav,3.6086917,2.6426072,4.477545,4.213841,3.875275,NISQAv2
/data/nhandt23/Dataset/MMSData/13GKsS26F4U/asr_subtitle/wavs_enhanced/13GKsS26F4U_04517.wav,2.7558453,2.5141714,2.4101548,3.409341,3.4376798,NISQAv2
/data/nhandt23/Dataset/MMSData/13GKsS26F4U/asr_subtitle/wavs_enhanced/13GKsS26F4U_03911.wav,3.0631635,3.0593464,3.684555,3.8699572,3.6934924,NISQAv2
/data/nhandt23/Dataset/MMSData/13GKsS26F4U/asr_subtitle/wavs_enhanced/13GKsS26F4U_04784.wav,3.3081055,2.6425092,4.2703743,3.9656081,3.5753076,NISQAv2
/data/nhandt23/Dataset/MMSData/13GKsS26F4U/asr_subtitle/wavs_enhanced/13GKsS26F4U_00107.wav,3.2427323,2.7399476,4.5087132,4.2168355,3.881416,NISQAv2
/data/nhandt23/Dataset/MMSData/13GKsS26F4U/asr_subtitle/wavs_enhanced/13GKsS26F4U_00186.wav,3.7725427,3.2330654,4.4545865,3.9395292,4.419726,NISQAv2
/data/nhandt23/Dataset/MMSData/13GKsS26F4U/asr_subtitle/wavs_enhanced/13GKsS26F4U_01785.wav,3.6613693,2.256124,3.9159076,3.7850146,3.7194188,NISQAv2
/data/nhandt23/Dataset/MMSData/13GKsS26F4U/asr_subtitle/wavs_enhanced/13GKsS26F4U_04513.wav,4.194847,3.155666,4.6294503,4.304737,4.1003585,NISQAv2
/data/nhandt23/Dataset/MMSData/13GKsS26F4U/asr_subtitle/wavs_enhanced/13GKsS26F4U_04842.wav,2.6813738,2.1151295,2.591953,3.2184327,3.0072002,NISQAv2
/data/nhandt23/Dataset/MMSData/13GKsS26F4U/asr_subtitle/wavs_enhanced/13GKsS26F4U_02049.wav,3.6042013,2.8344617,3.1789954,3.7550244,3.60429,NISQAv2
/data/nhandt23/Dataset/MMSData/13GKsS26F4U/asr_subtitle/wavs_enhanced/13GKsS26F4U_01811.wav,2.8212733,1.9574237,3.8382852,3.39629,3.291755,NISQAv2
/data/nhandt23/Dataset/MMSData/13GKsS26F4U/asr_subtitle/wavs_enhanced/13GKsS26F4U_02009.wav,3.4183626,2.5181348,4.294511,4.0449243,3.1118677,NISQAv2
/data/nhandt23/Dataset/MMSData/13GKsS26F4U/asr_subtitle/wavs_enhanced/13GKsS26F4U_00024.wav,2.8714507,3.1982548,3.5858552,3.2152345,3.4321287,NISQAv2
/data/nhandt23/Dataset/MMSData/13GKsS26F4U/asr_subtitle/wavs_enhanced/13GKsS26F4U_02988.wav,2.170666,2.5238686,3.201565,3.3993807,3.1925104,NISQAv2
/data/nhandt23/Dataset/MMSData/13GKsS26F4U/asr_subtitle/wavs_enhanced/13GKsS26F4U_02341.wav,2.7303421,2.845226,3.8285391,3.5653493,3.770783,NISQAv2
/data/nhandt23/Dataset/MMSData/13GKsS26F4U/asr_subtitle/wavs_enhanced/13GKsS26F4U_01110.wav,3.1764328,2.764765,4.271636,3.9677563,3.667023,NISQAv2
/data/nhandt23/Dataset/MMSData/13GKsS26F4U/asr_subtitle/wavs_enhanced/13GKsS26F4U_00212.wav,2.5368533,2.4331982,3.1448154,3.8402534,3.8849418,NISQAv2
/data/nhandt23/Dataset/MMSData/13GKsS26F4U/asr_subtitle/wavs_enhanced/13GKsS26F4U_01540.wav,3.6418002,2.4640715,4.3442545,3.9138002,3.4119298,NISQAv2
/data/nhandt23/Dataset/MMSData/13GKsS26F4U/asr_subtitle/wavs_enhanced/13GKsS26F4U_01346.wav,3.2360299,2.3762348,3.554085,3.4585736,3.4456856,NISQAv2
/data/nhandt23/Dataset/MMSData/13GKsS26F4U/asr_subtitle/wavs_enhanced/13GKsS26F4U_01762.wav,3.6887696,2.6651342,4.348855,4.1133904,3.57516,NISQAv2
/data/nhandt23/Dataset/MMSData/13GKsS26F4U/asr_subtitle/wavs_enhanced/13GKsS26F4U_04209.wav,3.0502172,2.4664133,4.1237407,3.7577617,3.4609427,NISQAv2
/data/nhandt23/Dataset/MMSData/13GKsS26F4U/asr_subtitle/wavs_enhanced/13GKsS26F4U_04397.wav,3.190277,2.3762746,4.11572,3.7450285,3.1994162,NISQAv2
/data/nhandt23/Dataset/MMSData/13GKsS26F4U/asr_subtitle/wavs_enhanced/13GKsS26F4U_00371.wav,3.1538575,2.725291,3.6669283,3.765566,3.222547,NISQAv2
/data/nhandt23/Dataset/MMSData/13GKsS26F4U/asr_subtitle/wavs_enhanced/13GKsS26F4U_00156.wav,3.6058593,2.6695778,4.437096,3.9940827,3.7836437,NISQAv2
/data/nhandt23/Dataset/MMSData/13GKsS26F4U/asr_subtitle/wavs_enhanced/13GKsS26F4U_03409.wav,2.530492,2.3866467,3.8583195,3.9534278,3.8072307,NISQAv2
/data/nhandt23/Dataset/MMSData/13GKsS26F4U/asr_subtitle/wavs_enhanced/13GKsS26F4U_03415.wav,3.3009725,2.5757916,4.211418,4.1061215,4.0933123,NISQAv2
/data/nhandt23/Dataset/MMSData/13GKsS26F4U/asr_subtitle/wavs_enhanced/13GKsS26F4U_00976.wav,3.1389797,1.9832773,4.645055,4.417499,3.93619,NISQAv2
/data/nhandt23/Dataset/MMSData/13GKsS26F4U/asr_subtitle/wavs_enhanced/13GKsS26F4U_03651.wav,3.4276848,2.5949554,3.9712517,3.725132,3.7504597,NISQAv2
/data/nhandt23/Dataset/MMSData/13GKsS26F4U/asr_subtitle/wavs_enhanced/13GKsS26F4U_04417.wav,3.7631102,2.4434764,4.3804913,4.224605,3.4734478,NISQAv2
/data/nhandt23/Dataset/MMSData/13GKsS26F4U/asr_subtitle/wavs_enhanced/13GKsS26F4U_01383.wav,3.2974973,2.8725884,4.476432,4.1737924,4.0994954,NISQAv2
/data/nhandt23/Dataset/MMSData/13GKsS26F4U/asr_subtitle/wavs_enhanced/13GKsS26F4U_04609.wav,3.1071665,3.0105424,4.4674845,3.9266472,3.5657403,NISQAv2
/data/nhandt23/Dataset/MMSData/13GKsS26F4U/asr_subtitle/wavs_enhanced/13GKsS26F4U_01486.wav,3.92196,2.5459628,4.392894,4.1042123,3.8655055,NISQAv2
/data/nhandt23/Dataset/MMSData/13GKsS26F4U/asr_subtitle/wavs_enhanced/13GKsS26F4U_02063.wav,4.032023,2.6716106,4.556793,4.394909,4.2712207,NISQAv2
/data/nhandt23/Dataset/MMSData/13GKsS26F4U/asr_subtitle/wavs_enhanced/13GKsS26F4U_02093.wav,3.6805918,3.2912352,4.3048596,4.0613904,3.9718373,NISQAv2
/data/nhandt23/Dataset/MMSData/13GKsS26F4U/asr_subtitle/wavs_enhanced/13GKsS26F4U_01002.wav,3.9631338,3.6418765,3.84392,3.7924047,3.847738,NISQAv2
/data/nhandt23/Dataset/MMSData/13GKsS26F4U/asr_subtitle/wavs_enhanced/13GKsS26F4U_00484.wav,3.7810004,2.5068603,4.3287954,4.1538043,3.7695005,NISQAv2
/data/nhandt23/Dataset/MMSData/13GKsS26F4U/asr_subtitle/wavs_enhanced/13GKsS26F4U_01932.wav,3.6469505,3.0635588,4.44512,3.9489381,4.2054915,NISQAv2
/data/nhandt23/Dataset/MMSData/13GKsS26F4U/asr_subtitle/wavs_enhanced/13GKsS26F4U_03208.wav,2.9562595,2.8993042,3.8570435,3.5892398,3.3173378,NISQAv2
/data/nhandt23/Dataset/MMSData/13GKsS26F4U/asr_subtitle/wavs_enhanced/13GKsS26F4U_00179.wav,3.920969,2.9132855,4.440033,4.2932105,4.2357545,NISQAv2
/data/nhandt23/Dataset/MMSData/13GKsS26F4U/asr_subtitle/wavs_enhanced/13GKsS26F4U_00285.wav,3.4602747,2.6860948,4.2169104,3.8751237,3.7656138,NISQAv2
/data/nhandt23/Dataset/MMSData/13GKsS26F4U/asr_subtitle/wavs_enhanced/13GKsS26F4U_03365.wav,3.5941136,2.0622547,4.345543,4.130111,3.4662998,NISQAv2
/data/nhandt23/Dataset/MMSData/13GKsS26F4U/asr_subtitle/wavs_enhanced/13GKsS26F4U_01810.wav,2.7862728,2.426579,4.233249,3.7916524,3.2343066,NISQAv2
/data/nhandt23/Dataset/MMSData/13GKsS26F4U/asr_subtitle/wavs_enhanced/13GKsS26F4U_03818.wav,3.6238828,2.9049451,4.437111,4.000373,3.9814823,NISQAv2
/data/nhandt23/Dataset/MMSData/13GKsS26F4U/asr_subtitle/wavs_enhanced/13GKsS26F4U_00826.wav,2.6136687,3.101092,3.4199827,3.7093794,3.3655584,NISQAv2
/data/nhandt23/Dataset/MMSData/13GKsS26F4U/asr_subtitle/wavs_enhanced/13GKsS26F4U_00032.wav,2.415611,2.4768803,2.671739,3.1836662,3.300173,NISQAv2
/data/nhandt23/Dataset/MMSData/13GKsS26F4U/asr_subtitle/wavs_enhanced/13GKsS26F4U_00852.wav,2.7210577,2.8196034,2.6660573,3.365531,3.5317113,NISQAv2
/data/nhandt23/Dataset/MMSData/13GKsS26F4U/asr_subtitle/wavs_enhanced/13GKsS26F4U_00486.wav,2.2560697,2.8762348,3.5388465,3.2909787,2.7694952,NISQAv2
/data/nhandt23/Dataset/MMSData/13GKsS26F4U/asr_subtitle/wavs_enhanced/13GKsS26F4U_03535.wav,3.1335604,3.6587827,4.223952,3.9851344,3.6139035,NISQAv2
/data/nhandt23/Dataset/MMSData/13GKsS26F4U/asr_subtitle/wavs_enhanced/13GKsS26F4U_03499.wav,3.325388,2.1344426,3.021121,3.8323777,3.617852,NISQAv2
/data/nhandt23/Dataset/MMSData/13GKsS26F4U/asr_subtitle/wavs_enhanced/13GKsS26F4U_02581.wav,3.4109676,3.5293233,3.3046596,3.4372594,3.5115829,NISQAv2
/data/nhandt23/Dataset/MMSData/13GKsS26F4U/asr_subtitle/wavs_enhanced/13GKsS26F4U_00759.wav,3.3857133,3.5605323,4.04437,3.7033865,3.6622193,NISQAv2
/data/nhandt23/Dataset/MMSData/13GKsS26F4U/asr_subtitle/wavs_enhanced/13GKsS26F4U_02449.wav,3.3219783,2.7540047,3.8798664,3.6860843,3.4273026,NISQAv2
/data/nhandt23/Dataset/MMSData/13GKsS26F4U/asr_subtitle/wavs_enhanced/13GKsS26F4U_02386.wav,4.194774,3.1133575,4.4774113,4.153914,4.071749,NISQAv2
/data/nhandt23/Dataset/MMSData/13GKsS26F4U/asr_subtitle/wavs_enhanced/13GKsS26F4U_01345.wav,3.4795434,2.2749162,3.882007,3.4874792,2.9819243,NISQAv2
/data/nhandt23/Dataset/MMSData/13GKsS26F4U/asr_subtitle/wavs_enhanced/13GKsS26F4U_02369.wav,3.2299984,2.541167,4.472029,4.1077833,3.7845514,NISQAv2
/data/nhandt23/Dataset/MMSData/13GKsS26F4U/asr_subtitle/wavs_enhanced/13GKsS26F4U_00943.wav,2.5073054,2.7701294,3.4320083,3.4786005,3.5315995,NISQAv2
/data/nhandt23/Dataset/MMSData/13GKsS26F4U/asr_subtitle/wavs_enhanced/13GKsS26F4U_03065.wav,3.909107,2.5703366,4.5034695,4.167388,4.0328298,NISQAv2
/data/nhandt23/Dataset/MMSData/13GKsS26F4U/asr_subtitle/wavs_enhanced/13GKsS26F4U_03592.wav,3.562797,2.8284943,4.4003,4.0379443,3.4675112,NISQAv2
/data/nhandt23/Dataset/MMSData/13GKsS26F4U/asr_subtitle/wavs_enhanced/13GKsS26F4U_03789.wav,3.1892107,2.348531,4.2732544,3.6619473,3.136291,NISQAv2
/data/nhandt23/Dataset/MMSData/13GKsS26F4U/asr_subtitle/wavs_enhanced/13GKsS26F4U_01640.wav,2.9459653,2.4972305,3.9775434,3.9757164,4.0056934,NISQAv2
/data/nhandt23/Dataset/MMSData/13GKsS26F4U/asr_subtitle/wavs_enhanced/13GKsS26F4U_00291.wav,1.9746965,2.2394814,3.770452,3.2581089,2.9792926,NISQAv2
/data/nhandt23/Dataset/MMSData/13GKsS26F4U/asr_subtitle/wavs_enhanced/13GKsS26F4U_04264.wav,3.6595628,2.7450411,4.421151,3.8601868,3.925187,NISQAv2
/data/nhandt23/Dataset/MMSData/13GKsS26F4U/asr_subtitle/wavs_enhanced/13GKsS26F4U_03823.wav,3.4907782,2.7354019,4.1758065,4.1269035,3.745085,NISQAv2
/data/nhandt23/Dataset/MMSData/13GKsS26F4U/asr_subtitle/wavs_enhanced/13GKsS26F4U_00155.wav,3.7039154,3.33234,4.4660406,4.07827,3.854191,NISQAv2
/data/nhandt23/Dataset/MMSData/13GKsS26F4U/asr_subtitle/wavs_enhanced/13GKsS26F4U_04994.wav,3.3141358,2.8004205,3.8117,3.2401521,3.1113186,NISQAv2
/data/nhandt23/Dataset/MMSData/13GKsS26F4U/asr_subtitle/wavs_enhanced/13GKsS26F4U_01070.wav,4.129965,3.5881736,4.5955825,4.3167114,4.306206,NISQAv2
/data/nhandt23/Dataset/MMSData/13GKsS26F4U/asr_subtitle/wavs_enhanced/13GKsS26F4U_01389.wav,3.1233726,2.1879556,4.418222,4.1024346,3.9827075,NISQAv2
/data/nhandt23/Dataset/MMSData/13GKsS26F4U/asr_subtitle/wavs_enhanced/13GKsS26F4U_02360.wav,3.4530308,2.541274,4.2706347,3.7873611,3.1871917,NISQAv2
/data/nhandt23/Dataset/MMSData/13GKsS26F4U/asr_subtitle/wavs_enhanced/13GKsS26F4U_03759.wav,2.8225694,2.240093,4.327093,4.1453676,3.2337272,NISQAv2
/data/nhandt23/Dataset/MMSData/13GKsS26F4U/asr_subtitle/wavs_enhanced/13GKsS26F4U_01032.wav,3.7693949,2.4986248,4.0984,4.01035,4.0377536,NISQAv2
/data/nhandt23/Dataset/MMSData/13GKsS26F4U/asr_subtitle/wavs_enhanced/13GKsS26F4U_00538.wav,2.3700516,2.8047192,2.3924918,3.2735195,3.3918958,NISQAv2
/data/nhandt23/Dataset/MMSData/13GKsS26F4U/asr_subtitle/wavs_enhanced/13GKsS26F4U_01756.wav,3.0391686,2.6746562,2.5954437,3.2844446,3.568465,NISQAv2
/data/nhandt23/Dataset/MMSData/13GKsS26F4U/asr_subtitle/wavs_enhanced/13GKsS26F4U_00644.wav,4.071268,3.5297477,4.4524918,4.041246,4.1692467,NISQAv2
/data/nhandt23/Dataset/MMSData/13GKsS26F4U/asr_subtitle/wavs_enhanced/13GKsS26F4U_02531.wav,3.4123948,2.2807686,4.382535,3.972647,4.0325623,NISQAv2
/data/nhandt23/Dataset/MMSData/13GKsS26F4U/asr_subtitle/wavs_enhanced/13GKsS26F4U_01709.wav,3.688028,3.280252,3.9696405,4.038214,4.1046195,NISQAv2
/data/nhandt23/Dataset/MMSData/13GKsS26F4U/asr_subtitle/wavs_enhanced/13GKsS26F4U_02546.wav,3.8309553,3.00684,4.106275,4.0739503,3.620773,NISQAv2
/data/nhandt23/Dataset/MMSData/13GKsS26F4U/asr_subtitle/wavs_enhanced/13GKsS26F4U_01076.wav,3.3727412,2.6078756,4.18678,3.907442,3.4048364,NISQAv2
/data/nhandt23/Dataset/MMSData/13GKsS26F4U/asr_subtitle/wavs_enhanced/13GKsS26F4U_02421.wav,3.1598892,2.5830326,4.233954,3.9736032,3.8505237,NISQAv2
/data/nhandt23/Dataset/MMSData/13GKsS26F4U/asr_subtitle/wavs_enhanced/13GKsS26F4U_04823.wav,2.911434,2.4715657,2.800516,3.5330732,3.6817336,NISQAv2
/data/nhandt23/Dataset/MMSData/13GKsS26F4U/asr_subtitle/wavs_enhanced/13GKsS26F4U_00388.wav,3.8092859,3.368579,4.3892965,4.064997,3.5643947,NISQAv2
/data/nhandt23/Dataset/MMSData/13GKsS26F4U/asr_subtitle/wavs_enhanced/13GKsS26F4U_01579.wav,3.4432096,2.510219,4.509146,4.152094,3.600493,NISQAv2
/data/nhandt23/Dataset/MMSData/13GKsS26F4U/asr_subtitle/wavs_enhanced/13GKsS26F4U_04552.wav,3.4133434,2.893575,4.2826595,3.9705565,4.085489,NISQAv2
/data/nhandt23/Dataset/MMSData/13GKsS26F4U/asr_subtitle/wavs_enhanced/13GKsS26F4U_00945.wav,3.0983179,2.9776435,3.9774814,3.8872714,4.1519775,NISQAv2
/data/nhandt23/Dataset/MMSData/13GKsS26F4U/asr_subtitle/wavs_enhanced/13GKsS26F4U_03027.wav,3.7051845,2.588644,4.1686363,4.0871263,3.501704,NISQAv2
/data/nhandt23/Dataset/MMSData/13GKsS26F4U/asr_subtitle/wavs_enhanced/13GKsS26F4U_03480.wav,3.1307638,1.9755666,3.6319525,3.643522,2.9198816,NISQAv2
/data/nhandt23/Dataset/MMSData/13GKsS26F4U/asr_subtitle/wavs_enhanced/13GKsS26F4U_01341.wav,3.478564,2.2882197,4.3894086,4.0043435,3.4058845,NISQAv2
/data/nhandt23/Dataset/MMSData/13GKsS26F4U/asr_subtitle/wavs_enhanced/13GKsS26F4U_05064.wav,3.2991076,2.8520117,4.3706093,3.7288737,3.070309,NISQAv2
/data/nhandt23/Dataset/MMSData/13GKsS26F4U/asr_subtitle/wavs_enhanced/13GKsS26F4U_01928.wav,2.803154,2.63505,4.2437325,3.9810698,3.734165,NISQAv2
/data/nhandt23/Dataset/MMSData/13GKsS26F4U/asr_subtitle/wavs_enhanced/13GKsS26F4U_02599.wav,2.7726405,3.005946,4.358303,4.40328,4.2944627,NISQAv2
/data/nhandt23/Dataset/MMSData/13GKsS26F4U/asr_subtitle/wavs_enhanced/13GKsS26F4U_00934.wav,3.3638873,3.6646426,4.280769,4.128512,4.228287,NISQAv2
/data/nhandt23/Dataset/MMSData/13GKsS26F4U/asr_subtitle/wavs_enhanced/13GKsS26F4U_04426.wav,3.0046394,2.573982,4.341959,3.825964,3.4977093,NISQAv2
/data/nhandt23/Dataset/MMSData/13GKsS26F4U/asr_subtitle/wavs_enhanced/13GKsS26F4U_01103.wav,3.878513,2.6005168,4.192959,3.913106,3.9914212,NISQAv2
/data/nhandt23/Dataset/MMSData/13GKsS26F4U/asr_subtitle/wavs_enhanced/13GKsS26F4U_00581.wav,2.5458128,2.8151956,3.6539888,3.4027796,3.6228478,NISQAv2
/data/nhandt23/Dataset/MMSData/13GKsS26F4U/asr_subtitle/wavs_enhanced/13GKsS26F4U_02621.wav,2.852651,2.724738,3.6675632,3.8013294,3.4386744,NISQAv2
/data/nhandt23/Dataset/MMSData/13GKsS26F4U/asr_subtitle/wavs_enhanced/13GKsS26F4U_03927.wav,2.5976725,2.319755,3.0808017,3.6594985,3.42309,NISQAv2
/data/nhandt23/Dataset/MMSData/13GKsS26F4U/asr_subtitle/wavs_enhanced/13GKsS26F4U_04490.wav,3.1978528,3.2361758,4.130995,3.841135,3.6481342,NISQAv2
/data/nhandt23/Dataset/MMSData/13GKsS26F4U/asr_subtitle/wavs_enhanced/13GKsS26F4U_04388.wav,3.7537405,2.5848372,4.0360765,3.9513242,3.7606337,NISQAv2
/data/nhandt23/Dataset/MMSData/13GKsS26F4U/asr_subtitle/wavs_enhanced/13GKsS26F4U_01363.wav,3.4390657,3.2258623,4.013912,3.5049126,3.8839836,NISQAv2
/data/nhandt23/Dataset/MMSData/13GKsS26F4U/asr_subtitle/wavs_enhanced/13GKsS26F4U_02565.wav,3.106626,2.2449467,2.8888655,3.723339,3.2427304,NISQAv2
/data/nhandt23/Dataset/MMSData/13GKsS26F4U/asr_subtitle/wavs_enhanced/13GKsS26F4U_01849.wav,4.0181155,2.7350361,4.4041038,4.2391224,4.0937138,NISQAv2
/data/nhandt23/Dataset/MMSData/13GKsS26F4U/asr_subtitle/wavs_enhanced/13GKsS26F4U_02145.wav,3.2205489,2.5425632,4.00419,3.7419074,3.6196241,NISQAv2
/data/nhandt23/Dataset/MMSData/13GKsS26F4U/asr_subtitle/wavs_enhanced/13GKsS26F4U_02387.wav,3.0141923,2.4903474,3.9123726,3.8156216,3.385268,NISQAv2
/data/nhandt23/Dataset/MMSData/13GKsS26F4U/asr_subtitle/wavs_enhanced/13GKsS26F4U_01857.wav,3.4853127,3.0315444,3.597622,3.6542656,3.9977646,NISQAv2
/data/nhandt23/Dataset/MMSData/13GKsS26F4U/asr_subtitle/wavs_enhanced/13GKsS26F4U_00346.wav,3.269821,2.630487,4.360237,4.0194945,3.833647,NISQAv2
/data/nhandt23/Dataset/MMSData/13GKsS26F4U/asr_subtitle/wavs_enhanced/13GKsS26F4U_00765.wav,2.6208944,2.6596146,3.5454986,2.6790078,3.3478038,NISQAv2
/data/nhandt23/Dataset/MMSData/13GKsS26F4U/asr_subtitle/wavs_enhanced/13GKsS26F4U_00402.wav,3.9905345,3.2187169,4.4333143,4.1576686,4.130473,NISQAv2
/data/nhandt23/Dataset/MMSData/13GKsS26F4U/asr_subtitle/wavs_enhanced/13GKsS26F4U_01359.wav,2.9316185,2.7791953,2.8734884,3.6676133,3.6685302,NISQAv2
/data/nhandt23/Dataset/MMSData/13GKsS26F4U/asr_subtitle/wavs_enhanced/13GKsS26F4U_03017.wav,3.3618073,2.2134159,4.128962,3.856726,3.204386,NISQAv2
/data/nhandt23/Dataset/MMSData/13GKsS26F4U/asr_subtitle/wavs_enhanced/13GKsS26F4U_02973.wav,3.418843,2.998848,4.0536666,3.4856503,3.5409346,NISQAv2
/data/nhandt23/Dataset/MMSData/13GKsS26F4U/asr_subtitle/wavs_enhanced/13GKsS26F4U_01968.wav,2.053266,2.4670773,1.9100246,2.971363,3.265258,NISQAv2
/data/nhandt23/Dataset/MMSData/13GKsS26F4U/asr_subtitle/wavs_enhanced/13GKsS26F4U_01508.wav,3.7912076,2.8736045,4.3303266,3.9587903,4.1447396,NISQAv2
/data/nhandt23/Dataset/MMSData/13GKsS26F4U/asr_subtitle/wavs_enhanced/13GKsS26F4U_01876.wav,3.95978,3.2818043,4.216591,3.992789,3.824307,NISQAv2
/data/nhandt23/Dataset/MMSData/13GKsS26F4U/asr_subtitle/wavs_enhanced/13GKsS26F4U_00331.wav,3.3621366,2.599437,4.1342278,3.7337751,3.659116,NISQAv2
/data/nhandt23/Dataset/MMSData/13GKsS26F4U/asr_subtitle/wavs_enhanced/13GKsS26F4U_02122.wav,2.4216244,2.7746336,4.3884916,4.2687354,4.178739,NISQAv2
/data/nhandt23/Dataset/MMSData/13GKsS26F4U/asr_subtitle/wavs_enhanced/13GKsS26F4U_04117.wav,2.5544426,3.470468,2.2516172,3.334781,3.871729,NISQAv2
/data/nhandt23/Dataset/MMSData/13GKsS26F4U/asr_subtitle/wavs_enhanced/13GKsS26F4U_01216.wav,3.7763708,3.3826654,3.9869423,3.648586,3.9782078,NISQAv2
/data/nhandt23/Dataset/MMSData/13GKsS26F4U/asr_subtitle/wavs_enhanced/13GKsS26F4U_05037.wav,3.3092694,3.1528544,4.2143316,3.8671153,4.082163,NISQAv2
/data/nhandt23/Dataset/MMSData/13GKsS26F4U/asr_subtitle/wavs_enhanced/13GKsS26F4U_00691.wav,4.523779,3.8429458,4.777264,4.4548883,4.138798,NISQAv2
/data/nhandt23/Dataset/MMSData/13GKsS26F4U/asr_subtitle/wavs_enhanced/13GKsS26F4U_03469.wav,3.5323393,2.0468657,4.1133966,3.7136886,3.5149806,NISQAv2
/data/nhandt23/Dataset/MMSData/13GKsS26F4U/asr_subtitle/wavs_enhanced/13GKsS26F4U_00004.wav,2.3533604,2.3144124,3.3736975,2.7270033,3.0655713,NISQAv2
/data/nhandt23/Dataset/MMSData/13GKsS26F4U/asr_subtitle/wavs_enhanced/13GKsS26F4U_02299.wav,3.7309124,2.3263729,4.4223228,4.181665,4.22745,NISQAv2
/data/nhandt23/Dataset/MMSData/13GKsS26F4U/asr_subtitle/wavs_enhanced/13GKsS26F4U_04923.wav,3.0834978,2.9054134,3.3871486,3.518709,3.4873002,NISQAv2
/data/nhandt23/Dataset/MMSData/13GKsS26F4U/asr_subtitle/wavs_enhanced/13GKsS26F4U_01441.wav,4.0835886,3.2663298,4.4819283,4.292855,3.723687,NISQAv2
/data/nhandt23/Dataset/MMSData/13GKsS26F4U/asr_subtitle/wavs_enhanced/13GKsS26F4U_04595.wav,3.0408242,3.1377761,3.9661734,3.5091102,3.8154712,NISQAv2
/data/nhandt23/Dataset/MMSData/13GKsS26F4U/asr_subtitle/wavs_enhanced/13GKsS26F4U_02671.wav,3.5058124,2.8069613,4.0480003,3.815166,3.7038493,NISQAv2
/data/nhandt23/Dataset/MMSData/13GKsS26F4U/asr_subtitle/wavs_enhanced/13GKsS26F4U_03725.wav,3.7335334,2.3228176,4.409108,4.0389166,3.6390524,NISQAv2
/data/nhandt23/Dataset/MMSData/13GKsS26F4U/asr_subtitle/wavs_enhanced/13GKsS26F4U_01493.wav,2.6026847,2.7269793,4.2877445,3.6968994,3.2838619,NISQAv2
/data/nhandt23/Dataset/MMSData/13GKsS26F4U/asr_subtitle/wavs_enhanced/13GKsS26F4U_01798.wav,3.9595482,2.8579202,4.268179,4.2022552,4.0455117,NISQAv2
/data/nhandt23/Dataset/MMSData/13GKsS26F4U/asr_subtitle/wavs_enhanced/13GKsS26F4U_03936.wav,3.2213304,2.5372949,4.182968,3.5836647,3.1957152,NISQAv2
/data/nhandt23/Dataset/MMSData/13GKsS26F4U/asr_subtitle/wavs_enhanced/13GKsS26F4U_03207.wav,3.799064,2.9508038,4.395428,4.1108756,3.8459973,NISQAv2
/data/nhandt23/Dataset/MMSData/13GKsS26F4U/asr_subtitle/wavs_enhanced/13GKsS26F4U_02679.wav,2.7943156,2.841256,3.4305744,3.9108002,4.2718396,NISQAv2
/data/nhandt23/Dataset/MMSData/13GKsS26F4U/asr_subtitle/wavs_enhanced/13GKsS26F4U_03740.wav,2.9675632,2.1736386,3.9102197,3.7000463,2.951421,NISQAv2
/data/nhandt23/Dataset/MMSData/13GKsS26F4U/asr_subtitle/wavs_enhanced/13GKsS26F4U_01315.wav,3.5492508,2.720733,4.1598372,4.0571613,3.573131,NISQAv2
/data/nhandt23/Dataset/MMSData/13GKsS26F4U/asr_subtitle/wavs_enhanced/13GKsS26F4U_03492.wav,3.5098848,3.1271775,4.2841477,4.07177,3.9939027,NISQAv2
/data/nhandt23/Dataset/MMSData/13GKsS26F4U/asr_subtitle/wavs_enhanced/13GKsS26F4U_04394.wav,2.9875715,2.747264,3.918722,3.9598505,3.7096395,NISQAv2
/data/nhandt23/Dataset/MMSData/13GKsS26F4U/asr_subtitle/wavs_enhanced/13GKsS26F4U_01723.wav,3.2594814,3.1257823,4.1438503,3.6692762,3.8796382,NISQAv2
/data/nhandt23/Dataset/MMSData/13GKsS26F4U/asr_subtitle/wavs_enhanced/13GKsS26F4U_00631.wav,2.6537402,2.076684,3.5346582,3.1446958,3.2445114,NISQAv2
/data/nhandt23/Dataset/MMSData/13GKsS26F4U/asr_subtitle/wavs_enhanced/13GKsS26F4U_01362.wav,3.8815527,2.9202483,4.359062,3.9763482,4.0352044,NISQAv2
/data/nhandt23/Dataset/MMSData/13GKsS26F4U/asr_subtitle/wavs_enhanced/13GKsS26F4U_02943.wav,3.986162,3.3151152,4.4496074,4.183622,3.611159,NISQAv2
/data/nhandt23/Dataset/MMSData/13GKsS26F4U/asr_subtitle/wavs_enhanced/13GKsS26F4U_03254.wav,3.5930634,3.136181,4.3014455,3.998095,3.4662325,NISQAv2
/data/nhandt23/Dataset/MMSData/13GKsS26F4U/asr_subtitle/wavs_enhanced/13GKsS26F4U_01903.wav,2.9023383,2.514356,3.703533,3.4606564,3.7696583,NISQAv2
/data/nhandt23/Dataset/MMSData/13GKsS26F4U/asr_subtitle/wavs_enhanced/13GKsS26F4U_04262.wav,2.3284795,2.6567714,2.0273256,2.7788713,3.75194,NISQAv2
/data/nhandt23/Dataset/MMSData/13GKsS26F4U/asr_subtitle/wavs_enhanced/13GKsS26F4U_04860.wav,2.9250247,2.5447893,3.8273597,3.1265037,2.7214568,NISQAv2
/data/nhandt23/Dataset/MMSData/13GKsS26F4U/asr_subtitle/wavs_enhanced/13GKsS26F4U_01336.wav,3.0668259,3.0517533,3.8055484,3.6863348,3.71087,NISQAv2
/data/nhandt23/Dataset/MMSData/13GKsS26F4U/asr_subtitle/wavs_enhanced/13GKsS26F4U_01847.wav,3.5379364,2.3262057,4.373942,4.1421385,4.115638,NISQAv2
/data/nhandt23/Dataset/MMSData/13GKsS26F4U/asr_subtitle/wavs_enhanced/13GKsS26F4U_04354.wav,2.5737858,3.2163165,4.245406,4.036671,3.944968,NISQAv2
/data/nhandt23/Dataset/MMSData/13GKsS26F4U/asr_subtitle/wavs_enhanced/13GKsS26F4U_04053.wav,2.9277377,2.2653368,4.192005,3.989635,3.417206,NISQAv2
/data/nhandt23/Dataset/MMSData/13GKsS26F4U/asr_subtitle/wavs_enhanced/13GKsS26F4U_02940.wav,2.5738091,2.5525742,4.3540792,3.9576018,3.7317698,NISQAv2
/data/nhandt23/Dataset/MMSData/13GKsS26F4U/asr_subtitle/wavs_enhanced/13GKsS26F4U_04768.wav,3.4460404,3.011985,4.4358525,4.0537925,4.1589394,NISQAv2
/data/nhandt23/Dataset/MMSData/13GKsS26F4U/asr_subtitle/wavs_enhanced/13GKsS26F4U_03421.wav,3.8129413,2.9932916,4.1872077,4.218327,3.7633293,NISQAv2
/data/nhandt23/Dataset/MMSData/13GKsS26F4U/asr_subtitle/wavs_enhanced/13GKsS26F4U_02155.wav,2.9078176,2.7690666,3.7933166,3.612584,3.923322,NISQAv2
/data/nhandt23/Dataset/MMSData/13GKsS26F4U/asr_subtitle/wavs_enhanced/13GKsS26F4U_01276.wav,3.163954,2.7866094,3.587648,3.8077443,3.6799178,NISQAv2
/data/nhandt23/Dataset/MMSData/13GKsS26F4U/asr_subtitle/wavs_enhanced/13GKsS26F4U_01554.wav,3.0089197,3.184178,3.4210374,3.7283926,3.8224509,NISQAv2
/data/nhandt23/Dataset/MMSData/13GKsS26F4U/asr_subtitle/wavs_enhanced/13GKsS26F4U_02703.wav,2.491419,2.356877,3.0431528,3.5615017,3.9602077,NISQAv2
/data/nhandt23/Dataset/MMSData/13GKsS26F4U/asr_subtitle/wavs_enhanced/13GKsS26F4U_00084.wav,2.2292926,3.2051241,2.471996,3.3681424,3.7009156,NISQAv2
/data/nhandt23/Dataset/MMSData/13GKsS26F4U/asr_subtitle/wavs_enhanced/13GKsS26F4U_02566.wav,4.190852,3.1141143,4.5741234,4.3469157,3.9742243,NISQAv2
/data/nhandt23/Dataset/MMSData/13GKsS26F4U/asr_subtitle/wavs_enhanced/13GKsS26F4U_01466.wav,3.1240742,2.6981733,4.151335,3.77832,3.376444,NISQAv2
/data/nhandt23/Dataset/MMSData/13GKsS26F4U/asr_subtitle/wavs_enhanced/13GKsS26F4U_01305.wav,3.2402046,2.2873728,4.226202,4.085385,3.392328,NISQAv2
/data/nhandt23/Dataset/MMSData/13GKsS26F4U/asr_subtitle/wavs_enhanced/13GKsS26F4U_01818.wav,2.941094,2.5611148,4.0930305,3.890463,3.6319215,NISQAv2
/data/nhandt23/Dataset/MMSData/13GKsS26F4U/asr_subtitle/wavs_enhanced/13GKsS26F4U_04362.wav,4.3874187,3.08561,4.595855,4.450868,4.443434,NISQAv2
/data/nhandt23/Dataset/MMSData/13GKsS26F4U/asr_subtitle/wavs_enhanced/13GKsS26F4U_04572.wav,2.7766438,2.7192178,2.653577,2.8498948,3.8409085,NISQAv2
/data/nhandt23/Dataset/MMSData/13GKsS26F4U/asr_subtitle/wavs_enhanced/13GKsS26F4U_02812.wav,3.8552024,2.679253,4.4071593,4.239613,3.4959183,NISQAv2
/data/nhandt23/Dataset/MMSData/13GKsS26F4U/asr_subtitle/wavs_enhanced/13GKsS26F4U_03222.wav,4.1821737,2.5431058,4.408476,4.3038073,3.8710818,NISQAv2
/data/nhandt23/Dataset/MMSData/13GKsS26F4U/asr_subtitle/wavs_enhanced/13GKsS26F4U_02327.wav,3.7226968,3.16175,3.860314,3.6313162,4.0124116,NISQAv2
/data/nhandt23/Dataset/MMSData/13GKsS26F4U/asr_subtitle/wavs_enhanced/13GKsS26F4U_00112.wav,3.13711,3.3162692,4.4219937,4.169333,3.9687335,NISQAv2
/data/nhandt23/Dataset/MMSData/13GKsS26F4U/asr_subtitle/wavs_enhanced/13GKsS26F4U_00083.wav,3.1864326,2.2688408,3.5043068,3.4780324,3.7828944,NISQAv2
/data/nhandt23/Dataset/MMSData/13GKsS26F4U/asr_subtitle/wavs_enhanced/13GKsS26F4U_01113.wav,3.6362407,2.970463,4.123889,4.1061273,3.7198083,NISQAv2
/data/nhandt23/Dataset/MMSData/13GKsS26F4U/asr_subtitle/wavs_enhanced/13GKsS26F4U_04797.wav,3.340853,2.69997,4.1622424,3.7529047,3.4375894,NISQAv2
/data/nhandt23/Dataset/MMSData/13GKsS26F4U/asr_subtitle/wavs_enhanced/13GKsS26F4U_00078.wav,4.089025,2.5832956,4.515046,4.2513413,3.9146886,NISQAv2
/data/nhandt23/Dataset/MMSData/13GKsS26F4U/asr_subtitle/wavs_enhanced/13GKsS26F4U_01117.wav,3.946046,2.7594938,4.3583035,4.158706,4.1167326,NISQAv2
/data/nhandt23/Dataset/MMSData/13GKsS26F4U/asr_subtitle/wavs_enhanced/13GKsS26F4U_02748.wav,2.4920673,2.672523,3.5936797,3.745436,3.944229,NISQAv2
/data/nhandt23/Dataset/MMSData/13GKsS26F4U/asr_subtitle/wavs_enhanced/13GKsS26F4U_01724.wav,2.67645,3.0116146,2.7047234,3.218519,3.5155015,NISQAv2
/data/nhandt23/Dataset/MMSData/13GKsS26F4U/asr_subtitle/wavs_enhanced/13GKsS26F4U_03968.wav,4.228916,3.024295,4.4463277,4.450516,4.4006987,NISQAv2
/data/nhandt23/Dataset/MMSData/13GKsS26F4U/asr_subtitle/wavs_enhanced/13GKsS26F4U_02264.wav,3.7200117,2.5152576,4.324703,4.0891843,3.9890816,NISQAv2
/data/nhandt23/Dataset/MMSData/13GKsS26F4U/asr_subtitle/wavs_enhanced/13GKsS26F4U_03265.wav,3.4637032,2.9869645,4.1255765,3.929878,3.3935685,NISQAv2
/data/nhandt23/Dataset/MMSData/13GKsS26F4U/asr_subtitle/wavs_enhanced/13GKsS26F4U_01429.wav,3.7883677,3.3226283,4.3793445,4.0602436,3.906898,NISQAv2
/data/nhandt23/Dataset/MMSData/13GKsS26F4U/asr_subtitle/wavs_enhanced/13GKsS26F4U_03303.wav,3.3369792,2.2926817,4.2623463,3.9999697,3.9161077,NISQAv2
/data/nhandt23/Dataset/MMSData/13GKsS26F4U/asr_subtitle/wavs_enhanced/13GKsS26F4U_03426.wav,4.164962,2.889572,4.617571,4.4222198,4.2097774,NISQAv2
/data/nhandt23/Dataset/MMSData/13GKsS26F4U/asr_subtitle/wavs_enhanced/13GKsS26F4U_03042.wav,3.1049328,2.2185023,4.2331176,3.9848163,3.7432997,NISQAv2
/data/nhandt23/Dataset/MMSData/13GKsS26F4U/asr_subtitle/wavs_enhanced/13GKsS26F4U_03706.wav,4.2019463,2.546464,4.538085,4.251525,3.9669578,NISQAv2
/data/nhandt23/Dataset/MMSData/13GKsS26F4U/asr_subtitle/wavs_enhanced/13GKsS26F4U_02105.wav,3.2740145,2.4600146,3.804128,3.8943524,3.9524052,NISQAv2
/data/nhandt23/Dataset/MMSData/13GKsS26F4U/asr_subtitle/wavs_enhanced/13GKsS26F4U_00887.wav,4.5752816,3.4856887,4.735795,4.6051555,4.351673,NISQAv2
/data/nhandt23/Dataset/MMSData/13GKsS26F4U/asr_subtitle/wavs_enhanced/13GKsS26F4U_03852.wav,3.5113916,2.5814369,4.453228,4.0973353,3.9000027,NISQAv2
/data/nhandt23/Dataset/MMSData/13GKsS26F4U/asr_subtitle/wavs_enhanced/13GKsS26F4U_03773.wav,3.6998477,2.4416564,4.3994284,4.2463613,3.816661,NISQAv2
/data/nhandt23/Dataset/MMSData/13GKsS26F4U/asr_subtitle/wavs_enhanced/13GKsS26F4U_00456.wav,3.8092983,3.0355165,4.4762206,4.2074656,4.3380647,NISQAv2
/data/nhandt23/Dataset/MMSData/13GKsS26F4U/asr_subtitle/wavs_enhanced/13GKsS26F4U_02178.wav,3.3799202,2.3807156,4.282657,4.3711867,4.109819,NISQAv2
/data/nhandt23/Dataset/MMSData/13GKsS26F4U/asr_subtitle/wavs_enhanced/13GKsS26F4U_02266.wav,2.9963677,2.2028892,4.142971,4.0008926,4.0472546,NISQAv2
/data/nhandt23/Dataset/MMSData/13GKsS26F4U/asr_subtitle/wavs_enhanced/13GKsS26F4U_03995.wav,2.7969034,2.7987826,2.83446,3.2937248,3.244124,NISQAv2
/data/nhandt23/Dataset/MMSData/13GKsS26F4U/asr_subtitle/wavs_enhanced/13GKsS26F4U_01302.wav,3.994609,2.6250722,4.5533724,4.3419833,4.216163,NISQAv2
/data/nhandt23/Dataset/MMSData/13GKsS26F4U/asr_subtitle/wavs_enhanced/13GKsS26F4U_02116.wav,3.8778918,2.516984,4.365158,3.9453647,3.4984329,NISQAv2
/data/nhandt23/Dataset/MMSData/13GKsS26F4U/asr_subtitle/wavs_enhanced/13GKsS26F4U_02651.wav,3.0376966,2.5669854,3.8969746,3.4064267,3.304741,NISQAv2
/data/nhandt23/Dataset/MMSData/13GKsS26F4U/asr_subtitle/wavs_enhanced/13GKsS26F4U_02412.wav,3.5802803,2.266424,3.9488692,3.924999,3.37176,NISQAv2
/data/nhandt23/Dataset/MMSData/13GKsS26F4U/asr_subtitle/wavs_enhanced/13GKsS26F4U_04474.wav,3.5184662,2.8551352,4.4628916,4.1176133,3.7640004,NISQAv2
/data/nhandt23/Dataset/MMSData/13GKsS26F4U/asr_subtitle/wavs_enhanced/13GKsS26F4U_02685.wav,3.93724,2.9854538,4.509475,4.283807,4.19354,NISQAv2
/data/nhandt23/Dataset/MMSData/13GKsS26F4U/asr_subtitle/wavs_enhanced/13GKsS26F4U_01994.wav,3.7696688,3.0370538,4.2453237,4.190729,3.6082213,NISQAv2
/data/nhandt23/Dataset/MMSData/13GKsS26F4U/asr_subtitle/wavs_enhanced/13GKsS26F4U_03702.wav,3.9759161,3.191664,4.4259706,4.087582,3.9911058,NISQAv2
/data/nhandt23/Dataset/MMSData/13GKsS26F4U/asr_subtitle/wavs_enhanced/13GKsS26F4U_04839.wav,2.6603813,2.8436587,3.1318107,3.730463,3.8664155,NISQAv2
/data/nhandt23/Dataset/MMSData/13GKsS26F4U/asr_subtitle/wavs_enhanced/13GKsS26F4U_02018.wav,3.4171498,3.3870325,4.2507677,4.309385,4.395536,NISQAv2
/data/nhandt23/Dataset/MMSData/13GKsS26F4U/asr_subtitle/wavs_enhanced/13GKsS26F4U_01592.wav,3.3189666,2.6199381,3.948748,3.6913955,3.4926007,NISQAv2
/data/nhandt23/Dataset/MMSData/13GKsS26F4U/asr_subtitle/wavs_enhanced/13GKsS26F4U_03583.wav,3.1995049,2.3215513,4.293904,3.76047,3.6197498,NISQAv2
/data/nhandt23/Dataset/MMSData/13GKsS26F4U/asr_subtitle/wavs_enhanced/13GKsS26F4U_00761.wav,3.887005,2.2820346,4.36338,4.0694604,3.9260516,NISQAv2
/data/nhandt23/Dataset/MMSData/13GKsS26F4U/asr_subtitle/wavs_enhanced/13GKsS26F4U_03444.wav,3.0894232,2.107707,3.634662,3.7460103,4.0588565,NISQAv2
/data/nhandt23/Dataset/MMSData/13GKsS26F4U/asr_subtitle/wavs_enhanced/13GKsS26F4U_03429.wav,4.004655,2.6410763,4.3272853,4.214603,3.8493655,NISQAv2
/data/nhandt23/Dataset/MMSData/13GKsS26F4U/asr_subtitle/wavs_enhanced/13GKsS26F4U_00744.wav,3.6627707,3.1698577,4.0658617,3.978844,3.4426398,NISQAv2
/data/nhandt23/Dataset/MMSData/13GKsS26F4U/asr_subtitle/wavs_enhanced/13GKsS26F4U_01935.wav,2.6083682,2.106141,2.5787919,3.646507,4.271773,NISQAv2
/data/nhandt23/Dataset/MMSData/13GKsS26F4U/asr_subtitle/wavs_enhanced/13GKsS26F4U_03460.wav,2.9076264,2.6641438,3.739937,3.74003,3.8379107,NISQAv2
/data/nhandt23/Dataset/MMSData/13GKsS26F4U/asr_subtitle/wavs_enhanced/13GKsS26F4U_03846.wav,3.945268,3.0819137,4.4413724,4.171592,3.5480688,NISQAv2
/data/nhandt23/Dataset/MMSData/13GKsS26F4U/asr_subtitle/wavs_enhanced/13GKsS26F4U_03291.wav,1.9460033,2.2707882,3.730777,3.7766259,3.1323683,NISQAv2
/data/nhandt23/Dataset/MMSData/13GKsS26F4U/asr_subtitle/wavs_enhanced/13GKsS26F4U_00209.wav,3.1936061,2.684798,3.8361118,3.4556046,3.2245786,NISQAv2
/data/nhandt23/Dataset/MMSData/13GKsS26F4U/asr_subtitle/wavs_enhanced/13GKsS26F4U_03548.wav,3.832359,2.8312056,4.358334,4.043795,3.8566067,NISQAv2
/data/nhandt23/Dataset/MMSData/13GKsS26F4U/asr_subtitle/wavs_enhanced/13GKsS26F4U_02265.wav,3.2242703,2.3359938,4.316281,4.1274796,3.551535,NISQAv2
/data/nhandt23/Dataset/MMSData/13GKsS26F4U/asr_subtitle/wavs_enhanced/13GKsS26F4U_03831.wav,1.9727726,2.5352223,2.379708,2.913156,2.738773,NISQAv2
/data/nhandt23/Dataset/MMSData/13GKsS26F4U/asr_subtitle/wavs_enhanced/13GKsS26F4U_03621.wav,3.9832778,3.6594362,4.316724,4.068416,4.1676455,NISQAv2
/data/nhandt23/Dataset/MMSData/13GKsS26F4U/asr_subtitle/wavs_enhanced/13GKsS26F4U_02856.wav,2.8466861,2.2311502,3.5672486,3.3975027,3.350179,NISQAv2
/data/nhandt23/Dataset/MMSData/13GKsS26F4U/asr_subtitle/wavs_enhanced/13GKsS26F4U_01128.wav,3.8036497,3.077967,4.2116275,4.1134543,3.6026819,NISQAv2
/data/nhandt23/Dataset/MMSData/13GKsS26F4U/asr_subtitle/wavs_enhanced/13GKsS26F4U_04471.wav,4.189395,2.886617,4.639653,4.3233943,4.083415,NISQAv2
/data/nhandt23/Dataset/MMSData/13GKsS26F4U/asr_subtitle/wavs_enhanced/13GKsS26F4U_03039.wav,2.9654698,2.1987398,3.9070709,3.5760586,3.574364,NISQAv2
/data/nhandt23/Dataset/MMSData/13GKsS26F4U/asr_subtitle/wavs_enhanced/13GKsS26F4U_00946.wav,3.8498824,2.8697772,4.6808906,4.3172007,4.141353,NISQAv2
/data/nhandt23/Dataset/MMSData/13GKsS26F4U/asr_subtitle/wavs_enhanced/13GKsS26F4U_03582.wav,3.0695536,2.7325642,4.141657,3.7611873,3.304577,NISQAv2
/data/nhandt23/Dataset/MMSData/13GKsS26F4U/asr_subtitle/wavs_enhanced/13GKsS26F4U_02664.wav,3.3689315,2.4330983,4.3899355,4.0505147,3.5695224,NISQAv2
/data/nhandt23/Dataset/MMSData/13GKsS26F4U/asr_subtitle/wavs_enhanced/13GKsS26F4U_00605.wav,3.2961397,2.793223,4.06866,3.5950568,4.0470886,NISQAv2
/data/nhandt23/Dataset/MMSData/13GKsS26F4U/asr_subtitle/wavs_enhanced/13GKsS26F4U_05081.wav,3.2759082,3.7577858,4.361135,4.111398,4.101562,NISQAv2
/data/nhandt23/Dataset/MMSData/13GKsS26F4U/asr_subtitle/wavs_enhanced/13GKsS26F4U_02858.wav,3.8523908,2.6100237,4.309651,4.0904813,3.751654,NISQAv2
/data/nhandt23/Dataset/MMSData/13GKsS26F4U/asr_subtitle/wavs_enhanced/13GKsS26F4U_04507.wav,3.828248,3.2748504,4.2879653,4.0097938,4.171291,NISQAv2
/data/nhandt23/Dataset/MMSData/13GKsS26F4U/asr_subtitle/wavs_enhanced/13GKsS26F4U_00036.wav,3.1103826,2.2050207,3.7758167,3.468987,3.4555702,NISQAv2
/data/nhandt23/Dataset/MMSData/13GKsS26F4U/asr_subtitle/wavs_enhanced/13GKsS26F4U_02263.wav,4.0381927,2.743122,4.5444393,4.210382,3.5368903,NISQAv2
/data/nhandt23/Dataset/MMSData/13GKsS26F4U/asr_subtitle/wavs_enhanced/13GKsS26F4U_02189.wav,3.664669,3.1200044,4.455109,4.1740403,4.013242,NISQAv2
/data/nhandt23/Dataset/MMSData/13GKsS26F4U/asr_subtitle/wavs_enhanced/13GKsS26F4U_01966.wav,2.8209488,2.40152,3.289489,3.7051466,3.8101544,NISQAv2
/data/nhandt23/Dataset/MMSData/13GKsS26F4U/asr_subtitle/wavs_enhanced/13GKsS26F4U_00118.wav,2.9908674,2.6931014,2.4265497,3.3595505,3.7479477,NISQAv2
/data/nhandt23/Dataset/MMSData/13GKsS26F4U/asr_subtitle/wavs_enhanced/13GKsS26F4U_01161.wav,3.2405403,2.585021,4.320006,3.9542472,3.2477832,NISQAv2
/data/nhandt23/Dataset/MMSData/13GKsS26F4U/asr_subtitle/wavs_enhanced/13GKsS26F4U_00235.wav,2.6615162,3.1033728,3.8734381,3.63749,3.9423704,NISQAv2
/data/nhandt23/Dataset/MMSData/13GKsS26F4U/asr_subtitle/wavs_enhanced/13GKsS26F4U_04358.wav,3.9113028,2.9271333,4.2966833,4.2158437,3.9889498,NISQAv2
/data/nhandt23/Dataset/MMSData/13GKsS26F4U/asr_subtitle/wavs_enhanced/13GKsS26F4U_00109.wav,4.329031,2.886823,4.666766,4.441072,4.428797,NISQAv2
/data/nhandt23/Dataset/MMSData/13GKsS26F4U/asr_subtitle/wavs_enhanced/13GKsS26F4U_04268.wav,2.6212037,2.9192648,3.5280156,3.2398336,3.0008006,NISQAv2
/data/nhandt23/Dataset/MMSData/13GKsS26F4U/asr_subtitle/wavs_enhanced/13GKsS26F4U_00152.wav,3.429247,3.3252351,4.2525916,4.306954,4.134622,NISQAv2
/data/nhandt23/Dataset/MMSData/13GKsS26F4U/asr_subtitle/wavs_enhanced/13GKsS26F4U_02554.wav,2.9322822,2.7847302,3.6120837,3.3377612,3.9118984,NISQAv2
/data/nhandt23/Dataset/MMSData/13GKsS26F4U/asr_subtitle/wavs_enhanced/13GKsS26F4U_04201.wav,2.0716383,2.6134813,2.0973828,2.9647825,2.6928246,NISQAv2
/data/nhandt23/Dataset/MMSData/13GKsS26F4U/asr_subtitle/wavs_enhanced/13GKsS26F4U_02399.wav,2.5642965,2.8483367,2.5975063,3.3903058,2.9169266,NISQAv2
/data/nhandt23/Dataset/MMSData/13GKsS26F4U/asr_subtitle/wavs_enhanced/13GKsS26F4U_01775.wav,3.164387,2.4394212,3.8603156,3.6646745,3.1414483,NISQAv2
/data/nhandt23/Dataset/MMSData/13GKsS26F4U/asr_subtitle/wavs_enhanced/13GKsS26F4U_02982.wav,3.122544,2.9316924,3.5135567,3.0056498,3.636369,NISQAv2
/data/nhandt23/Dataset/MMSData/13GKsS26F4U/asr_subtitle/wavs_enhanced/13GKsS26F4U_02240.wav,3.9440854,2.2911694,4.3687334,4.0073805,3.9481184,NISQAv2
/data/nhandt23/Dataset/MMSData/13GKsS26F4U/asr_subtitle/wavs_enhanced/13GKsS26F4U_02184.wav,3.3278363,2.5937135,4.086661,3.6896594,3.250132,NISQAv2
/data/nhandt23/Dataset/MMSData/13GKsS26F4U/asr_subtitle/wavs_enhanced/13GKsS26F4U_01013.wav,3.4585276,2.6856565,4.268555,3.7204158,3.6989958,NISQAv2
/data/nhandt23/Dataset/MMSData/13GKsS26F4U/asr_subtitle/wavs_enhanced/13GKsS26F4U_00394.wav,3.134919,3.0228536,4.295471,4.247355,3.9663546,NISQAv2
/data/nhandt23/Dataset/MMSData/13GKsS26F4U/asr_subtitle/wavs_enhanced/13GKsS26F4U_04648.wav,3.0991404,3.2534735,3.9970706,3.7656248,3.316157,NISQAv2
/data/nhandt23/Dataset/MMSData/13GKsS26F4U/asr_subtitle/wavs_enhanced/13GKsS26F4U_04233.wav,4.3210535,3.08592,4.5398903,4.542427,4.3732486,NISQAv2
/data/nhandt23/Dataset/MMSData/13GKsS26F4U/asr_subtitle/wavs_enhanced/13GKsS26F4U_04765.wav,3.3070047,3.2304683,4.3753614,4.0264554,3.776881,NISQAv2
/data/nhandt23/Dataset/MMSData/13GKsS26F4U/asr_subtitle/wavs_enhanced/13GKsS26F4U_03135.wav,4.0706625,2.7088702,4.66452,4.531853,4.353431,NISQAv2
/data/nhandt23/Dataset/MMSData/13GKsS26F4U/asr_subtitle/wavs_enhanced/13GKsS26F4U_01967.wav,2.8300874,2.8100834,3.9476802,3.8495033,3.1741238,NISQAv2
/data/nhandt23/Dataset/MMSData/13GKsS26F4U/asr_subtitle/wavs_enhanced/13GKsS26F4U_03309.wav,2.8558304,3.0472577,4.1483874,3.9113822,3.9508445,NISQAv2
/data/nhandt23/Dataset/MMSData/13GKsS26F4U/asr_subtitle/wavs_enhanced/13GKsS26F4U_04582.wav,2.5184405,2.6312282,2.0375307,3.2302876,3.8166125,NISQAv2
/data/nhandt23/Dataset/MMSData/13GKsS26F4U/asr_subtitle/wavs_enhanced/13GKsS26F4U_01199.wav,2.8275936,2.7075198,3.7099779,3.556694,3.4263482,NISQAv2
/data/nhandt23/Dataset/MMSData/13GKsS26F4U/asr_subtitle/wavs_enhanced/13GKsS26F4U_05091.wav,2.8723066,3.2531397,4.202333,3.944111,3.8029604,NISQAv2
/data/nhandt23/Dataset/MMSData/13GKsS26F4U/asr_subtitle/wavs_enhanced/13GKsS26F4U_03780.wav,3.3193867,2.7991476,4.3946266,4.032987,3.7400157,NISQAv2
/data/nhandt23/Dataset/MMSData/13GKsS26F4U/asr_subtitle/wavs_enhanced/13GKsS26F4U_03776.wav,3.7542455,2.3126647,4.431121,4.0192323,3.6833875,NISQAv2
/data/nhandt23/Dataset/MMSData/13GKsS26F4U/asr_subtitle/wavs_enhanced/13GKsS26F4U_00073.wav,3.5927582,2.9750285,4.228489,4.0490146,3.9121122,NISQAv2
/data/nhandt23/Dataset/MMSData/13GKsS26F4U/asr_subtitle/wavs_enhanced/13GKsS26F4U_03089.wav,2.9218233,2.4833624,3.4921107,3.213621,3.0732927,NISQAv2
/data/nhandt23/Dataset/MMSData/13GKsS26F4U/asr_subtitle/wavs_enhanced/13GKsS26F4U_01415.wav,4.1478806,2.7839653,4.578679,4.3079505,4.1870427,NISQAv2
/data/nhandt23/Dataset/MMSData/13GKsS26F4U/asr_subtitle/wavs_enhanced/13GKsS26F4U_04905.wav,3.216831,2.721051,4.265378,4.0757318,3.4376028,NISQAv2
/data/nhandt23/Dataset/MMSData/13GKsS26F4U/asr_subtitle/wavs_enhanced/13GKsS26F4U_00469.wav,4.3368273,3.5423043,4.5960083,4.258471,4.0490665,NISQAv2
/data/nhandt23/Dataset/MMSData/13GKsS26F4U/asr_subtitle/wavs_enhanced/13GKsS26F4U_01181.wav,3.4037662,2.4867518,4.0780997,3.6765392,2.9434838,NISQAv2
/data/nhandt23/Dataset/MMSData/13GKsS26F4U/asr_subtitle/wavs_enhanced/13GKsS26F4U_03457.wav,2.0699346,2.8276553,2.5923352,3.2413635,3.2414653,NISQAv2
/data/nhandt23/Dataset/MMSData/13GKsS26F4U/asr_subtitle/wavs_enhanced/13GKsS26F4U_01294.wav,4.106903,3.3662128,4.6317515,4.3773847,4.2009177,NISQAv2
/data/nhandt23/Dataset/MMSData/13GKsS26F4U/asr_subtitle/wavs_enhanced/13GKsS26F4U_01262.wav,3.0629733,2.348554,3.6286294,3.9501853,4.1991534,NISQAv2
/data/nhandt23/Dataset/MMSData/13GKsS26F4U/asr_subtitle/wavs_enhanced/13GKsS26F4U_04924.wav,2.4961147,2.7974067,3.5438266,3.7928884,3.8417866,NISQAv2
/data/nhandt23/Dataset/MMSData/13GKsS26F4U/asr_subtitle/wavs_enhanced/13GKsS26F4U_03110.wav,2.8642652,2.686938,4.0296655,3.8455832,3.452692,NISQAv2
/data/nhandt23/Dataset/MMSData/13GKsS26F4U/asr_subtitle/wavs_enhanced/13GKsS26F4U_02404.wav,4.040517,2.6960056,4.5754204,4.23354,3.9558449,NISQAv2
/data/nhandt23/Dataset/MMSData/13GKsS26F4U/asr_subtitle/wavs_enhanced/13GKsS26F4U_00797.wav,2.8969696,3.323442,3.0647814,3.5085328,4.034532,NISQAv2
/data/nhandt23/Dataset/MMSData/13GKsS26F4U/asr_subtitle/wavs_enhanced/13GKsS26F4U_05126.wav,2.0419486,3.352958,2.023509,3.3891985,3.746823,NISQAv2
/data/nhandt23/Dataset/MMSData/13GKsS26F4U/asr_subtitle/wavs_enhanced/13GKsS26F4U_01170.wav,3.5532537,2.7752163,3.73131,3.6113522,3.7037709,NISQAv2
/data/nhandt23/Dataset/MMSData/13GKsS26F4U/asr_subtitle/wavs_enhanced/13GKsS26F4U_01352.wav,3.010153,2.219526,4.0542116,3.73817,3.3770673,NISQAv2
/data/nhandt23/Dataset/MMSData/13GKsS26F4U/asr_subtitle/wavs_enhanced/13GKsS26F4U_03219.wav,3.4544022,2.657347,4.4835935,4.3664823,4.3724227,NISQAv2
/data/nhandt23/Dataset/MMSData/13GKsS26F4U/asr_subtitle/wavs_enhanced/13GKsS26F4U_00968.wav,3.6953158,3.3447978,3.7349477,3.9551005,3.1391976,NISQAv2
/data/nhandt23/Dataset/MMSData/13GKsS26F4U/asr_subtitle/wavs_enhanced/13GKsS26F4U_00871.wav,3.7884638,2.3416111,4.3369064,4.015332,3.8474643,NISQAv2
/data/nhandt23/Dataset/MMSData/13GKsS26F4U/asr_subtitle/wavs_enhanced/13GKsS26F4U_02427.wav,3.102479,2.4572113,3.8465548,4.103938,3.862056,NISQAv2
/data/nhandt23/Dataset/MMSData/13GKsS26F4U/asr_subtitle/wavs_enhanced/13GKsS26F4U_01286.wav,3.673511,2.4148386,4.2168765,3.8440235,4.0517306,NISQAv2
/data/nhandt23/Dataset/MMSData/13GKsS26F4U/asr_subtitle/wavs_enhanced/13GKsS26F4U_02038.wav,4.095418,2.951802,4.5893126,4.205739,4.233579,NISQAv2
/data/nhandt23/Dataset/MMSData/13GKsS26F4U/asr_subtitle/wavs_enhanced/13GKsS26F4U_03142.wav,3.5136445,2.755504,4.0412393,3.8760827,3.4194272,NISQAv2
/data/nhandt23/Dataset/MMSData/13GKsS26F4U/asr_subtitle/wavs_enhanced/13GKsS26F4U_02342.wav,2.9005249,2.871753,2.550154,3.5254264,4.2166276,NISQAv2
/data/nhandt23/Dataset/MMSData/13GKsS26F4U/asr_subtitle/wavs_enhanced/13GKsS26F4U_02452.wav,3.3831909,3.020724,4.181654,4.1217995,3.7252421,NISQAv2
/data/nhandt23/Dataset/MMSData/13GKsS26F4U/asr_subtitle/wavs_enhanced/13GKsS26F4U_04059.wav,3.1184082,2.6546,4.25167,4.1266418,3.859519,NISQAv2
/data/nhandt23/Dataset/MMSData/13GKsS26F4U/asr_subtitle/wavs_enhanced/13GKsS26F4U_00440.wav,2.797597,2.9421217,2.7650416,3.667059,3.9494045,NISQAv2
/data/nhandt23/Dataset/MMSData/13GKsS26F4U/asr_subtitle/wavs_enhanced/13GKsS26F4U_00229.wav,3.6257484,2.9298654,4.3533306,3.894179,3.9717538,NISQAv2
/data/nhandt23/Dataset/MMSData/13GKsS26F4U/asr_subtitle/wavs_enhanced/13GKsS26F4U_02613.wav,3.2335627,2.6879785,4.3275623,4.0995574,4.065165,NISQAv2
/data/nhandt23/Dataset/MMSData/13GKsS26F4U/asr_subtitle/wavs_enhanced/13GKsS26F4U_01907.wav,3.1836941,2.7931435,4.1642814,3.8484585,3.450886,NISQAv2
/data/nhandt23/Dataset/MMSData/13GKsS26F4U/asr_subtitle/wavs_enhanced/13GKsS26F4U_00847.wav,2.9999797,3.4586418,3.5436616,3.929571,3.5687284,NISQAv2
/data/nhandt23/Dataset/MMSData/13GKsS26F4U/asr_subtitle/wavs_enhanced/13GKsS26F4U_00791.wav,2.62558,2.8824456,3.4405115,3.7372713,3.7981367,NISQAv2
/data/nhandt23/Dataset/MMSData/13GKsS26F4U/asr_subtitle/wavs_enhanced/13GKsS26F4U_01153.wav,4.2476926,2.9399521,4.575493,4.2337914,4.3110485,NISQAv2
/data/nhandt23/Dataset/MMSData/13GKsS26F4U/asr_subtitle/wavs_enhanced/13GKsS26F4U_00278.wav,3.2773545,2.1853993,4.316787,4.1391616,4.11855,NISQAv2
/data/nhandt23/Dataset/MMSData/13GKsS26F4U/asr_subtitle/wavs_enhanced/13GKsS26F4U_04348.wav,3.4412115,2.4579418,3.644644,4.0298724,3.8023045,NISQAv2
/data/nhandt23/Dataset/MMSData/13GKsS26F4U/asr_subtitle/wavs_enhanced/13GKsS26F4U_00431.wav,3.8211448,1.9951653,4.375171,4.124502,3.9123802,NISQAv2
/data/nhandt23/Dataset/MMSData/13GKsS26F4U/asr_subtitle/wavs_enhanced/13GKsS26F4U_02443.wav,3.1626556,2.5329835,3.995992,3.846306,4.253675,NISQAv2
/data/nhandt23/Dataset/MMSData/13GKsS26F4U/asr_subtitle/wavs_enhanced/13GKsS26F4U_04256.wav,3.952126,2.0714068,4.512228,4.231711,3.886955,NISQAv2
/data/nhandt23/Dataset/MMSData/13GKsS26F4U/asr_subtitle/wavs_enhanced/13GKsS26F4U_03503.wav,2.9525106,2.1704257,3.9035668,3.9920537,3.7744238,NISQAv2
/data/nhandt23/Dataset/MMSData/13GKsS26F4U/asr_subtitle/wavs_enhanced/13GKsS26F4U_04922.wav,2.1930397,2.9971297,2.257158,3.2396235,3.422252,NISQAv2
/data/nhandt23/Dataset/MMSData/13GKsS26F4U/asr_subtitle/wavs_enhanced/13GKsS26F4U_01075.wav,3.7479842,2.4641774,4.3582563,4.1062756,3.3707464,NISQAv2
/data/nhandt23/Dataset/MMSData/13GKsS26F4U/asr_subtitle/wavs_enhanced/13GKsS26F4U_03408.wav,3.807692,3.2116373,4.498786,4.012743,3.90263,NISQAv2
/data/nhandt23/Dataset/MMSData/13GKsS26F4U/asr_subtitle/wavs_enhanced/13GKsS26F4U_04886.wav,3.13964,3.6702201,4.068713,4.046868,4.030109,NISQAv2
/data/nhandt23/Dataset/MMSData/13GKsS26F4U/asr_subtitle/wavs_enhanced/13GKsS26F4U_00906.wav,3.3940854,3.1636353,3.5108612,4.014167,3.3454669,NISQAv2
/data/nhandt23/Dataset/MMSData/13GKsS26F4U/asr_subtitle/wavs_enhanced/13GKsS26F4U_04570.wav,2.565138,3.0111535,3.679806,3.5679371,3.7527668,NISQAv2
/data/nhandt23/Dataset/MMSData/13GKsS26F4U/asr_subtitle/wavs_enhanced/13GKsS26F4U_01853.wav,4.1520715,3.1768334,4.517084,4.3676114,4.2612224,NISQAv2
/data/nhandt23/Dataset/MMSData/13GKsS26F4U/asr_subtitle/wavs_enhanced/13GKsS26F4U_03958.wav,3.6673636,2.84105,4.2230797,4.221337,3.6722326,NISQAv2
/data/nhandt23/Dataset/MMSData/13GKsS26F4U/asr_subtitle/wavs_enhanced/13GKsS26F4U_00232.wav,2.5432463,1.8532302,3.487144,3.4445107,3.364617,NISQAv2
/data/nhandt23/Dataset/MMSData/13GKsS26F4U/asr_subtitle/wavs_enhanced/13GKsS26F4U_01266.wav,2.8733766,2.5006754,3.5164354,3.7750127,2.639992,NISQAv2
/data/nhandt23/Dataset/MMSData/13GKsS26F4U/asr_subtitle/wavs_enhanced/13GKsS26F4U_00585.wav,4.078671,2.8278744,4.5545444,4.1927977,4.063218,NISQAv2
/data/nhandt23/Dataset/MMSData/13GKsS26F4U/asr_subtitle/wavs_enhanced/13GKsS26F4U_02074.wav,3.5191305,2.6044998,4.198848,4.247078,3.744549,NISQAv2
/data/nhandt23/Dataset/MMSData/13GKsS26F4U/asr_subtitle/wavs_enhanced/13GKsS26F4U_04022.wav,3.6099117,2.6673787,4.4640636,4.57252,4.239241,NISQAv2
/data/nhandt23/Dataset/MMSData/13GKsS26F4U/asr_subtitle/wavs_enhanced/13GKsS26F4U_01515.wav,3.0226634,2.0886576,4.0816307,3.5249684,3.24945,NISQAv2
/data/nhandt23/Dataset/MMSData/13GKsS26F4U/asr_subtitle/wavs_enhanced/13GKsS26F4U_04534.wav,3.230504,2.887451,3.6675262,3.3645015,3.8327968,NISQAv2
/data/nhandt23/Dataset/MMSData/13GKsS26F4U/asr_subtitle/wavs_enhanced/13GKsS26F4U_04966.wav,3.455779,3.3715067,4.4704227,4.047837,3.2706735,NISQAv2
/data/nhandt23/Dataset/MMSData/13GKsS26F4U/asr_subtitle/wavs_enhanced/13GKsS26F4U_03198.wav,3.240492,2.616307,3.6545134,3.8582942,3.867105,NISQAv2
/data/nhandt23/Dataset/MMSData/13GKsS26F4U/asr_subtitle/wavs_enhanced/13GKsS26F4U_04406.wav,3.1554937,2.5592034,3.8128407,3.88072,3.719731,NISQAv2
/data/nhandt23/Dataset/MMSData/13GKsS26F4U/asr_subtitle/wavs_enhanced/13GKsS26F4U_00099.wav,3.6013086,2.5561652,4.2148757,3.9248068,3.5261514,NISQAv2
/data/nhandt23/Dataset/MMSData/13GKsS26F4U/asr_subtitle/wavs_enhanced/13GKsS26F4U_00689.wav,3.641835,2.9115784,4.3225327,4.2662735,3.9504488,NISQAv2
/data/nhandt23/Dataset/MMSData/13GKsS26F4U/asr_subtitle/wavs_enhanced/13GKsS26F4U_00686.wav,3.8645594,2.6010218,4.481779,4.3134513,3.9864905,NISQAv2
/data/nhandt23/Dataset/MMSData/13GKsS26F4U/asr_subtitle/wavs_enhanced/13GKsS26F4U_00166.wav,2.6889904,2.4479425,4.2013245,3.9096985,3.4660923,NISQAv2
/data/nhandt23/Dataset/MMSData/13GKsS26F4U/asr_subtitle/wavs_enhanced/13GKsS26F4U_04592.wav,4.2445683,3.9097285,4.6915126,4.073071,3.8731863,NISQAv2
/data/nhandt23/Dataset/MMSData/13GKsS26F4U/asr_subtitle/wavs_enhanced/13GKsS26F4U_00381.wav,3.5650141,3.0526607,4.1351924,4.016633,4.1884108,NISQAv2
/data/nhandt23/Dataset/MMSData/13GKsS26F4U/asr_subtitle/wavs_enhanced/13GKsS26F4U_02267.wav,3.3913157,2.6229146,4.4807425,4.2721105,4.2269135,NISQAv2
/data/nhandt23/Dataset/MMSData/13GKsS26F4U/asr_subtitle/wavs_enhanced/13GKsS26F4U_03534.wav,3.2954323,2.5987735,4.3488,4.3709974,4.296029,NISQAv2
/data/nhandt23/Dataset/MMSData/13GKsS26F4U/asr_subtitle/wavs_enhanced/13GKsS26F4U_05002.wav,2.9829597,2.866606,4.085521,3.839091,3.2489636,NISQAv2
/data/nhandt23/Dataset/MMSData/13GKsS26F4U/asr_subtitle/wavs_enhanced/13GKsS26F4U_04001.wav,3.3614035,2.7575438,4.1247964,3.786413,3.6833394,NISQAv2
/data/nhandt23/Dataset/MMSData/13GKsS26F4U/asr_subtitle/wavs_enhanced/13GKsS26F4U_05113.wav,3.0341954,2.8800607,3.468096,3.5984428,3.4704165,NISQAv2
/data/nhandt23/Dataset/MMSData/13GKsS26F4U/asr_subtitle/wavs_enhanced/13GKsS26F4U_02992.wav,2.654125,3.3067973,3.1149356,3.7368457,4.0743585,NISQAv2
/data/nhandt23/Dataset/MMSData/13GKsS26F4U/asr_subtitle/wavs_enhanced/13GKsS26F4U_03533.wav,4.011104,2.741886,4.4122486,4.2116337,4.1303754,NISQAv2
/data/nhandt23/Dataset/MMSData/13GKsS26F4U/asr_subtitle/wavs_enhanced/13GKsS26F4U_01920.wav,3.984451,3.484028,4.38659,3.9779375,3.9089682,NISQAv2
/data/nhandt23/Dataset/MMSData/13GKsS26F4U/asr_subtitle/wavs_enhanced/13GKsS26F4U_04441.wav,3.1443205,2.6184962,3.9196937,3.6579049,3.5103834,NISQAv2
/data/nhandt23/Dataset/MMSData/13GKsS26F4U/asr_subtitle/wavs_enhanced/13GKsS26F4U_02380.wav,2.1862237,3.0013707,2.43074,3.0812986,4.30039,NISQAv2
/data/nhandt23/Dataset/MMSData/13GKsS26F4U/asr_subtitle/wavs_enhanced/13GKsS26F4U_03848.wav,3.612923,2.7711883,4.2637453,3.9636786,3.8049603,NISQAv2
/data/nhandt23/Dataset/MMSData/13GKsS26F4U/asr_subtitle/wavs_enhanced/13GKsS26F4U_01498.wav,2.7559664,2.8466089,2.899716,3.2759702,4.1314316,NISQAv2
/data/nhandt23/Dataset/MMSData/13GKsS26F4U/asr_subtitle/wavs_enhanced/13GKsS26F4U_03414.wav,3.0384338,1.8432155,3.6945019,3.8444366,3.2997367,NISQAv2
/data/nhandt23/Dataset/MMSData/13GKsS26F4U/asr_subtitle/wavs_enhanced/13GKsS26F4U_01513.wav,3.6364803,2.7136137,3.9639475,3.805599,3.9713757,NISQAv2
/data/nhandt23/Dataset/MMSData/13GKsS26F4U/asr_subtitle/wavs_enhanced/13GKsS26F4U_01831.wav,4.200902,2.6259634,4.5061083,4.110601,4.3474064,NISQAv2
/data/nhandt23/Dataset/MMSData/13GKsS26F4U/asr_subtitle/wavs_enhanced/13GKsS26F4U_02374.wav,3.9850824,2.9113233,4.149337,4.073663,3.637247,NISQAv2
/data/nhandt23/Dataset/MMSData/13GKsS26F4U/asr_subtitle/wavs_enhanced/13GKsS26F4U_01830.wav,3.7991407,2.4081285,4.3894215,4.246003,4.103096,NISQAv2
/data/nhandt23/Dataset/MMSData/13GKsS26F4U/asr_subtitle/wavs_enhanced/13GKsS26F4U_02117.wav,3.7600064,2.2366314,4.519862,4.1008053,3.9859533,NISQAv2
/data/nhandt23/Dataset/MMSData/13GKsS26F4U/asr_subtitle/wavs_enhanced/13GKsS26F4U_02331.wav,3.2043436,2.608813,4.4898205,4.146195,3.8984845,NISQAv2
/data/nhandt23/Dataset/MMSData/13GKsS26F4U/asr_subtitle/wavs_enhanced/13GKsS26F4U_01396.wav,3.8522167,2.6432016,4.424585,4.1930842,3.567255,NISQAv2
/data/nhandt23/Dataset/MMSData/13GKsS26F4U/asr_subtitle/wavs_enhanced/13GKsS26F4U_02878.wav,2.9770596,2.352156,3.944724,3.3837287,2.9898713,NISQAv2
/data/nhandt23/Dataset/MMSData/13GKsS26F4U/asr_subtitle/wavs_enhanced/13GKsS26F4U_03056.wav,3.0437596,2.13338,3.7661846,3.6601145,3.5455058,NISQAv2
/data/nhandt23/Dataset/MMSData/13GKsS26F4U/asr_subtitle/wavs_enhanced/13GKsS26F4U_00612.wav,3.9060714,2.980244,4.367482,4.176238,3.8642867,NISQAv2
/data/nhandt23/Dataset/MMSData/13GKsS26F4U/asr_subtitle/wavs_enhanced/13GKsS26F4U_03964.wav,3.2261143,2.3079522,3.410455,4.3343196,4.3113475,NISQAv2
/data/nhandt23/Dataset/MMSData/13GKsS26F4U/asr_subtitle/wavs_enhanced/13GKsS26F4U_03318.wav,2.599054,2.859794,3.3192341,3.566357,4.165876,NISQAv2
/data/nhandt23/Dataset/MMSData/13GKsS26F4U/asr_subtitle/wavs_enhanced/13GKsS26F4U_00096.wav,4.05826,2.7054327,4.321205,3.962149,4.1871433,NISQAv2
/data/nhandt23/Dataset/MMSData/13GKsS26F4U/asr_subtitle/wavs_enhanced/13GKsS26F4U_01330.wav,3.5775883,3.2369733,4.3520904,4.0647807,4.0119505,NISQAv2
/data/nhandt23/Dataset/MMSData/13GKsS26F4U/asr_subtitle/wavs_enhanced/13GKsS26F4U_05027.wav,2.7932217,2.8041317,3.9351735,3.5812333,3.0429306,NISQAv2
/data/nhandt23/Dataset/MMSData/13GKsS26F4U/asr_subtitle/wavs_enhanced/13GKsS26F4U_04377.wav,3.8630497,2.7499754,4.4475,4.120618,4.0117264,NISQAv2
/data/nhandt23/Dataset/MMSData/13GKsS26F4U/asr_subtitle/wavs_enhanced/13GKsS26F4U_04023.wav,3.3724,2.826782,4.166772,3.9240801,3.7941937,NISQAv2
/data/nhandt23/Dataset/MMSData/13GKsS26F4U/asr_subtitle/wavs_enhanced/13GKsS26F4U_01509.wav,3.3476393,3.0728738,4.2584906,4.160058,4.314483,NISQAv2
/data/nhandt23/Dataset/MMSData/13GKsS26F4U/asr_subtitle/wavs_enhanced/13GKsS26F4U_03925.wav,4.6760726,2.7813947,4.752656,4.5225854,4.4499,NISQAv2
/data/nhandt23/Dataset/MMSData/13GKsS26F4U/asr_subtitle/wavs_enhanced/13GKsS26F4U_00075.wav,3.7932239,3.0517025,4.300365,4.259051,3.9267337,NISQAv2
/data/nhandt23/Dataset/MMSData/13GKsS26F4U/asr_subtitle/wavs_enhanced/13GKsS26F4U_02084.wav,3.8792863,2.987928,4.3451385,4.1579623,3.9105349,NISQAv2
/data/nhandt23/Dataset/MMSData/13GKsS26F4U/asr_subtitle/wavs_enhanced/13GKsS26F4U_02785.wav,3.2409334,2.566257,4.2591677,4.0499053,3.5560596,NISQAv2
/data/nhandt23/Dataset/MMSData/13GKsS26F4U/asr_subtitle/wavs_enhanced/13GKsS26F4U_04824.wav,3.9271977,3.2607691,4.3835526,4.1612124,4.0851455,NISQAv2
/data/nhandt23/Dataset/MMSData/13GKsS26F4U/asr_subtitle/wavs_enhanced/13GKsS26F4U_05155.wav,3.9524958,2.7828615,4.668931,4.3406053,4.314468,NISQAv2
/data/nhandt23/Dataset/MMSData/13GKsS26F4U/asr_subtitle/wavs_enhanced/13GKsS26F4U_04656.wav,3.0933192,2.377837,3.7432463,3.7287621,3.5657609,NISQAv2
/data/nhandt23/Dataset/MMSData/13GKsS26F4U/asr_subtitle/wavs_enhanced/13GKsS26F4U_01548.wav,3.3683228,2.7929502,3.5255134,3.920172,4.230704,NISQAv2
/data/nhandt23/Dataset/MMSData/13GKsS26F4U/asr_subtitle/wavs_enhanced/13GKsS26F4U_01463.wav,3.6899865,2.6389031,4.6432347,4.375982,4.3767433,NISQAv2
/data/nhandt23/Dataset/MMSData/13GKsS26F4U/asr_subtitle/wavs_enhanced/13GKsS26F4U_03565.wav,1.9775194,2.6124902,2.3010194,2.7159052,3.5903528,NISQAv2
/data/nhandt23/Dataset/MMSData/13GKsS26F4U/asr_subtitle/wavs_enhanced/13GKsS26F4U_00168.wav,4.137174,3.8359985,4.524726,4.073238,3.6733215,NISQAv2
/data/nhandt23/Dataset/MMSData/13GKsS26F4U/asr_subtitle/wavs_enhanced/13GKsS26F4U_01003.wav,3.7451396,2.2971563,4.445371,4.3185287,4.261916,NISQAv2
/data/nhandt23/Dataset/MMSData/13GKsS26F4U/asr_subtitle/wavs_enhanced/13GKsS26F4U_03620.wav,3.1229637,2.60856,4.1363583,3.6322577,3.9292567,NISQAv2
/data/nhandt23/Dataset/MMSData/13GKsS26F4U/asr_subtitle/wavs_enhanced/13GKsS26F4U_03652.wav,3.4536748,3.2726767,4.493333,4.1906276,3.5367267,NISQAv2
/data/nhandt23/Dataset/MMSData/13GKsS26F4U/asr_subtitle/wavs_enhanced/13GKsS26F4U_03459.wav,3.587791,2.4483154,4.125577,4.0612435,3.7640252,NISQAv2
/data/nhandt23/Dataset/MMSData/13GKsS26F4U/asr_subtitle/wavs_enhanced/13GKsS26F4U_04693.wav,2.2581332,3.0614796,4.3477926,4.1187015,3.645128,NISQAv2
/data/nhandt23/Dataset/MMSData/13GKsS26F4U/asr_subtitle/wavs_enhanced/13GKsS26F4U_03361.wav,3.8420188,2.3076596,4.504106,4.165161,3.5229623,NISQAv2
/data/nhandt23/Dataset/MMSData/13GKsS26F4U/asr_subtitle/wavs_enhanced/13GKsS26F4U_03988.wav,3.9919455,2.5091398,4.3981266,4.0788474,4.160184,NISQAv2
/data/nhandt23/Dataset/MMSData/13GKsS26F4U/asr_subtitle/wavs_enhanced/13GKsS26F4U_01791.wav,4.1847267,2.9976346,4.5020714,4.2851763,4.304801,NISQAv2
/data/nhandt23/Dataset/MMSData/13GKsS26F4U/asr_subtitle/wavs_enhanced/13GKsS26F4U_00771.wav,3.1887572,2.4643378,4.1415243,3.833018,3.6646104,NISQAv2
/data/nhandt23/Dataset/MMSData/13GKsS26F4U/asr_subtitle/wavs_enhanced/13GKsS26F4U_00274.wav,3.9284437,3.2015169,4.604518,4.4473786,4.4252224,NISQAv2
/data/nhandt23/Dataset/MMSData/13GKsS26F4U/asr_subtitle/wavs_enhanced/13GKsS26F4U_03737.wav,2.7276106,2.689446,4.117682,4.1912227,4.0184336,NISQAv2
/data/nhandt23/Dataset/MMSData/13GKsS26F4U/asr_subtitle/wavs_enhanced/13GKsS26F4U_03579.wav,3.702708,2.616614,4.43506,4.2003303,3.7342975,NISQAv2
/data/nhandt23/Dataset/MMSData/13GKsS26F4U/asr_subtitle/wavs_enhanced/13GKsS26F4U_03376.wav,3.3949945,2.6060295,3.923459,3.947615,3.3877475,NISQAv2
/data/nhandt23/Dataset/MMSData/13GKsS26F4U/asr_subtitle/wavs_enhanced/13GKsS26F4U_01549.wav,3.654681,2.573617,4.2497025,3.9765887,3.510701,NISQAv2
/data/nhandt23/Dataset/MMSData/13GKsS26F4U/asr_subtitle/wavs_enhanced/13GKsS26F4U_04156.wav,3.4623666,2.6061993,4.2781153,4.1299205,3.9942727,NISQAv2
/data/nhandt23/Dataset/MMSData/13GKsS26F4U/asr_subtitle/wavs_enhanced/13GKsS26F4U_03570.wav,3.9005334,3.54814,4.2826185,4.16472,3.9111755,NISQAv2
/data/nhandt23/Dataset/MMSData/13GKsS26F4U/asr_subtitle/wavs_enhanced/13GKsS26F4U_02090.wav,3.1062253,2.480593,4.350511,4.088451,3.8973043,NISQAv2
/data/nhandt23/Dataset/MMSData/13GKsS26F4U/asr_subtitle/wavs_enhanced/13GKsS26F4U_02005.wav,3.785353,2.5483584,4.517437,4.2449164,4.1317163,NISQAv2
/data/nhandt23/Dataset/MMSData/13GKsS26F4U/asr_subtitle/wavs_enhanced/13GKsS26F4U_00769.wav,3.0036676,3.268983,3.2865403,3.595677,3.7450664,NISQAv2
/data/nhandt23/Dataset/MMSData/13GKsS26F4U/asr_subtitle/wavs_enhanced/13GKsS26F4U_02997.wav,2.694478,2.6704438,3.8880663,3.9398792,3.8163037,NISQAv2
/data/nhandt23/Dataset/MMSData/13GKsS26F4U/asr_subtitle/wavs_enhanced/13GKsS26F4U_00491.wav,2.391404,2.7804735,1.8995907,3.0626118,3.2503917,NISQAv2
/data/nhandt23/Dataset/MMSData/13GKsS26F4U/asr_subtitle/wavs_enhanced/13GKsS26F4U_01378.wav,3.4034355,3.0278616,4.0275493,3.857135,3.3622262,NISQAv2
/data/nhandt23/Dataset/MMSData/13GKsS26F4U/asr_subtitle/wavs_enhanced/13GKsS26F4U_01995.wav,3.8009565,3.1720457,4.4033947,4.255049,4.1289115,NISQAv2
/data/nhandt23/Dataset/MMSData/13GKsS26F4U/asr_subtitle/wavs_enhanced/13GKsS26F4U_04439.wav,2.8504207,2.6493533,4.0271606,3.7330015,3.463294,NISQAv2
/data/nhandt23/Dataset/MMSData/13GKsS26F4U/asr_subtitle/wavs_enhanced/13GKsS26F4U_04228.wav,4.155989,3.6595614,4.5281954,4.2589316,4.320541,NISQAv2
/data/nhandt23/Dataset/MMSData/13GKsS26F4U/asr_subtitle/wavs_enhanced/13GKsS26F4U_01843.wav,3.9944613,3.4067857,4.2085247,4.35288,4.217631,NISQAv2
/data/nhandt23/Dataset/MMSData/13GKsS26F4U/asr_subtitle/wavs_enhanced/13GKsS26F4U_03837.wav,3.6463902,2.2698834,4.1708345,3.995298,3.4398053,NISQAv2
/data/nhandt23/Dataset/MMSData/13GKsS26F4U/asr_subtitle/wavs_enhanced/13GKsS26F4U_01366.wav,3.9424002,2.3710063,4.4811716,4.217176,3.7501218,NISQAv2
/data/nhandt23/Dataset/MMSData/13GKsS26F4U/asr_subtitle/wavs_enhanced/13GKsS26F4U_01531.wav,3.4190776,2.3099399,4.193412,3.8964894,3.8175442,NISQAv2
/data/nhandt23/Dataset/MMSData/13GKsS26F4U/asr_subtitle/wavs_enhanced/13GKsS26F4U_04250.wav,3.595064,3.0506432,4.321591,4.4158254,4.0116568,NISQAv2
/data/nhandt23/Dataset/MMSData/13GKsS26F4U/asr_subtitle/wavs_enhanced/13GKsS26F4U_02813.wav,2.8810625,2.437513,4.260496,3.9703324,3.9686913,NISQAv2
/data/nhandt23/Dataset/MMSData/13GKsS26F4U/asr_subtitle/wavs_enhanced/13GKsS26F4U_01575.wav,3.3555174,2.643215,3.731131,3.478265,3.4850316,NISQAv2
/data/nhandt23/Dataset/MMSData/13GKsS26F4U/asr_subtitle/wavs_enhanced/13GKsS26F4U_02068.wav,3.7818778,2.6367776,4.3164644,4.022731,3.1063254,NISQAv2
/data/nhandt23/Dataset/MMSData/13GKsS26F4U/asr_subtitle/wavs_enhanced/13GKsS26F4U_00869.wav,3.9183223,3.2856266,4.4468155,4.0251884,4.0168242,NISQAv2
/data/nhandt23/Dataset/MMSData/13GKsS26F4U/asr_subtitle/wavs_enhanced/13GKsS26F4U_03295.wav,3.413902,2.7342114,4.400451,4.0864463,3.9321783,NISQAv2
/data/nhandt23/Dataset/MMSData/13GKsS26F4U/asr_subtitle/wavs_enhanced/13GKsS26F4U_04528.wav,3.0640256,3.2064354,4.4156046,4.190165,3.8218794,NISQAv2
/data/nhandt23/Dataset/MMSData/13GKsS26F4U/asr_subtitle/wavs_enhanced/13GKsS26F4U_00336.wav,3.654248,2.667909,4.4677143,4.214021,4.0232687,NISQAv2
/data/nhandt23/Dataset/MMSData/13GKsS26F4U/asr_subtitle/wavs_enhanced/13GKsS26F4U_02339.wav,3.939852,2.685055,4.570706,4.226033,3.939512,NISQAv2
/data/nhandt23/Dataset/MMSData/13GKsS26F4U/asr_subtitle/wavs_enhanced/13GKsS26F4U_05018.wav,3.2222557,3.330209,3.53984,3.4488447,3.650935,NISQAv2
/data/nhandt23/Dataset/MMSData/13GKsS26F4U/asr_subtitle/wavs_enhanced/13GKsS26F4U_02598.wav,3.0895636,2.727505,3.7960048,3.5225723,3.3934286,NISQAv2
/data/nhandt23/Dataset/MMSData/13GKsS26F4U/asr_subtitle/wavs_enhanced/13GKsS26F4U_01523.wav,2.9944012,2.2352145,4.227716,3.9796634,3.5025952,NISQAv2
/data/nhandt23/Dataset/MMSData/13GKsS26F4U/asr_subtitle/wavs_enhanced/13GKsS26F4U_04425.wav,3.9895089,2.5267594,4.404463,4.1059375,3.8691475,NISQAv2
/data/nhandt23/Dataset/MMSData/13GKsS26F4U/asr_subtitle/wavs_enhanced/13GKsS26F4U_01880.wav,3.8134654,2.6358018,4.4970565,4.1812415,4.1548533,NISQAv2
/data/nhandt23/Dataset/MMSData/13GKsS26F4U/asr_subtitle/wavs_enhanced/13GKsS26F4U_01757.wav,3.69154,3.1547606,4.328486,4.1235356,4.0607576,NISQAv2
/data/nhandt23/Dataset/MMSData/13GKsS26F4U/asr_subtitle/wavs_enhanced/13GKsS26F4U_02437.wav,3.837056,2.8616188,4.3384495,4.1813006,4.114127,NISQAv2
/data/nhandt23/Dataset/MMSData/13GKsS26F4U/asr_subtitle/wavs_enhanced/13GKsS26F4U_01797.wav,3.7094052,2.2708695,4.1221595,4.072311,3.8153694,NISQAv2
/data/nhandt23/Dataset/MMSData/13GKsS26F4U/asr_subtitle/wavs_enhanced/13GKsS26F4U_01807.wav,3.722505,2.6597896,4.483511,4.1240287,3.9432986,NISQAv2
/data/nhandt23/Dataset/MMSData/13GKsS26F4U/asr_subtitle/wavs_enhanced/13GKsS26F4U_00657.wav,3.4036767,2.9067957,4.1662364,3.8033466,3.6376019,NISQAv2
/data/nhandt23/Dataset/MMSData/13GKsS26F4U/asr_subtitle/wavs_enhanced/13GKsS26F4U_00803.wav,3.401696,2.546346,4.048635,3.228302,3.4190247,NISQAv2
/data/nhandt23/Dataset/MMSData/13GKsS26F4U/asr_subtitle/wavs_enhanced/13GKsS26F4U_02603.wav,3.5095327,2.6988928,4.259788,3.8451898,3.4708543,NISQAv2
/data/nhandt23/Dataset/MMSData/13GKsS26F4U/asr_subtitle/wavs_enhanced/13GKsS26F4U_00042.wav,3.025606,3.2115576,4.074998,3.7012773,3.888591,NISQAv2
/data/nhandt23/Dataset/MMSData/13GKsS26F4U/asr_subtitle/wavs_enhanced/13GKsS26F4U_01751.wav,3.2975056,3.0010717,4.245409,4.080997,3.9261818,NISQAv2
/data/nhandt23/Dataset/MMSData/13GKsS26F4U/asr_subtitle/wavs_enhanced/13GKsS26F4U_02686.wav,1.9388975,2.1244178,3.3823216,3.6929119,3.6832497,NISQAv2
/data/nhandt23/Dataset/MMSData/13GKsS26F4U/asr_subtitle/wavs_enhanced/13GKsS26F4U_04721.wav,2.6298177,3.0868313,3.1861591,2.7508893,2.650284,NISQAv2
/data/nhandt23/Dataset/MMSData/13GKsS26F4U/asr_subtitle/wavs_enhanced/13GKsS26F4U_04898.wav,3.0892234,3.1961608,4.2286177,4.057609,3.951881,NISQAv2
/data/nhandt23/Dataset/MMSData/13GKsS26F4U/asr_subtitle/wavs_enhanced/13GKsS26F4U_01736.wav,3.7117233,2.7016108,4.616583,4.1613097,4.36177,NISQAv2
/data/nhandt23/Dataset/MMSData/13GKsS26F4U/asr_subtitle/wavs_enhanced/13GKsS26F4U_02026.wav,4.5518446,3.5608919,4.6076818,4.424003,4.4921703,NISQAv2
/data/nhandt23/Dataset/MMSData/13GKsS26F4U/asr_subtitle/wavs_enhanced/13GKsS26F4U_04198.wav,3.4679406,3.399542,4.4596634,4.3933377,4.1305013,NISQAv2
/data/nhandt23/Dataset/MMSData/13GKsS26F4U/asr_subtitle/wavs_enhanced/13GKsS26F4U_00961.wav,3.0917156,2.272278,4.346598,4.1128497,3.4204724,NISQAv2
/data/nhandt23/Dataset/MMSData/13GKsS26F4U/asr_subtitle/wavs_enhanced/13GKsS26F4U_02391.wav,3.604164,3.153934,4.3440967,4.1356926,3.6848013,NISQAv2
/data/nhandt23/Dataset/MMSData/13GKsS26F4U/asr_subtitle/wavs_enhanced/13GKsS26F4U_04167.wav,3.765134,2.8396976,4.236967,4.394264,4.2571073,NISQAv2
/data/nhandt23/Dataset/MMSData/13GKsS26F4U/asr_subtitle/wavs_enhanced/13GKsS26F4U_00430.wav,3.932803,2.198727,4.450552,4.097606,3.96157,NISQAv2
/data/nhandt23/Dataset/MMSData/13GKsS26F4U/asr_subtitle/wavs_enhanced/13GKsS26F4U_02162.wav,3.4959865,2.4785767,4.3488345,4.291813,3.9469187,NISQAv2
/data/nhandt23/Dataset/MMSData/13GKsS26F4U/asr_subtitle/wavs_enhanced/13GKsS26F4U_00360.wav,3.6387954,2.785331,4.3500414,4.1847878,3.7863107,NISQAv2
/data/nhandt23/Dataset/MMSData/13GKsS26F4U/asr_subtitle/wavs_enhanced/13GKsS26F4U_00385.wav,3.9110034,2.8619087,4.23104,4.04421,3.9928365,NISQAv2
/data/nhandt23/Dataset/MMSData/13GKsS26F4U/asr_subtitle/wavs_enhanced/13GKsS26F4U_03339.wav,2.626254,2.9011624,3.0405562,3.7150881,3.3591523,NISQAv2
/data/nhandt23/Dataset/MMSData/13GKsS26F4U/asr_subtitle/wavs_enhanced/13GKsS26F4U_00475.wav,3.5025308,2.7489042,4.649207,4.2682266,4.1178865,NISQAv2
/data/nhandt23/Dataset/MMSData/13GKsS26F4U/asr_subtitle/wavs_enhanced/13GKsS26F4U_03630.wav,3.002055,2.2219598,2.8149319,3.3453355,4.0755706,NISQAv2
/data/nhandt23/Dataset/MMSData/13GKsS26F4U/asr_subtitle/wavs_enhanced/13GKsS26F4U_04799.wav,3.3340118,3.0592523,3.9689312,3.9323757,3.8264985,NISQAv2
/data/nhandt23/Dataset/MMSData/13GKsS26F4U/asr_subtitle/wavs_enhanced/13GKsS26F4U_03371.wav,3.2941654,1.9667654,4.313413,4.057272,3.7958438,NISQAv2
/data/nhandt23/Dataset/MMSData/13GKsS26F4U/asr_subtitle/wavs_enhanced/13GKsS26F4U_04219.wav,3.4251308,2.6393795,3.917617,4.0853486,3.2966323,NISQAv2
/data/nhandt23/Dataset/MMSData/13GKsS26F4U/asr_subtitle/wavs_enhanced/13GKsS26F4U_03970.wav,3.3143196,3.188307,3.8336427,3.742168,3.4911382,NISQAv2
/data/nhandt23/Dataset/MMSData/13GKsS26F4U/asr_subtitle/wavs_enhanced/13GKsS26F4U_02347.wav,4.2688837,3.0677102,4.5693607,4.4408183,4.3604302,NISQAv2
/data/nhandt23/Dataset/MMSData/13GKsS26F4U/asr_subtitle/wavs_enhanced/13GKsS26F4U_05076.wav,3.6172216,3.789164,4.428378,3.8780482,3.8214624,NISQAv2
/data/nhandt23/Dataset/MMSData/13GKsS26F4U/asr_subtitle/wavs_enhanced/13GKsS26F4U_04561.wav,3.561252,2.1798377,3.9893787,3.6824,3.5122921,NISQAv2
/data/nhandt23/Dataset/MMSData/13GKsS26F4U/asr_subtitle/wavs_enhanced/13GKsS26F4U_01885.wav,3.581556,2.8370903,4.219275,4.0929494,3.758477,NISQAv2
/data/nhandt23/Dataset/MMSData/13GKsS26F4U/asr_subtitle/wavs_enhanced/13GKsS26F4U_04642.wav,2.985302,3.2144077,3.8398006,3.5675235,3.0680072,NISQAv2
/data/nhandt23/Dataset/MMSData/13GKsS26F4U/asr_subtitle/wavs_enhanced/13GKsS26F4U_00449.wav,2.848033,3.091498,4.1624355,3.706882,3.649458,NISQAv2
/data/nhandt23/Dataset/MMSData/13GKsS26F4U/asr_subtitle/wavs_enhanced/13GKsS26F4U_04530.wav,2.6888523,2.704747,3.0477011,3.4721863,3.647859,NISQAv2
/data/nhandt23/Dataset/MMSData/13GKsS26F4U/asr_subtitle/wavs_enhanced/13GKsS26F4U_00165.wav,3.9540842,3.7247937,4.3248706,4.061538,4.0701375,NISQAv2
/data/nhandt23/Dataset/MMSData/13GKsS26F4U/asr_subtitle/wavs_enhanced/13GKsS26F4U_00604.wav,3.2266085,2.8782308,2.732055,3.7028022,3.5709713,NISQAv2
/data/nhandt23/Dataset/MMSData/13GKsS26F4U/asr_subtitle/wavs_enhanced/13GKsS26F4U_00933.wav,3.302808,3.085367,3.7138479,3.7495198,3.6433613,NISQAv2
/data/nhandt23/Dataset/MMSData/13GKsS26F4U/asr_subtitle/wavs_enhanced/13GKsS26F4U_04347.wav,2.468805,2.4205835,4.275649,3.96881,3.7133193,NISQAv2
/data/nhandt23/Dataset/MMSData/13GKsS26F4U/asr_subtitle/wavs_enhanced/13GKsS26F4U_00913.wav,2.4179838,2.6224697,2.7904532,3.530621,4.0044,NISQAv2
/data/nhandt23/Dataset/MMSData/13GKsS26F4U/asr_subtitle/wavs_enhanced/13GKsS26F4U_03578.wav,2.889178,2.5613182,4.0526323,3.7354987,3.3762753,NISQAv2
/data/nhandt23/Dataset/MMSData/13GKsS26F4U/asr_subtitle/wavs_enhanced/13GKsS26F4U_00393.wav,3.6099257,3.1355426,4.175498,4.2625,4.3105264,NISQAv2
/data/nhandt23/Dataset/MMSData/13GKsS26F4U/asr_subtitle/wavs_enhanced/13GKsS26F4U_01114.wav,3.4796457,2.9532592,4.244228,4.0037317,3.7868454,NISQAv2
/data/nhandt23/Dataset/MMSData/13GKsS26F4U/asr_subtitle/wavs_enhanced/13GKsS26F4U_02390.wav,3.0722828,2.219629,3.8198235,3.6873643,3.1812975,NISQAv2
/data/nhandt23/Dataset/MMSData/13GKsS26F4U/asr_subtitle/wavs_enhanced/13GKsS26F4U_00023.wav,3.3845084,2.7381074,4.3276362,3.8777225,3.4549754,NISQAv2
/data/nhandt23/Dataset/MMSData/13GKsS26F4U/asr_subtitle/wavs_enhanced/13GKsS26F4U_02410.wav,3.6703646,3.2757714,4.2551284,4.2628646,4.063445,NISQAv2
/data/nhandt23/Dataset/MMSData/13GKsS26F4U/asr_subtitle/wavs_enhanced/13GKsS26F4U_02222.wav,3.3487008,2.16938,3.8703206,3.694094,3.633976,NISQAv2
/data/nhandt23/Dataset/MMSData/13GKsS26F4U/asr_subtitle/wavs_enhanced/13GKsS26F4U_04173.wav,3.8022974,2.7814052,4.2746906,4.1212745,3.4488792,NISQAv2
/data/nhandt23/Dataset/MMSData/13GKsS26F4U/asr_subtitle/wavs_enhanced/13GKsS26F4U_01501.wav,2.923851,2.0756128,4.041626,3.989467,3.2559,NISQAv2
/data/nhandt23/Dataset/MMSData/13GKsS26F4U/asr_subtitle/wavs_enhanced/13GKsS26F4U_01475.wav,3.8250732,3.3779187,3.959573,3.8256512,3.8989267,NISQAv2
/data/nhandt23/Dataset/MMSData/13GKsS26F4U/asr_subtitle/wavs_enhanced/13GKsS26F4U_02804.wav,2.7770553,2.021963,3.9240215,3.4510424,2.8406298,NISQAv2
/data/nhandt23/Dataset/MMSData/13GKsS26F4U/asr_subtitle/wavs_enhanced/13GKsS26F4U_00427.wav,3.5255973,2.004383,3.940934,3.9648726,3.341718,NISQAv2
/data/nhandt23/Dataset/MMSData/13GKsS26F4U/asr_subtitle/wavs_enhanced/13GKsS26F4U_02895.wav,3.4042718,2.236625,4.3109813,4.1348853,3.8530507,NISQAv2
/data/nhandt23/Dataset/MMSData/13GKsS26F4U/asr_subtitle/wavs_enhanced/13GKsS26F4U_00171.wav,3.873215,2.9416363,4.604382,4.3610888,3.907128,NISQAv2
/data/nhandt23/Dataset/MMSData/13GKsS26F4U/asr_subtitle/wavs_enhanced/13GKsS26F4U_03665.wav,4.099843,3.2401407,4.24236,4.2843275,4.1480966,NISQAv2
/data/nhandt23/Dataset/MMSData/13GKsS26F4U/asr_subtitle/wavs_enhanced/13GKsS26F4U_03292.wav,2.9518623,2.737961,3.720151,3.3081534,3.1998272,NISQAv2
/data/nhandt23/Dataset/MMSData/13GKsS26F4U/asr_subtitle/wavs_enhanced/13GKsS26F4U_01316.wav,2.461096,2.6763527,3.4744213,2.6192334,3.271734,NISQAv2
/data/nhandt23/Dataset/MMSData/13GKsS26F4U/asr_subtitle/wavs_enhanced/13GKsS26F4U_03943.wav,4.0374784,2.1807563,4.442281,3.8178437,4.0850415,NISQAv2
/data/nhandt23/Dataset/MMSData/13GKsS26F4U/asr_subtitle/wavs_enhanced/13GKsS26F4U_03296.wav,3.7989826,2.3578866,4.5524364,4.31935,4.0186443,NISQAv2
/data/nhandt23/Dataset/MMSData/13GKsS26F4U/asr_subtitle/wavs_enhanced/13GKsS26F4U_04732.wav,2.618765,3.4431853,4.259619,3.5594895,3.3703756,NISQAv2
/data/nhandt23/Dataset/MMSData/13GKsS26F4U/asr_subtitle/wavs_enhanced/13GKsS26F4U_03096.wav,3.61119,2.8584707,4.099099,4.189736,4.077185,NISQAv2
/data/nhandt23/Dataset/MMSData/13GKsS26F4U/asr_subtitle/wavs_enhanced/13GKsS26F4U_04505.wav,2.4727314,3.2675588,2.47503,3.0413675,3.4052489,NISQAv2
/data/nhandt23/Dataset/MMSData/13GKsS26F4U/asr_subtitle/wavs_enhanced/13GKsS26F4U_01567.wav,3.4707105,2.8315747,4.2882547,4.163186,3.996767,NISQAv2
/data/nhandt23/Dataset/MMSData/13GKsS26F4U/asr_subtitle/wavs_enhanced/13GKsS26F4U_02953.wav,3.1113856,2.879714,4.0323634,4.2591405,4.079345,NISQAv2
/data/nhandt23/Dataset/MMSData/13GKsS26F4U/asr_subtitle/wavs_enhanced/13GKsS26F4U_01659.wav,3.5357866,2.6190336,3.9114802,3.8164103,3.7914784,NISQAv2
/data/nhandt23/Dataset/MMSData/13GKsS26F4U/asr_subtitle/wavs_enhanced/13GKsS26F4U_04104.wav,2.7069232,2.9621036,3.9909782,4.2323413,3.938937,NISQAv2
/data/nhandt23/Dataset/MMSData/13GKsS26F4U/asr_subtitle/wavs_enhanced/13GKsS26F4U_00338.wav,4.00632,3.1235006,4.430209,4.1022353,4.032328,NISQAv2
/data/nhandt23/Dataset/MMSData/13GKsS26F4U/asr_subtitle/wavs_enhanced/13GKsS26F4U_02247.wav,3.9128833,2.5704114,4.350018,4.189342,4.0870776,NISQAv2
/data/nhandt23/Dataset/MMSData/13GKsS26F4U/asr_subtitle/wavs_enhanced/13GKsS26F4U_03683.wav,3.743763,3.5865426,4.4961977,4.1751223,3.9364965,NISQAv2
/data/nhandt23/Dataset/MMSData/13GKsS26F4U/asr_subtitle/wavs_enhanced/13GKsS26F4U_00703.wav,1.8111819,2.7423408,3.4876392,3.7053082,3.8593419,NISQAv2
/data/nhandt23/Dataset/MMSData/13GKsS26F4U/asr_subtitle/wavs_enhanced/13GKsS26F4U_00051.wav,3.672221,2.988521,4.344429,4.068937,3.3657827,NISQAv2
/data/nhandt23/Dataset/MMSData/13GKsS26F4U/asr_subtitle/wavs_enhanced/13GKsS26F4U_02820.wav,4.0038586,2.6411314,4.1737347,3.980653,3.4762962,NISQAv2
/data/nhandt23/Dataset/MMSData/13GKsS26F4U/asr_subtitle/wavs_enhanced/13GKsS26F4U_03526.wav,1.9336193,2.9227014,2.0163903,2.6104445,3.5707448,NISQAv2
/data/nhandt23/Dataset/MMSData/13GKsS26F4U/asr_subtitle/wavs_enhanced/13GKsS26F4U_00175.wav,3.3018544,3.3593552,3.9516854,3.8100035,3.3939333,NISQAv2
/data/nhandt23/Dataset/MMSData/13GKsS26F4U/asr_subtitle/wavs_enhanced/13GKsS26F4U_04252.wav,2.4237378,2.6892138,2.4193954,3.4063947,4.254201,NISQAv2
/data/nhandt23/Dataset/MMSData/13GKsS26F4U/asr_subtitle/wavs_enhanced/13GKsS26F4U_00030.wav,3.8716683,3.500434,4.4849095,4.166036,3.8775775,NISQAv2
/data/nhandt23/Dataset/MMSData/13GKsS26F4U/asr_subtitle/wavs_enhanced/13GKsS26F4U_01203.wav,3.7249525,3.6051972,4.21343,4.188956,3.8765864,NISQAv2
/data/nhandt23/Dataset/MMSData/13GKsS26F4U/asr_subtitle/wavs_enhanced/13GKsS26F4U_05087.wav,3.9362438,3.289537,4.5751915,4.3217664,4.232246,NISQAv2
/data/nhandt23/Dataset/MMSData/13GKsS26F4U/asr_subtitle/wavs_enhanced/13GKsS26F4U_04202.wav,3.3158042,2.882919,4.265395,4.084663,3.16846,NISQAv2
/data/nhandt23/Dataset/MMSData/13GKsS26F4U/asr_subtitle/wavs_enhanced/13GKsS26F4U_02108.wav,2.735762,2.2383368,2.9732327,3.1475866,3.3775094,NISQAv2
/data/nhandt23/Dataset/MMSData/13GKsS26F4U/asr_subtitle/wavs_enhanced/13GKsS26F4U_01897.wav,4.006642,2.8083735,4.612111,4.218673,3.682562,NISQAv2
/data/nhandt23/Dataset/MMSData/13GKsS26F4U/asr_subtitle/wavs_enhanced/13GKsS26F4U_05092.wav,3.2033358,2.336137,3.9013011,3.5691073,3.2421732,NISQAv2
/data/nhandt23/Dataset/MMSData/13GKsS26F4U/asr_subtitle/wavs_enhanced/13GKsS26F4U_00403.wav,3.6096482,2.7760997,3.405233,3.5719714,3.6769712,NISQAv2
/data/nhandt23/Dataset/MMSData/13GKsS26F4U/asr_subtitle/wavs_enhanced/13GKsS26F4U_04440.wav,3.052988,2.8730876,2.5960407,3.5176575,3.7646239,NISQAv2
/data/nhandt23/Dataset/MMSData/13GKsS26F4U/asr_subtitle/wavs_enhanced/13GKsS26F4U_04308.wav,3.4361835,2.6444767,4.171205,3.9129465,3.5645115,NISQAv2
/data/nhandt23/Dataset/MMSData/13GKsS26F4U/asr_subtitle/wavs_enhanced/13GKsS26F4U_03857.wav,3.9048676,3.1002219,4.3994684,4.5043683,4.0599527,NISQAv2
/data/nhandt23/Dataset/MMSData/13GKsS26F4U/asr_subtitle/wavs_enhanced/13GKsS26F4U_01644.wav,4.0757723,3.3388293,4.6047325,4.268342,4.2463503,NISQAv2
/data/nhandt23/Dataset/MMSData/13GKsS26F4U/asr_subtitle/wavs_enhanced/13GKsS26F4U_01591.wav,2.5316203,2.66024,2.6132345,3.2934585,3.9967256,NISQAv2
/data/nhandt23/Dataset/MMSData/13GKsS26F4U/asr_subtitle/wavs_enhanced/13GKsS26F4U_03190.wav,3.1441402,3.1228979,3.3228443,3.5488222,3.654815,NISQAv2
/data/nhandt23/Dataset/MMSData/13GKsS26F4U/asr_subtitle/wavs_enhanced/13GKsS26F4U_01290.wav,3.09605,2.3561723,4.559619,4.2569175,4.019431,NISQAv2
/data/nhandt23/Dataset/MMSData/13GKsS26F4U/asr_subtitle/wavs_enhanced/13GKsS26F4U_02845.wav,3.2939847,2.926284,3.6945803,4.0837846,3.940586,NISQAv2
/data/nhandt23/Dataset/MMSData/13GKsS26F4U/asr_subtitle/wavs_enhanced/13GKsS26F4U_01111.wav,3.1213725,2.725046,4.2245927,4.082209,3.710478,NISQAv2
/data/nhandt23/Dataset/MMSData/13GKsS26F4U/asr_subtitle/wavs_enhanced/13GKsS26F4U_04121.wav,3.6429074,3.1555295,3.9444108,4.2665396,4.085587,NISQAv2
/data/nhandt23/Dataset/MMSData/13GKsS26F4U/asr_subtitle/wavs_enhanced/13GKsS26F4U_04788.wav,3.69602,3.0281806,4.1538444,4.020552,3.9256804,NISQAv2
/data/nhandt23/Dataset/MMSData/13GKsS26F4U/asr_subtitle/wavs_enhanced/13GKsS26F4U_04341.wav,3.6326215,2.9576247,4.258742,4.0836225,3.593815,NISQAv2
/data/nhandt23/Dataset/MMSData/13GKsS26F4U/asr_subtitle/wavs_enhanced/13GKsS26F4U_03969.wav,3.6011543,3.087197,4.4717865,4.0917897,3.4229028,NISQAv2
/data/nhandt23/Dataset/MMSData/13GKsS26F4U/asr_subtitle/wavs_enhanced/13GKsS26F4U_01055.wav,2.8728378,2.4172096,4.0433173,3.7730129,3.4707687,NISQAv2
/data/nhandt23/Dataset/MMSData/13GKsS26F4U/asr_subtitle/wavs_enhanced/13GKsS26F4U_01521.wav,2.9563649,2.2285392,4.1227107,3.975975,3.2722428,NISQAv2
/data/nhandt23/Dataset/MMSData/13GKsS26F4U/asr_subtitle/wavs_enhanced/13GKsS26F4U_01267.wav,2.9688532,2.5470135,3.7458541,3.7229621,3.68467,NISQAv2
/data/nhandt23/Dataset/MMSData/13GKsS26F4U/asr_subtitle/wavs_enhanced/13GKsS26F4U_04903.wav,3.7324593,2.7361338,4.566813,4.2765317,3.8935065,NISQAv2
/data/nhandt23/Dataset/MMSData/13GKsS26F4U/asr_subtitle/wavs_enhanced/13GKsS26F4U_02683.wav,3.5383117,2.434722,4.344404,4.098023,3.5086555,NISQAv2
/data/nhandt23/Dataset/MMSData/13GKsS26F4U/asr_subtitle/wavs_enhanced/13GKsS26F4U_02127.wav,3.2245677,2.129402,4.156802,3.7610772,3.0278854,NISQAv2
/data/nhandt23/Dataset/MMSData/13GKsS26F4U/asr_subtitle/wavs_enhanced/13GKsS26F4U_01990.wav,2.6372337,3.003524,3.3825698,3.3578174,3.3966243,NISQAv2
/data/nhandt23/Dataset/MMSData/13GKsS26F4U/asr_subtitle/wavs_enhanced/13GKsS26F4U_01630.wav,3.2989762,3.1617777,3.6765735,3.781416,3.50124,NISQAv2
/data/nhandt23/Dataset/MMSData/13GKsS26F4U/asr_subtitle/wavs_enhanced/13GKsS26F4U_03741.wav,3.9708712,3.49377,4.4205704,4.1540365,4.1241035,NISQAv2
/data/nhandt23/Dataset/MMSData/13GKsS26F4U/asr_subtitle/wavs_enhanced/13GKsS26F4U_03705.wav,2.9356847,2.4446836,4.1492405,3.8296006,3.6435616,NISQAv2
/data/nhandt23/Dataset/MMSData/13GKsS26F4U/asr_subtitle/wavs_enhanced/13GKsS26F4U_04437.wav,2.813473,2.7230384,3.320979,3.5186403,3.4712527,NISQAv2
/data/nhandt23/Dataset/MMSData/13GKsS26F4U/asr_subtitle/wavs_enhanced/13GKsS26F4U_01691.wav,3.6012604,2.4346054,4.285658,4.064429,3.9847157,NISQAv2
/data/nhandt23/Dataset/MMSData/13GKsS26F4U/asr_subtitle/wavs_enhanced/13GKsS26F4U_03581.wav,3.5673947,3.595291,4.529351,4.379558,4.011659,NISQAv2
/data/nhandt23/Dataset/MMSData/13GKsS26F4U/asr_subtitle/wavs_enhanced/13GKsS26F4U_04803.wav,4.126233,2.5459511,4.4906235,4.1528344,3.8362448,NISQAv2
/data/nhandt23/Dataset/MMSData/13GKsS26F4U/asr_subtitle/wavs_enhanced/13GKsS26F4U_05116.wav,3.5526226,3.0912173,3.8698082,3.6653357,3.6832736,NISQAv2
/data/nhandt23/Dataset/MMSData/13GKsS26F4U/asr_subtitle/wavs_enhanced/13GKsS26F4U_03784.wav,2.566777,2.2238278,3.342202,3.3642166,3.3986053,NISQAv2
/data/nhandt23/Dataset/MMSData/13GKsS26F4U/asr_subtitle/wavs_enhanced/13GKsS26F4U_02541.wav,2.9203968,2.1892378,4.140409,4.1300716,3.5868552,NISQAv2
/data/nhandt23/Dataset/MMSData/13GKsS26F4U/asr_subtitle/wavs_enhanced/13GKsS26F4U_00400.wav,3.6721737,2.1936786,4.378543,4.1577935,3.9522545,NISQAv2
/data/nhandt23/Dataset/MMSData/13GKsS26F4U/asr_subtitle/wavs_enhanced/13GKsS26F4U_04785.wav,2.9224055,3.5996697,3.3303227,3.553481,3.5193236,NISQAv2
/data/nhandt23/Dataset/MMSData/13GKsS26F4U/asr_subtitle/wavs_enhanced/13GKsS26F4U_03897.wav,3.704617,2.45312,4.3536325,4.1063285,3.8555355,NISQAv2
/data/nhandt23/Dataset/MMSData/13GKsS26F4U/asr_subtitle/wavs_enhanced/13GKsS26F4U_01106.wav,3.0922797,2.780071,4.306664,4.062478,3.786091,NISQAv2
/data/nhandt23/Dataset/MMSData/13GKsS26F4U/asr_subtitle/wavs_enhanced/13GKsS26F4U_03603.wav,3.8104599,2.2849238,4.39644,4.232558,3.7761464,NISQAv2
/data/nhandt23/Dataset/MMSData/13GKsS26F4U/asr_subtitle/wavs_enhanced/13GKsS26F4U_03589.wav,4.0330453,2.8891222,4.6502085,4.2991514,3.8786495,NISQAv2
/data/nhandt23/Dataset/MMSData/13GKsS26F4U/asr_subtitle/wavs_enhanced/13GKsS26F4U_00704.wav,2.6724968,2.9006817,3.5732,3.0534208,2.8889415,NISQAv2
/data/nhandt23/Dataset/MMSData/13GKsS26F4U/asr_subtitle/wavs_enhanced/13GKsS26F4U_02160.wav,2.8312032,2.3974848,3.9705024,3.682894,3.472453,NISQAv2
/data/nhandt23/Dataset/MMSData/13GKsS26F4U/asr_subtitle/wavs_enhanced/13GKsS26F4U_03862.wav,3.0828435,2.3080504,4.245282,3.9297826,3.3741086,NISQAv2
/data/nhandt23/Dataset/MMSData/13GKsS26F4U/asr_subtitle/wavs_enhanced/13GKsS26F4U_04223.wav,3.6864135,2.3551447,4.1168947,4.1516924,3.7269037,NISQAv2
/data/nhandt23/Dataset/MMSData/13GKsS26F4U/asr_subtitle/wavs_enhanced/13GKsS26F4U_04564.wav,3.5449476,3.8238168,4.342436,4.139589,3.8141215,NISQAv2
/data/nhandt23/Dataset/MMSData/13GKsS26F4U/asr_subtitle/wavs_enhanced/13GKsS26F4U_02556.wav,2.8997242,2.0701175,4.465059,4.1506257,3.6408627,NISQAv2
/data/nhandt23/Dataset/MMSData/13GKsS26F4U/asr_subtitle/wavs_enhanced/13GKsS26F4U_01213.wav,3.0751379,2.782684,3.0142252,3.5065427,3.082699,NISQAv2
/data/nhandt23/Dataset/MMSData/13GKsS26F4U/asr_subtitle/wavs_enhanced/13GKsS26F4U_03561.wav,3.1421435,2.6459131,4.663576,4.300331,4.447021,NISQAv2
/data/nhandt23/Dataset/MMSData/13GKsS26F4U/asr_subtitle/wavs_enhanced/13GKsS26F4U_01719.wav,3.0382063,2.4512522,3.750164,3.3488107,3.239591,NISQAv2
/data/nhandt23/Dataset/MMSData/13GKsS26F4U/asr_subtitle/wavs_enhanced/13GKsS26F4U_03887.wav,3.3667285,2.835644,4.0293036,3.581336,3.56795,NISQAv2
/data/nhandt23/Dataset/MMSData/13GKsS26F4U/asr_subtitle/wavs_enhanced/13GKsS26F4U_00572.wav,3.9101584,3.670913,4.2573595,3.9333575,4.0317373,NISQAv2
/data/nhandt23/Dataset/MMSData/13GKsS26F4U/asr_subtitle/wavs_enhanced/13GKsS26F4U_02104.wav,1.9128122,2.536268,3.73301,3.8556275,3.4118676,NISQAv2
/data/nhandt23/Dataset/MMSData/13GKsS26F4U/asr_subtitle/wavs_enhanced/13GKsS26F4U_05003.wav,3.9732082,3.452213,4.442675,4.0528154,3.9282513,NISQAv2
/data/nhandt23/Dataset/MMSData/13GKsS26F4U/asr_subtitle/wavs_enhanced/13GKsS26F4U_02986.wav,3.274081,3.0806906,3.8126636,3.6555321,3.8876245,NISQAv2
/data/nhandt23/Dataset/MMSData/13GKsS26F4U/asr_subtitle/wavs_enhanced/13GKsS26F4U_03530.wav,3.3113453,2.4209638,4.337742,4.0160484,3.8712146,NISQAv2
/data/nhandt23/Dataset/MMSData/13GKsS26F4U/asr_subtitle/wavs_enhanced/13GKsS26F4U_03941.wav,3.326965,2.6149712,4.3200235,4.0957623,3.8371413,NISQAv2
/data/nhandt23/Dataset/MMSData/13GKsS26F4U/asr_subtitle/wavs_enhanced/13GKsS26F4U_01370.wav,3.9703052,3.0241842,4.364327,4.085266,3.7586694,NISQAv2
/data/nhandt23/Dataset/MMSData/13GKsS26F4U/asr_subtitle/wavs_enhanced/13GKsS26F4U_04153.wav,2.9183073,2.9378622,3.956757,3.7592933,3.1651704,NISQAv2
/data/nhandt23/Dataset/MMSData/13GKsS26F4U/asr_subtitle/wavs_enhanced/13GKsS26F4U_03402.wav,3.6545846,2.8350494,4.3517942,4.106529,3.7260635,NISQAv2
/data/nhandt23/Dataset/MMSData/13GKsS26F4U/asr_subtitle/wavs_enhanced/13GKsS26F4U_01973.wav,3.8537447,3.0408862,4.257303,4.04652,3.7419937,NISQAv2
/data/nhandt23/Dataset/MMSData/13GKsS26F4U/asr_subtitle/wavs_enhanced/13GKsS26F4U_02851.wav,3.5155957,3.0307882,4.4036713,4.273417,3.6662903,NISQAv2
/data/nhandt23/Dataset/MMSData/13GKsS26F4U/asr_subtitle/wavs_enhanced/13GKsS26F4U_03978.wav,3.3815947,2.4868166,3.8980765,3.6431305,3.4233904,NISQAv2
/data/nhandt23/Dataset/MMSData/13GKsS26F4U/asr_subtitle/wavs_enhanced/13GKsS26F4U_03124.wav,2.525375,3.3017027,2.7444427,3.4961634,3.4975612,NISQAv2
/data/nhandt23/Dataset/MMSData/13GKsS26F4U/asr_subtitle/wavs_enhanced/13GKsS26F4U_03613.wav,3.901737,2.4551818,4.402965,4.2376056,3.9366903,NISQAv2
/data/nhandt23/Dataset/MMSData/13GKsS26F4U/asr_subtitle/wavs_enhanced/13GKsS26F4U_02961.wav,3.6599658,2.3814151,4.26149,4.102309,2.8834286,NISQAv2
/data/nhandt23/Dataset/MMSData/13GKsS26F4U/asr_subtitle/wavs_enhanced/13GKsS26F4U_00609.wav,3.2080357,1.8210475,4.5746694,4.38138,3.7490816,NISQAv2
/data/nhandt23/Dataset/MMSData/13GKsS26F4U/asr_subtitle/wavs_enhanced/13GKsS26F4U_03781.wav,3.7609203,2.2024198,4.569863,4.3443155,4.048311,NISQAv2
/data/nhandt23/Dataset/MMSData/13GKsS26F4U/asr_subtitle/wavs_enhanced/13GKsS26F4U_00819.wav,4.223018,3.3709671,4.598116,4.3290157,4.0920405,NISQAv2
/data/nhandt23/Dataset/MMSData/13GKsS26F4U/asr_subtitle/wavs_enhanced/13GKsS26F4U_02064.wav,3.5708282,2.3456635,4.239955,3.9352279,3.1328373,NISQAv2
/data/nhandt23/Dataset/MMSData/13GKsS26F4U/asr_subtitle/wavs_enhanced/13GKsS26F4U_04523.wav,4.2846236,3.6358721,4.5720196,4.4037094,4.193312,NISQAv2
/data/nhandt23/Dataset/MMSData/13GKsS26F4U/asr_subtitle/wavs_enhanced/13GKsS26F4U_01599.wav,3.0869997,2.3645644,4.3673096,4.228648,3.949126,NISQAv2
/data/nhandt23/Dataset/MMSData/13GKsS26F4U/asr_subtitle/wavs_enhanced/13GKsS26F4U_00529.wav,2.9611194,2.747566,3.5382912,3.3652718,3.2941403,NISQAv2
/data/nhandt23/Dataset/MMSData/13GKsS26F4U/asr_subtitle/wavs_enhanced/13GKsS26F4U_00007.wav,2.5896618,2.659547,3.8866951,3.0191448,3.5941286,NISQAv2
/data/nhandt23/Dataset/MMSData/13GKsS26F4U/asr_subtitle/wavs_enhanced/13GKsS26F4U_03166.wav,3.8349605,2.474281,4.2375207,4.1594744,4.1288414,NISQAv2
/data/nhandt23/Dataset/MMSData/13GKsS26F4U/asr_subtitle/wavs_enhanced/13GKsS26F4U_02260.wav,4.1195,3.2405846,4.4957733,4.2975717,3.9903502,NISQAv2
/data/nhandt23/Dataset/MMSData/13GKsS26F4U/asr_subtitle/wavs_enhanced/13GKsS26F4U_00779.wav,3.5399208,3.479489,4.2425027,3.938832,3.7106135,NISQAv2
/data/nhandt23/Dataset/MMSData/13GKsS26F4U/asr_subtitle/wavs_enhanced/13GKsS26F4U_00648.wav,2.0124023,3.4675043,2.6863225,3.263691,3.3260028,NISQAv2
/data/nhandt23/Dataset/MMSData/13GKsS26F4U/asr_subtitle/wavs_enhanced/13GKsS26F4U_02552.wav,3.3794549,2.425875,4.1999283,3.9647713,3.9496965,NISQAv2
/data/nhandt23/Dataset/MMSData/13GKsS26F4U/asr_subtitle/wavs_enhanced/13GKsS26F4U_05014.wav,2.4089925,2.7859328,3.228712,3.2515278,3.5164807,NISQAv2
/data/nhandt23/Dataset/MMSData/13GKsS26F4U/asr_subtitle/wavs_enhanced/13GKsS26F4U_02006.wav,2.08807,1.9085674,3.1293347,3.10478,3.1692855,NISQAv2
/data/nhandt23/Dataset/MMSData/13GKsS26F4U/asr_subtitle/wavs_enhanced/13GKsS26F4U_00136.wav,2.0797603,3.116076,2.031596,3.3381262,3.761896,NISQAv2
/data/nhandt23/Dataset/MMSData/13GKsS26F4U/asr_subtitle/wavs_enhanced/13GKsS26F4U_00049.wav,3.8267705,3.1037443,4.5166416,4.3001003,4.269926,NISQAv2
/data/nhandt23/Dataset/MMSData/13GKsS26F4U/asr_subtitle/wavs_enhanced/13GKsS26F4U_05130.wav,2.6821918,2.039081,3.7703211,3.6745794,3.0446885,NISQAv2
/data/nhandt23/Dataset/MMSData/13GKsS26F4U/asr_subtitle/wavs_enhanced/13GKsS26F4U_02174.wav,3.8175097,3.0335388,4.454035,4.118377,4.1107755,NISQAv2
/data/nhandt23/Dataset/MMSData/13GKsS26F4U/asr_subtitle/wavs_enhanced/13GKsS26F4U_04599.wav,3.8665369,3.2323358,4.3412433,3.9465473,3.811143,NISQAv2
/data/nhandt23/Dataset/MMSData/13GKsS26F4U/asr_subtitle/wavs_enhanced/13GKsS26F4U_00625.wav,2.9249516,2.6278403,3.7734983,3.5537527,3.4921575,NISQAv2
/data/nhandt23/Dataset/MMSData/13GKsS26F4U/asr_subtitle/wavs_enhanced/13GKsS26F4U_00359.wav,3.9552982,3.9567862,4.5811024,4.1893525,3.947048,NISQAv2
/data/nhandt23/Dataset/MMSData/13GKsS26F4U/asr_subtitle/wavs_enhanced/13GKsS26F4U_01596.wav,2.7399547,2.4406204,2.2469783,3.1028762,3.7599106,NISQAv2
/data/nhandt23/Dataset/MMSData/13GKsS26F4U/asr_subtitle/wavs_enhanced/13GKsS26F4U_00679.wav,2.6100113,2.241709,3.6806936,3.527531,2.6229923,NISQAv2
/data/nhandt23/Dataset/MMSData/13GKsS26F4U/asr_subtitle/wavs_enhanced/13GKsS26F4U_00180.wav,4.562901,3.5295484,4.677952,4.3514667,4.516907,NISQAv2
/data/nhandt23/Dataset/MMSData/13GKsS26F4U/asr_subtitle/wavs_enhanced/13GKsS26F4U_03326.wav,2.5815136,2.2110627,2.099366,3.312189,3.9000938,NISQAv2
/data/nhandt23/Dataset/MMSData/13GKsS26F4U/asr_subtitle/wavs_enhanced/13GKsS26F4U_00243.wav,2.7555854,2.9204838,3.2283072,3.8016698,3.907686,NISQAv2
/data/nhandt23/Dataset/MMSData/13GKsS26F4U/asr_subtitle/wavs_enhanced/13GKsS26F4U_00745.wav,2.8901067,3.2138984,3.7616591,3.4390385,3.566958,NISQAv2
/data/nhandt23/Dataset/MMSData/13GKsS26F4U/asr_subtitle/wavs_enhanced/13GKsS26F4U_04782.wav,3.3252008,2.6259668,3.0587938,3.8975496,3.9985511,NISQAv2
/data/nhandt23/Dataset/MMSData/13GKsS26F4U/asr_subtitle/wavs_enhanced/13GKsS26F4U_02345.wav,3.0641956,3.071165,3.374098,3.143584,3.7072887,NISQAv2
/data/nhandt23/Dataset/MMSData/13GKsS26F4U/asr_subtitle/wavs_enhanced/13GKsS26F4U_02023.wav,3.5182393,2.1689227,4.320283,4.20803,3.9110277,NISQAv2
/data/nhandt23/Dataset/MMSData/13GKsS26F4U/asr_subtitle/wavs_enhanced/13GKsS26F4U_03316.wav,3.4285274,2.8745122,4.2595387,4.181497,3.8720725,NISQAv2
/data/nhandt23/Dataset/MMSData/13GKsS26F4U/asr_subtitle/wavs_enhanced/13GKsS26F4U_01819.wav,3.4775293,2.067222,4.199404,4.0856967,3.158125,NISQAv2
/data/nhandt23/Dataset/MMSData/13GKsS26F4U/asr_subtitle/wavs_enhanced/13GKsS26F4U_01210.wav,4.102294,2.9185913,4.581113,4.2252975,3.4539726,NISQAv2
/data/nhandt23/Dataset/MMSData/13GKsS26F4U/asr_subtitle/wavs_enhanced/13GKsS26F4U_04915.wav,3.6883824,2.9909751,4.2655478,3.963641,3.5954351,NISQAv2
/data/nhandt23/Dataset/MMSData/13GKsS26F4U/asr_subtitle/wavs_enhanced/13GKsS26F4U_02020.wav,3.7077174,2.7477353,4.2142673,4.100069,4.077651,NISQAv2
/data/nhandt23/Dataset/MMSData/13GKsS26F4U/asr_subtitle/wavs_enhanced/13GKsS26F4U_01350.wav,4.124193,3.406046,4.4944367,4.2984524,4.3154397,NISQAv2
/data/nhandt23/Dataset/MMSData/13GKsS26F4U/asr_subtitle/wavs_enhanced/13GKsS26F4U_03483.wav,3.669904,2.452451,4.4015813,3.796996,2.9191408,NISQAv2
/data/nhandt23/Dataset/MMSData/13GKsS26F4U/asr_subtitle/wavs_enhanced/13GKsS26F4U_03160.wav,3.7348554,2.8659363,4.509243,4.2425857,3.967219,NISQAv2
/data/nhandt23/Dataset/MMSData/13GKsS26F4U/asr_subtitle/wavs_enhanced/13GKsS26F4U_02497.wav,4.0506887,2.5835571,4.4952297,4.4690766,3.6472085,NISQAv2
/data/nhandt23/Dataset/MMSData/13GKsS26F4U/asr_subtitle/wavs_enhanced/13GKsS26F4U_02473.wav,3.184525,3.405414,3.4336157,3.5739977,3.775233,NISQAv2
/data/nhandt23/Dataset/MMSData/13GKsS26F4U/asr_subtitle/wavs_enhanced/13GKsS26F4U_04889.wav,3.6624048,2.5483365,4.396151,4.1731997,3.6933033,NISQAv2
/data/nhandt23/Dataset/MMSData/13GKsS26F4U/asr_subtitle/wavs_enhanced/13GKsS26F4U_03966.wav,2.5892951,2.3228605,3.6599865,3.3683798,3.1649122,NISQAv2
/data/nhandt23/Dataset/MMSData/13GKsS26F4U/asr_subtitle/wavs_enhanced/13GKsS26F4U_03192.wav,1.9038025,2.5569677,2.921988,3.6044705,4.101441,NISQAv2
/data/nhandt23/Dataset/MMSData/13GKsS26F4U/asr_subtitle/wavs_enhanced/13GKsS26F4U_02065.wav,3.2783532,2.6667578,4.091756,3.7536,3.6308086,NISQAv2
/data/nhandt23/Dataset/MMSData/13GKsS26F4U/asr_subtitle/wavs_enhanced/13GKsS26F4U_02340.wav,2.9790576,2.3732004,3.658896,3.794051,2.630689,NISQAv2
/data/nhandt23/Dataset/MMSData/13GKsS26F4U/asr_subtitle/wavs_enhanced/13GKsS26F4U_00683.wav,4.392043,3.9910674,4.524243,4.1745353,4.3608437,NISQAv2
/data/nhandt23/Dataset/MMSData/13GKsS26F4U/asr_subtitle/wavs_enhanced/13GKsS26F4U_02238.wav,3.6406505,2.636225,4.4046335,4.189283,3.857546,NISQAv2
/data/nhandt23/Dataset/MMSData/13GKsS26F4U/asr_subtitle/wavs_enhanced/13GKsS26F4U_03713.wav,3.4608867,2.414757,4.3920817,4.2713456,4.0724816,NISQAv2
/data/nhandt23/Dataset/MMSData/13GKsS26F4U/asr_subtitle/wavs_enhanced/13GKsS26F4U_02741.wav,3.147994,3.1611063,3.5365372,3.837145,4.0548215,NISQAv2
/data/nhandt23/Dataset/MMSData/13GKsS26F4U/asr_subtitle/wavs_enhanced/13GKsS26F4U_03425.wav,3.4246385,1.977258,4.096793,4.1865587,3.6250346,NISQAv2
/data/nhandt23/Dataset/MMSData/13GKsS26F4U/asr_subtitle/wavs_enhanced/13GKsS26F4U_00299.wav,3.1913488,2.9479477,2.6772602,3.3706486,3.7425296,NISQAv2
/data/nhandt23/Dataset/MMSData/13GKsS26F4U/asr_subtitle/wavs_enhanced/13GKsS26F4U_00994.wav,3.9731998,3.5470853,4.4611197,4.3164897,4.176166,NISQAv2
/data/nhandt23/Dataset/MMSData/13GKsS26F4U/asr_subtitle/wavs_enhanced/13GKsS26F4U_01974.wav,3.3839817,2.359228,3.9861376,3.6701174,3.345027,NISQAv2
/data/nhandt23/Dataset/MMSData/13GKsS26F4U/asr_subtitle/wavs_enhanced/13GKsS26F4U_03870.wav,2.981113,1.9323779,4.000717,4.0190396,3.739599,NISQAv2
/data/nhandt23/Dataset/MMSData/13GKsS26F4U/asr_subtitle/wavs_enhanced/13GKsS26F4U_05058.wav,3.4869945,3.3250105,3.9438672,3.6290755,3.2215874,NISQAv2
/data/nhandt23/Dataset/MMSData/13GKsS26F4U/asr_subtitle/wavs_enhanced/13GKsS26F4U_00720.wav,4.195424,3.8857095,4.4904814,4.3082814,4.2392883,NISQAv2
/data/nhandt23/Dataset/MMSData/13GKsS26F4U/asr_subtitle/wavs_enhanced/13GKsS26F4U_03001.wav,3.7390802,2.5074246,4.148631,4.216561,3.6394184,NISQAv2
/data/nhandt23/Dataset/MMSData/13GKsS26F4U/asr_subtitle/wavs_enhanced/13GKsS26F4U_02938.wav,3.421728,3.182083,4.152534,3.7654164,3.7545094,NISQAv2
/data/nhandt23/Dataset/MMSData/13GKsS26F4U/asr_subtitle/wavs_enhanced/13GKsS26F4U_02359.wav,4.022444,3.2785444,4.7194777,4.2584195,4.03479,NISQAv2
/data/nhandt23/Dataset/MMSData/13GKsS26F4U/asr_subtitle/wavs_enhanced/13GKsS26F4U_04090.wav,2.8352132,2.6171145,4.136246,3.838487,3.8273494,NISQAv2
/data/nhandt23/Dataset/MMSData/13GKsS26F4U/asr_subtitle/wavs_enhanced/13GKsS26F4U_04971.wav,4.2641683,3.060918,4.60273,4.3952546,4.298875,NISQAv2
/data/nhandt23/Dataset/MMSData/13GKsS26F4U/asr_subtitle/wavs_enhanced/13GKsS26F4U_00613.wav,3.2534614,3.053296,4.0959415,3.8094423,3.7424936,NISQAv2
/data/nhandt23/Dataset/MMSData/13GKsS26F4U/asr_subtitle/wavs_enhanced/13GKsS26F4U_04366.wav,3.1655262,2.6673405,4.520109,4.0689607,3.6775925,NISQAv2
/data/nhandt23/Dataset/MMSData/13GKsS26F4U/asr_subtitle/wavs_enhanced/13GKsS26F4U_01698.wav,3.9011958,3.0396442,4.3781886,4.152947,3.9874134,NISQAv2
/data/nhandt23/Dataset/MMSData/13GKsS26F4U/asr_subtitle/wavs_enhanced/13GKsS26F4U_03952.wav,2.7022238,2.8459246,4.048509,4.127682,3.3389366,NISQAv2
/data/nhandt23/Dataset/MMSData/13GKsS26F4U/asr_subtitle/wavs_enhanced/13GKsS26F4U_00404.wav,3.4500911,2.2406466,4.2323265,4.195035,4.1910396,NISQAv2
/data/nhandt23/Dataset/MMSData/13GKsS26F4U/asr_subtitle/wavs_enhanced/13GKsS26F4U_02140.wav,2.8294492,2.706032,2.8429046,3.5041838,3.655022,NISQAv2
/data/nhandt23/Dataset/MMSData/13GKsS26F4U/asr_subtitle/wavs_enhanced/13GKsS26F4U_02408.wav,2.5389822,3.265509,3.8295043,3.2484555,3.4196162,NISQAv2
/data/nhandt23/Dataset/MMSData/13GKsS26F4U/asr_subtitle/wavs_enhanced/13GKsS26F4U_04762.wav,4.307911,3.0121925,4.5891347,4.236422,4.0597305,NISQAv2
/data/nhandt23/Dataset/MMSData/13GKsS26F4U/asr_subtitle/wavs_enhanced/13GKsS26F4U_02484.wav,3.5962713,2.4535487,4.231695,3.8826783,3.5086653,NISQAv2
/data/nhandt23/Dataset/MMSData/13GKsS26F4U/asr_subtitle/wavs_enhanced/13GKsS26F4U_04303.wav,3.9130461,3.439181,4.488509,4.238442,3.7723434,NISQAv2
/data/nhandt23/Dataset/MMSData/13GKsS26F4U/asr_subtitle/wavs_enhanced/13GKsS26F4U_00725.wav,3.9845612,3.489466,4.3000984,3.9626014,3.4579115,NISQAv2
/data/nhandt23/Dataset/MMSData/13GKsS26F4U/asr_subtitle/wavs_enhanced/13GKsS26F4U_00425.wav,3.896745,2.4084988,4.2453694,3.88216,3.952231,NISQAv2
/data/nhandt23/Dataset/MMSData/13GKsS26F4U/asr_subtitle/wavs_enhanced/13GKsS26F4U_04140.wav,3.1510124,3.429643,3.9245334,3.6537158,3.6300352,NISQAv2
/data/nhandt23/Dataset/MMSData/13GKsS26F4U/asr_subtitle/wavs_enhanced/13GKsS26F4U_03518.wav,3.694092,2.4487913,3.6492636,3.8966904,4.038412,NISQAv2
/data/nhandt23/Dataset/MMSData/13GKsS26F4U/asr_subtitle/wavs_enhanced/13GKsS26F4U_02131.wav,3.0861442,2.5258305,3.1692812,3.543458,3.8433735,NISQAv2
/data/nhandt23/Dataset/MMSData/13GKsS26F4U/asr_subtitle/wavs_enhanced/13GKsS26F4U_03025.wav,3.8797624,3.2888334,4.4385896,4.1985793,3.8357308,NISQAv2
/data/nhandt23/Dataset/MMSData/13GKsS26F4U/asr_subtitle/wavs_enhanced/13GKsS26F4U_02046.wav,3.6986744,2.5692213,4.1934414,3.975344,3.6195123,NISQAv2
/data/nhandt23/Dataset/MMSData/13GKsS26F4U/asr_subtitle/wavs_enhanced/13GKsS26F4U_00421.wav,3.1515117,2.7988422,2.5674639,3.2604525,3.8285348,NISQAv2
/data/nhandt23/Dataset/MMSData/13GKsS26F4U/asr_subtitle/wavs_enhanced/13GKsS26F4U_00773.wav,3.5732787,3.6112504,4.1872053,4.335409,4.14785,NISQAv2
/data/nhandt23/Dataset/MMSData/13GKsS26F4U/asr_subtitle/wavs_enhanced/13GKsS26F4U_04893.wav,3.289961,2.9998822,4.035419,4.1311545,4.1947665,NISQAv2
/data/nhandt23/Dataset/MMSData/13GKsS26F4U/asr_subtitle/wavs_enhanced/13GKsS26F4U_01196.wav,3.4206889,2.4986193,4.028885,3.8009977,3.3328884,NISQAv2
/data/nhandt23/Dataset/MMSData/13GKsS26F4U/asr_subtitle/wavs_enhanced/13GKsS26F4U_03353.wav,3.7880666,2.9676702,4.4083614,4.168737,3.8557143,NISQAv2
/data/nhandt23/Dataset/MMSData/13GKsS26F4U/asr_subtitle/wavs_enhanced/13GKsS26F4U_00749.wav,3.9527743,3.464752,4.240341,3.7762685,3.8899467,NISQAv2
/data/nhandt23/Dataset/MMSData/13GKsS26F4U/asr_subtitle/wavs_enhanced/13GKsS26F4U_01727.wav,3.8162293,2.7594347,4.434547,4.348948,4.3059077,NISQAv2
/data/nhandt23/Dataset/MMSData/13GKsS26F4U/asr_subtitle/wavs_enhanced/13GKsS26F4U_04536.wav,3.6570048,3.0970333,4.4915547,4.1998396,4.1841063,NISQAv2
/data/nhandt23/Dataset/MMSData/13GKsS26F4U/asr_subtitle/wavs_enhanced/13GKsS26F4U_01825.wav,4.4328003,3.4742682,4.6661553,4.4580054,4.524567,NISQAv2
/data/nhandt23/Dataset/MMSData/13GKsS26F4U/asr_subtitle/wavs_enhanced/13GKsS26F4U_03694.wav,3.238698,3.13579,4.170439,3.9871805,3.9096959,NISQAv2
/data/nhandt23/Dataset/MMSData/13GKsS26F4U/asr_subtitle/wavs_enhanced/13GKsS26F4U_00037.wav,3.5345182,1.9536968,4.365804,4.176089,3.8187282,NISQAv2
/data/nhandt23/Dataset/MMSData/13GKsS26F4U/asr_subtitle/wavs_enhanced/13GKsS26F4U_00478.wav,2.6448936,2.4086359,3.4359407,3.739209,3.503667,NISQAv2
/data/nhandt23/Dataset/MMSData/13GKsS26F4U/asr_subtitle/wavs_enhanced/13GKsS26F4U_05099.wav,3.3864293,3.0142014,4.2142706,4.023111,4.040292,NISQAv2
/data/nhandt23/Dataset/MMSData/13GKsS26F4U/asr_subtitle/wavs_enhanced/13GKsS26F4U_03471.wav,2.7791328,3.152282,3.2242792,3.5388124,4.254975,NISQAv2
/data/nhandt23/Dataset/MMSData/13GKsS26F4U/asr_subtitle/wavs_enhanced/13GKsS26F4U_01939.wav,2.495982,2.1773303,3.2576368,3.3413775,2.9475744,NISQAv2
/data/nhandt23/Dataset/MMSData/13GKsS26F4U/asr_subtitle/wavs_enhanced/13GKsS26F4U_04913.wav,3.162851,2.7145631,4.1481857,3.916255,3.1131625,NISQAv2
/data/nhandt23/Dataset/MMSData/13GKsS26F4U/asr_subtitle/wavs_enhanced/13GKsS26F4U_03143.wav,3.6310217,2.7988522,4.448887,4.380502,4.0528746,NISQAv2
/data/nhandt23/Dataset/MMSData/13GKsS26F4U/asr_subtitle/wavs_enhanced/13GKsS26F4U_00025.wav,2.5743787,2.8054447,3.7529776,3.8234198,3.500029,NISQAv2
/data/nhandt23/Dataset/MMSData/13GKsS26F4U/asr_subtitle/wavs_enhanced/13GKsS26F4U_01459.wav,3.056758,2.5407207,3.4621823,3.247986,3.173457,NISQAv2
/data/nhandt23/Dataset/MMSData/13GKsS26F4U/asr_subtitle/wavs_enhanced/13GKsS26F4U_00297.wav,3.6036024,2.977,4.0409045,4.089991,3.9978597,NISQAv2
/data/nhandt23/Dataset/MMSData/13GKsS26F4U/asr_subtitle/wavs_enhanced/13GKsS26F4U_01530.wav,4.1245155,3.1585064,4.653261,4.333203,4.3486886,NISQAv2
/data/nhandt23/Dataset/MMSData/13GKsS26F4U/asr_subtitle/wavs_enhanced/13GKsS26F4U_03850.wav,3.3649697,3.029606,3.3591568,3.874666,3.2017004,NISQAv2
/data/nhandt23/Dataset/MMSData/13GKsS26F4U/asr_subtitle/wavs_enhanced/13GKsS26F4U_04295.wav,3.1336505,2.9408388,3.2674758,3.6020143,3.1603048,NISQAv2
/data/nhandt23/Dataset/MMSData/13GKsS26F4U/asr_subtitle/wavs_enhanced/13GKsS26F4U_01639.wav,3.6533284,2.3525422,4.402321,4.2935777,3.9135227,NISQAv2
/data/nhandt23/Dataset/MMSData/13GKsS26F4U/asr_subtitle/wavs_enhanced/13GKsS26F4U_01304.wav,3.7849562,3.354121,4.3949547,4.104647,3.9088218,NISQAv2
/data/nhandt23/Dataset/MMSData/13GKsS26F4U/asr_subtitle/wavs_enhanced/13GKsS26F4U_01560.wav,3.1162202,2.552846,4.279647,3.9121099,3.3904955,NISQAv2
/data/nhandt23/Dataset/MMSData/13GKsS26F4U/asr_subtitle/wavs_enhanced/13GKsS26F4U_00481.wav,3.7689705,3.0669901,4.404226,4.142404,4.150594,NISQAv2
/data/nhandt23/Dataset/MMSData/13GKsS26F4U/asr_subtitle/wavs_enhanced/13GKsS26F4U_04115.wav,2.3041375,3.1760156,3.8568118,3.907188,3.676592,NISQAv2
/data/nhandt23/Dataset/MMSData/13GKsS26F4U/asr_subtitle/wavs_enhanced/13GKsS26F4U_04742.wav,3.4355426,2.1713634,4.2936716,4.0019784,3.275422,NISQAv2
/data/nhandt23/Dataset/MMSData/13GKsS26F4U/asr_subtitle/wavs_enhanced/13GKsS26F4U_04675.wav,3.529539,3.2154734,4.1588345,4.1824512,4.1488976,NISQAv2
/data/nhandt23/Dataset/MMSData/13GKsS26F4U/asr_subtitle/wavs_enhanced/13GKsS26F4U_01561.wav,3.8012478,2.5369902,4.362269,4.111959,3.852494,NISQAv2
/data/nhandt23/Dataset/MMSData/13GKsS26F4U/asr_subtitle/wavs_enhanced/13GKsS26F4U_01621.wav,4.051834,2.1813185,4.552736,4.264378,3.956724,NISQAv2
/data/nhandt23/Dataset/MMSData/13GKsS26F4U/asr_subtitle/wavs_enhanced/13GKsS26F4U_01069.wav,4.5015326,3.8018076,4.691613,4.5297217,4.450909,NISQAv2
/data/nhandt23/Dataset/MMSData/13GKsS26F4U/asr_subtitle/wavs_enhanced/13GKsS26F4U_00455.wav,2.6798732,2.3456862,3.4251876,3.5817833,3.8617103,NISQAv2
/data/nhandt23/Dataset/MMSData/13GKsS26F4U/asr_subtitle/wavs_enhanced/13GKsS26F4U_04545.wav,2.3124347,3.6305065,2.4711506,3.202974,3.964254,NISQAv2
/data/nhandt23/Dataset/MMSData/13GKsS26F4U/asr_subtitle/wavs_enhanced/13GKsS26F4U_01933.wav,4.126895,2.986934,4.66673,4.269754,4.078181,NISQAv2
/data/nhandt23/Dataset/MMSData/13GKsS26F4U/asr_subtitle/wavs_enhanced/13GKsS26F4U_00600.wav,3.5846696,3.0940208,4.1028447,4.0388026,4.0834556,NISQAv2
/data/nhandt23/Dataset/MMSData/13GKsS26F4U/asr_subtitle/wavs_enhanced/13GKsS26F4U_03024.wav,3.5126529,2.4677365,4.2428246,4.0798707,3.865475,NISQAv2
/data/nhandt23/Dataset/MMSData/13GKsS26F4U/asr_subtitle/wavs_enhanced/13GKsS26F4U_00383.wav,2.9783852,2.9273252,4.275237,4.001671,3.6895568,NISQAv2
/data/nhandt23/Dataset/MMSData/13GKsS26F4U/asr_subtitle/wavs_enhanced/13GKsS26F4U_02462.wav,3.1782181,2.6281314,3.5904,3.32832,3.5033545,NISQAv2
/data/nhandt23/Dataset/MMSData/13GKsS26F4U/asr_subtitle/wavs_enhanced/13GKsS26F4U_03642.wav,3.249187,2.1485174,4.2066803,3.8943505,2.879742,NISQAv2
/data/nhandt23/Dataset/MMSData/13GKsS26F4U/asr_subtitle/wavs_enhanced/13GKsS26F4U_01357.wav,3.4495811,2.9463706,3.9025273,3.9690208,3.2210228,NISQAv2
/data/nhandt23/Dataset/MMSData/13GKsS26F4U/asr_subtitle/wavs_enhanced/13GKsS26F4U_01666.wav,3.9052982,3.0699375,4.4873757,4.098099,3.6556225,NISQAv2
/data/nhandt23/Dataset/MMSData/13GKsS26F4U/asr_subtitle/wavs_enhanced/13GKsS26F4U_00583.wav,3.5144904,2.9290257,4.1773105,3.9883115,3.6070259,NISQAv2
/data/nhandt23/Dataset/MMSData/13GKsS26F4U/asr_subtitle/wavs_enhanced/13GKsS26F4U_02373.wav,3.820213,3.0909486,4.583821,4.0897183,3.65826,NISQAv2
/data/nhandt23/Dataset/MMSData/13GKsS26F4U/asr_subtitle/wavs_enhanced/13GKsS26F4U_02032.wav,2.227113,2.4913278,3.0141788,3.573835,2.597178,NISQAv2
/data/nhandt23/Dataset/MMSData/13GKsS26F4U/asr_subtitle/wavs_enhanced/13GKsS26F4U_03771.wav,3.42187,2.4811237,4.4266157,4.329762,3.8661819,NISQAv2
/data/nhandt23/Dataset/MMSData/13GKsS26F4U/asr_subtitle/wavs_enhanced/13GKsS26F4U_04933.wav,3.709687,3.0816002,4.518024,4.0472836,3.6700075,NISQAv2
/data/nhandt23/Dataset/MMSData/13GKsS26F4U/asr_subtitle/wavs_enhanced/13GKsS26F4U_03757.wav,3.3865988,2.725892,4.353544,4.0743337,3.746588,NISQAv2
/data/nhandt23/Dataset/MMSData/13GKsS26F4U/asr_subtitle/wavs_enhanced/13GKsS26F4U_00788.wav,3.4145062,2.185188,4.1036153,3.8151321,3.5410733,NISQAv2
/data/nhandt23/Dataset/MMSData/13GKsS26F4U/asr_subtitle/wavs_enhanced/13GKsS26F4U_02791.wav,3.6708105,2.308564,3.8516753,3.9101784,2.9286187,NISQAv2
/data/nhandt23/Dataset/MMSData/13GKsS26F4U/asr_subtitle/wavs_enhanced/13GKsS26F4U_02305.wav,2.9900696,2.3948162,3.2907662,3.4208724,3.6194665,NISQAv2
/data/nhandt23/Dataset/MMSData/13GKsS26F4U/asr_subtitle/wavs_enhanced/13GKsS26F4U_03957.wav,4.2956147,2.587463,4.595209,4.4295616,4.3921213,NISQAv2
/data/nhandt23/Dataset/MMSData/13GKsS26F4U/asr_subtitle/wavs_enhanced/13GKsS26F4U_04928.wav,1.8610361,1.9789027,3.2672634,2.9395206,3.743217,NISQAv2
/data/nhandt23/Dataset/MMSData/13GKsS26F4U/asr_subtitle/wavs_enhanced/13GKsS26F4U_02181.wav,2.6679318,2.0912557,3.6698985,3.538477,3.048931,NISQAv2
/data/nhandt23/Dataset/MMSData/13GKsS26F4U/asr_subtitle/wavs_enhanced/13GKsS26F4U_04526.wav,2.9865386,3.0397332,2.772757,3.3660314,3.4565232,NISQAv2
/data/nhandt23/Dataset/MMSData/13GKsS26F4U/asr_subtitle/wavs_enhanced/13GKsS26F4U_00738.wav,4.4567556,2.7093391,4.534277,4.3907423,4.287088,NISQAv2
/data/nhandt23/Dataset/MMSData/13GKsS26F4U/asr_subtitle/wavs_enhanced/13GKsS26F4U_04858.wav,2.9787285,3.1217449,2.9102373,3.5111415,3.5451336,NISQAv2
/data/nhandt23/Dataset/MMSData/13GKsS26F4U/asr_subtitle/wavs_enhanced/13GKsS26F4U_01986.wav,2.9949236,2.922179,3.8015478,3.4626198,3.3030005,NISQAv2
/data/nhandt23/Dataset/MMSData/13GKsS26F4U/asr_subtitle/wavs_enhanced/13GKsS26F4U_01149.wav,4.157213,2.687567,4.540333,4.3489585,4.236423,NISQAv2
/data/nhandt23/Dataset/MMSData/13GKsS26F4U/asr_subtitle/wavs_enhanced/13GKsS26F4U_00856.wav,4.553464,3.8008687,4.576335,4.3681912,4.0649295,NISQAv2
/data/nhandt23/Dataset/MMSData/13GKsS26F4U/asr_subtitle/wavs_enhanced/13GKsS26F4U_03290.wav,3.2853792,3.548763,4.2773976,4.005019,3.5766501,NISQAv2
/data/nhandt23/Dataset/MMSData/13GKsS26F4U/asr_subtitle/wavs_enhanced/13GKsS26F4U_02678.wav,4.193585,2.7734647,4.651904,4.327971,4.417134,NISQAv2
/data/nhandt23/Dataset/MMSData/13GKsS26F4U/asr_subtitle/wavs_enhanced/13GKsS26F4U_01921.wav,4.2060404,3.1553686,4.383037,4.4068637,4.345705,NISQAv2
/data/nhandt23/Dataset/MMSData/13GKsS26F4U/asr_subtitle/wavs_enhanced/13GKsS26F4U_00016.wav,4.178182,3.3951242,4.6520653,4.3590035,4.2171397,NISQAv2
/data/nhandt23/Dataset/MMSData/13GKsS26F4U/asr_subtitle/wavs_enhanced/13GKsS26F4U_01042.wav,2.003478,2.7456796,2.862741,3.4450974,3.544096,NISQAv2
/data/nhandt23/Dataset/MMSData/13GKsS26F4U/asr_subtitle/wavs_enhanced/13GKsS26F4U_02130.wav,3.337682,2.5168645,4.3905168,4.1598806,3.7684507,NISQAv2
/data/nhandt23/Dataset/MMSData/13GKsS26F4U/asr_subtitle/wavs_enhanced/13GKsS26F4U_04003.wav,3.7463949,2.536477,4.382747,4.0661325,3.4689844,NISQAv2
/data/nhandt23/Dataset/MMSData/13GKsS26F4U/asr_subtitle/wavs_enhanced/13GKsS26F4U_04854.wav,3.7006865,3.6338246,4.183049,4.0520787,3.9437923,NISQAv2
/data/nhandt23/Dataset/MMSData/13GKsS26F4U/asr_subtitle/wavs_enhanced/13GKsS26F4U_03120.wav,2.6195662,2.142575,4.2806215,4.3406167,4.158559,NISQAv2
/data/nhandt23/Dataset/MMSData/13GKsS26F4U/asr_subtitle/wavs_enhanced/13GKsS26F4U_00941.wav,4.047717,3.1901572,4.4581904,4.104755,4.079251,NISQAv2
/data/nhandt23/Dataset/MMSData/13GKsS26F4U/asr_subtitle/wavs_enhanced/13GKsS26F4U_02280.wav,4.3503604,2.9501097,4.7296333,4.477321,4.2859483,NISQAv2
/data/nhandt23/Dataset/MMSData/13GKsS26F4U/asr_subtitle/wavs_enhanced/13GKsS26F4U_03416.wav,3.5447085,2.9078119,4.328191,4.0792465,3.4892058,NISQAv2
/data/nhandt23/Dataset/MMSData/13GKsS26F4U/asr_subtitle/wavs_enhanced/13GKsS26F4U_04289.wav,2.2104414,2.4716134,3.2065682,3.5957148,3.5940855,NISQAv2
/data/nhandt23/Dataset/MMSData/13GKsS26F4U/asr_subtitle/wavs_enhanced/13GKsS26F4U_02753.wav,3.004862,2.8545902,4.151475,3.952889,3.7554123,NISQAv2
/data/nhandt23/Dataset/MMSData/13GKsS26F4U/asr_subtitle/wavs_enhanced/13GKsS26F4U_00067.wav,4.644931,3.7225091,4.6684785,4.490375,4.2989798,NISQAv2
/data/nhandt23/Dataset/MMSData/13GKsS26F4U/asr_subtitle/wavs_enhanced/13GKsS26F4U_04919.wav,2.978245,3.3266919,4.04729,3.9034786,3.4871101,NISQAv2
/data/nhandt23/Dataset/MMSData/13GKsS26F4U/asr_subtitle/wavs_enhanced/13GKsS26F4U_03450.wav,3.4960845,2.6144345,4.466865,4.054648,3.75,NISQAv2
/data/nhandt23/Dataset/MMSData/13GKsS26F4U/asr_subtitle/wavs_enhanced/13GKsS26F4U_00379.wav,3.5279777,3.0012386,3.6625495,3.9769332,3.7197628,NISQAv2
/data/nhandt23/Dataset/MMSData/13GKsS26F4U/asr_subtitle/wavs_enhanced/13GKsS26F4U_02244.wav,3.4105299,3.0061753,3.8224094,3.8681335,3.7555747,NISQAv2
/data/nhandt23/Dataset/MMSData/13GKsS26F4U/asr_subtitle/wavs_enhanced/13GKsS26F4U_03894.wav,3.8031092,2.6843398,4.4122744,4.0793366,3.9850771,NISQAv2
/data/nhandt23/Dataset/MMSData/13GKsS26F4U/asr_subtitle/wavs_enhanced/13GKsS26F4U_04783.wav,3.6853623,3.442558,4.364718,3.9337845,3.2461665,NISQAv2
/data/nhandt23/Dataset/MMSData/13GKsS26F4U/asr_subtitle/wavs_enhanced/13GKsS26F4U_03896.wav,3.6686761,2.0577748,4.309346,3.8711722,3.3047662,NISQAv2
/data/nhandt23/Dataset/MMSData/13GKsS26F4U/asr_subtitle/wavs_enhanced/13GKsS26F4U_02388.wav,3.2377324,2.2378926,3.702451,3.5243294,3.304425,NISQAv2
/data/nhandt23/Dataset/MMSData/13GKsS26F4U/asr_subtitle/wavs_enhanced/13GKsS26F4U_05085.wav,2.4302056,3.4092653,3.7753034,3.8617847,4.130051,NISQAv2
/data/nhandt23/Dataset/MMSData/13GKsS26F4U/asr_subtitle/wavs_enhanced/13GKsS26F4U_02762.wav,2.8583121,2.1593604,2.2849848,3.238614,3.2745247,NISQAv2
/data/nhandt23/Dataset/MMSData/13GKsS26F4U/asr_subtitle/wavs_enhanced/13GKsS26F4U_04668.wav,3.4478073,2.9901428,4.470501,4.009149,3.4987051,NISQAv2
/data/nhandt23/Dataset/MMSData/13GKsS26F4U/asr_subtitle/wavs_enhanced/13GKsS26F4U_02674.wav,3.6768074,3.209778,4.2291303,4.0547094,3.744698,NISQAv2
/data/nhandt23/Dataset/MMSData/13GKsS26F4U/asr_subtitle/wavs_enhanced/13GKsS26F4U_04855.wav,3.364393,3.6758878,4.1445217,3.973763,3.969831,NISQAv2
/data/nhandt23/Dataset/MMSData/13GKsS26F4U/asr_subtitle/wavs_enhanced/13GKsS26F4U_01826.wav,3.4397485,2.3431995,4.2357197,3.8786201,2.3456445,NISQAv2
/data/nhandt23/Dataset/MMSData/13GKsS26F4U/asr_subtitle/wavs_enhanced/13GKsS26F4U_01485.wav,3.3676918,2.5211525,4.050186,3.7111099,3.6068127,NISQAv2
/data/nhandt23/Dataset/MMSData/13GKsS26F4U/asr_subtitle/wavs_enhanced/13GKsS26F4U_01233.wav,2.77765,2.047354,4.122085,3.6824481,3.4713907,NISQAv2
/data/nhandt23/Dataset/MMSData/13GKsS26F4U/asr_subtitle/wavs_enhanced/13GKsS26F4U_02332.wav,3.9033458,2.7535422,4.2848687,4.096857,3.8379366,NISQAv2
/data/nhandt23/Dataset/MMSData/13GKsS26F4U/asr_subtitle/wavs_enhanced/13GKsS26F4U_02066.wav,1.8942877,2.7499578,2.3318057,2.969551,2.999511,NISQAv2
/data/nhandt23/Dataset/MMSData/13GKsS26F4U/asr_subtitle/wavs_enhanced/13GKsS26F4U_00177.wav,3.1801128,3.1534348,4.251646,3.6284347,3.6747363,NISQAv2
/data/nhandt23/Dataset/MMSData/13GKsS26F4U/asr_subtitle/wavs_enhanced/13GKsS26F4U_01381.wav,3.070988,2.4731076,2.463383,3.4885457,3.674949,NISQAv2
/data/nhandt23/Dataset/MMSData/13GKsS26F4U/asr_subtitle/wavs_enhanced/13GKsS26F4U_00047.wav,3.5312397,2.7971578,4.33574,4.0238814,3.128003,NISQAv2
/data/nhandt23/Dataset/MMSData/13GKsS26F4U/asr_subtitle/wavs_enhanced/13GKsS26F4U_01241.wav,3.3359466,2.4510524,4.3111057,4.079409,3.5423267,NISQAv2
/data/nhandt23/Dataset/MMSData/13GKsS26F4U/asr_subtitle/wavs_enhanced/13GKsS26F4U_01413.wav,3.820988,2.6582527,4.399535,4.306815,4.1035285,NISQAv2
/data/nhandt23/Dataset/MMSData/13GKsS26F4U/asr_subtitle/wavs_enhanced/13GKsS26F4U_02239.wav,4.1440735,3.4961011,4.7023363,4.3285975,4.2525992,NISQAv2
/data/nhandt23/Dataset/MMSData/13GKsS26F4U/asr_subtitle/wavs_enhanced/13GKsS26F4U_03225.wav,4.120063,2.741244,4.5038567,4.2676015,4.268703,NISQAv2
/data/nhandt23/Dataset/MMSData/13GKsS26F4U/asr_subtitle/wavs_enhanced/13GKsS26F4U_04516.wav,2.9670725,3.645258,2.975899,3.4130445,3.8444965,NISQAv2
/data/nhandt23/Dataset/MMSData/13GKsS26F4U/asr_subtitle/wavs_enhanced/13GKsS26F4U_01913.wav,3.7530003,2.5067072,4.4326086,4.0917764,3.2884068,NISQAv2
/data/nhandt23/Dataset/MMSData/13GKsS26F4U/asr_subtitle/wavs_enhanced/13GKsS26F4U_03945.wav,4.106138,2.2410717,4.4397364,4.3704348,3.479349,NISQAv2
/data/nhandt23/Dataset/MMSData/13GKsS26F4U/asr_subtitle/wavs_enhanced/13GKsS26F4U_03144.wav,3.287717,2.9211242,4.4826136,4.3222795,4.1533213,NISQAv2
/data/nhandt23/Dataset/MMSData/13GKsS26F4U/asr_subtitle/wavs_enhanced/13GKsS26F4U_01299.wav,3.6514966,2.6071498,4.3231378,3.8973694,3.754006,NISQAv2
/data/nhandt23/Dataset/MMSData/13GKsS26F4U/asr_subtitle/wavs_enhanced/13GKsS26F4U_00040.wav,3.90281,2.238189,4.4020367,4.2742352,4.0076284,NISQAv2
/data/nhandt23/Dataset/MMSData/13GKsS26F4U/asr_subtitle/wavs_enhanced/13GKsS26F4U_03655.wav,2.146216,2.9758122,3.5106227,2.990575,3.3278878,NISQAv2
/data/nhandt23/Dataset/MMSData/13GKsS26F4U/asr_subtitle/wavs_enhanced/13GKsS26F4U_05079.wav,2.090194,2.7278752,2.18214,2.7381108,3.6559517,NISQAv2
/data/nhandt23/Dataset/MMSData/13GKsS26F4U/asr_subtitle/wavs_enhanced/13GKsS26F4U_02156.wav,3.0816674,2.2927783,4.0692396,3.9899726,3.3000636,NISQAv2
/data/nhandt23/Dataset/MMSData/13GKsS26F4U/asr_subtitle/wavs_enhanced/13GKsS26F4U_03508.wav,3.13499,2.461726,3.403515,3.619143,3.4354863,NISQAv2
/data/nhandt23/Dataset/MMSData/13GKsS26F4U/asr_subtitle/wavs_enhanced/13GKsS26F4U_02626.wav,3.6736798,2.8282592,4.2851477,4.049417,3.7421176,NISQAv2
/data/nhandt23/Dataset/MMSData/13GKsS26F4U/asr_subtitle/wavs_enhanced/13GKsS26F4U_03614.wav,2.6538396,2.6850262,3.9680645,3.5477383,3.750991,NISQAv2
/data/nhandt23/Dataset/MMSData/13GKsS26F4U/asr_subtitle/wavs_enhanced/13GKsS26F4U_04689.wav,3.883662,3.2935092,4.531387,4.1645703,4.165128,NISQAv2
/data/nhandt23/Dataset/MMSData/13GKsS26F4U/asr_subtitle/wavs_enhanced/13GKsS26F4U_02907.wav,3.7845244,2.8405483,4.3083315,4.0343566,3.2185931,NISQAv2
/data/nhandt23/Dataset/MMSData/13GKsS26F4U/asr_subtitle/wavs_enhanced/13GKsS26F4U_02929.wav,3.5535843,2.7735054,4.3139286,4.1609898,4.010338,NISQAv2
/data/nhandt23/Dataset/MMSData/13GKsS26F4U/asr_subtitle/wavs_enhanced/13GKsS26F4U_00530.wav,4.0604534,3.3873837,4.465891,4.32869,4.278728,NISQAv2
/data/nhandt23/Dataset/MMSData/13GKsS26F4U/asr_subtitle/wavs_enhanced/13GKsS26F4U_00442.wav,3.54443,3.5337622,4.4628277,4.1031814,3.8347952,NISQAv2
/data/nhandt23/Dataset/MMSData/13GKsS26F4U/asr_subtitle/wavs_enhanced/13GKsS26F4U_00231.wav,2.5719094,2.505522,3.385372,3.6145937,3.902617,NISQAv2
/data/nhandt23/Dataset/MMSData/13GKsS26F4U/asr_subtitle/wavs_enhanced/13GKsS26F4U_05031.wav,2.6012566,2.5087888,2.899863,3.040394,3.4172277,NISQAv2
/data/nhandt23/Dataset/MMSData/13GKsS26F4U/asr_subtitle/wavs_enhanced/13GKsS26F4U_02696.wav,3.467645,2.440953,3.6475837,3.7448156,3.983262,NISQAv2
/data/nhandt23/Dataset/MMSData/13GKsS26F4U/asr_subtitle/wavs_enhanced/13GKsS26F4U_04473.wav,3.5400677,2.9781957,4.2945685,3.785467,3.905351,NISQAv2
/data/nhandt23/Dataset/MMSData/13GKsS26F4U/asr_subtitle/wavs_enhanced/13GKsS26F4U_02396.wav,3.2277675,2.2263224,4.359494,3.9347808,3.9077027,NISQAv2
/data/nhandt23/Dataset/MMSData/13GKsS26F4U/asr_subtitle/wavs_enhanced/13GKsS26F4U_05125.wav,3.5847104,3.3088021,4.1541624,4.0350924,4.0978837,NISQAv2
/data/nhandt23/Dataset/MMSData/13GKsS26F4U/asr_subtitle/wavs_enhanced/13GKsS26F4U_03463.wav,3.047911,3.1122053,3.506804,3.413916,3.8198478,NISQAv2
/data/nhandt23/Dataset/MMSData/13GKsS26F4U/asr_subtitle/wavs_enhanced/13GKsS26F4U_00026.wav,3.5822537,2.8714635,4.222687,4.0414753,3.693107,NISQAv2
/data/nhandt23/Dataset/MMSData/13GKsS26F4U/asr_subtitle/wavs_enhanced/13GKsS26F4U_00350.wav,3.411962,3.0979283,4.1827955,4.022721,3.8478277,NISQAv2
/data/nhandt23/Dataset/MMSData/13GKsS26F4U/asr_subtitle/wavs_enhanced/13GKsS26F4U_01056.wav,3.2513764,2.596604,4.332255,4.125954,3.7651608,NISQAv2
/data/nhandt23/Dataset/MMSData/13GKsS26F4U/asr_subtitle/wavs_enhanced/13GKsS26F4U_01349.wav,3.3560402,2.6445115,4.0424223,3.7777965,3.7128825,NISQAv2
/data/nhandt23/Dataset/MMSData/13GKsS26F4U/asr_subtitle/wavs_enhanced/13GKsS26F4U_01072.wav,2.8249648,3.2783506,3.411797,4.089844,3.8776875,NISQAv2
/data/nhandt23/Dataset/MMSData/13GKsS26F4U/asr_subtitle/wavs_enhanced/13GKsS26F4U_03224.wav,2.3062403,2.3445466,4.3762083,4.256785,3.549583,NISQAv2
/data/nhandt23/Dataset/MMSData/13GKsS26F4U/asr_subtitle/wavs_enhanced/13GKsS26F4U_04371.wav,3.6199732,2.1595101,4.3105164,4.210669,3.6809928,NISQAv2
/data/nhandt23/Dataset/MMSData/13GKsS26F4U/asr_subtitle/wavs_enhanced/13GKsS26F4U_01545.wav,3.046727,2.6569986,3.746328,3.2967668,3.9793494,NISQAv2
/data/nhandt23/Dataset/MMSData/13GKsS26F4U/asr_subtitle/wavs_enhanced/13GKsS26F4U_03002.wav,2.484502,2.341475,3.527067,3.6199715,3.7452943,NISQAv2
/data/nhandt23/Dataset/MMSData/13GKsS26F4U/asr_subtitle/wavs_enhanced/13GKsS26F4U_03877.wav,2.4516177,2.4886951,3.281644,3.5421376,3.3851469,NISQAv2
/data/nhandt23/Dataset/MMSData/13GKsS26F4U/asr_subtitle/wavs_enhanced/13GKsS26F4U_04830.wav,2.7304983,3.5662668,3.3566778,3.6874158,4.002243,NISQAv2
/data/nhandt23/Dataset/MMSData/13GKsS26F4U/asr_subtitle/wavs_enhanced/13GKsS26F4U_00716.wav,4.245826,3.5002782,4.338031,4.2111135,4.0990806,NISQAv2
/data/nhandt23/Dataset/MMSData/13GKsS26F4U/asr_subtitle/wavs_enhanced/13GKsS26F4U_00992.wav,3.7540534,3.0604548,4.085995,4.1140847,4.1334887,NISQAv2
/data/nhandt23/Dataset/MMSData/13GKsS26F4U/asr_subtitle/wavs_enhanced/13GKsS26F4U_02591.wav,3.0728889,2.0827668,3.2942755,3.5232303,3.4741714,NISQAv2
/data/nhandt23/Dataset/MMSData/13GKsS26F4U/asr_subtitle/wavs_enhanced/13GKsS26F4U_01943.wav,3.6228006,2.4663732,4.255392,3.9715405,3.2710693,NISQAv2
/data/nhandt23/Dataset/MMSData/13GKsS26F4U/asr_subtitle/wavs_enhanced/13GKsS26F4U_02283.wav,3.3943489,2.7395241,4.1994095,4.0646253,3.7572613,NISQAv2
/data/nhandt23/Dataset/MMSData/13GKsS26F4U/asr_subtitle/wavs_enhanced/13GKsS26F4U_00515.wav,2.4576719,3.0154362,4.5291867,4.06646,3.568409,NISQAv2
/data/nhandt23/Dataset/MMSData/13GKsS26F4U/asr_subtitle/wavs_enhanced/13GKsS26F4U_03328.wav,2.701645,2.507633,3.0464196,3.629556,3.4823382,NISQAv2
/data/nhandt23/Dataset/MMSData/13GKsS26F4U/asr_subtitle/wavs_enhanced/13GKsS26F4U_04658.wav,3.5281222,3.263315,4.2840657,3.9198146,3.5126336,NISQAv2
/data/nhandt23/Dataset/MMSData/13GKsS26F4U/asr_subtitle/wavs_enhanced/13GKsS26F4U_02630.wav,3.8481855,2.6972516,4.387784,4.006856,3.8592708,NISQAv2
/data/nhandt23/Dataset/MMSData/13GKsS26F4U/asr_subtitle/wavs_enhanced/13GKsS26F4U_03961.wav,2.1346412,2.7549076,3.3734932,3.3112185,3.2102118,NISQAv2
/data/nhandt23/Dataset/MMSData/13GKsS26F4U/asr_subtitle/wavs_enhanced/13GKsS26F4U_04204.wav,3.1939585,2.1635134,4.1959705,4.140448,4.1087117,NISQAv2
/data/nhandt23/Dataset/MMSData/13GKsS26F4U/asr_subtitle/wavs_enhanced/13GKsS26F4U_01895.wav,3.7053053,2.7425835,4.089643,3.8366406,4.022753,NISQAv2
/data/nhandt23/Dataset/MMSData/13GKsS26F4U/asr_subtitle/wavs_enhanced/13GKsS26F4U_04076.wav,3.602097,2.5150096,4.1772127,3.8739252,3.2875297,NISQAv2
/data/nhandt23/Dataset/MMSData/13GKsS26F4U/asr_subtitle/wavs_enhanced/13GKsS26F4U_01036.wav,3.2697947,2.907746,3.2216628,3.6291952,3.5037825,NISQAv2
/data/nhandt23/Dataset/MMSData/13GKsS26F4U/asr_subtitle/wavs_enhanced/13GKsS26F4U_02887.wav,3.3951032,3.1574259,4.0013723,3.7905388,4.120213,NISQAv2
/data/nhandt23/Dataset/MMSData/13GKsS26F4U/asr_subtitle/wavs_enhanced/13GKsS26F4U_00850.wav,3.3010175,2.889099,4.140849,3.8135626,3.7837088,NISQAv2
/data/nhandt23/Dataset/MMSData/13GKsS26F4U/asr_subtitle/wavs_enhanced/13GKsS26F4U_01192.wav,2.9456275,2.0489671,2.7148356,2.8995674,2.913216,NISQAv2
/data/nhandt23/Dataset/MMSData/13GKsS26F4U/asr_subtitle/wavs_enhanced/13GKsS26F4U_03515.wav,3.651473,2.0246594,4.284214,3.7785316,3.6513147,NISQAv2
/data/nhandt23/Dataset/MMSData/13GKsS26F4U/asr_subtitle/wavs_enhanced/13GKsS26F4U_00391.wav,3.0422976,2.5121477,3.6323366,3.8090937,4.1383886,NISQAv2
/data/nhandt23/Dataset/MMSData/13GKsS26F4U/asr_subtitle/wavs_enhanced/13GKsS26F4U_02310.wav,3.2230864,2.7475626,4.521795,4.129974,3.7156937,NISQAv2
/data/nhandt23/Dataset/MMSData/13GKsS26F4U/asr_subtitle/wavs_enhanced/13GKsS26F4U_01710.wav,3.3775218,2.5402677,4.169905,3.7600508,3.6900966,NISQAv2
/data/nhandt23/Dataset/MMSData/13GKsS26F4U/asr_subtitle/wavs_enhanced/13GKsS26F4U_00554.wav,2.3801162,2.3811784,2.2740643,2.8198934,3.1339953,NISQAv2
/data/nhandt23/Dataset/MMSData/13GKsS26F4U/asr_subtitle/wavs_enhanced/13GKsS26F4U_04448.wav,3.4172947,3.1978772,4.3262596,3.8307223,3.6441557,NISQAv2
/data/nhandt23/Dataset/MMSData/13GKsS26F4U/asr_subtitle/wavs_enhanced/13GKsS26F4U_04697.wav,4.3715596,3.1371849,4.7493587,4.3834314,4.4592834,NISQAv2
/data/nhandt23/Dataset/MMSData/13GKsS26F4U/asr_subtitle/wavs_enhanced/13GKsS26F4U_04476.wav,4.304363,3.266054,4.7279525,4.462175,4.0675607,NISQAv2
/data/nhandt23/Dataset/MMSData/13GKsS26F4U/asr_subtitle/wavs_enhanced/13GKsS26F4U_01004.wav,1.8591028,2.8856838,2.3838913,2.3433058,2.7013159,NISQAv2
/data/nhandt23/Dataset/MMSData/13GKsS26F4U/asr_subtitle/wavs_enhanced/13GKsS26F4U_00597.wav,3.5231907,3.3848765,3.2113583,3.7089381,2.9645746,NISQAv2
/data/nhandt23/Dataset/MMSData/13GKsS26F4U/asr_subtitle/wavs_enhanced/13GKsS26F4U_03389.wav,3.5511625,2.3258965,3.905894,3.7136276,3.4342926,NISQAv2
/data/nhandt23/Dataset/MMSData/13GKsS26F4U/asr_subtitle/wavs_enhanced/13GKsS26F4U_01524.wav,3.440528,2.5677834,4.0180116,3.9401424,3.7190857,NISQAv2
/data/nhandt23/Dataset/MMSData/13GKsS26F4U/asr_subtitle/wavs_enhanced/13GKsS26F4U_01094.wav,3.1937983,3.2301416,4.269741,3.9624999,3.7613385,NISQAv2
/data/nhandt23/Dataset/MMSData/13GKsS26F4U/asr_subtitle/wavs_enhanced/13GKsS26F4U_04395.wav,2.8680687,2.9746048,3.7169979,3.5741267,3.9252455,NISQAv2
/data/nhandt23/Dataset/MMSData/13GKsS26F4U/asr_subtitle/wavs_enhanced/13GKsS26F4U_01838.wav,3.870593,3.0359933,4.4454813,4.230953,4.102868,NISQAv2
/data/nhandt23/Dataset/MMSData/13GKsS26F4U/asr_subtitle/wavs_enhanced/13GKsS26F4U_01089.wav,3.5025198,3.0288765,4.263582,3.8934648,3.4397714,NISQAv2
/data/nhandt23/Dataset/MMSData/13GKsS26F4U/asr_subtitle/wavs_enhanced/13GKsS26F4U_02937.wav,3.4662287,3.0114777,4.3239193,4.1466537,3.6452928,NISQAv2
/data/nhandt23/Dataset/MMSData/13GKsS26F4U/asr_subtitle/wavs_enhanced/13GKsS26F4U_02638.wav,2.798076,2.3908517,2.6180022,3.5541599,4.0370445,NISQAv2
/data/nhandt23/Dataset/MMSData/13GKsS26F4U/asr_subtitle/wavs_enhanced/13GKsS26F4U_01395.wav,3.4952896,2.470256,4.2574673,4.243999,3.4699473,NISQAv2
/data/nhandt23/Dataset/MMSData/13GKsS26F4U/asr_subtitle/wavs_enhanced/13GKsS26F4U_02001.wav,3.9054165,3.0227923,4.2834635,3.9514956,4.0424237,NISQAv2
/data/nhandt23/Dataset/MMSData/13GKsS26F4U/asr_subtitle/wavs_enhanced/13GKsS26F4U_04661.wav,3.3721707,3.0156777,3.8101375,3.3446662,3.7298734,NISQAv2
/data/nhandt23/Dataset/MMSData/13GKsS26F4U/asr_subtitle/wavs_enhanced/13GKsS26F4U_03551.wav,3.9864588,3.2820122,4.162883,4.031738,3.8692086,NISQAv2
/data/nhandt23/Dataset/MMSData/13GKsS26F4U/asr_subtitle/wavs_enhanced/13GKsS26F4U_02910.wav,3.502664,2.964306,4.191279,3.866,3.6496916,NISQAv2
/data/nhandt23/Dataset/MMSData/13GKsS26F4U/asr_subtitle/wavs_enhanced/13GKsS26F4U_03506.wav,2.673796,2.6100364,3.030706,3.4740312,3.391821,NISQAv2
/data/nhandt23/Dataset/MMSData/13GKsS26F4U/asr_subtitle/wavs_enhanced/13GKsS26F4U_00303.wav,3.7996306,3.2251651,4.585866,4.0469747,4.1073737,NISQAv2
/data/nhandt23/Dataset/MMSData/13GKsS26F4U/asr_subtitle/wavs_enhanced/13GKsS26F4U_02295.wav,3.307186,2.361632,4.3024893,3.9162333,3.2357943,NISQAv2
/data/nhandt23/Dataset/MMSData/13GKsS26F4U/asr_subtitle/wavs_enhanced/13GKsS26F4U_05096.wav,3.8576193,3.007249,4.29932,4.0097647,3.8924918,NISQAv2
/data/nhandt23/Dataset/MMSData/13GKsS26F4U/asr_subtitle/wavs_enhanced/13GKsS26F4U_02633.wav,3.4120247,2.1974566,4.452582,4.0552363,3.6508067,NISQAv2
/data/nhandt23/Dataset/MMSData/13GKsS26F4U/asr_subtitle/wavs_enhanced/13GKsS26F4U_04401.wav,3.5544932,2.881061,4.40302,4.2376866,4.313071,NISQAv2
/data/nhandt23/Dataset/MMSData/13GKsS26F4U/asr_subtitle/wavs_enhanced/13GKsS26F4U_01749.wav,3.442042,2.6892028,3.7821095,4.075456,4.0178113,NISQAv2
/data/nhandt23/Dataset/MMSData/13GKsS26F4U/asr_subtitle/wavs_enhanced/13GKsS26F4U_02243.wav,3.196056,2.6279414,3.8214,3.5573556,3.6566172,NISQAv2
/data/nhandt23/Dataset/MMSData/13GKsS26F4U/asr_subtitle/wavs_enhanced/13GKsS26F4U_03728.wav,3.7112525,2.673025,4.352558,4.1817317,4.003091,NISQAv2
/data/nhandt23/Dataset/MMSData/13GKsS26F4U/asr_subtitle/wavs_enhanced/13GKsS26F4U_02447.wav,3.2056708,2.567583,4.2990584,4.058762,3.598941,NISQAv2
/data/nhandt23/Dataset/MMSData/13GKsS26F4U/asr_subtitle/wavs_enhanced/13GKsS26F4U_05115.wav,2.6839645,2.852537,3.3520424,3.8840582,3.8737047,NISQAv2
/data/nhandt23/Dataset/MMSData/13GKsS26F4U/asr_subtitle/wavs_enhanced/13GKsS26F4U_01081.wav,3.7169857,2.5104957,4.3660536,4.0881968,3.4952261,NISQAv2
/data/nhandt23/Dataset/MMSData/13GKsS26F4U/asr_subtitle/wavs_enhanced/13GKsS26F4U_04101.wav,2.6737883,2.96372,3.9128249,4.142966,3.5853791,NISQAv2
/data/nhandt23/Dataset/MMSData/13GKsS26F4U/asr_subtitle/wavs_enhanced/13GKsS26F4U_02338.wav,3.3176184,2.9890697,3.7069612,3.8807878,3.8587542,NISQAv2
/data/nhandt23/Dataset/MMSData/13GKsS26F4U/asr_subtitle/wavs_enhanced/13GKsS26F4U_00340.wav,2.9397686,3.0327766,3.9066167,3.7994425,3.7237427,NISQAv2
/data/nhandt23/Dataset/MMSData/13GKsS26F4U/asr_subtitle/wavs_enhanced/13GKsS26F4U_03491.wav,3.8030128,2.537678,3.6895583,3.6006274,3.873356,NISQAv2
/data/nhandt23/Dataset/MMSData/13GKsS26F4U/asr_subtitle/wavs_enhanced/13GKsS26F4U_00111.wav,4.292189,3.573046,4.7494125,4.556488,4.3033485,NISQAv2
/data/nhandt23/Dataset/MMSData/13GKsS26F4U/asr_subtitle/wavs_enhanced/13GKsS26F4U_04699.wav,3.1042094,3.2622392,2.889726,3.5267875,3.6222255,NISQAv2
/data/nhandt23/Dataset/MMSData/13GKsS26F4U/asr_subtitle/wavs_enhanced/13GKsS26F4U_00821.wav,2.7915182,2.5885537,3.6141853,3.2489302,3.2783701,NISQAv2
/data/nhandt23/Dataset/MMSData/13GKsS26F4U/asr_subtitle/wavs_enhanced/13GKsS26F4U_01099.wav,3.7359161,2.7348506,4.4159384,4.2200494,3.6487477,NISQAv2
/data/nhandt23/Dataset/MMSData/13GKsS26F4U/asr_subtitle/wavs_enhanced/13GKsS26F4U_01759.wav,3.3422613,3.1012757,4.1765013,4.0532346,3.9222941,NISQAv2
/data/nhandt23/Dataset/MMSData/13GKsS26F4U/asr_subtitle/wavs_enhanced/13GKsS26F4U_04711.wav,2.8169506,2.9430897,4.294964,3.6955535,3.5841155,NISQAv2
/data/nhandt23/Dataset/MMSData/13GKsS26F4U/asr_subtitle/wavs_enhanced/13GKsS26F4U_01021.wav,2.9874976,2.8034708,3.9654083,3.7993238,3.59812,NISQAv2
/data/nhandt23/Dataset/MMSData/13GKsS26F4U/asr_subtitle/wavs_enhanced/13GKsS26F4U_00397.wav,3.7700698,2.745043,4.3659678,4.1216416,4.0240197,NISQAv2
/data/nhandt23/Dataset/MMSData/13GKsS26F4U/asr_subtitle/wavs_enhanced/13GKsS26F4U_01799.wav,4.065471,3.0512693,4.723834,4.475475,4.2698493,NISQAv2
/data/nhandt23/Dataset/MMSData/13GKsS26F4U/asr_subtitle/wavs_enhanced/13GKsS26F4U_00130.wav,3.4059432,2.4020872,4.2973523,3.8642042,2.809189,NISQAv2
/data/nhandt23/Dataset/MMSData/13GKsS26F4U/asr_subtitle/wavs_enhanced/13GKsS26F4U_00477.wav,2.7747743,2.3708708,3.825413,3.2488317,3.233086,NISQAv2
/data/nhandt23/Dataset/MMSData/13GKsS26F4U/asr_subtitle/wavs_enhanced/13GKsS26F4U_04322.wav,4.2975554,3.397703,4.3458724,4.130183,3.929753,NISQAv2
/data/nhandt23/Dataset/MMSData/13GKsS26F4U/asr_subtitle/wavs_enhanced/13GKsS26F4U_01711.wav,3.802595,2.468284,4.6482706,4.3749814,4.1779103,NISQAv2
/data/nhandt23/Dataset/MMSData/13GKsS26F4U/asr_subtitle/wavs_enhanced/13GKsS26F4U_04301.wav,3.569216,2.3934226,4.5600595,4.136828,3.9847374,NISQAv2
/data/nhandt23/Dataset/MMSData/13GKsS26F4U/asr_subtitle/wavs_enhanced/13GKsS26F4U_00197.wav,2.5178146,2.9418128,2.129711,3.2835689,3.3044198,NISQAv2
/data/nhandt23/Dataset/MMSData/13GKsS26F4U/asr_subtitle/wavs_enhanced/13GKsS26F4U_01093.wav,3.6185277,2.6922958,4.340872,4.0415273,3.7232883,NISQAv2
/data/nhandt23/Dataset/MMSData/13GKsS26F4U/asr_subtitle/wavs_enhanced/13GKsS26F4U_03834.wav,3.3257954,2.8928983,3.8703105,3.8141267,3.4745386,NISQAv2
/data/nhandt23/Dataset/MMSData/13GKsS26F4U/asr_subtitle/wavs_enhanced/13GKsS26F4U_01848.wav,3.5935895,2.4132955,4.1768894,3.802725,3.5370357,NISQAv2
/data/nhandt23/Dataset/MMSData/13GKsS26F4U/asr_subtitle/wavs_enhanced/13GKsS26F4U_00184.wav,2.8159578,3.307268,2.4645264,3.1738043,3.757353,NISQAv2
/data/nhandt23/Dataset/MMSData/13GKsS26F4U/asr_subtitle/wavs_enhanced/13GKsS26F4U_03672.wav,2.568989,2.5544078,3.9611368,3.2340467,3.1634676,NISQAv2
/data/nhandt23/Dataset/MMSData/13GKsS26F4U/asr_subtitle/wavs_enhanced/13GKsS26F4U_04127.wav,3.509643,2.809695,4.514219,4.1255136,4.039777,NISQAv2
/data/nhandt23/Dataset/MMSData/13GKsS26F4U/asr_subtitle/wavs_enhanced/13GKsS26F4U_01038.wav,3.2569199,2.5932891,3.596786,3.7569191,3.5908434,NISQAv2
/data/nhandt23/Dataset/MMSData/13GKsS26F4U/asr_subtitle/wavs_enhanced/13GKsS26F4U_03949.wav,3.9465358,2.5496101,4.5190306,4.0587687,3.5289598,NISQAv2
/data/nhandt23/Dataset/MMSData/13GKsS26F4U/asr_subtitle/wavs_enhanced/13GKsS26F4U_02667.wav,3.1039846,2.5702417,2.376722,3.6921985,3.6841214,NISQAv2
/data/nhandt23/Dataset/MMSData/13GKsS26F4U/asr_subtitle/wavs_enhanced/13GKsS26F4U_02350.wav,3.8472703,2.5606415,4.5697427,4.3590746,4.1793633,NISQAv2
/data/nhandt23/Dataset/MMSData/13GKsS26F4U/asr_subtitle/wavs_enhanced/13GKsS26F4U_04719.wav,3.681401,2.8932116,4.603069,4.4931936,4.4773316,NISQAv2
/data/nhandt23/Dataset/MMSData/13GKsS26F4U/asr_subtitle/wavs_enhanced/13GKsS26F4U_01998.wav,3.24106,2.6322777,4.449922,4.120697,3.969785,NISQAv2
/data/nhandt23/Dataset/MMSData/13GKsS26F4U/asr_subtitle/wavs_enhanced/13GKsS26F4U_02394.wav,4.4907284,3.6291997,4.6347733,4.478306,4.5020766,NISQAv2
/data/nhandt23/Dataset/MMSData/13GKsS26F4U/asr_subtitle/wavs_enhanced/13GKsS26F4U_03504.wav,3.3545582,2.6760085,4.3316503,4.163407,3.7620423,NISQAv2
/data/nhandt23/Dataset/MMSData/13GKsS26F4U/asr_subtitle/wavs_enhanced/13GKsS26F4U_01074.wav,3.5594323,2.571621,4.1523457,3.9592156,3.5150158,NISQAv2
/data/nhandt23/Dataset/MMSData/13GKsS26F4U/asr_subtitle/wavs_enhanced/13GKsS26F4U_03680.wav,3.7236547,2.4575577,4.250984,3.9255412,3.5392277,NISQAv2
/data/nhandt23/Dataset/MMSData/13GKsS26F4U/asr_subtitle/wavs_enhanced/13GKsS26F4U_01837.wav,4.018197,2.7328217,4.506126,4.2105794,4.175552,NISQAv2
/data/nhandt23/Dataset/MMSData/13GKsS26F4U/asr_subtitle/wavs_enhanced/13GKsS26F4U_03127.wav,2.250711,2.5317395,3.347931,3.9583073,4.137298,NISQAv2
/data/nhandt23/Dataset/MMSData/13GKsS26F4U/asr_subtitle/wavs_enhanced/13GKsS26F4U_04039.wav,2.9945939,2.9211328,2.4799144,3.4267802,3.7020202,NISQAv2
/data/nhandt23/Dataset/MMSData/13GKsS26F4U/asr_subtitle/wavs_enhanced/13GKsS26F4U_04616.wav,3.4864824,2.5680015,4.212814,4.131513,3.8549917,NISQAv2
/data/nhandt23/Dataset/MMSData/13GKsS26F4U/asr_subtitle/wavs_enhanced/13GKsS26F4U_02333.wav,3.2373867,2.9398053,4.2394896,3.7758195,4.09411,NISQAv2
/data/nhandt23/Dataset/MMSData/13GKsS26F4U/asr_subtitle/wavs_enhanced/13GKsS26F4U_03468.wav,3.1850932,2.6496022,3.3462522,3.7978473,4.0929313,NISQAv2
/data/nhandt23/Dataset/MMSData/13GKsS26F4U/asr_subtitle/wavs_enhanced/13GKsS26F4U_05005.wav,3.9000401,3.6257148,3.83678,3.91166,4.1017957,NISQAv2
/data/nhandt23/Dataset/MMSData/13GKsS26F4U/asr_subtitle/wavs_enhanced/13GKsS26F4U_01219.wav,3.744546,2.7622066,4.31822,4.069104,3.693736,NISQAv2
/data/nhandt23/Dataset/MMSData/13GKsS26F4U/asr_subtitle/wavs_enhanced/13GKsS26F4U_01142.wav,3.775555,2.9160984,4.3939385,4.192256,4.200024,NISQAv2
/data/nhandt23/Dataset/MMSData/13GKsS26F4U/asr_subtitle/wavs_enhanced/13GKsS26F4U_03169.wav,2.796687,2.4243917,3.1873643,3.2108204,3.5920134,NISQAv2
/data/nhandt23/Dataset/MMSData/13GKsS26F4U/asr_subtitle/wavs_enhanced/13GKsS26F4U_03419.wav,3.3641882,2.5131457,4.352841,4.240189,3.6356714,NISQAv2
/data/nhandt23/Dataset/MMSData/13GKsS26F4U/asr_subtitle/wavs_enhanced/13GKsS26F4U_02454.wav,2.925521,2.6231642,3.8674343,3.6820002,3.9694602,NISQAv2
/data/nhandt23/Dataset/MMSData/13GKsS26F4U/asr_subtitle/wavs_enhanced/13GKsS26F4U_01690.wav,2.707998,2.695889,3.1436043,3.691761,3.6223614,NISQAv2
/data/nhandt23/Dataset/MMSData/13GKsS26F4U/asr_subtitle/wavs_enhanced/13GKsS26F4U_05121.wav,2.4271753,2.4960315,2.9959564,3.5520356,3.510473,NISQAv2
/data/nhandt23/Dataset/MMSData/13GKsS26F4U/asr_subtitle/wavs_enhanced/13GKsS26F4U_03241.wav,3.1991322,2.403053,4.1189866,4.1751823,3.7928746,NISQAv2
/data/nhandt23/Dataset/MMSData/13GKsS26F4U/asr_subtitle/wavs_enhanced/13GKsS26F4U_00655.wav,4.1626477,2.426089,4.3791127,4.1512413,4.296472,NISQAv2
/data/nhandt23/Dataset/MMSData/13GKsS26F4U/asr_subtitle/wavs_enhanced/13GKsS26F4U_00480.wav,3.4831154,3.0341804,4.3461275,4.2010064,4.135159,NISQAv2
/data/nhandt23/Dataset/MMSData/13GKsS26F4U/asr_subtitle/wavs_enhanced/13GKsS26F4U_02547.wav,3.0872972,1.998816,4.4737244,3.9981785,3.5720377,NISQAv2
/data/nhandt23/Dataset/MMSData/13GKsS26F4U/asr_subtitle/wavs_enhanced/13GKsS26F4U_00568.wav,3.350333,3.1694548,4.340844,4.0741916,3.5393932,NISQAv2
/data/nhandt23/Dataset/MMSData/13GKsS26F4U/asr_subtitle/wavs_enhanced/13GKsS26F4U_01855.wav,3.9410517,2.889981,4.3217564,4.0210967,3.6388738,NISQAv2
/data/nhandt23/Dataset/MMSData/13GKsS26F4U/asr_subtitle/wavs_enhanced/13GKsS26F4U_02761.wav,3.8542879,2.5846684,4.620763,4.212496,3.699297,NISQAv2
/data/nhandt23/Dataset/MMSData/13GKsS26F4U/asr_subtitle/wavs_enhanced/13GKsS26F4U_01854.wav,3.4265797,3.1258442,4.1656833,3.9949877,3.420006,NISQAv2
/data/nhandt23/Dataset/MMSData/13GKsS26F4U/asr_subtitle/wavs_enhanced/13GKsS26F4U_00660.wav,2.9421825,3.1427839,3.9379873,3.9424806,3.8286605,NISQAv2
/data/nhandt23/Dataset/MMSData/13GKsS26F4U/asr_subtitle/wavs_enhanced/13GKsS26F4U_00382.wav,2.768389,2.7203388,2.8672075,2.8990045,3.2327063,NISQAv2
/data/nhandt23/Dataset/MMSData/13GKsS26F4U/asr_subtitle/wavs_enhanced/13GKsS26F4U_01745.wav,3.34259,2.47752,3.9592037,3.8534973,3.7947757,NISQAv2
/data/nhandt23/Dataset/MMSData/13GKsS26F4U/asr_subtitle/wavs_enhanced/13GKsS26F4U_00740.wav,3.4529424,3.9280522,4.0545473,3.7613468,3.713497,NISQAv2
/data/nhandt23/Dataset/MMSData/13GKsS26F4U/asr_subtitle/wavs_enhanced/13GKsS26F4U_01872.wav,3.5105066,2.418732,4.235119,4.093074,3.5590303,NISQAv2
/data/nhandt23/Dataset/MMSData/13GKsS26F4U/asr_subtitle/wavs_enhanced/13GKsS26F4U_01184.wav,3.0102882,2.289155,4.234118,4.0496864,3.6039455,NISQAv2
/data/nhandt23/Dataset/MMSData/13GKsS26F4U/asr_subtitle/wavs_enhanced/13GKsS26F4U_04704.wav,3.720552,2.3426971,4.350561,3.7327702,3.5177531,NISQAv2
/data/nhandt23/Dataset/MMSData/13GKsS26F4U/asr_subtitle/wavs_enhanced/13GKsS26F4U_04455.wav,2.6325455,2.661824,2.963001,2.8768818,2.7049248,NISQAv2
/data/nhandt23/Dataset/MMSData/13GKsS26F4U/asr_subtitle/wavs_enhanced/13GKsS26F4U_01279.wav,3.6640196,2.9862764,4.3366137,4.026502,3.8173962,NISQAv2
/data/nhandt23/Dataset/MMSData/13GKsS26F4U/asr_subtitle/wavs_enhanced/13GKsS26F4U_02631.wav,4.455387,3.0443513,4.6043396,4.4967327,4.416696,NISQAv2
/data/nhandt23/Dataset/MMSData/13GKsS26F4U/asr_subtitle/wavs_enhanced/13GKsS26F4U_03500.wav,3.4187846,2.0588305,4.143903,4.043257,3.6197839,NISQAv2
/data/nhandt23/Dataset/MMSData/13GKsS26F4U/asr_subtitle/wavs_enhanced/13GKsS26F4U_03849.wav,2.2560735,2.2066479,2.6684182,3.3823297,3.6242929,NISQAv2
/data/nhandt23/Dataset/MMSData/13GKsS26F4U/asr_subtitle/wavs_enhanced/13GKsS26F4U_03521.wav,3.0627015,2.6105134,3.9435747,3.5784607,3.4793513,NISQAv2
/data/nhandt23/Dataset/MMSData/13GKsS26F4U/asr_subtitle/wavs_enhanced/13GKsS26F4U_02193.wav,3.6728716,2.963264,3.8119755,3.5737035,4.1762114,NISQAv2
/data/nhandt23/Dataset/MMSData/13GKsS26F4U/asr_subtitle/wavs_enhanced/13GKsS26F4U_01292.wav,3.6938083,2.9030414,4.189244,4.0871577,4.041248,NISQAv2
/data/nhandt23/Dataset/MMSData/13GKsS26F4U/asr_subtitle/wavs_enhanced/13GKsS26F4U_02758.wav,3.7637892,2.7101297,4.3799715,3.755368,3.6302526,NISQAv2
/data/nhandt23/Dataset/MMSData/13GKsS26F4U/asr_subtitle/wavs_enhanced/13GKsS26F4U_01765.wav,3.565324,2.7149074,4.0858335,4.1296926,3.591924,NISQAv2
/data/nhandt23/Dataset/MMSData/13GKsS26F4U/asr_subtitle/wavs_enhanced/13GKsS26F4U_02314.wav,2.809326,2.3482969,3.928786,3.9035127,3.2138681,NISQAv2
/data/nhandt23/Dataset/MMSData/13GKsS26F4U/asr_subtitle/wavs_enhanced/13GKsS26F4U_05124.wav,3.2305868,2.6085155,4.097557,3.6121495,3.734474,NISQAv2
/data/nhandt23/Dataset/MMSData/13GKsS26F4U/asr_subtitle/wavs_enhanced/13GKsS26F4U_03858.wav,3.7292054,2.498093,4.378353,4.1304393,3.6165411,NISQAv2
/data/nhandt23/Dataset/MMSData/13GKsS26F4U/asr_subtitle/wavs_enhanced/13GKsS26F4U_01207.wav,4.2127285,2.9117103,4.4404716,4.3812776,4.3958964,NISQAv2
/data/nhandt23/Dataset/MMSData/13GKsS26F4U/asr_subtitle/wavs_enhanced/13GKsS26F4U_03838.wav,3.7615478,2.8793514,4.4086804,4.197985,4.1453347,NISQAv2
/data/nhandt23/Dataset/MMSData/13GKsS26F4U/asr_subtitle/wavs_enhanced/13GKsS26F4U_02977.wav,3.9572113,3.0588555,4.379923,3.9771903,4.22569,NISQAv2
/data/nhandt23/Dataset/MMSData/13GKsS26F4U/asr_subtitle/wavs_enhanced/13GKsS26F4U_01060.wav,2.9887316,2.291189,4.1716433,3.931617,3.303416,NISQAv2
/data/nhandt23/Dataset/MMSData/13GKsS26F4U/asr_subtitle/wavs_enhanced/13GKsS26F4U_00396.wav,3.577461,2.3077576,4.0963187,4.042823,3.8158956,NISQAv2
/data/nhandt23/Dataset/MMSData/13GKsS26F4U/asr_subtitle/wavs_enhanced/13GKsS26F4U_02451.wav,3.537349,2.9698374,3.32981,3.852687,3.8496733,NISQAv2
/data/nhandt23/Dataset/MMSData/13GKsS26F4U/asr_subtitle/wavs_enhanced/13GKsS26F4U_03703.wav,2.5834947,2.0933082,3.4375856,3.1336477,2.7603953,NISQAv2
/data/nhandt23/Dataset/MMSData/13GKsS26F4U/asr_subtitle/wavs_enhanced/13GKsS26F4U_03298.wav,3.1022747,2.6028912,4.563206,4.3634353,4.171498,NISQAv2
/data/nhandt23/Dataset/MMSData/13GKsS26F4U/asr_subtitle/wavs_enhanced/13GKsS26F4U_01536.wav,3.0354025,2.0584576,3.7504265,3.1763783,3.1420743,NISQAv2
/data/nhandt23/Dataset/MMSData/13GKsS26F4U/asr_subtitle/wavs_enhanced/13GKsS26F4U_04073.wav,3.1318066,2.6281998,4.0014067,3.5688033,3.69306,NISQAv2
/data/nhandt23/Dataset/MMSData/13GKsS26F4U/asr_subtitle/wavs_enhanced/13GKsS26F4U_01426.wav,3.3653238,2.9663036,4.026291,3.7082326,4.078405,NISQAv2
/data/nhandt23/Dataset/MMSData/13GKsS26F4U/asr_subtitle/wavs_enhanced/13GKsS26F4U_00108.wav,4.1468267,2.9536936,4.445816,4.2598567,4.141112,NISQAv2
/data/nhandt23/Dataset/MMSData/13GKsS26F4U/asr_subtitle/wavs_enhanced/13GKsS26F4U_01417.wav,3.8817172,2.8844833,4.508748,4.2440095,3.801627,NISQAv2
/data/nhandt23/Dataset/MMSData/13GKsS26F4U/asr_subtitle/wavs_enhanced/13GKsS26F4U_03531.wav,2.914556,3.009354,4.1349154,4.1745214,4.264173,NISQAv2
/data/nhandt23/Dataset/MMSData/13GKsS26F4U/asr_subtitle/wavs_enhanced/13GKsS26F4U_02684.wav,4.0155973,2.3833175,4.421003,4.210984,3.8287532,NISQAv2
/data/nhandt23/Dataset/MMSData/13GKsS26F4U/asr_subtitle/wavs_enhanced/13GKsS26F4U_02666.wav,3.4313214,2.1221983,4.565832,4.2539687,4.0342016,NISQAv2
/data/nhandt23/Dataset/MMSData/13GKsS26F4U/asr_subtitle/wavs_enhanced/13GKsS26F4U_04226.wav,4.089209,3.091019,4.422703,4.2092032,4.237953,NISQAv2
/data/nhandt23/Dataset/MMSData/13GKsS26F4U/asr_subtitle/wavs_enhanced/13GKsS26F4U_00873.wav,4.111189,2.9119318,4.6068597,4.2188716,4.217377,NISQAv2
/data/nhandt23/Dataset/MMSData/13GKsS26F4U/asr_subtitle/wavs_enhanced/13GKsS26F4U_02993.wav,3.350066,2.9766405,4.000866,3.860132,3.776941,NISQAv2
/data/nhandt23/Dataset/MMSData/13GKsS26F4U/asr_subtitle/wavs_enhanced/13GKsS26F4U_00006.wav,2.8432157,2.9019134,3.8983119,3.5690694,3.8872988,NISQAv2
/data/nhandt23/Dataset/MMSData/13GKsS26F4U/asr_subtitle/wavs_enhanced/13GKsS26F4U_00814.wav,3.5566976,2.3855932,4.129244,3.7940714,3.9123685,NISQAv2
/data/nhandt23/Dataset/MMSData/13GKsS26F4U/asr_subtitle/wavs_enhanced/13GKsS26F4U_03550.wav,2.535685,2.9364445,2.7153401,3.2567647,3.9771388,NISQAv2
/data/nhandt23/Dataset/MMSData/13GKsS26F4U/asr_subtitle/wavs_enhanced/13GKsS26F4U_01526.wav,3.5983531,2.570103,4.393832,4.1753097,4.097893,NISQAv2
/data/nhandt23/Dataset/MMSData/13GKsS26F4U/asr_subtitle/wavs_enhanced/13GKsS26F4U_02095.wav,2.780833,2.9053237,4.048149,3.8674366,3.601095,NISQAv2
/data/nhandt23/Dataset/MMSData/13GKsS26F4U/asr_subtitle/wavs_enhanced/13GKsS26F4U_01188.wav,3.6668131,2.6183755,4.0064263,3.772877,3.1774976,NISQAv2
/data/nhandt23/Dataset/MMSData/13GKsS26F4U/asr_subtitle/wavs_enhanced/13GKsS26F4U_02646.wav,3.256849,1.6039717,4.2673583,3.892051,2.4588082,NISQAv2
/data/nhandt23/Dataset/MMSData/13GKsS26F4U/asr_subtitle/wavs_enhanced/13GKsS26F4U_01870.wav,3.57177,2.561047,4.494064,4.165088,3.7921803,NISQAv2
/data/nhandt23/Dataset/MMSData/13GKsS26F4U/asr_subtitle/wavs_enhanced/13GKsS26F4U_01058.wav,3.1976469,3.3514192,4.091135,3.7920592,3.9144213,NISQAv2
/data/nhandt23/Dataset/MMSData/13GKsS26F4U/asr_subtitle/wavs_enhanced/13GKsS26F4U_01364.wav,2.2178977,2.077783,2.6692402,3.5953841,3.575153,NISQAv2
/data/nhandt23/Dataset/MMSData/13GKsS26F4U/asr_subtitle/wavs_enhanced/13GKsS26F4U_02532.wav,3.700798,2.2539175,4.5402236,4.226629,4.0637264,NISQAv2
/data/nhandt23/Dataset/MMSData/13GKsS26F4U/asr_subtitle/wavs_enhanced/13GKsS26F4U_03263.wav,2.694066,2.463631,3.9630425,3.7469995,3.3491464,NISQAv2
/data/nhandt23/Dataset/MMSData/13GKsS26F4U/asr_subtitle/wavs_enhanced/13GKsS26F4U_02188.wav,3.096818,3.2200685,3.9523542,3.7750635,3.353803,NISQAv2
/data/nhandt23/Dataset/MMSData/13GKsS26F4U/asr_subtitle/wavs_enhanced/13GKsS26F4U_01517.wav,2.8452961,2.5248115,3.768231,3.6664388,3.380462,NISQAv2
/data/nhandt23/Dataset/MMSData/13GKsS26F4U/asr_subtitle/wavs_enhanced/13GKsS26F4U_01405.wav,2.9173858,3.189533,3.5620387,3.5745502,3.8193643,NISQAv2
/data/nhandt23/Dataset/MMSData/13GKsS26F4U/asr_subtitle/wavs_enhanced/13GKsS26F4U_04838.wav,3.183478,3.1420233,4.0469093,3.868563,3.244754,NISQAv2
/data/nhandt23/Dataset/MMSData/13GKsS26F4U/asr_subtitle/wavs_enhanced/13GKsS26F4U_05153.wav,3.7168615,3.2779186,4.3452964,3.8796747,3.9682682,NISQAv2
/data/nhandt23/Dataset/MMSData/13GKsS26F4U/asr_subtitle/wavs_enhanced/13GKsS26F4U_00079.wav,3.776673,3.1483061,4.3720655,4.14584,4.1395965,NISQAv2
/data/nhandt23/Dataset/MMSData/13GKsS26F4U/asr_subtitle/wavs_enhanced/13GKsS26F4U_03616.wav,1.8116217,1.7213756,2.0953574,3.11854,3.4784958,NISQAv2
/data/nhandt23/Dataset/MMSData/13GKsS26F4U/asr_subtitle/wavs_enhanced/13GKsS26F4U_01098.wav,4.025567,3.3370006,4.606324,4.300354,4.1748524,NISQAv2
/data/nhandt23/Dataset/MMSData/13GKsS26F4U/asr_subtitle/wavs_enhanced/13GKsS26F4U_02316.wav,3.8333786,2.5736387,4.4379454,3.6028519,3.3188071,NISQAv2
/data/nhandt23/Dataset/MMSData/13GKsS26F4U/asr_subtitle/wavs_enhanced/13GKsS26F4U_03331.wav,4.558056,2.3028882,4.7479873,4.50563,4.3656645,NISQAv2
/data/nhandt23/Dataset/MMSData/13GKsS26F4U/asr_subtitle/wavs_enhanced/13GKsS26F4U_03401.wav,2.761081,2.3646123,4.236434,3.9454334,3.8052695,NISQAv2
/data/nhandt23/Dataset/MMSData/13GKsS26F4U/asr_subtitle/wavs_enhanced/13GKsS26F4U_00064.wav,3.2207496,2.7365506,4.2823396,4.009394,3.164616,NISQAv2
/data/nhandt23/Dataset/MMSData/13GKsS26F4U/asr_subtitle/wavs_enhanced/13GKsS26F4U_00194.wav,4.1607976,3.0351799,4.608285,4.2522216,4.020731,NISQAv2
/data/nhandt23/Dataset/MMSData/13GKsS26F4U/asr_subtitle/wavs_enhanced/13GKsS26F4U_02291.wav,4.0463066,3.0239918,4.3675003,4.1779504,3.7701662,NISQAv2
/data/nhandt23/Dataset/MMSData/13GKsS26F4U/asr_subtitle/wavs_enhanced/13GKsS26F4U_00041.wav,3.5965312,2.824468,4.2254515,3.9787042,3.398524,NISQAv2
/data/nhandt23/Dataset/MMSData/13GKsS26F4U/asr_subtitle/wavs_enhanced/13GKsS26F4U_03395.wav,2.7615526,2.3122246,2.66725,3.1098254,3.6912866,NISQAv2
/data/nhandt23/Dataset/MMSData/13GKsS26F4U/asr_subtitle/wavs_enhanced/13GKsS26F4U_00045.wav,3.1917129,3.206725,4.376294,3.9776967,3.7407298,NISQAv2
/data/nhandt23/Dataset/MMSData/13GKsS26F4U/asr_subtitle/wavs_enhanced/13GKsS26F4U_04749.wav,3.2491033,2.285073,4.1578236,3.9428222,3.4758906,NISQAv2
/data/nhandt23/Dataset/MMSData/13GKsS26F4U/asr_subtitle/wavs_enhanced/13GKsS26F4U_01945.wav,4.2243457,2.3046012,4.524943,4.2956166,3.6181939,NISQAv2
/data/nhandt23/Dataset/MMSData/13GKsS26F4U/asr_subtitle/wavs_enhanced/13GKsS26F4U_00144.wav,2.8277972,2.7345018,2.6940408,3.3677251,3.779382,NISQAv2
/data/nhandt23/Dataset/MMSData/13GKsS26F4U/asr_subtitle/wavs_enhanced/13GKsS26F4U_00717.wav,3.6206415,3.3785903,4.1245403,3.9465456,3.2688758,NISQAv2
/data/nhandt23/Dataset/MMSData/13GKsS26F4U/asr_subtitle/wavs_enhanced/13GKsS26F4U_02764.wav,3.311964,2.336252,3.8316462,3.643267,3.604689,NISQAv2
/data/nhandt23/Dataset/MMSData/13GKsS26F4U/asr_subtitle/wavs_enhanced/13GKsS26F4U_01250.wav,2.8286557,2.746318,3.8510404,3.4616218,3.2112293,NISQAv2
/data/nhandt23/Dataset/MMSData/13GKsS26F4U/asr_subtitle/wavs_enhanced/13GKsS26F4U_01178.wav,3.7339265,2.7378223,4.212048,3.540315,3.0316734,NISQAv2
/data/nhandt23/Dataset/MMSData/13GKsS26F4U/asr_subtitle/wavs_enhanced/13GKsS26F4U_04904.wav,3.8011522,3.4217823,4.336082,4.125664,4.005723,NISQAv2
/data/nhandt23/Dataset/MMSData/13GKsS26F4U/asr_subtitle/wavs_enhanced/13GKsS26F4U_04024.wav,2.26318,2.4292474,2.6802707,3.7488644,3.4655259,NISQAv2
/data/nhandt23/Dataset/MMSData/13GKsS26F4U/asr_subtitle/wavs_enhanced/13GKsS26F4U_04126.wav,3.733813,2.449515,4.046537,4.0266743,3.4525387,NISQAv2
/data/nhandt23/Dataset/MMSData/13GKsS26F4U/asr_subtitle/wavs_enhanced/13GKsS26F4U_01664.wav,3.9740431,2.9754074,4.409699,4.251984,4.065677,NISQAv2
/data/nhandt23/Dataset/MMSData/13GKsS26F4U/asr_subtitle/wavs_enhanced/13GKsS26F4U_03259.wav,2.7181022,2.7993486,3.0983143,3.6560836,3.993017,NISQAv2
/data/nhandt23/Dataset/MMSData/13GKsS26F4U/asr_subtitle/wavs_enhanced/13GKsS26F4U_01875.wav,2.0808945,2.3953373,2.1240983,3.5229855,3.6788516,NISQAv2
/data/nhandt23/Dataset/MMSData/13GKsS26F4U/asr_subtitle/wavs_enhanced/13GKsS26F4U_02499.wav,4.0461445,2.9604397,4.7003846,4.4043975,4.291677,NISQAv2
/data/nhandt23/Dataset/MMSData/13GKsS26F4U/asr_subtitle/wavs_enhanced/13GKsS26F4U_03607.wav,3.0490758,2.710282,3.4928203,3.7486157,3.8175833,NISQAv2
/data/nhandt23/Dataset/MMSData/13GKsS26F4U/asr_subtitle/wavs_enhanced/13GKsS26F4U_02669.wav,2.5622742,2.35308,4.0585012,4.075472,4.0650053,NISQAv2
/data/nhandt23/Dataset/MMSData/13GKsS26F4U/asr_subtitle/wavs_enhanced/13GKsS26F4U_03813.wav,2.5167527,2.7719603,2.61428,3.494462,3.6824348,NISQAv2
/data/nhandt23/Dataset/MMSData/13GKsS26F4U/asr_subtitle/wavs_enhanced/13GKsS26F4U_04724.wav,2.8761637,2.8820374,3.4734023,3.9325402,3.6682773,NISQAv2
/data/nhandt23/Dataset/MMSData/13GKsS26F4U/asr_subtitle/wavs_enhanced/13GKsS26F4U_00138.wav,2.3577065,3.1712244,2.9591677,3.658156,3.722479,NISQAv2
/data/nhandt23/Dataset/MMSData/13GKsS26F4U/asr_subtitle/wavs_enhanced/13GKsS26F4U_00799.wav,3.8359075,3.0077093,4.410994,4.0293174,3.735923,NISQAv2
/data/nhandt23/Dataset/MMSData/13GKsS26F4U/asr_subtitle/wavs_enhanced/13GKsS26F4U_01354.wav,3.5697072,2.9721587,4.3437033,4.127092,3.502327,NISQAv2
/data/nhandt23/Dataset/MMSData/13GKsS26F4U/asr_subtitle/wavs_enhanced/13GKsS26F4U_02223.wav,2.74419,3.3047585,3.6298237,3.7924147,3.3121536,NISQAv2
/data/nhandt23/Dataset/MMSData/13GKsS26F4U/asr_subtitle/wavs_enhanced/13GKsS26F4U_01115.wav,3.3648756,2.528106,4.170539,3.9471974,3.3747432,NISQAv2
/data/nhandt23/Dataset/MMSData/13GKsS26F4U/asr_subtitle/wavs_enhanced/13GKsS26F4U_03814.wav,4.00013,3.7217634,4.328811,4.2085023,4.013725,NISQAv2
/data/nhandt23/Dataset/MMSData/13GKsS26F4U/asr_subtitle/wavs_enhanced/13GKsS26F4U_01889.wav,3.1143863,2.421849,3.8755412,3.6697063,3.2633421,NISQAv2
/data/nhandt23/Dataset/MMSData/13GKsS26F4U/asr_subtitle/wavs_enhanced/13GKsS26F4U_02031.wav,3.4086266,2.349442,4.061401,3.880626,3.3277595,NISQAv2
/data/nhandt23/Dataset/MMSData/13GKsS26F4U/asr_subtitle/wavs_enhanced/13GKsS26F4U_00465.wav,3.211504,2.2171435,3.4272661,3.6939697,2.785649,NISQAv2
/data/nhandt23/Dataset/MMSData/13GKsS26F4U/asr_subtitle/wavs_enhanced/13GKsS26F4U_00308.wav,2.9040344,2.5362024,4.3608503,4.0662484,3.9138837,NISQAv2
/data/nhandt23/Dataset/MMSData/13GKsS26F4U/asr_subtitle/wavs_enhanced/13GKsS26F4U_04598.wav,3.0869358,2.3243508,4.6054897,4.3387504,4.105818,NISQAv2
/data/nhandt23/Dataset/MMSData/13GKsS26F4U/asr_subtitle/wavs_enhanced/13GKsS26F4U_00862.wav,4.2535806,3.5337465,4.5603237,4.3338866,4.020702,NISQAv2
/data/nhandt23/Dataset/MMSData/13GKsS26F4U/asr_subtitle/wavs_enhanced/13GKsS26F4U_00776.wav,3.1172132,3.3611186,3.7371814,3.7186549,3.9498603,NISQAv2
/data/nhandt23/Dataset/MMSData/13GKsS26F4U/asr_subtitle/wavs_enhanced/13GKsS26F4U_02132.wav,2.7234533,2.9483936,3.741688,3.7747598,4.0499344,NISQAv2
/data/nhandt23/Dataset/MMSData/13GKsS26F4U/asr_subtitle/wavs_enhanced/13GKsS26F4U_03738.wav,3.1593604,3.5401156,4.3486643,3.7132874,3.4593413,NISQAv2
/data/nhandt23/Dataset/MMSData/13GKsS26F4U/asr_subtitle/wavs_enhanced/13GKsS26F4U_01182.wav,3.0671628,2.2080045,4.073304,3.8755286,3.892308,NISQAv2
/data/nhandt23/Dataset/MMSData/13GKsS26F4U/asr_subtitle/wavs_enhanced/13GKsS26F4U_02457.wav,2.9893765,2.9305298,4.444495,4.125382,3.5157714,NISQAv2
/data/nhandt23/Dataset/MMSData/13GKsS26F4U/asr_subtitle/wavs_enhanced/13GKsS26F4U_00378.wav,2.914593,2.751343,3.742802,3.7868552,4.0162444,NISQAv2
/data/nhandt23/Dataset/MMSData/13GKsS26F4U/asr_subtitle/wavs_enhanced/13GKsS26F4U_00408.wav,2.553699,3.0536537,3.160422,4.1518345,4.1525455,NISQAv2
/data/nhandt23/Dataset/MMSData/13GKsS26F4U/asr_subtitle/wavs_enhanced/13GKsS26F4U_04829.wav,2.5966644,2.230282,2.4481478,2.7017517,3.7837913,NISQAv2
/data/nhandt23/Dataset/MMSData/13GKsS26F4U/asr_subtitle/wavs_enhanced/13GKsS26F4U_00748.wav,3.4704444,2.516236,4.1228695,3.8532178,3.764587,NISQAv2
/data/nhandt23/Dataset/MMSData/13GKsS26F4U/asr_subtitle/wavs_enhanced/13GKsS26F4U_02689.wav,4.2129235,2.2420866,4.6234474,4.2353234,3.2097695,NISQAv2
/data/nhandt23/Dataset/MMSData/13GKsS26F4U/asr_subtitle/wavs_enhanced/13GKsS26F4U_03394.wav,2.4683936,2.743632,4.0387783,4.0539136,3.263537,NISQAv2
/data/nhandt23/Dataset/MMSData/13GKsS26F4U/asr_subtitle/wavs_enhanced/13GKsS26F4U_03156.wav,3.0740964,2.5926983,3.3788035,3.5145388,3.338756,NISQAv2
/data/nhandt23/Dataset/MMSData/13GKsS26F4U/asr_subtitle/wavs_enhanced/13GKsS26F4U_00910.wav,2.1941886,2.389659,1.8205347,2.9894454,3.7412393,NISQAv2
/data/nhandt23/Dataset/MMSData/13GKsS26F4U/asr_subtitle/wavs_enhanced/13GKsS26F4U_03637.wav,3.2874289,2.6147783,4.0808268,4.032135,4.1076174,NISQAv2
/data/nhandt23/Dataset/MMSData/13GKsS26F4U/asr_subtitle/wavs_enhanced/13GKsS26F4U_01552.wav,4.4360986,3.7185538,4.6613016,4.5280423,4.5163455,NISQAv2
/data/nhandt23/Dataset/MMSData/13GKsS26F4U/asr_subtitle/wavs_enhanced/13GKsS26F4U_02017.wav,4.1908345,2.778247,4.25418,4.335887,3.9691665,NISQAv2
/data/nhandt23/Dataset/MMSData/13GKsS26F4U/asr_subtitle/wavs_enhanced/13GKsS26F4U_01643.wav,4.1021023,3.4223018,4.4730644,4.2020864,3.7539182,NISQAv2
/data/nhandt23/Dataset/MMSData/13GKsS26F4U/asr_subtitle/wavs_enhanced/13GKsS26F4U_02875.wav,3.2882128,2.851421,4.3566494,3.998327,3.9445908,NISQAv2
/data/nhandt23/Dataset/MMSData/13GKsS26F4U/asr_subtitle/wavs_enhanced/13GKsS26F4U_02071.wav,2.730357,2.6670873,3.7230165,3.7956877,3.5767663,NISQAv2
/data/nhandt23/Dataset/MMSData/13GKsS26F4U/asr_subtitle/wavs_enhanced/13GKsS26F4U_02307.wav,4.0323586,2.8466923,4.5192447,4.288016,3.9767497,NISQAv2
/data/nhandt23/Dataset/MMSData/13GKsS26F4U/asr_subtitle/wavs_enhanced/13GKsS26F4U_03256.wav,3.9593952,2.8243744,4.6791186,4.411393,4.162206,NISQAv2
/data/nhandt23/Dataset/MMSData/13GKsS26F4U/asr_subtitle/wavs_enhanced/13GKsS26F4U_00899.wav,4.106182,2.8538797,4.514229,4.310282,4.1742635,NISQAv2
/data/nhandt23/Dataset/MMSData/13GKsS26F4U/asr_subtitle/wavs_enhanced/13GKsS26F4U_02194.wav,3.0747762,2.3749783,4.3479815,4.017135,3.5158896,NISQAv2
/data/nhandt23/Dataset/MMSData/13GKsS26F4U/asr_subtitle/wavs_enhanced/13GKsS26F4U_04522.wav,3.6335893,2.4382834,4.3483467,4.0674357,3.5885787,NISQAv2
/data/nhandt23/Dataset/MMSData/13GKsS26F4U/asr_subtitle/wavs_enhanced/13GKsS26F4U_00443.wav,3.828602,3.2609446,4.2735023,3.9902065,4.0197597,NISQAv2
/data/nhandt23/Dataset/MMSData/13GKsS26F4U/asr_subtitle/wavs_enhanced/13GKsS26F4U_00784.wav,3.199399,2.6904843,3.9961836,3.7609346,3.037752,NISQAv2
/data/nhandt23/Dataset/MMSData/13GKsS26F4U/asr_subtitle/wavs_enhanced/13GKsS26F4U_00266.wav,3.624536,2.8819664,4.370756,4.0202575,3.4667003,NISQAv2
/data/nhandt23/Dataset/MMSData/13GKsS26F4U/asr_subtitle/wavs_enhanced/13GKsS26F4U_01337.wav,3.9673374,2.9636838,4.415474,4.007517,4.138321,NISQAv2
/data/nhandt23/Dataset/MMSData/13GKsS26F4U/asr_subtitle/wavs_enhanced/13GKsS26F4U_00021.wav,3.7064033,2.9804351,4.39818,4.1147723,3.7499876,NISQAv2
/data/nhandt23/Dataset/MMSData/13GKsS26F4U/asr_subtitle/wavs_enhanced/13GKsS26F4U_03998.wav,2.3614438,2.513285,3.837389,3.6773455,4.1006603,NISQAv2
/data/nhandt23/Dataset/MMSData/13GKsS26F4U/asr_subtitle/wavs_enhanced/13GKsS26F4U_04975.wav,2.6567402,3.4729815,3.4599326,3.707483,3.8450906,NISQAv2
/data/nhandt23/Dataset/MMSData/13GKsS26F4U/asr_subtitle/wavs_enhanced/13GKsS26F4U_03080.wav,3.7740967,2.7824457,4.497367,4.2074194,4.2131906,NISQAv2
/data/nhandt23/Dataset/MMSData/13GKsS26F4U/asr_subtitle/wavs_enhanced/13GKsS26F4U_02124.wav,2.2307045,2.8170087,1.9870389,3.031306,4.107429,NISQAv2
/data/nhandt23/Dataset/MMSData/13GKsS26F4U/asr_subtitle/wavs_enhanced/13GKsS26F4U_01274.wav,3.7471273,2.7051065,4.174517,4.1096168,3.851682,NISQAv2
/data/nhandt23/Dataset/MMSData/13GKsS26F4U/asr_subtitle/wavs_enhanced/13GKsS26F4U_03153.wav,3.5680897,2.830789,4.149991,3.8611045,3.9944768,NISQAv2
/data/nhandt23/Dataset/MMSData/13GKsS26F4U/asr_subtitle/wavs_enhanced/13GKsS26F4U_00969.wav,2.3977015,2.7353652,2.4028761,2.790175,3.4158933,NISQAv2
/data/nhandt23/Dataset/MMSData/13GKsS26F4U/asr_subtitle/wavs_enhanced/13GKsS26F4U_03880.wav,2.8186293,2.6051939,3.7842934,3.7711554,3.5418837,NISQAv2
/data/nhandt23/Dataset/MMSData/13GKsS26F4U/asr_subtitle/wavs_enhanced/13GKsS26F4U_04375.wav,3.787168,3.2737818,3.9261787,3.859563,4.011358,NISQAv2
/data/nhandt23/Dataset/MMSData/13GKsS26F4U/asr_subtitle/wavs_enhanced/13GKsS26F4U_00380.wav,2.6220508,2.2010367,3.295122,3.6023283,3.4994378,NISQAv2
/data/nhandt23/Dataset/MMSData/13GKsS26F4U/asr_subtitle/wavs_enhanced/13GKsS26F4U_02393.wav,2.5579362,2.691936,2.2429316,2.963048,3.2885025,NISQAv2
/data/nhandt23/Dataset/MMSData/13GKsS26F4U/asr_subtitle/wavs_enhanced/13GKsS26F4U_03372.wav,3.4930508,2.5996296,3.89404,3.9406223,3.3742018,NISQAv2
/data/nhandt23/Dataset/MMSData/13GKsS26F4U/asr_subtitle/wavs_enhanced/13GKsS26F4U_04723.wav,3.9527411,3.5893097,4.3646884,4.1842628,4.139395,NISQAv2
/data/nhandt23/Dataset/MMSData/13GKsS26F4U/asr_subtitle/wavs_enhanced/13GKsS26F4U_04147.wav,3.7032187,2.8529227,4.515519,4.2081857,4.019115,NISQAv2
/data/nhandt23/Dataset/MMSData/13GKsS26F4U/asr_subtitle/wavs_enhanced/13GKsS26F4U_04972.wav,2.5984447,3.4604514,4.0629296,3.506891,3.619006,NISQAv2
/data/nhandt23/Dataset/MMSData/13GKsS26F4U/asr_subtitle/wavs_enhanced/13GKsS26F4U_01227.wav,3.4761145,2.9097304,3.9854853,3.7260487,3.4432366,NISQAv2
/data/nhandt23/Dataset/MMSData/13GKsS26F4U/asr_subtitle/wavs_enhanced/13GKsS26F4U_03711.wav,2.6760123,2.9891112,3.638386,3.5270522,4.1124506,NISQAv2
/data/nhandt23/Dataset/MMSData/13GKsS26F4U/asr_subtitle/wavs_enhanced/13GKsS26F4U_02660.wav,3.4726903,2.8599033,4.220318,4.0170336,3.6143467,NISQAv2
/data/nhandt23/Dataset/MMSData/13GKsS26F4U/asr_subtitle/wavs_enhanced/13GKsS26F4U_03396.wav,3.2925227,2.5795393,3.96631,3.8160374,3.6845534,NISQAv2
/data/nhandt23/Dataset/MMSData/13GKsS26F4U/asr_subtitle/wavs_enhanced/13GKsS26F4U_00057.wav,3.2101772,3.226225,3.3228273,3.5612977,3.3943405,NISQAv2
/data/nhandt23/Dataset/MMSData/13GKsS26F4U/asr_subtitle/wavs_enhanced/13GKsS26F4U_02413.wav,3.5444348,2.555085,4.5082674,4.1420164,3.2119336,NISQAv2
/data/nhandt23/Dataset/MMSData/13GKsS26F4U/asr_subtitle/wavs_enhanced/13GKsS26F4U_00482.wav,2.9951851,2.972575,3.4767067,3.5672507,3.540806,NISQAv2
/data/nhandt23/Dataset/MMSData/13GKsS26F4U/asr_subtitle/wavs_enhanced/13GKsS26F4U_03538.wav,3.5441296,2.7863653,4.2604704,3.9900825,3.188582,NISQAv2
/data/nhandt23/Dataset/MMSData/13GKsS26F4U/asr_subtitle/wavs_enhanced/13GKsS26F4U_04006.wav,2.801983,2.4274397,3.8062828,3.8095324,3.6710432,NISQAv2
/data/nhandt23/Dataset/MMSData/13GKsS26F4U/asr_subtitle/wavs_enhanced/13GKsS26F4U_03355.wav,3.6781766,2.7224958,4.42056,4.109746,4.0567265,NISQAv2
/data/nhandt23/Dataset/MMSData/13GKsS26F4U/asr_subtitle/wavs_enhanced/13GKsS26F4U_03488.wav,3.506294,2.550792,4.254254,4.1626606,3.6552477,NISQAv2
/data/nhandt23/Dataset/MMSData/13GKsS26F4U/asr_subtitle/wavs_enhanced/13GKsS26F4U_00988.wav,3.178222,3.1424005,4.0461364,3.7261074,3.840835,NISQAv2
/data/nhandt23/Dataset/MMSData/13GKsS26F4U/asr_subtitle/wavs_enhanced/13GKsS26F4U_04843.wav,3.8063934,2.44774,4.443771,4.178302,4.0382934,NISQAv2
/data/nhandt23/Dataset/MMSData/13GKsS26F4U/asr_subtitle/wavs_enhanced/13GKsS26F4U_01764.wav,3.536954,2.192602,4.142827,4.1304812,3.7349486,NISQAv2
/data/nhandt23/Dataset/MMSData/13GKsS26F4U/asr_subtitle/wavs_enhanced/13GKsS26F4U_00519.wav,3.0869253,2.4926455,4.246329,4.0230503,3.8314044,NISQAv2
/data/nhandt23/Dataset/MMSData/13GKsS26F4U/asr_subtitle/wavs_enhanced/13GKsS26F4U_01051.wav,3.916939,2.6406577,4.6080713,4.2929997,4.3169994,NISQAv2
/data/nhandt23/Dataset/MMSData/13GKsS26F4U/asr_subtitle/wavs_enhanced/13GKsS26F4U_01317.wav,2.1243403,2.8189871,3.384588,3.8167965,3.8208926,NISQAv2
/data/nhandt23/Dataset/MMSData/13GKsS26F4U/asr_subtitle/wavs_enhanced/13GKsS26F4U_04274.wav,2.8194385,2.874953,4.0763655,3.856514,3.6160636,NISQAv2
/data/nhandt23/Dataset/MMSData/13GKsS26F4U/asr_subtitle/wavs_enhanced/13GKsS26F4U_05010.wav,3.8587134,3.1173215,4.445278,4.139077,3.898976,NISQAv2
/data/nhandt23/Dataset/MMSData/13GKsS26F4U/asr_subtitle/wavs_enhanced/13GKsS26F4U_01234.wav,3.4944873,2.550116,4.2132473,4.0462136,3.9448612,NISQAv2
/data/nhandt23/Dataset/MMSData/13GKsS26F4U/asr_subtitle/wavs_enhanced/13GKsS26F4U_02075.wav,4.093864,2.9239612,4.4661727,4.2204723,3.8236952,NISQAv2
/data/nhandt23/Dataset/MMSData/13GKsS26F4U/asr_subtitle/wavs_enhanced/13GKsS26F4U_01671.wav,2.77745,2.429177,4.030715,4.0955253,3.9791093,NISQAv2
/data/nhandt23/Dataset/MMSData/13GKsS26F4U/asr_subtitle/wavs_enhanced/13GKsS26F4U_00343.wav,2.691206,3.2444985,3.2227945,3.3466594,3.4832022,NISQAv2
/data/nhandt23/Dataset/MMSData/13GKsS26F4U/asr_subtitle/wavs_enhanced/13GKsS26F4U_03816.wav,3.7888892,2.7563858,4.393543,4.1421,3.7232761,NISQAv2
/data/nhandt23/Dataset/MMSData/13GKsS26F4U/asr_subtitle/wavs_enhanced/13GKsS26F4U_03104.wav,3.2949746,2.471626,4.491473,4.233853,4.253634,NISQAv2
/data/nhandt23/Dataset/MMSData/13GKsS26F4U/asr_subtitle/wavs_enhanced/13GKsS26F4U_01343.wav,3.7954972,3.2727025,4.4582405,4.2040796,4.1134048,NISQAv2
/data/nhandt23/Dataset/MMSData/13GKsS26F4U/asr_subtitle/wavs_enhanced/13GKsS26F4U_02141.wav,3.6733267,2.750058,4.1141334,4.163729,3.7559974,NISQAv2
/data/nhandt23/Dataset/MMSData/13GKsS26F4U/asr_subtitle/wavs_enhanced/13GKsS26F4U_03359.wav,2.5154116,2.7657712,3.7626405,3.5334013,3.749138,NISQAv2
/data/nhandt23/Dataset/MMSData/13GKsS26F4U/asr_subtitle/wavs_enhanced/13GKsS26F4U_01613.wav,3.0585418,2.7903833,3.9430916,3.4196742,3.1442533,NISQAv2
/data/nhandt23/Dataset/MMSData/13GKsS26F4U/asr_subtitle/wavs_enhanced/13GKsS26F4U_04637.wav,1.8626449,3.097636,2.011749,2.4858167,2.5148504,NISQAv2
/data/nhandt23/Dataset/MMSData/13GKsS26F4U/asr_subtitle/wavs_enhanced/13GKsS26F4U_03588.wav,4.1629553,3.0919216,4.4679604,4.1829586,4.0748186,NISQAv2
/data/nhandt23/Dataset/MMSData/13GKsS26F4U/asr_subtitle/wavs_enhanced/13GKsS26F4U_00552.wav,4.0792637,3.3099046,4.414257,4.2469993,4.2714925,NISQAv2
/data/nhandt23/Dataset/MMSData/13GKsS26F4U/asr_subtitle/wavs_enhanced/13GKsS26F4U_03131.wav,3.9220994,2.6963766,4.127355,4.188302,3.0706632,NISQAv2
/data/nhandt23/Dataset/MMSData/13GKsS26F4U/asr_subtitle/wavs_enhanced/13GKsS26F4U_04082.wav,3.0356538,2.0940456,4.072941,3.8156016,3.113022,NISQAv2
/data/nhandt23/Dataset/MMSData/13GKsS26F4U/asr_subtitle/wavs_enhanced/13GKsS26F4U_03842.wav,2.9042222,2.8822467,2.652884,3.6420774,3.8122928,NISQAv2
/data/nhandt23/Dataset/MMSData/13GKsS26F4U/asr_subtitle/wavs_enhanced/13GKsS26F4U_02705.wav,3.4084897,2.654782,4.3038416,3.8954294,3.5070713,NISQAv2
/data/nhandt23/Dataset/MMSData/13GKsS26F4U/asr_subtitle/wavs_enhanced/13GKsS26F4U_00332.wav,3.4387002,2.737555,4.3336334,4.095097,3.6427538,NISQAv2
/data/nhandt23/Dataset/MMSData/13GKsS26F4U/asr_subtitle/wavs_enhanced/13GKsS26F4U_04974.wav,3.392145,3.4137638,3.9092653,3.4680488,3.805475,NISQAv2
/data/nhandt23/Dataset/MMSData/13GKsS26F4U/asr_subtitle/wavs_enhanced/13GKsS26F4U_04826.wav,3.1695035,3.2078497,4.3464766,3.979769,3.9786336,NISQAv2
/data/nhandt23/Dataset/MMSData/13GKsS26F4U/asr_subtitle/wavs_enhanced/13GKsS26F4U_02096.wav,2.8774314,3.2137582,3.1065114,3.7407043,3.7428164,NISQAv2
/data/nhandt23/Dataset/MMSData/13GKsS26F4U/asr_subtitle/wavs_enhanced/13GKsS26F4U_03332.wav,3.2566934,2.766382,4.036737,3.837411,3.7039392,NISQAv2
/data/nhandt23/Dataset/MMSData/13GKsS26F4U/asr_subtitle/wavs_enhanced/13GKsS26F4U_02571.wav,4.201421,2.3953469,4.53786,4.338633,4.2914743,NISQAv2
/data/nhandt23/Dataset/MMSData/13GKsS26F4U/asr_subtitle/wavs_enhanced/13GKsS26F4U_03257.wav,3.151474,2.1389627,4.2180786,3.789348,3.8265257,NISQAv2
/data/nhandt23/Dataset/MMSData/13GKsS26F4U/asr_subtitle/wavs_enhanced/13GKsS26F4U_02487.wav,3.263972,3.0945318,3.9883952,3.640255,3.5834386,NISQAv2
/data/nhandt23/Dataset/MMSData/13GKsS26F4U/asr_subtitle/wavs_enhanced/13GKsS26F4U_02139.wav,3.882381,2.8481362,4.502364,4.319616,4.034122,NISQAv2
/data/nhandt23/Dataset/MMSData/13GKsS26F4U/asr_subtitle/wavs_enhanced/13GKsS26F4U_03242.wav,3.0378978,2.8174164,4.210228,3.9692516,3.828484,NISQAv2
/data/nhandt23/Dataset/MMSData/13GKsS26F4U/asr_subtitle/wavs_enhanced/13GKsS26F4U_03787.wav,2.4796052,2.6099706,3.1928272,3.7626278,3.428959,NISQAv2
/data/nhandt23/Dataset/MMSData/13GKsS26F4U/asr_subtitle/wavs_enhanced/13GKsS26F4U_01972.wav,3.9490445,2.9171503,4.5020776,4.206485,3.9845235,NISQAv2
/data/nhandt23/Dataset/MMSData/13GKsS26F4U/asr_subtitle/wavs_enhanced/13GKsS26F4U_00151.wav,2.867789,1.5785208,3.4447806,3.557352,2.9767175,NISQAv2
/data/nhandt23/Dataset/MMSData/13GKsS26F4U/asr_subtitle/wavs_enhanced/13GKsS26F4U_00840.wav,2.8992984,3.0974438,3.0168347,3.5168836,4.031082,NISQAv2
/data/nhandt23/Dataset/MMSData/13GKsS26F4U/asr_subtitle/wavs_enhanced/13GKsS26F4U_03752.wav,2.3116672,2.8446133,4.339278,4.071333,3.9465706,NISQAv2
/data/nhandt23/Dataset/MMSData/13GKsS26F4U/asr_subtitle/wavs_enhanced/13GKsS26F4U_04745.wav,3.8164477,3.0711546,4.3590755,4.411707,4.3671937,NISQAv2
/data/nhandt23/Dataset/MMSData/13GKsS26F4U/asr_subtitle/wavs_enhanced/13GKsS26F4U_03111.wav,2.8812313,2.0536454,3.8670332,3.498644,3.5561109,NISQAv2
/data/nhandt23/Dataset/MMSData/13GKsS26F4U/asr_subtitle/wavs_enhanced/13GKsS26F4U_02695.wav,2.301997,2.2418554,2.1968436,2.8652675,3.408037,NISQAv2
/data/nhandt23/Dataset/MMSData/13GKsS26F4U/asr_subtitle/wavs_enhanced/13GKsS26F4U_02824.wav,4.324379,3.3607957,4.7469053,4.377024,3.9946053,NISQAv2
/data/nhandt23/Dataset/MMSData/13GKsS26F4U/asr_subtitle/wavs_enhanced/13GKsS26F4U_03723.wav,3.3071663,2.6365144,4.2610803,4.007906,3.4226902,NISQAv2
/data/nhandt23/Dataset/MMSData/13GKsS26F4U/asr_subtitle/wavs_enhanced/13GKsS26F4U_03474.wav,4.2133446,2.7547681,4.5752296,4.522289,4.3828473,NISQAv2
/data/nhandt23/Dataset/MMSData/13GKsS26F4U/asr_subtitle/wavs_enhanced/13GKsS26F4U_02576.wav,3.4237015,2.69117,4.1477566,3.9554977,3.513736,NISQAv2
/data/nhandt23/Dataset/MMSData/13GKsS26F4U/asr_subtitle/wavs_enhanced/13GKsS26F4U_01642.wav,2.990577,2.2357833,3.886897,3.533144,3.3220508,NISQAv2
/data/nhandt23/Dataset/MMSData/13GKsS26F4U/asr_subtitle/wavs_enhanced/13GKsS26F4U_00998.wav,3.323769,3.1830697,4.058863,3.893205,3.3371077,NISQAv2
/data/nhandt23/Dataset/MMSData/13GKsS26F4U/asr_subtitle/wavs_enhanced/13GKsS26F4U_02137.wav,2.2887886,2.0525675,2.6253512,3.2706835,3.6642559,NISQAv2
/data/nhandt23/Dataset/MMSData/13GKsS26F4U/asr_subtitle/wavs_enhanced/13GKsS26F4U_04318.wav,3.7288635,2.641273,3.8402991,3.739601,3.776967,NISQAv2
/data/nhandt23/Dataset/MMSData/13GKsS26F4U/asr_subtitle/wavs_enhanced/13GKsS26F4U_01650.wav,3.6572564,2.2851803,4.225635,4.2676454,3.2766993,NISQAv2
/data/nhandt23/Dataset/MMSData/13GKsS26F4U/asr_subtitle/wavs_enhanced/13GKsS26F4U_03767.wav,2.2537475,2.2781277,2.6641254,3.5066545,3.6971953,NISQAv2
/data/nhandt23/Dataset/MMSData/13GKsS26F4U/asr_subtitle/wavs_enhanced/13GKsS26F4U_04634.wav,3.7503126,2.5904324,4.3590636,4.149532,3.9860013,NISQAv2
/data/nhandt23/Dataset/MMSData/13GKsS26F4U/asr_subtitle/wavs_enhanced/13GKsS26F4U_00137.wav,4.014906,3.047113,4.1706505,4.3044324,3.7552304,NISQAv2
/data/nhandt23/Dataset/MMSData/13GKsS26F4U/asr_subtitle/wavs_enhanced/13GKsS26F4U_01284.wav,3.7904193,2.883908,4.5111203,4.0284133,4.221617,NISQAv2
/data/nhandt23/Dataset/MMSData/13GKsS26F4U/asr_subtitle/wavs_enhanced/13GKsS26F4U_04166.wav,3.3175015,3.219636,3.960858,3.8703449,3.595166,NISQAv2
/data/nhandt23/Dataset/MMSData/13GKsS26F4U/asr_subtitle/wavs_enhanced/13GKsS26F4U_01969.wav,2.68936,2.891556,2.8147578,2.8445117,3.2323096,NISQAv2
/data/nhandt23/Dataset/MMSData/13GKsS26F4U/asr_subtitle/wavs_enhanced/13GKsS26F4U_04859.wav,3.3556356,2.862405,4.257784,4.2806964,4.1672435,NISQAv2
/data/nhandt23/Dataset/MMSData/13GKsS26F4U/asr_subtitle/wavs_enhanced/13GKsS26F4U_00911.wav,3.8304627,3.037998,4.203781,3.876695,3.8647544,NISQAv2
/data/nhandt23/Dataset/MMSData/13GKsS26F4U/asr_subtitle/wavs_enhanced/13GKsS26F4U_03379.wav,3.7912962,2.63098,4.2844243,4.2295737,3.8799527,NISQAv2
/data/nhandt23/Dataset/MMSData/13GKsS26F4U/asr_subtitle/wavs_enhanced/13GKsS26F4U_01086.wav,3.4626007,2.6706574,4.0702558,3.9795382,3.5165775,NISQAv2
/data/nhandt23/Dataset/MMSData/13GKsS26F4U/asr_subtitle/wavs_enhanced/13GKsS26F4U_03327.wav,2.9878218,2.7627141,4.0613627,3.8090198,3.131509,NISQAv2
/data/nhandt23/Dataset/MMSData/13GKsS26F4U/asr_subtitle/wavs_enhanced/13GKsS26F4U_04431.wav,2.5401244,3.0406737,3.6223495,3.728791,4.110019,NISQAv2
/data/nhandt23/Dataset/MMSData/13GKsS26F4U/asr_subtitle/wavs_enhanced/13GKsS26F4U_02606.wav,2.438103,2.059168,4.0216584,3.9485564,3.513549,NISQAv2
/data/nhandt23/Dataset/MMSData/13GKsS26F4U/asr_subtitle/wavs_enhanced/13GKsS26F4U_04467.wav,3.673579,3.1489239,4.244808,3.970641,3.9133644,NISQAv2
/data/nhandt23/Dataset/MMSData/13GKsS26F4U/asr_subtitle/wavs_enhanced/13GKsS26F4U_04302.wav,2.5177274,2.1807208,2.336598,3.507018,3.059375,NISQAv2
/data/nhandt23/Dataset/MMSData/13GKsS26F4U/asr_subtitle/wavs_enhanced/13GKsS26F4U_00158.wav,2.2028177,2.624466,3.35991,3.6264174,2.7606714,NISQAv2
/data/nhandt23/Dataset/MMSData/13GKsS26F4U/asr_subtitle/wavs_enhanced/13GKsS26F4U_02849.wav,3.7654068,2.911589,4.4846344,4.2377076,4.0195956,NISQAv2
/data/nhandt23/Dataset/MMSData/13GKsS26F4U/asr_subtitle/wavs_enhanced/13GKsS26F4U_00539.wav,3.6572306,3.2977772,4.467961,4.4383006,4.2631707,NISQAv2
/data/nhandt23/Dataset/MMSData/13GKsS26F4U/asr_subtitle/wavs_enhanced/13GKsS26F4U_04435.wav,3.2862947,2.828106,4.1001115,3.9171827,3.5602548,NISQAv2
/data/nhandt23/Dataset/MMSData/13GKsS26F4U/asr_subtitle/wavs_enhanced/13GKsS26F4U_03996.wav,3.6542025,2.8302498,4.2063713,4.097006,3.33,NISQAv2
/data/nhandt23/Dataset/MMSData/13GKsS26F4U/asr_subtitle/wavs_enhanced/13GKsS26F4U_00598.wav,2.9202578,1.9046751,3.6954584,3.5110781,3.3527668,NISQAv2
/data/nhandt23/Dataset/MMSData/13GKsS26F4U/asr_subtitle/wavs_enhanced/13GKsS26F4U_02168.wav,3.7589378,2.433239,4.3148494,4.3085756,3.95519,NISQAv2
/data/nhandt23/Dataset/MMSData/13GKsS26F4U/asr_subtitle/wavs_enhanced/13GKsS26F4U_02175.wav,3.920292,2.8848732,4.1134324,4.200833,3.8506515,NISQAv2
/data/nhandt23/Dataset/MMSData/13GKsS26F4U/asr_subtitle/wavs_enhanced/13GKsS26F4U_03210.wav,3.1219428,2.765117,4.5445466,4.3970227,4.1310954,NISQAv2
/data/nhandt23/Dataset/MMSData/13GKsS26F4U/asr_subtitle/wavs_enhanced/13GKsS26F4U_03284.wav,3.4765851,2.8613904,4.3184996,4.1705165,3.628609,NISQAv2
/data/nhandt23/Dataset/MMSData/13GKsS26F4U/asr_subtitle/wavs_enhanced/13GKsS26F4U_04929.wav,2.8703754,2.385091,3.5341697,3.5070784,3.7217138,NISQAv2
/data/nhandt23/Dataset/MMSData/13GKsS26F4U/asr_subtitle/wavs_enhanced/13GKsS26F4U_04035.wav,2.8980906,3.1082683,3.635115,3.6076314,3.7735622,NISQAv2
/data/nhandt23/Dataset/MMSData/13GKsS26F4U/asr_subtitle/wavs_enhanced/13GKsS26F4U_00114.wav,2.5978014,2.6124992,4.0954742,4.0757947,4.0330076,NISQAv2
/data/nhandt23/Dataset/MMSData/13GKsS26F4U/asr_subtitle/wavs_enhanced/13GKsS26F4U_03179.wav,3.2209194,3.0306356,3.4341204,3.5864391,3.8258517,NISQAv2
/data/nhandt23/Dataset/MMSData/13GKsS26F4U/asr_subtitle/wavs_enhanced/13GKsS26F4U_03132.wav,3.676236,2.652827,4.5568743,4.0642905,3.8797069,NISQAv2
/data/nhandt23/Dataset/MMSData/13GKsS26F4U/asr_subtitle/wavs_enhanced/13GKsS26F4U_03758.wav,3.692178,2.2957275,4.48622,4.241211,4.0905323,NISQAv2
/data/nhandt23/Dataset/MMSData/13GKsS26F4U/asr_subtitle/wavs_enhanced/13GKsS26F4U_02482.wav,4.0820065,3.2614863,4.5817676,4.3794823,4.110805,NISQAv2
/data/nhandt23/Dataset/MMSData/13GKsS26F4U/asr_subtitle/wavs_enhanced/13GKsS26F4U_01230.wav,4.15674,3.1105778,4.67068,4.3953147,3.5038853,NISQAv2
/data/nhandt23/Dataset/MMSData/13GKsS26F4U/asr_subtitle/wavs_enhanced/13GKsS26F4U_04555.wav,3.823919,2.5777972,4.503619,4.175724,3.790077,NISQAv2
/data/nhandt23/Dataset/MMSData/13GKsS26F4U/asr_subtitle/wavs_enhanced/13GKsS26F4U_00813.wav,3.178694,2.7667415,4.0924425,3.7599335,2.978121,NISQAv2
/data/nhandt23/Dataset/MMSData/13GKsS26F4U/asr_subtitle/wavs_enhanced/13GKsS26F4U_02918.wav,3.4885786,2.554677,3.9748108,3.7217872,3.826314,NISQAv2
/data/nhandt23/Dataset/MMSData/13GKsS26F4U/asr_subtitle/wavs_enhanced/13GKsS26F4U_02632.wav,2.1294308,2.9584758,2.557433,2.9087381,3.1281285,NISQAv2
/data/nhandt23/Dataset/MMSData/13GKsS26F4U/asr_subtitle/wavs_enhanced/13GKsS26F4U_02370.wav,3.7074358,3.5215032,4.2747183,3.9002337,3.7099724,NISQAv2
/data/nhandt23/Dataset/MMSData/13GKsS26F4U/asr_subtitle/wavs_enhanced/13GKsS26F4U_01689.wav,3.2561457,2.586589,3.9207659,3.627782,3.9929483,NISQAv2
/data/nhandt23/Dataset/MMSData/13GKsS26F4U/asr_subtitle/wavs_enhanced/13GKsS26F4U_02519.wav,3.358682,2.822498,4.370597,4.004192,3.8458602,NISQAv2
/data/nhandt23/Dataset/MMSData/13GKsS26F4U/asr_subtitle/wavs_enhanced/13GKsS26F4U_01326.wav,4.283192,3.4546764,4.712524,4.3707995,4.3389697,NISQAv2
/data/nhandt23/Dataset/MMSData/13GKsS26F4U/asr_subtitle/wavs_enhanced/13GKsS26F4U_00958.wav,3.8141177,2.38591,3.6051595,3.899825,3.9566453,NISQAv2
/data/nhandt23/Dataset/MMSData/13GKsS26F4U/asr_subtitle/wavs_enhanced/13GKsS26F4U_00798.wav,3.1354532,2.3731925,4.126684,3.5935855,3.7024658,NISQAv2
/data/nhandt23/Dataset/MMSData/13GKsS26F4U/asr_subtitle/wavs_enhanced/13GKsS26F4U_03743.wav,3.723683,3.169634,4.2398806,3.802312,3.2688966,NISQAv2
/data/nhandt23/Dataset/MMSData/13GKsS26F4U/asr_subtitle/wavs_enhanced/13GKsS26F4U_02505.wav,3.532413,2.898957,4.498537,4.2992463,3.8200586,NISQAv2
/data/nhandt23/Dataset/MMSData/13GKsS26F4U/asr_subtitle/wavs_enhanced/13GKsS26F4U_03009.wav,3.9893951,2.4478188,4.4922943,4.3004127,3.9747243,NISQAv2
/data/nhandt23/Dataset/MMSData/13GKsS26F4U/asr_subtitle/wavs_enhanced/13GKsS26F4U_00619.wav,3.102495,2.6921508,4.2388687,3.818666,3.9507868,NISQAv2
/data/nhandt23/Dataset/MMSData/13GKsS26F4U/asr_subtitle/wavs_enhanced/13GKsS26F4U_00034.wav,3.4535775,2.9022548,3.9677994,3.8777046,3.913424,NISQAv2
/data/nhandt23/Dataset/MMSData/13GKsS26F4U/asr_subtitle/wavs_enhanced/13GKsS26F4U_04434.wav,2.099838,2.4758854,3.615453,3.767318,3.6780024,NISQAv2
/data/nhandt23/Dataset/MMSData/13GKsS26F4U/asr_subtitle/wavs_enhanced/13GKsS26F4U_04640.wav,3.2546642,2.8590844,3.637767,3.652585,3.23615,NISQAv2
/data/nhandt23/Dataset/MMSData/13GKsS26F4U/asr_subtitle/wavs_enhanced/13GKsS26F4U_03695.wav,3.2264693,2.5064142,4.1084485,3.1803768,3.5849893,NISQAv2
/data/nhandt23/Dataset/MMSData/13GKsS26F4U/asr_subtitle/wavs_enhanced/13GKsS26F4U_02714.wav,3.7479,2.8668244,4.412984,4.195446,4.112733,NISQAv2
/data/nhandt23/Dataset/MMSData/13GKsS26F4U/asr_subtitle/wavs_enhanced/13GKsS26F4U_03593.wav,3.0979583,2.8868227,3.855429,3.6525924,3.7044973,NISQAv2
/data/nhandt23/Dataset/MMSData/13GKsS26F4U/asr_subtitle/wavs_enhanced/13GKsS26F4U_04197.wav,2.1116836,2.4149344,3.3117642,3.835006,3.7600257,NISQAv2
/data/nhandt23/Dataset/MMSData/13GKsS26F4U/asr_subtitle/wavs_enhanced/13GKsS26F4U_01145.wav,3.8680365,3.031731,4.1142116,3.7906058,4.055539,NISQAv2
/data/nhandt23/Dataset/MMSData/13GKsS26F4U/asr_subtitle/wavs_enhanced/13GKsS26F4U_03108.wav,2.6682012,2.5805342,3.7477953,3.874261,3.9825585,NISQAv2
/data/nhandt23/Dataset/MMSData/13GKsS26F4U/asr_subtitle/wavs_enhanced/13GKsS26F4U_01356.wav,3.4880989,2.3894594,3.3917482,3.3818917,3.684457,NISQAv2
/data/nhandt23/Dataset/MMSData/13GKsS26F4U/asr_subtitle/wavs_enhanced/13GKsS26F4U_01225.wav,3.662521,2.1866205,4.2891293,3.933446,3.710914,NISQAv2
/data/nhandt23/Dataset/MMSData/13GKsS26F4U/asr_subtitle/wavs_enhanced/13GKsS26F4U_04005.wav,3.0941203,2.53685,3.7471457,3.293769,2.9212987,NISQAv2
/data/nhandt23/Dataset/MMSData/13GKsS26F4U/asr_subtitle/wavs_enhanced/13GKsS26F4U_00294.wav,2.524449,1.9929452,3.8571572,3.2962017,3.1871576,NISQAv2
/data/nhandt23/Dataset/MMSData/13GKsS26F4U/asr_subtitle/wavs_enhanced/13GKsS26F4U_01198.wav,2.7013047,3.1759524,2.557334,3.53074,3.2120705,NISQAv2
/data/nhandt23/Dataset/MMSData/13GKsS26F4U/asr_subtitle/wavs_enhanced/13GKsS26F4U_00701.wav,2.052544,3.8146656,1.796535,3.0422263,3.8232734,NISQAv2
/data/nhandt23/Dataset/MMSData/13GKsS26F4U/asr_subtitle/wavs_enhanced/13GKsS26F4U_03453.wav,2.998262,2.6821387,3.8496373,3.6303263,3.1549308,NISQAv2
/data/nhandt23/Dataset/MMSData/13GKsS26F4U/asr_subtitle/wavs_enhanced/13GKsS26F4U_04381.wav,3.7457438,2.691332,4.20709,3.873298,3.7779558,NISQAv2
/data/nhandt23/Dataset/MMSData/13GKsS26F4U/asr_subtitle/wavs_enhanced/13GKsS26F4U_04365.wav,3.4808052,2.290595,4.226295,4.0333467,3.3228903,NISQAv2
/data/nhandt23/Dataset/MMSData/13GKsS26F4U/asr_subtitle/wavs_enhanced/13GKsS26F4U_04611.wav,2.1425626,2.6622238,3.945125,4.255742,4.149582,NISQAv2
/data/nhandt23/Dataset/MMSData/13GKsS26F4U/asr_subtitle/wavs_enhanced/13GKsS26F4U_01707.wav,3.6932073,2.6534092,4.2483387,4.165536,3.8840256,NISQAv2
/data/nhandt23/Dataset/MMSData/13GKsS26F4U/asr_subtitle/wavs_enhanced/13GKsS26F4U_02752.wav,2.8700154,2.095239,4.317415,3.7666926,3.796264,NISQAv2
/data/nhandt23/Dataset/MMSData/13GKsS26F4U/asr_subtitle/wavs_enhanced/13GKsS26F4U_02783.wav,3.7551358,3.4286559,4.0692854,4.168545,3.9070575,NISQAv2
/data/nhandt23/Dataset/MMSData/13GKsS26F4U/asr_subtitle/wavs_enhanced/13GKsS26F4U_02544.wav,2.961355,2.4715176,3.9606004,3.787253,3.2312295,NISQAv2
/data/nhandt23/Dataset/MMSData/13GKsS26F4U/asr_subtitle/wavs_enhanced/13GKsS26F4U_01629.wav,4.2501473,2.5928538,4.5155845,4.1990314,3.84855,NISQAv2
/data/nhandt23/Dataset/MMSData/13GKsS26F4U/asr_subtitle/wavs_enhanced/13GKsS26F4U_03580.wav,2.5135791,3.0184066,3.774669,3.8746467,4.0922923,NISQAv2
/data/nhandt23/Dataset/MMSData/13GKsS26F4U/asr_subtitle/wavs_enhanced/13GKsS26F4U_00276.wav,2.5014899,3.339568,3.299339,3.3969223,3.2261126,NISQAv2
