file,mos_pred,noi_pred,dis_pred,col_pred,loud_pred,model
/data/nhandt23/Dataset/MMSData/13GKsS26F4U/asr_subtitle/wavs/13GKsS26F4U_04214.wav,4.1093817,2.5647495,4.6144886,4.2926974,4.237157,NISQAv2
/data/nhandt23/Dataset/MMSData/13GKsS26F4U/asr_subtitle/wavs/13GKsS26F4U_01516.wav,4.1291847,2.4323792,4.5871143,4.091288,4.011683,NISQAv2
/data/nhandt23/Dataset/MMSData/13GKsS26F4U/asr_subtitle/wavs/13GKsS26F4U_00369.wav,2.910167,2.7215614,3.3875215,3.7707577,3.8592849,NISQAv2
/data/nhandt23/Dataset/MMSData/13GKsS26F4U/asr_subtitle/wavs/13GKsS26F4U_01788.wav,4.0324125,2.3321655,4.5744286,4.2169795,4.1893773,NISQAv2
/data/nhandt23/Dataset/MMSData/13GKsS26F4U/asr_subtitle/wavs/13GKsS26F4U_01660.wav,3.1685784,2.257572,4.1921988,4.141832,3.8938382,NISQAv2
/data/nhandt23/Dataset/MMSData/13GKsS26F4U/asr_subtitle/wavs/13GKsS26F4U_03338.wav,3.7078972,2.0299234,4.353551,4.1527114,3.7997935,NISQAv2
/data/nhandt23/Dataset/MMSData/13GKsS26F4U/asr_subtitle/wavs/13GKsS26F4U_01391.wav,3.6199644,2.1202035,4.4581423,4.205989,4.246221,NISQAv2
/data/nhandt23/Dataset/MMSData/13GKsS26F4U/asr_subtitle/wavs/13GKsS26F4U_02702.wav,2.8976414,1.8216527,3.970513,4.0628405,3.7761765,NISQAv2
/data/nhandt23/Dataset/MMSData/13GKsS26F4U/asr_subtitle/wavs/13GKsS26F4U_02389.wav,4.0643854,2.3103607,4.6065397,4.304542,4.2369866,NISQAv2
/data/nhandt23/Dataset/MMSData/13GKsS26F4U/asr_subtitle/wavs/13GKsS26F4U_03940.wav,3.7233765,2.7244842,4.266425,4.2836294,3.8466797,NISQAv2
/data/nhandt23/Dataset/MMSData/13GKsS26F4U/asr_subtitle/wavs/13GKsS26F4U_01116.wav,3.2885237,1.9149586,4.4386287,4.2973695,4.2699685,NISQAv2
/data/nhandt23/Dataset/MMSData/13GKsS26F4U/asr_subtitle/wavs/13GKsS26F4U_00050.wav,2.9194875,2.5554373,3.1783216,4.0530806,3.8408034,NISQAv2
/data/nhandt23/Dataset/MMSData/13GKsS26F4U/asr_subtitle/wavs/13GKsS26F4U_03717.wav,3.7161205,2.0631006,4.428852,4.149876,3.7922053,NISQAv2
/data/nhandt23/Dataset/MMSData/13GKsS26F4U/asr_subtitle/wavs/13GKsS26F4U_03384.wav,3.0357869,1.9468313,4.6349835,4.3374314,4.291428,NISQAv2
/data/nhandt23/Dataset/MMSData/13GKsS26F4U/asr_subtitle/wavs/13GKsS26F4U_02608.wav,2.8813565,2.5376341,3.9504657,3.9442227,4.0222025,NISQAv2
/data/nhandt23/Dataset/MMSData/13GKsS26F4U/asr_subtitle/wavs/13GKsS26F4U_04764.wav,3.571338,2.7816296,4.510817,4.062864,4.363895,NISQAv2
/data/nhandt23/Dataset/MMSData/13GKsS26F4U/asr_subtitle/wavs/13GKsS26F4U_04678.wav,4.1674643,2.8334458,4.713464,4.43222,4.407475,NISQAv2
/data/nhandt23/Dataset/MMSData/13GKsS26F4U/asr_subtitle/wavs/13GKsS26F4U_04736.wav,2.677526,2.2966487,2.7811956,3.2067516,3.37935,NISQAv2
/data/nhandt23/Dataset/MMSData/13GKsS26F4U/asr_subtitle/wavs/13GKsS26F4U_01402.wav,3.1300046,2.1346023,4.387184,3.9298646,3.7969673,NISQAv2
/data/nhandt23/Dataset/MMSData/13GKsS26F4U/asr_subtitle/wavs/13GKsS26F4U_00334.wav,3.0374386,2.376961,4.601851,4.1849265,4.263554,NISQAv2
/data/nhandt23/Dataset/MMSData/13GKsS26F4U/asr_subtitle/wavs/13GKsS26F4U_00760.wav,2.7770455,2.567241,3.7991612,3.6634524,3.6607468,NISQAv2
/data/nhandt23/Dataset/MMSData/13GKsS26F4U/asr_subtitle/wavs/13GKsS26F4U_01978.wav,2.8089178,2.3991134,4.168743,3.6924815,2.9665098,NISQAv2
/data/nhandt23/Dataset/MMSData/13GKsS26F4U/asr_subtitle/wavs/13GKsS26F4U_05105.wav,3.8300385,2.144196,4.4189014,4.2791743,4.075675,NISQAv2
/data/nhandt23/Dataset/MMSData/13GKsS26F4U/asr_subtitle/wavs/13GKsS26F4U_04205.wav,2.8947084,2.0725908,4.121227,4.0171065,3.8600695,NISQAv2
/data/nhandt23/Dataset/MMSData/13GKsS26F4U/asr_subtitle/wavs/13GKsS26F4U_02754.wav,3.7796805,2.1965294,4.541566,4.3143,4.3182397,NISQAv2
/data/nhandt23/Dataset/MMSData/13GKsS26F4U/asr_subtitle/wavs/13GKsS26F4U_02191.wav,3.2333887,2.5511575,2.8033898,3.7777143,3.5987396,NISQAv2
/data/nhandt23/Dataset/MMSData/13GKsS26F4U/asr_subtitle/wavs/13GKsS26F4U_02250.wav,2.736431,2.335316,3.6336153,3.4986095,3.6778977,NISQAv2
/data/nhandt23/Dataset/MMSData/13GKsS26F4U/asr_subtitle/wavs/13GKsS26F4U_01140.wav,3.9093914,2.8139203,4.4570494,4.2573066,4.2200503,NISQAv2
/data/nhandt23/Dataset/MMSData/13GKsS26F4U/asr_subtitle/wavs/13GKsS26F4U_01770.wav,4.034528,2.5487807,4.441209,4.210705,3.952629,NISQAv2
/data/nhandt23/Dataset/MMSData/13GKsS26F4U/asr_subtitle/wavs/13GKsS26F4U_02521.wav,3.1783564,2.4031456,4.2206216,3.8838816,3.504888,NISQAv2
/data/nhandt23/Dataset/MMSData/13GKsS26F4U/asr_subtitle/wavs/13GKsS26F4U_04475.wav,4.423973,2.0392368,4.860642,4.5632243,4.580603,NISQAv2
/data/nhandt23/Dataset/MMSData/13GKsS26F4U/asr_subtitle/wavs/13GKsS26F4U_03482.wav,3.1304252,2.3718586,4.045034,4.184982,3.821376,NISQAv2
/data/nhandt23/Dataset/MMSData/13GKsS26F4U/asr_subtitle/wavs/13GKsS26F4U_00169.wav,3.8017924,2.7959218,4.351145,3.9854774,3.8001678,NISQAv2
/data/nhandt23/Dataset/MMSData/13GKsS26F4U/asr_subtitle/wavs/13GKsS26F4U_04482.wav,3.2756743,3.0252612,3.6765964,4.21283,4.232282,NISQAv2
/data/nhandt23/Dataset/MMSData/13GKsS26F4U/asr_subtitle/wavs/13GKsS26F4U_02431.wav,2.7085946,2.599795,3.7518883,3.49678,3.4657001,NISQAv2
/data/nhandt23/Dataset/MMSData/13GKsS26F4U/asr_subtitle/wavs/13GKsS26F4U_02952.wav,2.8341534,2.1003656,4.017296,3.9115145,3.573535,NISQAv2
/data/nhandt23/Dataset/MMSData/13GKsS26F4U/asr_subtitle/wavs/13GKsS26F4U_00029.wav,3.069111,2.1481462,4.501848,4.2267833,4.0487456,NISQAv2
/data/nhandt23/Dataset/MMSData/13GKsS26F4U/asr_subtitle/wavs/13GKsS26F4U_03260.wav,2.3539264,2.5382085,3.6931791,3.2102978,3.2656016,NISQAv2
/data/nhandt23/Dataset/MMSData/13GKsS26F4U/asr_subtitle/wavs/13GKsS26F4U_03650.wav,1.989264,2.3039458,3.338577,3.1544964,4.1315336,NISQAv2
/data/nhandt23/Dataset/MMSData/13GKsS26F4U/asr_subtitle/wavs/13GKsS26F4U_02836.wav,4.1407986,2.3116033,4.386239,4.1955314,4.221795,NISQAv2
/data/nhandt23/Dataset/MMSData/13GKsS26F4U/asr_subtitle/wavs/13GKsS26F4U_03639.wav,3.4184082,2.629451,4.6015587,4.2850385,3.9453042,NISQAv2
/data/nhandt23/Dataset/MMSData/13GKsS26F4U/asr_subtitle/wavs/13GKsS26F4U_00835.wav,2.8248413,2.4983351,4.105152,4.0313663,4.0510325,NISQAv2
/data/nhandt23/Dataset/MMSData/13GKsS26F4U/asr_subtitle/wavs/13GKsS26F4U_01529.wav,2.7328293,2.2131736,4.041278,4.0858393,3.9374685,NISQAv2
/data/nhandt23/Dataset/MMSData/13GKsS26F4U/asr_subtitle/wavs/13GKsS26F4U_01812.wav,3.079964,2.200915,4.2543087,3.891731,3.6639688,NISQAv2
/data/nhandt23/Dataset/MMSData/13GKsS26F4U/asr_subtitle/wavs/13GKsS26F4U_01301.wav,4.467023,2.1701093,4.7207627,4.3284526,4.311917,NISQAv2
/data/nhandt23/Dataset/MMSData/13GKsS26F4U/asr_subtitle/wavs/13GKsS26F4U_02798.wav,2.5979536,2.2290816,3.8689096,3.5069273,3.270212,NISQAv2
/data/nhandt23/Dataset/MMSData/13GKsS26F4U/asr_subtitle/wavs/13GKsS26F4U_02757.wav,3.5182748,2.3381958,4.1537294,4.1007934,3.855563,NISQAv2
/data/nhandt23/Dataset/MMSData/13GKsS26F4U/asr_subtitle/wavs/13GKsS26F4U_04335.wav,3.3798485,2.4295592,4.0321493,3.9164455,3.8697374,NISQAv2
/data/nhandt23/Dataset/MMSData/13GKsS26F4U/asr_subtitle/wavs/13GKsS26F4U_01555.wav,3.206032,2.1993046,4.221489,3.8204472,3.458026,NISQAv2
/data/nhandt23/Dataset/MMSData/13GKsS26F4U/asr_subtitle/wavs/13GKsS26F4U_04550.wav,3.2984507,2.1872685,4.4712644,4.2059627,4.0526,NISQAv2
/data/nhandt23/Dataset/MMSData/13GKsS26F4U/asr_subtitle/wavs/13GKsS26F4U_03466.wav,3.7028885,2.4246128,4.456069,4.133019,4.215538,NISQAv2
/data/nhandt23/Dataset/MMSData/13GKsS26F4U/asr_subtitle/wavs/13GKsS26F4U_04452.wav,3.308983,2.5031478,4.558754,4.2357364,3.8054051,NISQAv2
/data/nhandt23/Dataset/MMSData/13GKsS26F4U/asr_subtitle/wavs/13GKsS26F4U_00202.wav,2.6149716,2.2019274,4.2497,3.421537,3.8072038,NISQAv2
/data/nhandt23/Dataset/MMSData/13GKsS26F4U/asr_subtitle/wavs/13GKsS26F4U_01760.wav,3.1439097,2.4185107,4.038387,4.1396027,3.9465642,NISQAv2
/data/nhandt23/Dataset/MMSData/13GKsS26F4U/asr_subtitle/wavs/13GKsS26F4U_03994.wav,2.7760484,2.8582916,3.6524208,3.956629,3.8547447,NISQAv2
/data/nhandt23/Dataset/MMSData/13GKsS26F4U/asr_subtitle/wavs/13GKsS26F4U_01543.wav,2.7373846,2.606616,3.830103,3.7959812,3.7476544,NISQAv2
/data/nhandt23/Dataset/MMSData/13GKsS26F4U/asr_subtitle/wavs/13GKsS26F4U_01449.wav,2.9389997,2.6225846,3.8739421,3.6560338,3.7771523,NISQAv2
/data/nhandt23/Dataset/MMSData/13GKsS26F4U/asr_subtitle/wavs/13GKsS26F4U_03514.wav,2.7373707,2.4045587,3.8527033,3.644203,3.3385103,NISQAv2
/data/nhandt23/Dataset/MMSData/13GKsS26F4U/asr_subtitle/wavs/13GKsS26F4U_04841.wav,3.4019134,1.9570023,4.2531757,3.8320026,3.5279577,NISQAv2
/data/nhandt23/Dataset/MMSData/13GKsS26F4U/asr_subtitle/wavs/13GKsS26F4U_00445.wav,2.3301053,2.348191,2.788306,3.6098444,3.5111837,NISQAv2
/data/nhandt23/Dataset/MMSData/13GKsS26F4U/asr_subtitle/wavs/13GKsS26F4U_02381.wav,3.236294,2.8007317,4.468123,4.0946646,4.0406475,NISQAv2
/data/nhandt23/Dataset/MMSData/13GKsS26F4U/asr_subtitle/wavs/13GKsS26F4U_03510.wav,2.5728903,1.9336547,4.0289917,3.8538985,3.8432043,NISQAv2
/data/nhandt23/Dataset/MMSData/13GKsS26F4U/asr_subtitle/wavs/13GKsS26F4U_00204.wav,3.5228946,2.501724,4.39741,4.009155,4.1968746,NISQAv2
/data/nhandt23/Dataset/MMSData/13GKsS26F4U/asr_subtitle/wavs/13GKsS26F4U_00146.wav,4.1271677,2.9694436,4.408407,4.103394,4.21523,NISQAv2
/data/nhandt23/Dataset/MMSData/13GKsS26F4U/asr_subtitle/wavs/13GKsS26F4U_02550.wav,3.2162566,2.2210572,4.3774405,4.180618,3.4833808,NISQAv2
/data/nhandt23/Dataset/MMSData/13GKsS26F4U/asr_subtitle/wavs/13GKsS26F4U_00823.wav,2.881368,2.796078,3.9745235,3.7504883,3.6064138,NISQAv2
/data/nhandt23/Dataset/MMSData/13GKsS26F4U/asr_subtitle/wavs/13GKsS26F4U_01367.wav,2.9979112,3.090307,4.04628,3.6895835,3.9439209,NISQAv2
/data/nhandt23/Dataset/MMSData/13GKsS26F4U/asr_subtitle/wavs/13GKsS26F4U_01658.wav,2.8937635,2.0021803,4.0943503,3.8995826,3.3365335,NISQAv2
/data/nhandt23/Dataset/MMSData/13GKsS26F4U/asr_subtitle/wavs/13GKsS26F4U_01989.wav,2.2567163,2.1050541,3.0564435,3.073973,3.273183,NISQAv2
/data/nhandt23/Dataset/MMSData/13GKsS26F4U/asr_subtitle/wavs/13GKsS26F4U_00105.wav,2.5813327,2.6641002,3.7119253,3.8386607,3.4832363,NISQAv2
/data/nhandt23/Dataset/MMSData/13GKsS26F4U/asr_subtitle/wavs/13GKsS26F4U_01720.wav,3.1812193,2.5357122,3.7825892,3.8308632,3.0450149,NISQAv2
/data/nhandt23/Dataset/MMSData/13GKsS26F4U/asr_subtitle/wavs/13GKsS26F4U_03899.wav,3.4114754,2.359508,4.3426094,4.142201,3.8426435,NISQAv2
/data/nhandt23/Dataset/MMSData/13GKsS26F4U/asr_subtitle/wavs/13GKsS26F4U_00914.wav,3.5649407,2.9630525,4.246623,4.01739,3.9401288,NISQAv2
/data/nhandt23/Dataset/MMSData/13GKsS26F4U/asr_subtitle/wavs/13GKsS26F4U_01054.wav,2.4679754,2.2628362,3.683077,3.8123832,3.6803968,NISQAv2
/data/nhandt23/Dataset/MMSData/13GKsS26F4U/asr_subtitle/wavs/13GKsS26F4U_00082.wav,3.6470068,3.0717769,4.446533,3.9894662,4.101795,NISQAv2
/data/nhandt23/Dataset/MMSData/13GKsS26F4U/asr_subtitle/wavs/13GKsS26F4U_00027.wav,3.1703982,2.412615,3.5987494,4.293522,3.9700456,NISQAv2
/data/nhandt23/Dataset/MMSData/13GKsS26F4U/asr_subtitle/wavs/13GKsS26F4U_03211.wav,2.624227,2.78528,4.169842,4.0125513,3.7392118,NISQAv2
/data/nhandt23/Dataset/MMSData/13GKsS26F4U/asr_subtitle/wavs/13GKsS26F4U_00392.wav,3.0783827,2.452939,4.501702,4.204513,3.9921248,NISQAv2
/data/nhandt23/Dataset/MMSData/13GKsS26F4U/asr_subtitle/wavs/13GKsS26F4U_02916.wav,3.2575057,2.7184443,4.3078814,4.063648,3.8034513,NISQAv2
/data/nhandt23/Dataset/MMSData/13GKsS26F4U/asr_subtitle/wavs/13GKsS26F4U_03010.wav,3.2042625,2.7199924,3.9313247,3.9771671,3.4751296,NISQAv2
/data/nhandt23/Dataset/MMSData/13GKsS26F4U/asr_subtitle/wavs/13GKsS26F4U_03393.wav,3.9995587,1.9982519,4.6335545,4.29193,4.278643,NISQAv2
/data/nhandt23/Dataset/MMSData/13GKsS26F4U/asr_subtitle/wavs/13GKsS26F4U_00252.wav,3.2032716,2.2227798,4.544435,4.1631436,3.5199106,NISQAv2
/data/nhandt23/Dataset/MMSData/13GKsS26F4U/asr_subtitle/wavs/13GKsS26F4U_04646.wav,2.4247491,1.9864821,2.8744771,3.2194488,3.1451325,NISQAv2
/data/nhandt23/Dataset/MMSData/13GKsS26F4U/asr_subtitle/wavs/13GKsS26F4U_03060.wav,2.7746656,1.968698,4.146188,3.7526665,2.9437337,NISQAv2
/data/nhandt23/Dataset/MMSData/13GKsS26F4U/asr_subtitle/wavs/13GKsS26F4U_01906.wav,3.358509,2.6560361,4.096063,3.9661415,3.7710464,NISQAv2
/data/nhandt23/Dataset/MMSData/13GKsS26F4U/asr_subtitle/wavs/13GKsS26F4U_04136.wav,2.2864559,2.6145127,3.8995779,3.768294,3.791325,NISQAv2
/data/nhandt23/Dataset/MMSData/13GKsS26F4U/asr_subtitle/wavs/13GKsS26F4U_02530.wav,4.0633674,2.4206927,4.56422,4.148219,4.168544,NISQAv2
/data/nhandt23/Dataset/MMSData/13GKsS26F4U/asr_subtitle/wavs/13GKsS26F4U_03946.wav,3.6495368,2.404733,4.451233,4.179785,4.329079,NISQAv2
/data/nhandt23/Dataset/MMSData/13GKsS26F4U/asr_subtitle/wavs/13GKsS26F4U_04155.wav,2.9158938,2.2741756,3.673487,3.5816448,3.592237,NISQAv2
/data/nhandt23/Dataset/MMSData/13GKsS26F4U/asr_subtitle/wavs/13GKsS26F4U_01421.wav,2.7798855,2.3094645,3.8338387,3.6025927,3.189092,NISQAv2
/data/nhandt23/Dataset/MMSData/13GKsS26F4U/asr_subtitle/wavs/13GKsS26F4U_04046.wav,3.2286005,2.4590862,4.119914,3.3873885,4.4075603,NISQAv2
/data/nhandt23/Dataset/MMSData/13GKsS26F4U/asr_subtitle/wavs/13GKsS26F4U_00628.wav,3.0092232,2.3887806,4.3733397,4.1103916,3.8867183,NISQAv2
/data/nhandt23/Dataset/MMSData/13GKsS26F4U/asr_subtitle/wavs/13GKsS26F4U_02461.wav,3.1231124,2.1754446,4.133543,3.8595884,4.251,NISQAv2
/data/nhandt23/Dataset/MMSData/13GKsS26F4U/asr_subtitle/wavs/13GKsS26F4U_01143.wav,4.115864,2.5561593,4.8074846,4.4634657,4.223676,NISQAv2
/data/nhandt23/Dataset/MMSData/13GKsS26F4U/asr_subtitle/wavs/13GKsS26F4U_00193.wav,2.3120096,1.8919938,3.6828346,3.6922152,3.426912,NISQAv2
/data/nhandt23/Dataset/MMSData/13GKsS26F4U/asr_subtitle/wavs/13GKsS26F4U_01680.wav,4.001009,2.6618483,4.5523787,4.2437396,4.296863,NISQAv2
/data/nhandt23/Dataset/MMSData/13GKsS26F4U/asr_subtitle/wavs/13GKsS26F4U_04775.wav,3.4800887,2.5806844,4.3733325,4.235641,4.2298656,NISQAv2
/data/nhandt23/Dataset/MMSData/13GKsS26F4U/asr_subtitle/wavs/13GKsS26F4U_04853.wav,3.144633,2.410362,3.962977,4.026333,3.8861082,NISQAv2
/data/nhandt23/Dataset/MMSData/13GKsS26F4U/asr_subtitle/wavs/13GKsS26F4U_00985.wav,3.1627846,2.2920716,4.204784,3.8884594,3.4418013,NISQAv2
/data/nhandt23/Dataset/MMSData/13GKsS26F4U/asr_subtitle/wavs/13GKsS26F4U_01303.wav,3.3213942,2.4314733,4.401125,4.1280084,3.9684036,NISQAv2
/data/nhandt23/Dataset/MMSData/13GKsS26F4U/asr_subtitle/wavs/13GKsS26F4U_02915.wav,2.1056447,2.337721,3.545703,3.9804401,4.0542006,NISQAv2
/data/nhandt23/Dataset/MMSData/13GKsS26F4U/asr_subtitle/wavs/13GKsS26F4U_04423.wav,3.878839,2.3432162,4.563373,4.385016,4.130383,NISQAv2
/data/nhandt23/Dataset/MMSData/13GKsS26F4U/asr_subtitle/wavs/13GKsS26F4U_03245.wav,3.651015,2.601976,4.5809383,4.2591867,3.880386,NISQAv2
/data/nhandt23/Dataset/MMSData/13GKsS26F4U/asr_subtitle/wavs/13GKsS26F4U_01662.wav,3.2743886,2.6699612,4.3410616,4.1210456,3.8799837,NISQAv2
/data/nhandt23/Dataset/MMSData/13GKsS26F4U/asr_subtitle/wavs/13GKsS26F4U_02143.wav,3.2076335,2.3376482,4.2950935,4.1677084,3.8708804,NISQAv2
/data/nhandt23/Dataset/MMSData/13GKsS26F4U/asr_subtitle/wavs/13GKsS26F4U_03746.wav,3.4749773,2.3943539,4.412903,3.9204185,3.790764,NISQAv2
/data/nhandt23/Dataset/MMSData/13GKsS26F4U/asr_subtitle/wavs/13GKsS26F4U_01064.wav,3.8706324,2.3389661,4.453006,4.292534,4.0780425,NISQAv2
/data/nhandt23/Dataset/MMSData/13GKsS26F4U/asr_subtitle/wavs/13GKsS26F4U_00333.wav,2.903045,2.2527878,4.3873844,4.1580043,3.9173942,NISQAv2
/data/nhandt23/Dataset/MMSData/13GKsS26F4U/asr_subtitle/wavs/13GKsS26F4U_02255.wav,3.4260557,2.2512648,4.0888796,3.6838524,3.1174376,NISQAv2
/data/nhandt23/Dataset/MMSData/13GKsS26F4U/asr_subtitle/wavs/13GKsS26F4U_03627.wav,3.2779791,2.5649548,4.084731,3.9091432,4.0327663,NISQAv2
/data/nhandt23/Dataset/MMSData/13GKsS26F4U/asr_subtitle/wavs/13GKsS26F4U_00700.wav,2.8212252,2.614268,2.767807,3.6907742,3.6228566,NISQAv2
/data/nhandt23/Dataset/MMSData/13GKsS26F4U/asr_subtitle/wavs/13GKsS26F4U_03138.wav,4.103201,2.6043112,4.5601244,4.0853395,4.3755136,NISQAv2
/data/nhandt23/Dataset/MMSData/13GKsS26F4U/asr_subtitle/wavs/13GKsS26F4U_02033.wav,3.604818,2.4211702,3.7877102,3.9824355,3.1699944,NISQAv2
/data/nhandt23/Dataset/MMSData/13GKsS26F4U/asr_subtitle/wavs/13GKsS26F4U_03095.wav,3.7903044,2.698351,4.527595,4.133514,4.14673,NISQAv2
/data/nhandt23/Dataset/MMSData/13GKsS26F4U/asr_subtitle/wavs/13GKsS26F4U_01468.wav,3.0398142,2.611984,4.242523,4.15751,4.0553265,NISQAv2
/data/nhandt23/Dataset/MMSData/13GKsS26F4U/asr_subtitle/wavs/13GKsS26F4U_02755.wav,3.4727585,2.479473,4.5228205,4.192521,4.1290216,NISQAv2
/data/nhandt23/Dataset/MMSData/13GKsS26F4U/asr_subtitle/wavs/13GKsS26F4U_02847.wav,4.287071,1.962374,4.6019125,4.2375264,4.3013268,NISQAv2
/data/nhandt23/Dataset/MMSData/13GKsS26F4U/asr_subtitle/wavs/13GKsS26F4U_00065.wav,2.6588178,2.6885777,3.9791155,3.8956244,3.9868534,NISQAv2
/data/nhandt23/Dataset/MMSData/13GKsS26F4U/asr_subtitle/wavs/13GKsS26F4U_04497.wav,2.9255064,2.716647,4.110251,3.8030365,3.2132165,NISQAv2
/data/nhandt23/Dataset/MMSData/13GKsS26F4U/asr_subtitle/wavs/13GKsS26F4U_04034.wav,3.537926,2.667319,4.1900787,4.032944,3.3006546,NISQAv2
/data/nhandt23/Dataset/MMSData/13GKsS26F4U/asr_subtitle/wavs/13GKsS26F4U_04991.wav,3.190684,2.9560676,4.5524187,3.9789069,4.0905724,NISQAv2
/data/nhandt23/Dataset/MMSData/13GKsS26F4U/asr_subtitle/wavs/13GKsS26F4U_04392.wav,3.448785,1.7412684,4.500718,4.0496173,3.6884236,NISQAv2
/data/nhandt23/Dataset/MMSData/13GKsS26F4U/asr_subtitle/wavs/13GKsS26F4U_02498.wav,3.3755028,2.7193797,3.2682645,3.358672,3.8348107,NISQAv2
/data/nhandt23/Dataset/MMSData/13GKsS26F4U/asr_subtitle/wavs/13GKsS26F4U_01869.wav,2.2023866,1.7575616,3.9721642,3.4911637,3.0067778,NISQAv2
/data/nhandt23/Dataset/MMSData/13GKsS26F4U/asr_subtitle/wavs/13GKsS26F4U_00487.wav,3.8717082,2.196674,4.4442058,4.139175,4.165504,NISQAv2
/data/nhandt23/Dataset/MMSData/13GKsS26F4U/asr_subtitle/wavs/13GKsS26F4U_01766.wav,3.629399,2.4574986,4.391678,4.114674,3.783381,NISQAv2
/data/nhandt23/Dataset/MMSData/13GKsS26F4U/asr_subtitle/wavs/13GKsS26F4U_02466.wav,4.1290097,3.0242631,4.5240293,4.2508674,4.29339,NISQAv2
/data/nhandt23/Dataset/MMSData/13GKsS26F4U/asr_subtitle/wavs/13GKsS26F4U_04488.wav,3.8763454,2.6861155,4.6566267,4.2712197,3.7424474,NISQAv2
/data/nhandt23/Dataset/MMSData/13GKsS26F4U/asr_subtitle/wavs/13GKsS26F4U_02008.wav,3.5496378,2.2573137,4.154651,3.5834358,4.013675,NISQAv2
/data/nhandt23/Dataset/MMSData/13GKsS26F4U/asr_subtitle/wavs/13GKsS26F4U_00954.wav,3.0082116,2.5598235,4.1777167,3.7947717,3.4293213,NISQAv2
/data/nhandt23/Dataset/MMSData/13GKsS26F4U/asr_subtitle/wavs/13GKsS26F4U_00411.wav,3.5497997,2.782895,4.2037926,4.087969,4.02974,NISQAv2
/data/nhandt23/Dataset/MMSData/13GKsS26F4U/asr_subtitle/wavs/13GKsS26F4U_03825.wav,3.0497205,2.8518243,3.7948651,3.9499693,4.1045575,NISQAv2
/data/nhandt23/Dataset/MMSData/13GKsS26F4U/asr_subtitle/wavs/13GKsS26F4U_01733.wav,2.8742492,2.152949,4.275178,3.8447125,3.26351,NISQAv2
/data/nhandt23/Dataset/MMSData/13GKsS26F4U/asr_subtitle/wavs/13GKsS26F4U_03502.wav,3.3841388,1.9061502,4.452998,3.9901633,3.7666652,NISQAv2
/data/nhandt23/Dataset/MMSData/13GKsS26F4U/asr_subtitle/wavs/13GKsS26F4U_00251.wav,3.8615282,2.7594655,4.486306,4.20179,3.958284,NISQAv2
/data/nhandt23/Dataset/MMSData/13GKsS26F4U/asr_subtitle/wavs/13GKsS26F4U_00616.wav,3.0434387,2.0840108,4.0775414,3.8633916,3.5008302,NISQAv2
/data/nhandt23/Dataset/MMSData/13GKsS26F4U/asr_subtitle/wavs/13GKsS26F4U_03917.wav,3.310561,2.2772248,4.2927647,4.168077,4.0538363,NISQAv2
/data/nhandt23/Dataset/MMSData/13GKsS26F4U/asr_subtitle/wavs/13GKsS26F4U_02430.wav,3.734566,2.6350105,4.1044865,4.0132246,4.0609474,NISQAv2
/data/nhandt23/Dataset/MMSData/13GKsS26F4U/asr_subtitle/wavs/13GKsS26F4U_02821.wav,3.2727268,2.392071,4.4558015,4.0896106,3.9781115,NISQAv2
/data/nhandt23/Dataset/MMSData/13GKsS26F4U/asr_subtitle/wavs/13GKsS26F4U_01052.wav,3.4083722,2.3706896,4.11902,3.8876417,3.9815361,NISQAv2
/data/nhandt23/Dataset/MMSData/13GKsS26F4U/asr_subtitle/wavs/13GKsS26F4U_04771.wav,3.2907293,2.7864807,3.9313388,3.8426774,3.3443449,NISQAv2
/data/nhandt23/Dataset/MMSData/13GKsS26F4U/asr_subtitle/wavs/13GKsS26F4U_04192.wav,3.6122649,2.9244807,4.1735477,4.0298615,4.0947757,NISQAv2
/data/nhandt23/Dataset/MMSData/13GKsS26F4U/asr_subtitle/wavs/13GKsS26F4U_01382.wav,3.6421318,2.1234884,4.2007484,3.5432806,3.806635,NISQAv2
/data/nhandt23/Dataset/MMSData/13GKsS26F4U/asr_subtitle/wavs/13GKsS26F4U_03047.wav,3.5141075,2.516053,4.3047495,4.086347,3.295328,NISQAv2
/data/nhandt23/Dataset/MMSData/13GKsS26F4U/asr_subtitle/wavs/13GKsS26F4U_03714.wav,4.027026,2.8192863,4.3362684,4.122288,4.2273855,NISQAv2
/data/nhandt23/Dataset/MMSData/13GKsS26F4U/asr_subtitle/wavs/13GKsS26F4U_03239.wav,3.1592863,2.5148418,4.773019,4.376789,4.3855357,NISQAv2
/data/nhandt23/Dataset/MMSData/13GKsS26F4U/asr_subtitle/wavs/13GKsS26F4U_04502.wav,2.2772954,2.7546186,3.5234032,3.7964747,3.1992583,NISQAv2
/data/nhandt23/Dataset/MMSData/13GKsS26F4U/asr_subtitle/wavs/13GKsS26F4U_01844.wav,3.3990514,2.496312,3.6435452,3.8590243,4.01589,NISQAv2
/data/nhandt23/Dataset/MMSData/13GKsS26F4U/asr_subtitle/wavs/13GKsS26F4U_03078.wav,3.9676588,2.3661048,4.6005135,4.196682,4.15462,NISQAv2
/data/nhandt23/Dataset/MMSData/13GKsS26F4U/asr_subtitle/wavs/13GKsS26F4U_01731.wav,3.802113,2.4060154,4.3646784,4.0091863,4.2417774,NISQAv2
/data/nhandt23/Dataset/MMSData/13GKsS26F4U/asr_subtitle/wavs/13GKsS26F4U_02745.wav,3.1735857,2.2657702,3.5937479,3.527282,3.9107618,NISQAv2
/data/nhandt23/Dataset/MMSData/13GKsS26F4U/asr_subtitle/wavs/13GKsS26F4U_00269.wav,2.741972,2.2932665,3.8615587,3.6222813,3.7871482,NISQAv2
/data/nhandt23/Dataset/MMSData/13GKsS26F4U/asr_subtitle/wavs/13GKsS26F4U_00090.wav,2.979595,1.7352718,4.3480735,3.7595766,3.23759,NISQAv2
/data/nhandt23/Dataset/MMSData/13GKsS26F4U/asr_subtitle/wavs/13GKsS26F4U_02301.wav,2.8667233,2.1543381,4.3082,4.0405774,3.328428,NISQAv2
/data/nhandt23/Dataset/MMSData/13GKsS26F4U/asr_subtitle/wavs/13GKsS26F4U_04531.wav,4.341978,2.649717,4.6410093,4.4739604,4.4567933,NISQAv2
/data/nhandt23/Dataset/MMSData/13GKsS26F4U/asr_subtitle/wavs/13GKsS26F4U_03377.wav,2.5503385,1.7708694,2.567619,3.2113898,3.4838164,NISQAv2
/data/nhandt23/Dataset/MMSData/13GKsS26F4U/asr_subtitle/wavs/13GKsS26F4U_00593.wav,2.5231164,2.0182815,3.7452414,3.7935276,3.5575712,NISQAv2
/data/nhandt23/Dataset/MMSData/13GKsS26F4U/asr_subtitle/wavs/13GKsS26F4U_03907.wav,3.6224082,2.4011972,4.3664365,4.101329,4.143904,NISQAv2
/data/nhandt23/Dataset/MMSData/13GKsS26F4U/asr_subtitle/wavs/13GKsS26F4U_01670.wav,3.272703,1.9622093,4.020092,3.762595,3.3671272,NISQAv2
/data/nhandt23/Dataset/MMSData/13GKsS26F4U/asr_subtitle/wavs/13GKsS26F4U_02019.wav,3.7195632,2.6904323,4.1484795,4.0564303,3.7074804,NISQAv2
/data/nhandt23/Dataset/MMSData/13GKsS26F4U/asr_subtitle/wavs/13GKsS26F4U_01725.wav,3.5541627,2.4078915,4.491812,4.161155,3.6346495,NISQAv2
/data/nhandt23/Dataset/MMSData/13GKsS26F4U/asr_subtitle/wavs/13GKsS26F4U_00218.wav,4.208279,2.890176,4.6826725,4.3775887,4.419119,NISQAv2
/data/nhandt23/Dataset/MMSData/13GKsS26F4U/asr_subtitle/wavs/13GKsS26F4U_05053.wav,2.9058611,2.7818234,3.183891,3.8016436,4.02409,NISQAv2
/data/nhandt23/Dataset/MMSData/13GKsS26F4U/asr_subtitle/wavs/13GKsS26F4U_02649.wav,2.8011422,1.9753029,4.335885,3.8887959,4.04959,NISQAv2
/data/nhandt23/Dataset/MMSData/13GKsS26F4U/asr_subtitle/wavs/13GKsS26F4U_02728.wav,3.5480938,2.817119,4.4820023,4.144571,4.0231266,NISQAv2
/data/nhandt23/Dataset/MMSData/13GKsS26F4U/asr_subtitle/wavs/13GKsS26F4U_00018.wav,2.9003482,2.6069536,4.1338916,3.96157,3.8367896,NISQAv2
/data/nhandt23/Dataset/MMSData/13GKsS26F4U/asr_subtitle/wavs/13GKsS26F4U_03360.wav,2.7189002,2.0671258,4.170455,3.8777378,3.0130746,NISQAv2
/data/nhandt23/Dataset/MMSData/13GKsS26F4U/asr_subtitle/wavs/13GKsS26F4U_01607.wav,2.806485,2.0613966,3.488163,3.7174113,3.8528888,NISQAv2
/data/nhandt23/Dataset/MMSData/13GKsS26F4U/asr_subtitle/wavs/13GKsS26F4U_04382.wav,2.8765275,2.3522499,4.02919,3.7677438,3.8052247,NISQAv2
/data/nhandt23/Dataset/MMSData/13GKsS26F4U/asr_subtitle/wavs/13GKsS26F4U_00310.wav,2.7880328,2.3670208,3.3674219,3.8803947,3.1931036,NISQAv2
/data/nhandt23/Dataset/MMSData/13GKsS26F4U/asr_subtitle/wavs/13GKsS26F4U_03812.wav,3.900079,2.0459552,4.379467,4.1013007,3.9958866,NISQAv2
/data/nhandt23/Dataset/MMSData/13GKsS26F4U/asr_subtitle/wavs/13GKsS26F4U_00372.wav,3.5311887,2.5825546,4.3994894,4.2534833,3.9289622,NISQAv2
/data/nhandt23/Dataset/MMSData/13GKsS26F4U/asr_subtitle/wavs/13GKsS26F4U_01864.wav,3.1695623,2.6413846,4.2025313,4.0868497,3.864827,NISQAv2
/data/nhandt23/Dataset/MMSData/13GKsS26F4U/asr_subtitle/wavs/13GKsS26F4U_00651.wav,3.4753494,2.3561394,4.463853,4.3055363,3.7328186,NISQAv2
/data/nhandt23/Dataset/MMSData/13GKsS26F4U/asr_subtitle/wavs/13GKsS26F4U_02354.wav,3.8214996,2.1137195,4.4735327,4.1114078,3.9139385,NISQAv2
/data/nhandt23/Dataset/MMSData/13GKsS26F4U/asr_subtitle/wavs/13GKsS26F4U_02228.wav,3.8216107,2.3627894,4.5860977,4.20521,3.9563656,NISQAv2
/data/nhandt23/Dataset/MMSData/13GKsS26F4U/asr_subtitle/wavs/13GKsS26F4U_02082.wav,3.2787893,2.6237311,4.3042955,4.1446953,4.2328353,NISQAv2
/data/nhandt23/Dataset/MMSData/13GKsS26F4U/asr_subtitle/wavs/13GKsS26F4U_00864.wav,3.877632,2.2529356,4.2754927,3.986496,3.8131092,NISQAv2
/data/nhandt23/Dataset/MMSData/13GKsS26F4U/asr_subtitle/wavs/13GKsS26F4U_02395.wav,3.4261754,2.2833488,4.4754295,4.08446,3.9232397,NISQAv2
/data/nhandt23/Dataset/MMSData/13GKsS26F4U/asr_subtitle/wavs/13GKsS26F4U_00248.wav,2.4432383,2.2253735,2.3574312,2.9852612,3.4894917,NISQAv2
/data/nhandt23/Dataset/MMSData/13GKsS26F4U/asr_subtitle/wavs/13GKsS26F4U_03536.wav,3.96114,2.4083788,4.6228456,4.3222723,4.18366,NISQAv2
/data/nhandt23/Dataset/MMSData/13GKsS26F4U/asr_subtitle/wavs/13GKsS26F4U_03649.wav,3.4072526,2.7487485,4.4466906,4.189282,4.001146,NISQAv2
/data/nhandt23/Dataset/MMSData/13GKsS26F4U/asr_subtitle/wavs/13GKsS26F4U_02885.wav,3.7078507,2.2606895,4.4181337,3.9766514,4.2923317,NISQAv2
/data/nhandt23/Dataset/MMSData/13GKsS26F4U/asr_subtitle/wavs/13GKsS26F4U_03859.wav,4.3438387,2.2590406,4.591161,4.4829154,4.384835,NISQAv2
/data/nhandt23/Dataset/MMSData/13GKsS26F4U/asr_subtitle/wavs/13GKsS26F4U_04962.wav,3.4458292,2.7853959,4.5454245,4.098189,3.6925225,NISQAv2
/data/nhandt23/Dataset/MMSData/13GKsS26F4U/asr_subtitle/wavs/13GKsS26F4U_03090.wav,2.0569303,2.3765519,3.0452552,3.6311862,3.7527828,NISQAv2
/data/nhandt23/Dataset/MMSData/13GKsS26F4U/asr_subtitle/wavs/13GKsS26F4U_03786.wav,3.6020422,2.0246267,4.4818845,3.8990233,4.227023,NISQAv2
/data/nhandt23/Dataset/MMSData/13GKsS26F4U/asr_subtitle/wavs/13GKsS26F4U_00573.wav,3.68838,3.1036243,4.378544,4.0413303,3.81879,NISQAv2
/data/nhandt23/Dataset/MMSData/13GKsS26F4U/asr_subtitle/wavs/13GKsS26F4U_02219.wav,3.2172515,2.4064605,4.1581583,4.011496,3.839858,NISQAv2
/data/nhandt23/Dataset/MMSData/13GKsS26F4U/asr_subtitle/wavs/13GKsS26F4U_01011.wav,3.2462392,2.6814358,3.7899165,3.8505695,3.5778618,NISQAv2
/data/nhandt23/Dataset/MMSData/13GKsS26F4U/asr_subtitle/wavs/13GKsS26F4U_01952.wav,3.0611067,2.3570325,3.8942578,3.9765456,3.7079651,NISQAv2
/data/nhandt23/Dataset/MMSData/13GKsS26F4U/asr_subtitle/wavs/13GKsS26F4U_01600.wav,3.774036,2.356084,4.4619694,4.170275,4.0334435,NISQAv2
/data/nhandt23/Dataset/MMSData/13GKsS26F4U/asr_subtitle/wavs/13GKsS26F4U_01048.wav,2.8027425,2.692451,3.7135124,3.9507108,3.4205935,NISQAv2
/data/nhandt23/Dataset/MMSData/13GKsS26F4U/asr_subtitle/wavs/13GKsS26F4U_00361.wav,2.4920757,2.3746493,3.890034,4.074717,3.9683459,NISQAv2
/data/nhandt23/Dataset/MMSData/13GKsS26F4U/asr_subtitle/wavs/13GKsS26F4U_01992.wav,3.0833058,2.4998105,4.242613,4.0671372,4.150219,NISQAv2
/data/nhandt23/Dataset/MMSData/13GKsS26F4U/asr_subtitle/wavs/13GKsS26F4U_04309.wav,2.9092486,2.5331385,3.591147,3.4425743,3.4150481,NISQAv2
/data/nhandt23/Dataset/MMSData/13GKsS26F4U/asr_subtitle/wavs/13GKsS26F4U_01763.wav,3.440898,2.578067,4.1555567,3.5209768,3.5175717,NISQAv2
/data/nhandt23/Dataset/MMSData/13GKsS26F4U/asr_subtitle/wavs/13GKsS26F4U_00883.wav,2.9730005,2.0486362,4.161339,3.6968164,3.5144622,NISQAv2
/data/nhandt23/Dataset/MMSData/13GKsS26F4U/asr_subtitle/wavs/13GKsS26F4U_02336.wav,4.0446596,2.5681775,4.5641694,4.257179,4.346658,NISQAv2
/data/nhandt23/Dataset/MMSData/13GKsS26F4U/asr_subtitle/wavs/13GKsS26F4U_04447.wav,3.0637786,2.1457727,4.3922615,4.271971,3.4795055,NISQAv2
/data/nhandt23/Dataset/MMSData/13GKsS26F4U/asr_subtitle/wavs/13GKsS26F4U_04493.wav,3.5299766,2.627184,4.4781933,4.2061195,4.119512,NISQAv2
/data/nhandt23/Dataset/MMSData/13GKsS26F4U/asr_subtitle/wavs/13GKsS26F4U_02069.wav,4.2181435,2.5299015,4.6475315,4.2601724,4.239774,NISQAv2
/data/nhandt23/Dataset/MMSData/13GKsS26F4U/asr_subtitle/wavs/13GKsS26F4U_05122.wav,3.035936,1.5370152,4.604074,4.2180996,3.8856866,NISQAv2
/data/nhandt23/Dataset/MMSData/13GKsS26F4U/asr_subtitle/wavs/13GKsS26F4U_02647.wav,3.5996835,2.1890042,4.0345635,3.9980333,3.8423188,NISQAv2
/data/nhandt23/Dataset/MMSData/13GKsS26F4U/asr_subtitle/wavs/13GKsS26F4U_01221.wav,4.3870196,2.2114081,4.718446,4.32243,4.2787113,NISQAv2
/data/nhandt23/Dataset/MMSData/13GKsS26F4U/asr_subtitle/wavs/13GKsS26F4U_00119.wav,2.6229818,2.997066,4.1162877,3.7569458,3.4699023,NISQAv2
/data/nhandt23/Dataset/MMSData/13GKsS26F4U/asr_subtitle/wavs/13GKsS26F4U_02405.wav,3.676979,2.366607,4.36971,4.3091445,4.391103,NISQAv2
/data/nhandt23/Dataset/MMSData/13GKsS26F4U/asr_subtitle/wavs/13GKsS26F4U_03914.wav,3.8327327,2.2821026,4.6420283,4.420296,4.092249,NISQAv2
/data/nhandt23/Dataset/MMSData/13GKsS26F4U/asr_subtitle/wavs/13GKsS26F4U_02763.wav,2.3507285,2.2417731,2.922032,3.8623579,4.2682724,NISQAv2
/data/nhandt23/Dataset/MMSData/13GKsS26F4U/asr_subtitle/wavs/13GKsS26F4U_01931.wav,2.9956036,2.3400543,4.51131,4.03792,3.6397922,NISQAv2
/data/nhandt23/Dataset/MMSData/13GKsS26F4U/asr_subtitle/wavs/13GKsS26F4U_01930.wav,3.5299966,2.1569195,4.3133726,4.078911,4.028918,NISQAv2
/data/nhandt23/Dataset/MMSData/13GKsS26F4U/asr_subtitle/wavs/13GKsS26F4U_02098.wav,3.336598,2.201626,4.461562,4.1119018,3.5636435,NISQAv2
/data/nhandt23/Dataset/MMSData/13GKsS26F4U/asr_subtitle/wavs/13GKsS26F4U_00931.wav,3.980082,2.562651,4.571336,4.34027,4.17981,NISQAv2
/data/nhandt23/Dataset/MMSData/13GKsS26F4U/asr_subtitle/wavs/13GKsS26F4U_01936.wav,2.755417,2.1913507,4.1873837,4.015353,3.8498552,NISQAv2
/data/nhandt23/Dataset/MMSData/13GKsS26F4U/asr_subtitle/wavs/13GKsS26F4U_00354.wav,3.396693,2.3581696,4.5785036,4.255851,3.5896568,NISQAv2
/data/nhandt23/Dataset/MMSData/13GKsS26F4U/asr_subtitle/wavs/13GKsS26F4U_02709.wav,3.2332523,2.2650545,4.0869474,3.9116905,3.6087253,NISQAv2
/data/nhandt23/Dataset/MMSData/13GKsS26F4U/asr_subtitle/wavs/13GKsS26F4U_02115.wav,3.5459952,1.9790597,4.273935,4.1869483,4.4363894,NISQAv2
/data/nhandt23/Dataset/MMSData/13GKsS26F4U/asr_subtitle/wavs/13GKsS26F4U_05075.wav,3.0866308,2.5297396,4.220546,4.038037,3.1988394,NISQAv2
/data/nhandt23/Dataset/MMSData/13GKsS26F4U/asr_subtitle/wavs/13GKsS26F4U_00426.wav,1.8312284,2.364566,3.3978508,3.3479621,2.5912712,NISQAv2
/data/nhandt23/Dataset/MMSData/13GKsS26F4U/asr_subtitle/wavs/13GKsS26F4U_00898.wav,2.709345,2.526341,3.7376812,3.9218965,3.9257407,NISQAv2
/data/nhandt23/Dataset/MMSData/13GKsS26F4U/asr_subtitle/wavs/13GKsS26F4U_01940.wav,2.7228723,2.296542,3.8378112,3.8647258,3.8291447,NISQAv2
/data/nhandt23/Dataset/MMSData/13GKsS26F4U/asr_subtitle/wavs/13GKsS26F4U_04393.wav,2.943947,1.9037439,4.1936026,3.905481,3.5888247,NISQAv2
/data/nhandt23/Dataset/MMSData/13GKsS26F4U/asr_subtitle/wavs/13GKsS26F4U_03833.wav,2.9746675,2.5090816,3.9663415,3.8822548,3.267236,NISQAv2
/data/nhandt23/Dataset/MMSData/13GKsS26F4U/asr_subtitle/wavs/13GKsS26F4U_03915.wav,3.4050217,2.7407682,4.351965,4.0057445,3.9016004,NISQAv2
/data/nhandt23/Dataset/MMSData/13GKsS26F4U/asr_subtitle/wavs/13GKsS26F4U_05035.wav,3.7741463,2.453333,4.676711,4.1802144,3.896355,NISQAv2
/data/nhandt23/Dataset/MMSData/13GKsS26F4U/asr_subtitle/wavs/13GKsS26F4U_02704.wav,2.2935379,2.4800253,3.87688,3.6827765,3.5620763,NISQAv2
/data/nhandt23/Dataset/MMSData/13GKsS26F4U/asr_subtitle/wavs/13GKsS26F4U_02200.wav,2.5642188,2.8443973,2.5991476,3.2260315,3.4888408,NISQAv2
/data/nhandt23/Dataset/MMSData/13GKsS26F4U/asr_subtitle/wavs/13GKsS26F4U_05060.wav,2.1462553,2.8282459,2.0734823,3.5642505,3.9571147,NISQAv2
/data/nhandt23/Dataset/MMSData/13GKsS26F4U/asr_subtitle/wavs/13GKsS26F4U_00048.wav,3.2003062,2.7700942,4.211487,4.217793,4.1276207,NISQAv2
/data/nhandt23/Dataset/MMSData/13GKsS26F4U/asr_subtitle/wavs/13GKsS26F4U_02272.wav,3.6198862,2.5563037,4.2064404,4.216278,4.0563903,NISQAv2
/data/nhandt23/Dataset/MMSData/13GKsS26F4U/asr_subtitle/wavs/13GKsS26F4U_01006.wav,2.153036,2.6898928,2.2214255,3.295595,3.3266776,NISQAv2
/data/nhandt23/Dataset/MMSData/13GKsS26F4U/asr_subtitle/wavs/13GKsS26F4U_02787.wav,2.458644,2.1111434,3.3251467,3.7238433,3.509544,NISQAv2
/data/nhandt23/Dataset/MMSData/13GKsS26F4U/asr_subtitle/wavs/13GKsS26F4U_02734.wav,2.8259828,2.4466722,3.9589493,3.9133642,3.8821366,NISQAv2
/data/nhandt23/Dataset/MMSData/13GKsS26F4U/asr_subtitle/wavs/13GKsS26F4U_04873.wav,2.4430044,2.2046945,3.0268638,2.828293,3.669595,NISQAv2
/data/nhandt23/Dataset/MMSData/13GKsS26F4U/asr_subtitle/wavs/13GKsS26F4U_00173.wav,2.7399702,2.6431723,2.969305,3.6703537,4.1426444,NISQAv2
/data/nhandt23/Dataset/MMSData/13GKsS26F4U/asr_subtitle/wavs/13GKsS26F4U_03736.wav,3.676171,2.689178,4.5441856,4.1489816,3.6276748,NISQAv2
/data/nhandt23/Dataset/MMSData/13GKsS26F4U/asr_subtitle/wavs/13GKsS26F4U_00071.wav,3.348856,2.2700155,4.3945966,3.9265182,3.5319457,NISQAv2
/data/nhandt23/Dataset/MMSData/13GKsS26F4U/asr_subtitle/wavs/13GKsS26F4U_02663.wav,3.7631714,2.2109597,4.5991898,3.9989762,4.1268773,NISQAv2
/data/nhandt23/Dataset/MMSData/13GKsS26F4U/asr_subtitle/wavs/13GKsS26F4U_01758.wav,3.27517,2.2985296,4.4797134,4.2514043,3.9128478,NISQAv2
/data/nhandt23/Dataset/MMSData/13GKsS26F4U/asr_subtitle/wavs/13GKsS26F4U_03304.wav,3.1504624,2.1743286,4.0980296,3.8920271,3.394675,NISQAv2
/data/nhandt23/Dataset/MMSData/13GKsS26F4U/asr_subtitle/wavs/13GKsS26F4U_05138.wav,3.945559,3.1882823,4.204609,4.1623135,4.0431476,NISQAv2
/data/nhandt23/Dataset/MMSData/13GKsS26F4U/asr_subtitle/wavs/13GKsS26F4U_03374.wav,3.5121343,1.932641,4.580392,4.121301,3.5590742,NISQAv2
/data/nhandt23/Dataset/MMSData/13GKsS26F4U/asr_subtitle/wavs/13GKsS26F4U_05152.wav,2.7142525,2.0215044,3.4891217,3.8149202,3.7450206,NISQAv2
/data/nhandt23/Dataset/MMSData/13GKsS26F4U/asr_subtitle/wavs/13GKsS26F4U_00727.wav,3.2713253,2.6514547,4.3527193,4.022017,3.7224731,NISQAv2
/data/nhandt23/Dataset/MMSData/13GKsS26F4U/asr_subtitle/wavs/13GKsS26F4U_03718.wav,3.4035597,1.9188772,4.350928,3.826175,3.3140256,NISQAv2
/data/nhandt23/Dataset/MMSData/13GKsS26F4U/asr_subtitle/wavs/13GKsS26F4U_00296.wav,3.970558,3.1540382,4.5711718,4.07005,4.1294103,NISQAv2
/data/nhandt23/Dataset/MMSData/13GKsS26F4U/asr_subtitle/wavs/13GKsS26F4U_01544.wav,3.0329711,2.1661825,4.0998917,4.045211,4.3135114,NISQAv2
/data/nhandt23/Dataset/MMSData/13GKsS26F4U/asr_subtitle/wavs/13GKsS26F4U_04542.wav,3.0489945,2.954697,4.2687306,3.9317548,3.8729923,NISQAv2
/data/nhandt23/Dataset/MMSData/13GKsS26F4U/asr_subtitle/wavs/13GKsS26F4U_00817.wav,4.196101,2.8102543,4.5657206,4.047119,4.2352257,NISQAv2
/data/nhandt23/Dataset/MMSData/13GKsS26F4U/asr_subtitle/wavs/13GKsS26F4U_00511.wav,2.5673473,2.3941586,3.9380329,3.562138,3.802678,NISQAv2
/data/nhandt23/Dataset/MMSData/13GKsS26F4U/asr_subtitle/wavs/13GKsS26F4U_00533.wav,4.354247,2.3484838,4.8209305,4.3679314,4.560183,NISQAv2
/data/nhandt23/Dataset/MMSData/13GKsS26F4U/asr_subtitle/wavs/13GKsS26F4U_00982.wav,3.362047,2.1520722,4.117264,4.152884,4.0741253,NISQAv2
/data/nhandt23/Dataset/MMSData/13GKsS26F4U/asr_subtitle/wavs/13GKsS26F4U_04813.wav,3.3816903,2.497897,3.7891662,3.7655957,4.1228585,NISQAv2
/data/nhandt23/Dataset/MMSData/13GKsS26F4U/asr_subtitle/wavs/13GKsS26F4U_03470.wav,3.6018753,2.2626917,4.3409357,4.0888543,3.8105164,NISQAv2
/data/nhandt23/Dataset/MMSData/13GKsS26F4U/asr_subtitle/wavs/13GKsS26F4U_01433.wav,3.7316272,2.524223,4.496525,4.3608623,4.0734572,NISQAv2
/data/nhandt23/Dataset/MMSData/13GKsS26F4U/asr_subtitle/wavs/13GKsS26F4U_00989.wav,3.2345412,2.075689,4.450516,3.914687,3.7512066,NISQAv2
/data/nhandt23/Dataset/MMSData/13GKsS26F4U/asr_subtitle/wavs/13GKsS26F4U_03888.wav,3.0361738,1.706233,4.39981,4.064755,3.981041,NISQAv2
/data/nhandt23/Dataset/MMSData/13GKsS26F4U/asr_subtitle/wavs/13GKsS26F4U_02429.wav,3.591727,2.46406,4.086635,3.5944386,3.2946475,NISQAv2
/data/nhandt23/Dataset/MMSData/13GKsS26F4U/asr_subtitle/wavs/13GKsS26F4U_03487.wav,3.5131717,2.0008202,4.3260283,3.9870713,3.631954,NISQAv2
/data/nhandt23/Dataset/MMSData/13GKsS26F4U/asr_subtitle/wavs/13GKsS26F4U_03053.wav,3.6763408,2.398005,4.376648,3.9721296,4.233747,NISQAv2
/data/nhandt23/Dataset/MMSData/13GKsS26F4U/asr_subtitle/wavs/13GKsS26F4U_04157.wav,2.3560936,2.5272067,3.3405187,3.5881257,3.644098,NISQAv2
/data/nhandt23/Dataset/MMSData/13GKsS26F4U/asr_subtitle/wavs/13GKsS26F4U_04665.wav,3.9751441,2.4837794,4.2329865,4.115385,4.0656123,NISQAv2
/data/nhandt23/Dataset/MMSData/13GKsS26F4U/asr_subtitle/wavs/13GKsS26F4U_02253.wav,3.2249067,2.132119,3.515749,4.121743,3.9217799,NISQAv2
/data/nhandt23/Dataset/MMSData/13GKsS26F4U/asr_subtitle/wavs/13GKsS26F4U_03597.wav,4.1850343,3.240569,4.599658,4.159157,4.2514243,NISQAv2
/data/nhandt23/Dataset/MMSData/13GKsS26F4U/asr_subtitle/wavs/13GKsS26F4U_01147.wav,2.8608623,2.3202338,4.337661,4.0302796,3.9341326,NISQAv2
/data/nhandt23/Dataset/MMSData/13GKsS26F4U/asr_subtitle/wavs/13GKsS26F4U_02537.wav,3.9142158,2.636447,4.409078,4.1184564,4.1345987,NISQAv2
/data/nhandt23/Dataset/MMSData/13GKsS26F4U/asr_subtitle/wavs/13GKsS26F4U_05065.wav,3.4919903,2.3273907,4.3728633,4.004056,4.0619154,NISQAv2
/data/nhandt23/Dataset/MMSData/13GKsS26F4U/asr_subtitle/wavs/13GKsS26F4U_00804.wav,3.436239,2.7019036,4.2286596,3.8271205,3.7525823,NISQAv2
/data/nhandt23/Dataset/MMSData/13GKsS26F4U/asr_subtitle/wavs/13GKsS26F4U_01423.wav,2.5704527,2.4287734,3.1901934,3.944139,3.6917875,NISQAv2
/data/nhandt23/Dataset/MMSData/13GKsS26F4U/asr_subtitle/wavs/13GKsS26F4U_01511.wav,2.6577394,2.3775795,3.2978797,3.735834,3.6325169,NISQAv2
/data/nhandt23/Dataset/MMSData/13GKsS26F4U/asr_subtitle/wavs/13GKsS26F4U_04957.wav,2.992156,2.6413114,4.2216916,3.7806613,3.3556345,NISQAv2
/data/nhandt23/Dataset/MMSData/13GKsS26F4U/asr_subtitle/wavs/13GKsS26F4U_02292.wav,3.8096437,1.9990684,4.605173,4.255721,4.193234,NISQAv2
/data/nhandt23/Dataset/MMSData/13GKsS26F4U/asr_subtitle/wavs/13GKsS26F4U_02956.wav,2.488455,2.218961,2.3539488,3.6607647,2.985462,NISQAv2
/data/nhandt23/Dataset/MMSData/13GKsS26F4U/asr_subtitle/wavs/13GKsS26F4U_00101.wav,3.4188142,2.355112,4.3034635,4.2071185,3.661739,NISQAv2
/data/nhandt23/Dataset/MMSData/13GKsS26F4U/asr_subtitle/wavs/13GKsS26F4U_00509.wav,2.9000294,2.4434102,3.9083939,3.9534395,4.2285066,NISQAv2
/data/nhandt23/Dataset/MMSData/13GKsS26F4U/asr_subtitle/wavs/13GKsS26F4U_04414.wav,3.2708526,2.2301407,4.598207,4.1856523,4.185041,NISQAv2
/data/nhandt23/Dataset/MMSData/13GKsS26F4U/asr_subtitle/wavs/13GKsS26F4U_04484.wav,4.469983,2.252807,4.7710643,4.376447,4.440331,NISQAv2
/data/nhandt23/Dataset/MMSData/13GKsS26F4U/asr_subtitle/wavs/13GKsS26F4U_04057.wav,3.1913643,2.5379202,3.894497,3.9922166,3.940582,NISQAv2
/data/nhandt23/Dataset/MMSData/13GKsS26F4U/asr_subtitle/wavs/13GKsS26F4U_04182.wav,2.9285684,2.4907033,3.9092443,3.8752701,3.4337204,NISQAv2
/data/nhandt23/Dataset/MMSData/13GKsS26F4U/asr_subtitle/wavs/13GKsS26F4U_00148.wav,3.0025146,2.1678345,4.454754,4.2222147,3.8642933,NISQAv2
/data/nhandt23/Dataset/MMSData/13GKsS26F4U/asr_subtitle/wavs/13GKsS26F4U_04108.wav,3.5639365,2.3015547,4.318968,4.085977,3.5025487,NISQAv2
/data/nhandt23/Dataset/MMSData/13GKsS26F4U/asr_subtitle/wavs/13GKsS26F4U_00802.wav,3.0413835,2.5895953,4.0609026,4.0173855,3.846491,NISQAv2
/data/nhandt23/Dataset/MMSData/13GKsS26F4U/asr_subtitle/wavs/13GKsS26F4U_02034.wav,3.9616337,2.727771,4.3964863,4.0635543,3.0203807,NISQAv2
/data/nhandt23/Dataset/MMSData/13GKsS26F4U/asr_subtitle/wavs/13GKsS26F4U_02775.wav,2.5496047,2.4143896,4.039037,3.815298,3.7262087,NISQAv2
/data/nhandt23/Dataset/MMSData/13GKsS26F4U/asr_subtitle/wavs/13GKsS26F4U_01858.wav,2.5189116,2.2878923,4.110227,3.5820723,3.5022619,NISQAv2
/data/nhandt23/Dataset/MMSData/13GKsS26F4U/asr_subtitle/wavs/13GKsS26F4U_01135.wav,3.484229,2.3362486,4.3340964,4.1325955,3.9433,NISQAv2
/data/nhandt23/Dataset/MMSData/13GKsS26F4U/asr_subtitle/wavs/13GKsS26F4U_02212.wav,3.1473372,2.1664553,4.1816473,4.186625,3.8113735,NISQAv2
/data/nhandt23/Dataset/MMSData/13GKsS26F4U/asr_subtitle/wavs/13GKsS26F4U_04576.wav,3.5186782,2.6283386,4.330489,3.9883134,3.8848894,NISQAv2
/data/nhandt23/Dataset/MMSData/13GKsS26F4U/asr_subtitle/wavs/13GKsS26F4U_04701.wav,2.0359251,2.5126452,2.3861327,2.7591007,2.7667744,NISQAv2
/data/nhandt23/Dataset/MMSData/13GKsS26F4U/asr_subtitle/wavs/13GKsS26F4U_03745.wav,4.3064685,1.8787731,4.7220564,4.3889127,4.2108955,NISQAv2
/data/nhandt23/Dataset/MMSData/13GKsS26F4U/asr_subtitle/wavs/13GKsS26F4U_00577.wav,3.69541,2.3867552,4.336283,4.117887,3.597667,NISQAv2
/data/nhandt23/Dataset/MMSData/13GKsS26F4U/asr_subtitle/wavs/13GKsS26F4U_04540.wav,3.8824122,3.053315,4.4376006,4.282627,4.229405,NISQAv2
/data/nhandt23/Dataset/MMSData/13GKsS26F4U/asr_subtitle/wavs/13GKsS26F4U_03159.wav,2.7665174,2.0041125,3.8787477,3.9451778,3.7254362,NISQAv2
/data/nhandt23/Dataset/MMSData/13GKsS26F4U/asr_subtitle/wavs/13GKsS26F4U_04914.wav,4.1767354,2.766743,4.7195487,4.261029,4.3983173,NISQAv2
/data/nhandt23/Dataset/MMSData/13GKsS26F4U/asr_subtitle/wavs/13GKsS26F4U_03281.wav,2.9770658,2.3664322,4.0747194,3.9126935,3.5344706,NISQAv2
/data/nhandt23/Dataset/MMSData/13GKsS26F4U/asr_subtitle/wavs/13GKsS26F4U_01557.wav,3.0922189,2.2707436,4.394476,4.0139832,3.617821,NISQAv2
/data/nhandt23/Dataset/MMSData/13GKsS26F4U/asr_subtitle/wavs/13GKsS26F4U_00328.wav,3.1198723,2.4498546,3.7273297,3.8716977,3.9314907,NISQAv2
/data/nhandt23/Dataset/MMSData/13GKsS26F4U/asr_subtitle/wavs/13GKsS26F4U_03596.wav,2.8343937,2.25619,4.1829805,3.8619406,3.2372274,NISQAv2
/data/nhandt23/Dataset/MMSData/13GKsS26F4U/asr_subtitle/wavs/13GKsS26F4U_04087.wav,4.10736,2.7925718,4.3940544,4.1624556,3.9187872,NISQAv2
/data/nhandt23/Dataset/MMSData/13GKsS26F4U/asr_subtitle/wavs/13GKsS26F4U_02158.wav,3.941935,2.6438143,4.391394,4.1005116,4.221292,NISQAv2
/data/nhandt23/Dataset/MMSData/13GKsS26F4U/asr_subtitle/wavs/13GKsS26F4U_03356.wav,2.7278857,2.2564826,3.912216,3.9197977,3.468705,NISQAv2
/data/nhandt23/Dataset/MMSData/13GKsS26F4U/asr_subtitle/wavs/13GKsS26F4U_00261.wav,3.3971913,2.4577386,4.3007555,4.1184325,3.6150806,NISQAv2
/data/nhandt23/Dataset/MMSData/13GKsS26F4U/asr_subtitle/wavs/13GKsS26F4U_04229.wav,3.8258457,2.57076,4.415363,4.2161403,4.167949,NISQAv2
/data/nhandt23/Dataset/MMSData/13GKsS26F4U/asr_subtitle/wavs/13GKsS26F4U_03407.wav,4.069065,1.9285471,4.4830894,4.1606126,4.051128,NISQAv2
/data/nhandt23/Dataset/MMSData/13GKsS26F4U/asr_subtitle/wavs/13GKsS26F4U_01399.wav,3.6679068,2.5403087,4.092343,3.8355787,4.181927,NISQAv2
/data/nhandt23/Dataset/MMSData/13GKsS26F4U/asr_subtitle/wavs/13GKsS26F4U_00324.wav,2.9860964,2.243306,4.097548,4.0254793,3.7368963,NISQAv2
/data/nhandt23/Dataset/MMSData/13GKsS26F4U/asr_subtitle/wavs/13GKsS26F4U_03093.wav,4.0638824,2.8355107,4.5562515,4.2669983,3.7078805,NISQAv2
/data/nhandt23/Dataset/MMSData/13GKsS26F4U/asr_subtitle/wavs/13GKsS26F4U_00089.wav,3.5666132,2.077841,4.3950806,4.049949,3.548124,NISQAv2
/data/nhandt23/Dataset/MMSData/13GKsS26F4U/asr_subtitle/wavs/13GKsS26F4U_01179.wav,3.6383476,2.2148662,4.640049,4.217278,4.118456,NISQAv2
/data/nhandt23/Dataset/MMSData/13GKsS26F4U/asr_subtitle/wavs/13GKsS26F4U_03792.wav,2.9018965,2.2641222,3.1761813,3.6624851,3.2134547,NISQAv2
/data/nhandt23/Dataset/MMSData/13GKsS26F4U/asr_subtitle/wavs/13GKsS26F4U_03489.wav,4.0651608,2.3672407,4.6439943,4.414562,4.376904,NISQAv2
/data/nhandt23/Dataset/MMSData/13GKsS26F4U/asr_subtitle/wavs/13GKsS26F4U_03268.wav,3.6586545,2.1703281,4.0938067,3.7803686,3.5245597,NISQAv2
/data/nhandt23/Dataset/MMSData/13GKsS26F4U/asr_subtitle/wavs/13GKsS26F4U_01559.wav,2.895572,2.0466926,4.192398,4.056194,3.9369898,NISQAv2
/data/nhandt23/Dataset/MMSData/13GKsS26F4U/asr_subtitle/wavs/13GKsS26F4U_01512.wav,2.8802207,2.5134394,3.3503158,3.9792013,4.0039167,NISQAv2
/data/nhandt23/Dataset/MMSData/13GKsS26F4U/asr_subtitle/wavs/13GKsS26F4U_04100.wav,4.1563797,2.9547265,4.510747,4.286745,4.2968764,NISQAv2
/data/nhandt23/Dataset/MMSData/13GKsS26F4U/asr_subtitle/wavs/13GKsS26F4U_01164.wav,3.6595433,2.5375614,4.5452223,4.0170856,4.059157,NISQAv2
/data/nhandt23/Dataset/MMSData/13GKsS26F4U/asr_subtitle/wavs/13GKsS26F4U_03539.wav,3.2764406,2.4937766,4.100752,3.7042623,3.3721807,NISQAv2
/data/nhandt23/Dataset/MMSData/13GKsS26F4U/asr_subtitle/wavs/13GKsS26F4U_01049.wav,3.666225,2.4455059,4.104189,3.8806925,3.4128492,NISQAv2
/data/nhandt23/Dataset/MMSData/13GKsS26F4U/asr_subtitle/wavs/13GKsS26F4U_01139.wav,4.234956,2.3756292,4.5951304,4.1295466,4.3762264,NISQAv2
/data/nhandt23/Dataset/MMSData/13GKsS26F4U/asr_subtitle/wavs/13GKsS26F4U_01232.wav,3.7318652,2.2977138,4.427467,4.249346,4.103101,NISQAv2
/data/nhandt23/Dataset/MMSData/13GKsS26F4U/asr_subtitle/wavs/13GKsS26F4U_02103.wav,3.2332447,2.2833438,4.235241,3.8845046,3.6209428,NISQAv2
/data/nhandt23/Dataset/MMSData/13GKsS26F4U/asr_subtitle/wavs/13GKsS26F4U_00932.wav,3.5986965,2.1300616,4.3208313,4.0392056,3.9963126,NISQAv2
/data/nhandt23/Dataset/MMSData/13GKsS26F4U/asr_subtitle/wavs/13GKsS26F4U_04695.wav,2.2375243,2.5654395,4.3803673,3.9591146,3.7913747,NISQAv2
/data/nhandt23/Dataset/MMSData/13GKsS26F4U/asr_subtitle/wavs/13GKsS26F4U_02433.wav,3.2523043,2.2661526,4.287368,4.0825324,3.4091265,NISQAv2
/data/nhandt23/Dataset/MMSData/13GKsS26F4U/asr_subtitle/wavs/13GKsS26F4U_03012.wav,3.2262905,2.5558748,4.2461576,4.1476483,3.8377113,NISQAv2
/data/nhandt23/Dataset/MMSData/13GKsS26F4U/asr_subtitle/wavs/13GKsS26F4U_03369.wav,2.6731455,2.4583104,3.7306266,3.9685686,4.074155,NISQAv2
/data/nhandt23/Dataset/MMSData/13GKsS26F4U/asr_subtitle/wavs/13GKsS26F4U_02780.wav,4.0251207,2.3417933,4.645968,4.4209743,4.391112,NISQAv2
/data/nhandt23/Dataset/MMSData/13GKsS26F4U/asr_subtitle/wavs/13GKsS26F4U_00086.wav,3.5794764,2.8103156,4.15534,4.065738,3.8141406,NISQAv2
/data/nhandt23/Dataset/MMSData/13GKsS26F4U/asr_subtitle/wavs/13GKsS26F4U_00629.wav,2.6546082,2.3176131,4.009046,3.8590267,3.2847838,NISQAv2
/data/nhandt23/Dataset/MMSData/13GKsS26F4U/asr_subtitle/wavs/13GKsS26F4U_04780.wav,3.0615065,2.732209,4.349169,3.8963287,4.061626,NISQAv2
/data/nhandt23/Dataset/MMSData/13GKsS26F4U/asr_subtitle/wavs/13GKsS26F4U_01622.wav,3.75515,2.1361687,4.463257,4.1833997,3.9610372,NISQAv2
/data/nhandt23/Dataset/MMSData/13GKsS26F4U/asr_subtitle/wavs/13GKsS26F4U_02226.wav,4.015205,2.4287267,4.3000617,3.9681184,4.00728,NISQAv2
/data/nhandt23/Dataset/MMSData/13GKsS26F4U/asr_subtitle/wavs/13GKsS26F4U_00217.wav,2.7806041,2.275774,4.3160677,4.085618,3.8563495,NISQAv2
/data/nhandt23/Dataset/MMSData/13GKsS26F4U/asr_subtitle/wavs/13GKsS26F4U_02637.wav,2.5004935,2.7406275,2.512639,3.239572,3.8272824,NISQAv2
/data/nhandt23/Dataset/MMSData/13GKsS26F4U/asr_subtitle/wavs/13GKsS26F4U_03879.wav,3.0957706,2.0434809,4.24873,3.7144084,3.3289735,NISQAv2
/data/nhandt23/Dataset/MMSData/13GKsS26F4U/asr_subtitle/wavs/13GKsS26F4U_00680.wav,3.712295,2.355982,4.4527564,4.11305,4.0179744,NISQAv2
/data/nhandt23/Dataset/MMSData/13GKsS26F4U/asr_subtitle/wavs/13GKsS26F4U_01896.wav,3.6397777,2.6351342,4.4832115,4.1823144,3.6007044,NISQAv2
/data/nhandt23/Dataset/MMSData/13GKsS26F4U/asr_subtitle/wavs/13GKsS26F4U_03810.wav,3.579722,2.123078,4.077152,3.924979,3.6054041,NISQAv2
/data/nhandt23/Dataset/MMSData/13GKsS26F4U/asr_subtitle/wavs/13GKsS26F4U_01235.wav,3.2473917,2.5741398,4.274345,4.1141,3.4735081,NISQAv2
/data/nhandt23/Dataset/MMSData/13GKsS26F4U/asr_subtitle/wavs/13GKsS26F4U_01901.wav,3.8265152,2.2874117,4.188806,4.0573926,3.587415,NISQAv2
/data/nhandt23/Dataset/MMSData/13GKsS26F4U/asr_subtitle/wavs/13GKsS26F4U_00277.wav,2.2826333,2.3930438,2.4190557,3.3366542,3.654711,NISQAv2
/data/nhandt23/Dataset/MMSData/13GKsS26F4U/asr_subtitle/wavs/13GKsS26F4U_04068.wav,3.619984,2.4624007,4.400035,4.1560016,3.7628915,NISQAv2
/data/nhandt23/Dataset/MMSData/13GKsS26F4U/asr_subtitle/wavs/13GKsS26F4U_04617.wav,4.0658584,2.3529737,4.5210357,4.229897,4.198911,NISQAv2
/data/nhandt23/Dataset/MMSData/13GKsS26F4U/asr_subtitle/wavs/13GKsS26F4U_04910.wav,3.781533,2.5876064,4.216591,4.007617,3.375281,NISQAv2
/data/nhandt23/Dataset/MMSData/13GKsS26F4U/asr_subtitle/wavs/13GKsS26F4U_03433.wav,3.7402928,1.9335694,4.482917,4.260957,3.5361767,NISQAv2
/data/nhandt23/Dataset/MMSData/13GKsS26F4U/asr_subtitle/wavs/13GKsS26F4U_01073.wav,4.173097,2.3093858,4.566373,4.2654257,4.258127,NISQAv2
/data/nhandt23/Dataset/MMSData/13GKsS26F4U/asr_subtitle/wavs/13GKsS26F4U_02011.wav,3.1213906,2.0630312,4.3708353,3.895018,3.8094518,NISQAv2
/data/nhandt23/Dataset/MMSData/13GKsS26F4U/asr_subtitle/wavs/13GKsS26F4U_03774.wav,3.0710115,2.154134,4.303968,4.204052,4.2246747,NISQAv2
/data/nhandt23/Dataset/MMSData/13GKsS26F4U/asr_subtitle/wavs/13GKsS26F4U_04432.wav,2.1258795,2.239608,2.7554173,3.2800004,3.728811,NISQAv2
/data/nhandt23/Dataset/MMSData/13GKsS26F4U/asr_subtitle/wavs/13GKsS26F4U_00708.wav,2.7994864,2.894664,3.9030905,3.6834729,3.722048,NISQAv2
/data/nhandt23/Dataset/MMSData/13GKsS26F4U/asr_subtitle/wavs/13GKsS26F4U_04491.wav,3.836148,2.753261,4.4201727,4.33042,4.3581467,NISQAv2
/data/nhandt23/Dataset/MMSData/13GKsS26F4U/asr_subtitle/wavs/13GKsS26F4U_01860.wav,3.9344358,1.7362943,4.335514,4.1793027,4.0121913,NISQAv2
/data/nhandt23/Dataset/MMSData/13GKsS26F4U/asr_subtitle/wavs/13GKsS26F4U_01954.wav,2.9111617,2.261088,4.156588,3.9514787,3.7020886,NISQAv2
/data/nhandt23/Dataset/MMSData/13GKsS26F4U/asr_subtitle/wavs/13GKsS26F4U_00010.wav,4.285742,2.2430694,4.6923504,4.466718,4.055614,NISQAv2
/data/nhandt23/Dataset/MMSData/13GKsS26F4U/asr_subtitle/wavs/13GKsS26F4U_03604.wav,3.7285855,2.500077,4.2527533,3.9970007,3.832189,NISQAv2
/data/nhandt23/Dataset/MMSData/13GKsS26F4U/asr_subtitle/wavs/13GKsS26F4U_04422.wav,3.8301852,2.3018105,4.533476,4.1972585,4.148331,NISQAv2
/data/nhandt23/Dataset/MMSData/13GKsS26F4U/asr_subtitle/wavs/13GKsS26F4U_01677.wav,3.986863,2.4556983,4.449412,3.7148168,4.1978154,NISQAv2
/data/nhandt23/Dataset/MMSData/13GKsS26F4U/asr_subtitle/wavs/13GKsS26F4U_04936.wav,3.3789468,3.0904129,4.4028096,4.0342736,3.6625144,NISQAv2
/data/nhandt23/Dataset/MMSData/13GKsS26F4U/asr_subtitle/wavs/13GKsS26F4U_01514.wav,3.6408575,1.6804013,4.274915,4.0520616,2.976053,NISQAv2
/data/nhandt23/Dataset/MMSData/13GKsS26F4U/asr_subtitle/wavs/13GKsS26F4U_02495.wav,3.4585755,2.179508,3.7030568,3.9181445,3.9525359,NISQAv2
/data/nhandt23/Dataset/MMSData/13GKsS26F4U/asr_subtitle/wavs/13GKsS26F4U_03671.wav,3.697193,2.2950823,4.2705107,4.0975676,3.9554825,NISQAv2
/data/nhandt23/Dataset/MMSData/13GKsS26F4U/asr_subtitle/wavs/13GKsS26F4U_02234.wav,4.040081,2.5172956,4.2219906,4.3344245,4.1390185,NISQAv2
/data/nhandt23/Dataset/MMSData/13GKsS26F4U/asr_subtitle/wavs/13GKsS26F4U_03595.wav,3.0599394,2.5042496,4.392123,4.066233,4.0037003,NISQAv2
/data/nhandt23/Dataset/MMSData/13GKsS26F4U/asr_subtitle/wavs/13GKsS26F4U_04955.wav,2.3295999,1.8506476,4.0676746,3.8207312,3.1344612,NISQAv2
/data/nhandt23/Dataset/MMSData/13GKsS26F4U/asr_subtitle/wavs/13GKsS26F4U_01144.wav,2.952193,2.3688352,4.224963,3.8457434,4.0726614,NISQAv2
/data/nhandt23/Dataset/MMSData/13GKsS26F4U/asr_subtitle/wavs/13GKsS26F4U_02596.wav,3.6676123,2.3788345,4.3330255,4.108628,4.041824,NISQAv2
/data/nhandt23/Dataset/MMSData/13GKsS26F4U/asr_subtitle/wavs/13GKsS26F4U_02838.wav,3.0110757,2.1954377,4.3598485,3.949162,3.7440906,NISQAv2
/data/nhandt23/Dataset/MMSData/13GKsS26F4U/asr_subtitle/wavs/13GKsS26F4U_03054.wav,3.980798,2.1913478,4.5808024,4.2395053,4.1739354,NISQAv2
/data/nhandt23/Dataset/MMSData/13GKsS26F4U/asr_subtitle/wavs/13GKsS26F4U_03044.wav,3.5377796,2.138648,4.0555925,3.719404,3.8911352,NISQAv2
/data/nhandt23/Dataset/MMSData/13GKsS26F4U/asr_subtitle/wavs/13GKsS26F4U_04586.wav,3.6134331,2.0322073,3.91691,3.3970232,3.4939027,NISQAv2
/data/nhandt23/Dataset/MMSData/13GKsS26F4U/asr_subtitle/wavs/13GKsS26F4U_00282.wav,3.0077155,2.42505,4.244011,4.14667,4.050294,NISQAv2
/data/nhandt23/Dataset/MMSData/13GKsS26F4U/asr_subtitle/wavs/13GKsS26F4U_01174.wav,2.9731634,2.2195787,4.183013,4.2576814,4.2743354,NISQAv2
/data/nhandt23/Dataset/MMSData/13GKsS26F4U/asr_subtitle/wavs/13GKsS26F4U_00707.wav,3.5778382,2.5611284,4.164901,3.940873,3.9028034,NISQAv2
/data/nhandt23/Dataset/MMSData/13GKsS26F4U/asr_subtitle/wavs/13GKsS26F4U_01401.wav,3.3191931,2.6142442,3.4713,3.5925128,3.7643726,NISQAv2
/data/nhandt23/Dataset/MMSData/13GKsS26F4U/asr_subtitle/wavs/13GKsS26F4U_01564.wav,3.4205186,2.220105,4.527258,4.3036127,4.2405624,NISQAv2
/data/nhandt23/Dataset/MMSData/13GKsS26F4U/asr_subtitle/wavs/13GKsS26F4U_00031.wav,3.2030094,2.4423583,4.1935873,4.124518,4.232195,NISQAv2
/data/nhandt23/Dataset/MMSData/13GKsS26F4U/asr_subtitle/wavs/13GKsS26F4U_05090.wav,2.4815416,2.6550636,3.8908448,3.6798375,3.4726543,NISQAv2
/data/nhandt23/Dataset/MMSData/13GKsS26F4U/asr_subtitle/wavs/13GKsS26F4U_03035.wav,2.9955556,2.384202,4.1549263,3.7773037,3.496703,NISQAv2
/data/nhandt23/Dataset/MMSData/13GKsS26F4U/asr_subtitle/wavs/13GKsS26F4U_02876.wav,4.2449675,2.2938373,4.6079865,4.3237343,4.2713795,NISQAv2
/data/nhandt23/Dataset/MMSData/13GKsS26F4U/asr_subtitle/wavs/13GKsS26F4U_02888.wav,3.3610904,2.3888783,4.448062,4.2697153,4.0652113,NISQAv2
/data/nhandt23/Dataset/MMSData/13GKsS26F4U/asr_subtitle/wavs/13GKsS26F4U_03049.wav,3.3177116,2.1760113,4.2950344,4.1720605,3.3371253,NISQAv2
/data/nhandt23/Dataset/MMSData/13GKsS26F4U/asr_subtitle/wavs/13GKsS26F4U_00191.wav,3.1536028,2.6167963,4.3936825,4.126099,3.717539,NISQAv2
/data/nhandt23/Dataset/MMSData/13GKsS26F4U/asr_subtitle/wavs/13GKsS26F4U_02083.wav,3.0420797,2.351818,4.1830273,4.0711865,3.6742992,NISQAv2
/data/nhandt23/Dataset/MMSData/13GKsS26F4U/asr_subtitle/wavs/13GKsS26F4U_04379.wav,3.5273452,2.174675,4.3176823,3.7198136,3.4382405,NISQAv2
/data/nhandt23/Dataset/MMSData/13GKsS26F4U/asr_subtitle/wavs/13GKsS26F4U_03101.wav,2.985345,2.4684036,4.1972814,4.063221,3.6200345,NISQAv2
/data/nhandt23/Dataset/MMSData/13GKsS26F4U/asr_subtitle/wavs/13GKsS26F4U_04748.wav,2.7171113,2.6163206,4.291015,4.1034827,4.021591,NISQAv2
/data/nhandt23/Dataset/MMSData/13GKsS26F4U/asr_subtitle/wavs/13GKsS26F4U_01218.wav,3.2025747,1.9567299,4.0443115,4.0579376,3.954754,NISQAv2
/data/nhandt23/Dataset/MMSData/13GKsS26F4U/asr_subtitle/wavs/13GKsS26F4U_03591.wav,2.4180198,2.1967738,3.4871469,3.589146,3.6448343,NISQAv2
/data/nhandt23/Dataset/MMSData/13GKsS26F4U/asr_subtitle/wavs/13GKsS26F4U_01236.wav,3.2137465,2.5708175,3.9255173,3.8733504,3.9492555,NISQAv2
/data/nhandt23/Dataset/MMSData/13GKsS26F4U/asr_subtitle/wavs/13GKsS26F4U_02415.wav,3.4012754,1.748132,4.363505,4.224841,3.331045,NISQAv2
/data/nhandt23/Dataset/MMSData/13GKsS26F4U/asr_subtitle/wavs/13GKsS26F4U_03014.wav,3.0582967,2.4510322,3.9483993,3.8945322,3.746225,NISQAv2
/data/nhandt23/Dataset/MMSData/13GKsS26F4U/asr_subtitle/wavs/13GKsS26F4U_00337.wav,2.2040823,2.8479283,2.3279843,3.252098,3.7222464,NISQAv2
/data/nhandt23/Dataset/MMSData/13GKsS26F4U/asr_subtitle/wavs/13GKsS26F4U_04568.wav,2.9868698,2.52748,3.9412494,3.7141545,3.6737993,NISQAv2
/data/nhandt23/Dataset/MMSData/13GKsS26F4U/asr_subtitle/wavs/13GKsS26F4U_00092.wav,3.3882625,2.3148425,4.3006306,4.03436,4.1860633,NISQAv2
/data/nhandt23/Dataset/MMSData/13GKsS26F4U/asr_subtitle/wavs/13GKsS26F4U_04364.wav,3.4673765,1.6380384,4.03712,3.9306183,3.8372512,NISQAv2
/data/nhandt23/Dataset/MMSData/13GKsS26F4U/asr_subtitle/wavs/13GKsS26F4U_02559.wav,2.8348908,1.9266925,4.178346,4.062319,3.9954302,NISQAv2
/data/nhandt23/Dataset/MMSData/13GKsS26F4U/asr_subtitle/wavs/13GKsS26F4U_03188.wav,2.340033,2.2494848,3.2808409,2.9965153,2.8769188,NISQAv2
/data/nhandt23/Dataset/MMSData/13GKsS26F4U/asr_subtitle/wavs/13GKsS26F4U_03005.wav,2.9569669,1.9227657,4.434574,4.024121,3.9763055,NISQAv2
/data/nhandt23/Dataset/MMSData/13GKsS26F4U/asr_subtitle/wavs/13GKsS26F4U_04937.wav,1.9461902,2.6096842,2.0006237,2.8576643,3.1475077,NISQAv2
/data/nhandt23/Dataset/MMSData/13GKsS26F4U/asr_subtitle/wavs/13GKsS26F4U_03815.wav,2.5119526,2.439142,3.7862084,3.9176562,4.065819,NISQAv2
/data/nhandt23/Dataset/MMSData/13GKsS26F4U/asr_subtitle/wavs/13GKsS26F4U_04827.wav,3.1159806,2.526326,4.2343545,4.1940293,3.8714247,NISQAv2
/data/nhandt23/Dataset/MMSData/13GKsS26F4U/asr_subtitle/wavs/13GKsS26F4U_02738.wav,1.9845337,2.5062292,2.3706129,3.296289,3.6844265,NISQAv2
/data/nhandt23/Dataset/MMSData/13GKsS26F4U/asr_subtitle/wavs/13GKsS26F4U_01877.wav,3.3490303,2.6622088,3.7456453,3.4816701,3.259538,NISQAv2
/data/nhandt23/Dataset/MMSData/13GKsS26F4U/asr_subtitle/wavs/13GKsS26F4U_01361.wav,3.8383102,2.0962605,4.5094733,4.2525287,3.8887837,NISQAv2
/data/nhandt23/Dataset/MMSData/13GKsS26F4U/asr_subtitle/wavs/13GKsS26F4U_02525.wav,2.8697906,2.5587933,4.147151,4.193835,4.3266244,NISQAv2
/data/nhandt23/Dataset/MMSData/13GKsS26F4U/asr_subtitle/wavs/13GKsS26F4U_01242.wav,4.011655,2.4116104,4.49514,4.145974,3.682613,NISQAv2
/data/nhandt23/Dataset/MMSData/13GKsS26F4U/asr_subtitle/wavs/13GKsS26F4U_00395.wav,3.4493043,2.586311,4.469581,4.0890374,3.8514137,NISQAv2
/data/nhandt23/Dataset/MMSData/13GKsS26F4U/asr_subtitle/wavs/13GKsS26F4U_03944.wav,2.1814015,2.8894827,3.7019103,4.0850196,3.7561977,NISQAv2
/data/nhandt23/Dataset/MMSData/13GKsS26F4U/asr_subtitle/wavs/13GKsS26F4U_02951.wav,2.5508742,2.590451,3.935274,3.3443418,3.688497,NISQAv2
/data/nhandt23/Dataset/MMSData/13GKsS26F4U/asr_subtitle/wavs/13GKsS26F4U_04038.wav,3.6632793,2.8111088,4.494373,4.1316605,3.8872871,NISQAv2
/data/nhandt23/Dataset/MMSData/13GKsS26F4U/asr_subtitle/wavs/13GKsS26F4U_01681.wav,3.5409667,2.0272741,4.2972884,4.1762366,3.8656104,NISQAv2
/data/nhandt23/Dataset/MMSData/13GKsS26F4U/asr_subtitle/wavs/13GKsS26F4U_00559.wav,2.4217346,2.3218675,4.026574,3.6013079,3.2272558,NISQAv2
/data/nhandt23/Dataset/MMSData/13GKsS26F4U/asr_subtitle/wavs/13GKsS26F4U_05033.wav,3.145201,2.3637679,4.4494486,4.254196,3.7206151,NISQAv2
/data/nhandt23/Dataset/MMSData/13GKsS26F4U/asr_subtitle/wavs/13GKsS26F4U_03411.wav,3.3981338,2.180737,4.09151,4.0982013,3.6209264,NISQAv2
/data/nhandt23/Dataset/MMSData/13GKsS26F4U/asr_subtitle/wavs/13GKsS26F4U_03297.wav,3.1620977,1.9370283,4.090491,4.038096,3.4980185,NISQAv2
/data/nhandt23/Dataset/MMSData/13GKsS26F4U/asr_subtitle/wavs/13GKsS26F4U_03085.wav,3.9127123,2.3570797,3.6521294,3.8952951,4.055782,NISQAv2
/data/nhandt23/Dataset/MMSData/13GKsS26F4U/asr_subtitle/wavs/13GKsS26F4U_04152.wav,3.1079934,2.5954046,4.1868467,3.6209729,3.2866042,NISQAv2
/data/nhandt23/Dataset/MMSData/13GKsS26F4U/asr_subtitle/wavs/13GKsS26F4U_05094.wav,3.7890835,2.4239814,4.6415367,4.1844244,4.277534,NISQAv2
/data/nhandt23/Dataset/MMSData/13GKsS26F4U/asr_subtitle/wavs/13GKsS26F4U_00775.wav,2.495,2.4050033,4.2963734,4.0992985,3.9152932,NISQAv2
/data/nhandt23/Dataset/MMSData/13GKsS26F4U/asr_subtitle/wavs/13GKsS26F4U_04822.wav,3.2937896,2.2704365,4.269534,3.9274065,4.057037,NISQAv2
/data/nhandt23/Dataset/MMSData/13GKsS26F4U/asr_subtitle/wavs/13GKsS26F4U_02947.wav,3.017389,1.7127163,3.9130092,4.1649585,3.8480833,NISQAv2
/data/nhandt23/Dataset/MMSData/13GKsS26F4U/asr_subtitle/wavs/13GKsS26F4U_02402.wav,2.9115012,2.506243,3.8821514,3.951412,3.4658818,NISQAv2
/data/nhandt23/Dataset/MMSData/13GKsS26F4U/asr_subtitle/wavs/13GKsS26F4U_03608.wav,3.2588809,2.8356388,4.1837187,4.1683555,3.991515,NISQAv2
/data/nhandt23/Dataset/MMSData/13GKsS26F4U/asr_subtitle/wavs/13GKsS26F4U_02963.wav,3.5044672,2.7320988,4.2458916,4.0937448,3.1228626,NISQAv2
/data/nhandt23/Dataset/MMSData/13GKsS26F4U/asr_subtitle/wavs/13GKsS26F4U_01309.wav,3.6732874,2.57634,4.5259523,4.176328,3.7401304,NISQAv2
/data/nhandt23/Dataset/MMSData/13GKsS26F4U/asr_subtitle/wavs/13GKsS26F4U_00241.wav,2.4890835,2.393681,3.6862776,3.5546784,3.4939957,NISQAv2
/data/nhandt23/Dataset/MMSData/13GKsS26F4U/asr_subtitle/wavs/13GKsS26F4U_02800.wav,3.6466281,1.9434181,4.3025794,3.8669224,3.6883862,NISQAv2
/data/nhandt23/Dataset/MMSData/13GKsS26F4U/asr_subtitle/wavs/13GKsS26F4U_02254.wav,3.643706,2.2713103,4.3562827,4.103669,3.481373,NISQAv2
/data/nhandt23/Dataset/MMSData/13GKsS26F4U/asr_subtitle/wavs/13GKsS26F4U_05071.wav,3.6251645,3.1562185,4.3740067,4.000552,4.2109523,NISQAv2
/data/nhandt23/Dataset/MMSData/13GKsS26F4U/asr_subtitle/wavs/13GKsS26F4U_04694.wav,3.782717,2.140788,4.384901,4.1409087,3.002806,NISQAv2
/data/nhandt23/Dataset/MMSData/13GKsS26F4U/asr_subtitle/wavs/13GKsS26F4U_04976.wav,2.6385536,2.6934347,3.6602879,3.5295062,3.3312714,NISQAv2
/data/nhandt23/Dataset/MMSData/13GKsS26F4U/asr_subtitle/wavs/13GKsS26F4U_02185.wav,3.085057,2.0346746,4.239033,3.9948397,3.4310963,NISQAv2
/data/nhandt23/Dataset/MMSData/13GKsS26F4U/asr_subtitle/wavs/13GKsS26F4U_04946.wav,2.267897,2.1499772,3.17071,3.5114548,3.6383255,NISQAv2
/data/nhandt23/Dataset/MMSData/13GKsS26F4U/asr_subtitle/wavs/13GKsS26F4U_01821.wav,3.544085,2.535783,4.5939612,4.2065277,3.6243365,NISQAv2
/data/nhandt23/Dataset/MMSData/13GKsS26F4U/asr_subtitle/wavs/13GKsS26F4U_00357.wav,2.8941975,2.2467232,4.158033,3.8846326,3.3014338,NISQAv2
/data/nhandt23/Dataset/MMSData/13GKsS26F4U/asr_subtitle/wavs/13GKsS26F4U_03942.wav,3.5302439,2.3762567,4.2177653,3.9749138,3.4435794,NISQAv2
/data/nhandt23/Dataset/MMSData/13GKsS26F4U/asr_subtitle/wavs/13GKsS26F4U_04984.wav,2.568175,2.526584,3.7884052,3.9618008,3.893926,NISQAv2
/data/nhandt23/Dataset/MMSData/13GKsS26F4U/asr_subtitle/wavs/13GKsS26F4U_03566.wav,3.2459633,2.4958913,4.238305,4.028311,4.0659294,NISQAv2
/data/nhandt23/Dataset/MMSData/13GKsS26F4U/asr_subtitle/wavs/13GKsS26F4U_02284.wav,3.0398748,2.6158497,4.1012573,3.9000878,3.5964062,NISQAv2
/data/nhandt23/Dataset/MMSData/13GKsS26F4U/asr_subtitle/wavs/13GKsS26F4U_04085.wav,2.3892615,2.9502203,3.8308825,3.552495,3.184108,NISQAv2
/data/nhandt23/Dataset/MMSData/13GKsS26F4U/asr_subtitle/wavs/13GKsS26F4U_03454.wav,3.7557411,1.894373,4.4039083,4.050155,4.108,NISQAv2
/data/nhandt23/Dataset/MMSData/13GKsS26F4U/asr_subtitle/wavs/13GKsS26F4U_03660.wav,3.7676847,2.2658527,4.4391165,4.1443205,3.4516785,NISQAv2
/data/nhandt23/Dataset/MMSData/13GKsS26F4U/asr_subtitle/wavs/13GKsS26F4U_01478.wav,2.4095318,2.2573962,4.285783,3.9638486,3.8232958,NISQAv2
/data/nhandt23/Dataset/MMSData/13GKsS26F4U/asr_subtitle/wavs/13GKsS26F4U_01589.wav,2.181907,2.3928635,3.7191088,3.1891525,3.64626,NISQAv2
/data/nhandt23/Dataset/MMSData/13GKsS26F4U/asr_subtitle/wavs/13GKsS26F4U_02349.wav,3.9934738,2.3072464,4.4754696,4.159015,3.8077247,NISQAv2
/data/nhandt23/Dataset/MMSData/13GKsS26F4U/asr_subtitle/wavs/13GKsS26F4U_00578.wav,3.7449706,2.8983142,4.26715,4.1277843,4.00399,NISQAv2
/data/nhandt23/Dataset/MMSData/13GKsS26F4U/asr_subtitle/wavs/13GKsS26F4U_04790.wav,2.7994843,3.169052,4.0532765,3.8399858,3.901202,NISQAv2
/data/nhandt23/Dataset/MMSData/13GKsS26F4U/asr_subtitle/wavs/13GKsS26F4U_01253.wav,3.5400763,2.5044124,4.081188,3.77113,3.9596057,NISQAv2
/data/nhandt23/Dataset/MMSData/13GKsS26F4U/asr_subtitle/wavs/13GKsS26F4U_03501.wav,3.2117782,1.8922651,4.1775155,3.8182776,3.9542243,NISQAv2
/data/nhandt23/Dataset/MMSData/13GKsS26F4U/asr_subtitle/wavs/13GKsS26F4U_01586.wav,3.4881976,2.229818,4.487762,4.0526376,3.9234693,NISQAv2
/data/nhandt23/Dataset/MMSData/13GKsS26F4U/asr_subtitle/wavs/13GKsS26F4U_02817.wav,3.7988398,2.376808,4.3226857,4.151713,3.3020215,NISQAv2
/data/nhandt23/Dataset/MMSData/13GKsS26F4U/asr_subtitle/wavs/13GKsS26F4U_03185.wav,3.5449727,2.4615734,4.528035,4.0500197,4.3694897,NISQAv2
/data/nhandt23/Dataset/MMSData/13GKsS26F4U/asr_subtitle/wavs/13GKsS26F4U_04387.wav,2.73783,1.861974,3.9346616,3.8303213,2.8859289,NISQAv2
/data/nhandt23/Dataset/MMSData/13GKsS26F4U/asr_subtitle/wavs/13GKsS26F4U_01925.wav,3.6051705,2.5017793,4.427397,4.2037854,4.0065236,NISQAv2
/data/nhandt23/Dataset/MMSData/13GKsS26F4U/asr_subtitle/wavs/13GKsS26F4U_01796.wav,2.9294596,2.5664546,4.403279,4.296017,4.1425033,NISQAv2
/data/nhandt23/Dataset/MMSData/13GKsS26F4U/asr_subtitle/wavs/13GKsS26F4U_03498.wav,3.2805626,1.981667,4.3059115,3.9639773,3.5376558,NISQAv2
/data/nhandt23/Dataset/MMSData/13GKsS26F4U/asr_subtitle/wavs/13GKsS26F4U_02950.wav,3.4383903,1.9371282,4.1233587,3.6195092,3.5732598,NISQAv2
/data/nhandt23/Dataset/MMSData/13GKsS26F4U/asr_subtitle/wavs/13GKsS26F4U_04007.wav,3.0021667,2.416033,4.132043,3.877134,3.8284009,NISQAv2
/data/nhandt23/Dataset/MMSData/13GKsS26F4U/asr_subtitle/wavs/13GKsS26F4U_04524.wav,3.00196,2.308314,4.1673,3.9983263,3.6850684,NISQAv2
/data/nhandt23/Dataset/MMSData/13GKsS26F4U/asr_subtitle/wavs/13GKsS26F4U_01809.wav,3.0269215,2.3803575,4.4183207,4.128219,3.529989,NISQAv2
/data/nhandt23/Dataset/MMSData/13GKsS26F4U/asr_subtitle/wavs/13GKsS26F4U_01957.wav,4.1594315,2.736943,4.574299,4.320475,4.303166,NISQAv2
/data/nhandt23/Dataset/MMSData/13GKsS26F4U/asr_subtitle/wavs/13GKsS26F4U_02960.wav,2.365526,2.4115214,3.9028556,4.1209064,3.580457,NISQAv2
/data/nhandt23/Dataset/MMSData/13GKsS26F4U/asr_subtitle/wavs/13GKsS26F4U_05026.wav,3.2494984,3.0943048,3.903795,3.7096694,4.137889,NISQAv2
/data/nhandt23/Dataset/MMSData/13GKsS26F4U/asr_subtitle/wavs/13GKsS26F4U_04094.wav,2.976953,2.3025172,3.8532016,3.829634,4.1002054,NISQAv2
/data/nhandt23/Dataset/MMSData/13GKsS26F4U/asr_subtitle/wavs/13GKsS26F4U_02080.wav,2.5279095,3.1076102,3.9241495,4.14444,4.0786347,NISQAv2
/data/nhandt23/Dataset/MMSData/13GKsS26F4U/asr_subtitle/wavs/13GKsS26F4U_01090.wav,3.1800272,2.079158,4.33546,4.017675,3.3300889,NISQAv2
/data/nhandt23/Dataset/MMSData/13GKsS26F4U/asr_subtitle/wavs/13GKsS26F4U_02322.wav,2.9486806,1.5706211,4.333038,4.0854154,3.153379,NISQAv2
/data/nhandt23/Dataset/MMSData/13GKsS26F4U/asr_subtitle/wavs/13GKsS26F4U_01067.wav,3.1457822,3.302004,3.9316697,3.738813,3.714647,NISQAv2
/data/nhandt23/Dataset/MMSData/13GKsS26F4U/asr_subtitle/wavs/13GKsS26F4U_00672.wav,3.6271265,2.1802564,4.357875,3.9547627,3.3693547,NISQAv2
/data/nhandt23/Dataset/MMSData/13GKsS26F4U/asr_subtitle/wavs/13GKsS26F4U_04084.wav,3.3264277,3.1736562,4.4130197,3.9339192,3.6767793,NISQAv2
/data/nhandt23/Dataset/MMSData/13GKsS26F4U/asr_subtitle/wavs/13GKsS26F4U_02010.wav,2.8272312,2.649079,4.0904384,3.8015757,3.2964141,NISQAv2
/data/nhandt23/Dataset/MMSData/13GKsS26F4U/asr_subtitle/wavs/13GKsS26F4U_00439.wav,2.9697025,2.6344733,3.9949117,3.9823983,4.0291386,NISQAv2
/data/nhandt23/Dataset/MMSData/13GKsS26F4U/asr_subtitle/wavs/13GKsS26F4U_01999.wav,3.208007,2.5542667,3.6483958,3.680351,3.5477233,NISQAv2
/data/nhandt23/Dataset/MMSData/13GKsS26F4U/asr_subtitle/wavs/13GKsS26F4U_04031.wav,2.951253,2.5037777,4.2850437,4.181482,4.1071773,NISQAv2
/data/nhandt23/Dataset/MMSData/13GKsS26F4U/asr_subtitle/wavs/13GKsS26F4U_03076.wav,2.8212855,2.1271284,4.4063163,4.272722,4.0571284,NISQAv2
/data/nhandt23/Dataset/MMSData/13GKsS26F4U/asr_subtitle/wavs/13GKsS26F4U_04019.wav,2.7653584,2.2976213,4.0265045,3.69855,3.451596,NISQAv2
/data/nhandt23/Dataset/MMSData/13GKsS26F4U/asr_subtitle/wavs/13GKsS26F4U_01387.wav,3.4353967,2.5258546,4.5528183,4.125648,4.0178876,NISQAv2
/data/nhandt23/Dataset/MMSData/13GKsS26F4U/asr_subtitle/wavs/13GKsS26F4U_04958.wav,3.36851,2.5896845,4.271424,4.1201615,3.6410506,NISQAv2
/data/nhandt23/Dataset/MMSData/13GKsS26F4U/asr_subtitle/wavs/13GKsS26F4U_02770.wav,2.912296,2.2836788,4.498265,4.0346117,3.7282147,NISQAv2
/data/nhandt23/Dataset/MMSData/13GKsS26F4U/asr_subtitle/wavs/13GKsS26F4U_04272.wav,2.2448983,2.5039432,3.1752582,3.6627316,3.436587,NISQAv2
/data/nhandt23/Dataset/MMSData/13GKsS26F4U/asr_subtitle/wavs/13GKsS26F4U_02911.wav,3.1656005,2.6597636,3.4802287,4.091144,4.183739,NISQAv2
/data/nhandt23/Dataset/MMSData/13GKsS26F4U/asr_subtitle/wavs/13GKsS26F4U_01275.wav,3.7569125,2.7664332,4.40845,4.0861382,3.327838,NISQAv2
/data/nhandt23/Dataset/MMSData/13GKsS26F4U/asr_subtitle/wavs/13GKsS26F4U_04063.wav,3.6640563,2.2263925,4.091769,3.6932063,3.63999,NISQAv2
/data/nhandt23/Dataset/MMSData/13GKsS26F4U/asr_subtitle/wavs/13GKsS26F4U_04135.wav,3.463719,2.3461394,4.307999,4.155839,3.4429228,NISQAv2
/data/nhandt23/Dataset/MMSData/13GKsS26F4U/asr_subtitle/wavs/13GKsS26F4U_01695.wav,2.7377522,2.1168728,4.371682,3.954552,3.6479423,NISQAv2
/data/nhandt23/Dataset/MMSData/13GKsS26F4U/asr_subtitle/wavs/13GKsS26F4U_00145.wav,3.6006775,2.2717106,4.413558,4.0885844,4.055801,NISQAv2
/data/nhandt23/Dataset/MMSData/13GKsS26F4U/asr_subtitle/wavs/13GKsS26F4U_03727.wav,3.256479,2.5521758,4.504239,4.1926665,3.7384658,NISQAv2
/data/nhandt23/Dataset/MMSData/13GKsS26F4U/asr_subtitle/wavs/13GKsS26F4U_04107.wav,2.9295413,2.207677,3.9853957,3.7569764,3.545377,NISQAv2
/data/nhandt23/Dataset/MMSData/13GKsS26F4U/asr_subtitle/wavs/13GKsS26F4U_02270.wav,2.4862301,2.32213,2.4159508,2.7724917,3.579411,NISQAv2
/data/nhandt23/Dataset/MMSData/13GKsS26F4U/asr_subtitle/wavs/13GKsS26F4U_02945.wav,3.2940896,2.2772055,4.3613214,4.072226,3.445998,NISQAv2
/data/nhandt23/Dataset/MMSData/13GKsS26F4U/asr_subtitle/wavs/13GKsS26F4U_02959.wav,2.3911335,2.346454,3.2662733,4.092322,3.9277308,NISQAv2
/data/nhandt23/Dataset/MMSData/13GKsS26F4U/asr_subtitle/wavs/13GKsS26F4U_03552.wav,2.9200175,2.2895405,4.419999,4.140031,3.7085974,NISQAv2
/data/nhandt23/Dataset/MMSData/13GKsS26F4U/asr_subtitle/wavs/13GKsS26F4U_02099.wav,3.0118878,2.4535103,4.271465,3.7288008,3.3069263,NISQAv2
/data/nhandt23/Dataset/MMSData/13GKsS26F4U/asr_subtitle/wavs/13GKsS26F4U_02502.wav,3.1588953,2.5111825,4.2511168,3.993624,4.0797377,NISQAv2
/data/nhandt23/Dataset/MMSData/13GKsS26F4U/asr_subtitle/wavs/13GKsS26F4U_02358.wav,4.0706825,2.5174642,4.591738,4.313943,3.8528984,NISQAv2
/data/nhandt23/Dataset/MMSData/13GKsS26F4U/asr_subtitle/wavs/13GKsS26F4U_03820.wav,2.6760335,2.3110178,3.867923,3.8993504,3.7498262,NISQAv2
/data/nhandt23/Dataset/MMSData/13GKsS26F4U/asr_subtitle/wavs/13GKsS26F4U_00944.wav,1.8789457,2.7816823,1.9347908,3.1238952,3.1607382,NISQAv2
/data/nhandt23/Dataset/MMSData/13GKsS26F4U/asr_subtitle/wavs/13GKsS26F4U_00298.wav,2.3029022,2.1208503,3.4154787,4.054529,3.5977292,NISQAv2
/data/nhandt23/Dataset/MMSData/13GKsS26F4U/asr_subtitle/wavs/13GKsS26F4U_01947.wav,2.623262,2.1229475,4.001395,3.7137468,2.9528377,NISQAv2
/data/nhandt23/Dataset/MMSData/13GKsS26F4U/asr_subtitle/wavs/13GKsS26F4U_04342.wav,3.4428747,1.9870254,4.2908397,4.128638,3.8461616,NISQAv2
/data/nhandt23/Dataset/MMSData/13GKsS26F4U/asr_subtitle/wavs/13GKsS26F4U_01185.wav,3.5574906,2.3977406,4.5519137,4.24005,4.022784,NISQAv2
/data/nhandt23/Dataset/MMSData/13GKsS26F4U/asr_subtitle/wavs/13GKsS26F4U_00977.wav,3.566492,2.8483155,4.6563034,4.4317718,4.4007964,NISQAv2
/data/nhandt23/Dataset/MMSData/13GKsS26F4U/asr_subtitle/wavs/13GKsS26F4U_04774.wav,3.585949,2.4495018,4.4008737,4.1553097,4.241538,NISQAv2
/data/nhandt23/Dataset/MMSData/13GKsS26F4U/asr_subtitle/wavs/13GKsS26F4U_02830.wav,4.0531645,2.1936862,4.5238295,4.108149,4.1725383,NISQAv2
/data/nhandt23/Dataset/MMSData/13GKsS26F4U/asr_subtitle/wavs/13GKsS26F4U_04921.wav,3.3779705,2.970053,4.1439385,3.8216407,3.2509875,NISQAv2
/data/nhandt23/Dataset/MMSData/13GKsS26F4U/asr_subtitle/wavs/13GKsS26F4U_01578.wav,2.9395366,2.0953505,2.8854017,3.1292098,3.1468713,NISQAv2
/data/nhandt23/Dataset/MMSData/13GKsS26F4U/asr_subtitle/wavs/13GKsS26F4U_02769.wav,2.8584282,2.3630917,4.130267,4.081724,4.0735216,NISQAv2
/data/nhandt23/Dataset/MMSData/13GKsS26F4U/asr_subtitle/wavs/13GKsS26F4U_03223.wav,3.4415178,2.6735897,4.3638635,4.1211166,4.1095724,NISQAv2
/data/nhandt23/Dataset/MMSData/13GKsS26F4U/asr_subtitle/wavs/13GKsS26F4U_04486.wav,3.8549623,2.847872,4.409809,4.064453,3.9354017,NISQAv2
/data/nhandt23/Dataset/MMSData/13GKsS26F4U/asr_subtitle/wavs/13GKsS26F4U_03939.wav,4.2133265,2.259467,4.552505,4.33215,4.225508,NISQAv2
/data/nhandt23/Dataset/MMSData/13GKsS26F4U/asr_subtitle/wavs/13GKsS26F4U_01444.wav,2.869397,2.1976993,4.1565104,4.131692,4.2527056,NISQAv2
/data/nhandt23/Dataset/MMSData/13GKsS26F4U/asr_subtitle/wavs/13GKsS26F4U_02687.wav,3.391444,2.1544437,4.3638315,4.2030377,3.5675886,NISQAv2
/data/nhandt23/Dataset/MMSData/13GKsS26F4U/asr_subtitle/wavs/13GKsS26F4U_03772.wav,3.1828058,2.3341663,4.092687,3.8667834,3.7397847,NISQAv2
/data/nhandt23/Dataset/MMSData/13GKsS26F4U/asr_subtitle/wavs/13GKsS26F4U_03145.wav,2.866855,2.4715092,4.1075172,4.20684,4.1153445,NISQAv2
/data/nhandt23/Dataset/MMSData/13GKsS26F4U/asr_subtitle/wavs/13GKsS26F4U_02889.wav,3.4410717,2.0814364,4.464427,4.0900245,3.9617705,NISQAv2
/data/nhandt23/Dataset/MMSData/13GKsS26F4U/asr_subtitle/wavs/13GKsS26F4U_00965.wav,3.6981776,2.5128057,4.5873203,4.1762843,4.146478,NISQAv2
/data/nhandt23/Dataset/MMSData/13GKsS26F4U/asr_subtitle/wavs/13GKsS26F4U_02015.wav,3.2046573,2.2691972,4.328112,3.9487324,3.5690074,NISQAv2
/data/nhandt23/Dataset/MMSData/13GKsS26F4U/asr_subtitle/wavs/13GKsS26F4U_01015.wav,2.7395413,2.2509108,4.405793,4.0806217,4.1947017,NISQAv2
/data/nhandt23/Dataset/MMSData/13GKsS26F4U/asr_subtitle/wavs/13GKsS26F4U_00183.wav,3.455107,2.1246133,4.1785107,4.118467,3.6944306,NISQAv2
/data/nhandt23/Dataset/MMSData/13GKsS26F4U/asr_subtitle/wavs/13GKsS26F4U_01603.wav,2.574127,2.660251,3.9304535,3.736551,3.8327906,NISQAv2
/data/nhandt23/Dataset/MMSData/13GKsS26F4U/asr_subtitle/wavs/13GKsS26F4U_04025.wav,3.4915168,3.101261,3.0302489,3.967195,4.14584,NISQAv2
/data/nhandt23/Dataset/MMSData/13GKsS26F4U/asr_subtitle/wavs/13GKsS26F4U_00831.wav,2.730074,2.6580203,3.9740782,3.8845267,4.02254,NISQAv2
/data/nhandt23/Dataset/MMSData/13GKsS26F4U/asr_subtitle/wavs/13GKsS26F4U_04978.wav,3.2777069,2.6937747,4.255274,4.109592,4.2054763,NISQAv2
/data/nhandt23/Dataset/MMSData/13GKsS26F4U/asr_subtitle/wavs/13GKsS26F4U_03430.wav,2.1835823,2.0313036,3.672196,3.3866026,3.3058684,NISQAv2
/data/nhandt23/Dataset/MMSData/13GKsS26F4U/asr_subtitle/wavs/13GKsS26F4U_01580.wav,4.0955772,2.824392,4.6359973,4.441754,4.444453,NISQAv2
/data/nhandt23/Dataset/MMSData/13GKsS26F4U/asr_subtitle/wavs/13GKsS26F4U_01675.wav,2.761226,2.4964957,3.4769683,3.838215,3.9143138,NISQAv2
/data/nhandt23/Dataset/MMSData/13GKsS26F4U/asr_subtitle/wavs/13GKsS26F4U_00987.wav,3.5794857,2.1761978,4.670987,4.426208,4.399447,NISQAv2
/data/nhandt23/Dataset/MMSData/13GKsS26F4U/asr_subtitle/wavs/13GKsS26F4U_01104.wav,3.061031,2.0233328,4.4226074,4.1173186,3.7468321,NISQAv2
/data/nhandt23/Dataset/MMSData/13GKsS26F4U/asr_subtitle/wavs/13GKsS26F4U_03507.wav,2.2465184,2.0819316,3.462937,3.7935557,4.1717477,NISQAv2
/data/nhandt23/Dataset/MMSData/13GKsS26F4U/asr_subtitle/wavs/13GKsS26F4U_03495.wav,3.004082,2.149991,4.114514,3.9879024,4.1001425,NISQAv2
/data/nhandt23/Dataset/MMSData/13GKsS26F4U/asr_subtitle/wavs/13GKsS26F4U_04819.wav,3.010478,2.588059,4.378296,3.9134324,3.6517546,NISQAv2
/data/nhandt23/Dataset/MMSData/13GKsS26F4U/asr_subtitle/wavs/13GKsS26F4U_01394.wav,4.075062,3.1707542,4.625255,4.3127007,4.3436775,NISQAv2
/data/nhandt23/Dataset/MMSData/13GKsS26F4U/asr_subtitle/wavs/13GKsS26F4U_03967.wav,3.6154764,2.4931602,4.1150136,4.0557466,3.8430595,NISQAv2
/data/nhandt23/Dataset/MMSData/13GKsS26F4U/asr_subtitle/wavs/13GKsS26F4U_03918.wav,3.636986,2.6426046,4.243142,4.083685,3.8475215,NISQAv2
/data/nhandt23/Dataset/MMSData/13GKsS26F4U/asr_subtitle/wavs/13GKsS26F4U_03347.wav,4.216752,2.2535667,4.6367664,4.2922854,4.2464027,NISQAv2
/data/nhandt23/Dataset/MMSData/13GKsS26F4U/asr_subtitle/wavs/13GKsS26F4U_00281.wav,3.0497904,2.680611,3.5395205,3.579686,3.9330928,NISQAv2
/data/nhandt23/Dataset/MMSData/13GKsS26F4U/asr_subtitle/wavs/13GKsS26F4U_02022.wav,2.7406857,2.4120445,3.3012636,3.0502427,3.6984615,NISQAv2
/data/nhandt23/Dataset/MMSData/13GKsS26F4U/asr_subtitle/wavs/13GKsS26F4U_01729.wav,3.2047358,2.0946813,4.2305126,3.88028,3.2362626,NISQAv2
/data/nhandt23/Dataset/MMSData/13GKsS26F4U/asr_subtitle/wavs/13GKsS26F4U_03801.wav,2.9641151,2.3754137,4.0770283,3.9003906,3.2990673,NISQAv2
/data/nhandt23/Dataset/MMSData/13GKsS26F4U/asr_subtitle/wavs/13GKsS26F4U_02995.wav,3.097699,2.0140455,4.2116723,3.9973185,3.4341574,NISQAv2
/data/nhandt23/Dataset/MMSData/13GKsS26F4U/asr_subtitle/wavs/13GKsS26F4U_00008.wav,2.9039237,2.4036489,3.6982205,3.9615872,3.9070861,NISQAv2
/data/nhandt23/Dataset/MMSData/13GKsS26F4U/asr_subtitle/wavs/13GKsS26F4U_00547.wav,2.3928926,2.5739512,3.806381,3.8476517,3.4586256,NISQAv2
/data/nhandt23/Dataset/MMSData/13GKsS26F4U/asr_subtitle/wavs/13GKsS26F4U_03586.wav,2.4602833,2.516831,3.2774634,3.536494,3.8236063,NISQAv2
/data/nhandt23/Dataset/MMSData/13GKsS26F4U/asr_subtitle/wavs/13GKsS26F4U_00952.wav,2.744654,2.2497969,3.63916,3.9739614,4.119868,NISQAv2
/data/nhandt23/Dataset/MMSData/13GKsS26F4U/asr_subtitle/wavs/13GKsS26F4U_00688.wav,3.388568,2.5473971,4.2115335,3.9658957,3.643383,NISQAv2
/data/nhandt23/Dataset/MMSData/13GKsS26F4U/asr_subtitle/wavs/13GKsS26F4U_00884.wav,3.2576606,2.34358,4.140424,3.8862886,4.1072893,NISQAv2
/data/nhandt23/Dataset/MMSData/13GKsS26F4U/asr_subtitle/wavs/13GKsS26F4U_04940.wav,2.6288528,2.465384,2.4489837,3.3698347,4.0826373,NISQAv2
/data/nhandt23/Dataset/MMSData/13GKsS26F4U/asr_subtitle/wavs/13GKsS26F4U_04442.wav,2.7093303,2.6475902,3.9546812,3.9486754,3.6240766,NISQAv2
/data/nhandt23/Dataset/MMSData/13GKsS26F4U/asr_subtitle/wavs/13GKsS26F4U_02196.wav,3.644255,2.5292656,4.332079,4.0845866,4.234678,NISQAv2
/data/nhandt23/Dataset/MMSData/13GKsS26F4U/asr_subtitle/wavs/13GKsS26F4U_03910.wav,3.8452928,2.1704597,4.3261013,4.058843,3.567509,NISQAv2
/data/nhandt23/Dataset/MMSData/13GKsS26F4U/asr_subtitle/wavs/13GKsS26F4U_04897.wav,3.968937,2.9611073,4.55284,4.172292,3.8321805,NISQAv2
/data/nhandt23/Dataset/MMSData/13GKsS26F4U/asr_subtitle/wavs/13GKsS26F4U_05036.wav,3.2619731,2.2419896,4.494029,4.1856093,3.793407,NISQAv2
/data/nhandt23/Dataset/MMSData/13GKsS26F4U/asr_subtitle/wavs/13GKsS26F4U_01096.wav,3.762396,2.5911129,4.1477323,3.9856029,3.1887734,NISQAv2
/data/nhandt23/Dataset/MMSData/13GKsS26F4U/asr_subtitle/wavs/13GKsS26F4U_04328.wav,3.4114735,2.2290776,3.766689,3.77559,4.010429,NISQAv2
/data/nhandt23/Dataset/MMSData/13GKsS26F4U/asr_subtitle/wavs/13GKsS26F4U_00433.wav,2.9901931,2.388146,3.7984054,3.9016752,3.6364932,NISQAv2
/data/nhandt23/Dataset/MMSData/13GKsS26F4U/asr_subtitle/wavs/13GKsS26F4U_00522.wav,3.8342645,2.448422,4.451741,3.979225,4.0492516,NISQAv2
/data/nhandt23/Dataset/MMSData/13GKsS26F4U/asr_subtitle/wavs/13GKsS26F4U_03770.wav,2.7325392,2.276506,2.673291,3.5392625,3.6897018,NISQAv2
/data/nhandt23/Dataset/MMSData/13GKsS26F4U/asr_subtitle/wavs/13GKsS26F4U_01900.wav,2.8136356,2.2823536,4.1633167,3.9872396,3.9949088,NISQAv2
/data/nhandt23/Dataset/MMSData/13GKsS26F4U/asr_subtitle/wavs/13GKsS26F4U_03782.wav,3.939738,1.7782753,4.545451,4.26865,4.213742,NISQAv2
/data/nhandt23/Dataset/MMSData/13GKsS26F4U/asr_subtitle/wavs/13GKsS26F4U_04160.wav,3.710374,2.9803846,4.4401846,4.1791606,4.141482,NISQAv2
/data/nhandt23/Dataset/MMSData/13GKsS26F4U/asr_subtitle/wavs/13GKsS26F4U_01217.wav,3.3005555,1.8400078,4.3282394,3.7191036,3.8094218,NISQAv2
/data/nhandt23/Dataset/MMSData/13GKsS26F4U/asr_subtitle/wavs/13GKsS26F4U_01832.wav,2.9011824,1.9254173,3.4248626,3.2905319,3.2428164,NISQAv2
/data/nhandt23/Dataset/MMSData/13GKsS26F4U/asr_subtitle/wavs/13GKsS26F4U_01570.wav,2.4453986,2.127537,2.5327487,3.34953,3.7275445,NISQAv2
/data/nhandt23/Dataset/MMSData/13GKsS26F4U/asr_subtitle/wavs/13GKsS26F4U_00857.wav,2.6533394,2.3151033,3.9231927,3.811756,3.7034357,NISQAv2
/data/nhandt23/Dataset/MMSData/13GKsS26F4U/asr_subtitle/wavs/13GKsS26F4U_00211.wav,3.9363446,2.482863,4.443881,3.9479518,4.1475005,NISQAv2
/data/nhandt23/Dataset/MMSData/13GKsS26F4U/asr_subtitle/wavs/13GKsS26F4U_00245.wav,4.1441975,2.341643,4.461851,4.07798,4.131176,NISQAv2
/data/nhandt23/Dataset/MMSData/13GKsS26F4U/asr_subtitle/wavs/13GKsS26F4U_01318.wav,3.1218078,2.3582232,3.028574,3.9720314,4.038649,NISQAv2
/data/nhandt23/Dataset/MMSData/13GKsS26F4U/asr_subtitle/wavs/13GKsS26F4U_01445.wav,3.8788717,2.1273735,4.616689,4.3550186,3.859619,NISQAv2
/data/nhandt23/Dataset/MMSData/13GKsS26F4U/asr_subtitle/wavs/13GKsS26F4U_04234.wav,3.625904,2.6347015,4.3173265,4.1700315,3.9541895,NISQAv2
/data/nhandt23/Dataset/MMSData/13GKsS26F4U/asr_subtitle/wavs/13GKsS26F4U_01384.wav,3.3565886,2.3744867,4.3947983,3.845219,3.5044723,NISQAv2
/data/nhandt23/Dataset/MMSData/13GKsS26F4U/asr_subtitle/wavs/13GKsS26F4U_01882.wav,3.8683364,2.3216605,4.4636683,3.7423916,3.9683912,NISQAv2
/data/nhandt23/Dataset/MMSData/13GKsS26F4U/asr_subtitle/wavs/13GKsS26F4U_01816.wav,3.5445952,2.5049546,4.4471164,4.07488,3.8262508,NISQAv2
/data/nhandt23/Dataset/MMSData/13GKsS26F4U/asr_subtitle/wavs/13GKsS26F4U_01435.wav,3.6633024,2.3450897,4.467966,4.1509047,3.5050807,NISQAv2
/data/nhandt23/Dataset/MMSData/13GKsS26F4U/asr_subtitle/wavs/13GKsS26F4U_04710.wav,3.782626,2.1717212,4.607842,4.261238,3.9592774,NISQAv2
/data/nhandt23/Dataset/MMSData/13GKsS26F4U/asr_subtitle/wavs/13GKsS26F4U_01102.wav,2.9759104,2.4978065,4.1050563,3.9351614,3.6752903,NISQAv2
/data/nhandt23/Dataset/MMSData/13GKsS26F4U/asr_subtitle/wavs/13GKsS26F4U_00263.wav,2.6495793,1.9158096,4.2978573,4.0073028,3.7798617,NISQAv2
/data/nhandt23/Dataset/MMSData/13GKsS26F4U/asr_subtitle/wavs/13GKsS26F4U_03423.wav,3.5907547,1.9125988,4.3509874,4.1706367,4.116168,NISQAv2
/data/nhandt23/Dataset/MMSData/13GKsS26F4U/asr_subtitle/wavs/13GKsS26F4U_03619.wav,3.6323092,1.853288,3.429157,4.014229,4.449737,NISQAv2
/data/nhandt23/Dataset/MMSData/13GKsS26F4U/asr_subtitle/wavs/13GKsS26F4U_02914.wav,3.6254015,2.27056,4.57456,4.1930437,4.1839,NISQAv2
/data/nhandt23/Dataset/MMSData/13GKsS26F4U/asr_subtitle/wavs/13GKsS26F4U_00117.wav,3.6181393,2.5620365,4.08253,3.9420187,3.7945073,NISQAv2
/data/nhandt23/Dataset/MMSData/13GKsS26F4U/asr_subtitle/wavs/13GKsS26F4U_02616.wav,2.5286357,2.014334,4.026599,4.0253673,3.4789116,NISQAv2
/data/nhandt23/Dataset/MMSData/13GKsS26F4U/asr_subtitle/wavs/13GKsS26F4U_02517.wav,4.0924273,2.398557,4.0065093,4.23349,4.166185,NISQAv2
/data/nhandt23/Dataset/MMSData/13GKsS26F4U/asr_subtitle/wavs/13GKsS26F4U_03249.wav,3.4514632,1.863317,4.269689,3.852732,3.6490347,NISQAv2
/data/nhandt23/Dataset/MMSData/13GKsS26F4U/asr_subtitle/wavs/13GKsS26F4U_00055.wav,3.73364,2.073807,4.154408,3.9953852,3.6731346,NISQAv2
/data/nhandt23/Dataset/MMSData/13GKsS26F4U/asr_subtitle/wavs/13GKsS26F4U_00479.wav,3.6489913,2.5948968,4.6964025,4.347606,4.2772274,NISQAv2
/data/nhandt23/Dataset/MMSData/13GKsS26F4U/asr_subtitle/wavs/13GKsS26F4U_01953.wav,3.5086133,2.814195,4.458992,4.147519,3.737983,NISQAv2
/data/nhandt23/Dataset/MMSData/13GKsS26F4U/asr_subtitle/wavs/13GKsS26F4U_00214.wav,4.1315928,2.4462354,4.420275,4.2480645,3.8135533,NISQAv2
/data/nhandt23/Dataset/MMSData/13GKsS26F4U/asr_subtitle/wavs/13GKsS26F4U_03739.wav,3.9274354,2.0710676,4.4860983,4.1777167,4.296988,NISQAv2
/data/nhandt23/Dataset/MMSData/13GKsS26F4U/asr_subtitle/wavs/13GKsS26F4U_03808.wav,3.496744,2.572527,4.4602475,4.263528,3.9884086,NISQAv2
/data/nhandt23/Dataset/MMSData/13GKsS26F4U/asr_subtitle/wavs/13GKsS26F4U_03212.wav,3.2436783,2.5975873,4.287509,3.8979647,3.992921,NISQAv2
/data/nhandt23/Dataset/MMSData/13GKsS26F4U/asr_subtitle/wavs/13GKsS26F4U_01482.wav,3.986695,2.840947,4.5504646,4.2412133,4.343292,NISQAv2
/data/nhandt23/Dataset/MMSData/13GKsS26F4U/asr_subtitle/wavs/13GKsS26F4U_03729.wav,3.6490595,3.3569071,4.360135,3.934433,3.7819426,NISQAv2
/data/nhandt23/Dataset/MMSData/13GKsS26F4U/asr_subtitle/wavs/13GKsS26F4U_00991.wav,3.7563503,2.769685,4.262725,4.0480943,3.996901,NISQAv2
/data/nhandt23/Dataset/MMSData/13GKsS26F4U/asr_subtitle/wavs/13GKsS26F4U_01686.wav,3.2081592,2.6424563,4.1861577,3.8317263,3.5045435,NISQAv2
/data/nhandt23/Dataset/MMSData/13GKsS26F4U/asr_subtitle/wavs/13GKsS26F4U_03045.wav,4.151247,1.8107917,4.612233,4.4082184,4.336648,NISQAv2
/data/nhandt23/Dataset/MMSData/13GKsS26F4U/asr_subtitle/wavs/13GKsS26F4U_04628.wav,2.2807686,2.4692376,2.4592369,3.2703197,4.0154414,NISQAv2
/data/nhandt23/Dataset/MMSData/13GKsS26F4U/asr_subtitle/wavs/13GKsS26F4U_02802.wav,2.8137646,1.7770847,3.8395221,3.9306104,3.9856107,NISQAv2
/data/nhandt23/Dataset/MMSData/13GKsS26F4U/asr_subtitle/wavs/13GKsS26F4U_03447.wav,3.347686,2.3141482,4.437839,3.9590685,4.2181125,NISQAv2
/data/nhandt23/Dataset/MMSData/13GKsS26F4U/asr_subtitle/wavs/13GKsS26F4U_03050.wav,4.0296626,2.420291,4.830619,4.337366,4.622226,NISQAv2
/data/nhandt23/Dataset/MMSData/13GKsS26F4U/asr_subtitle/wavs/13GKsS26F4U_04016.wav,2.4807959,2.2648635,3.788492,3.587225,3.567394,NISQAv2
/data/nhandt23/Dataset/MMSData/13GKsS26F4U/asr_subtitle/wavs/13GKsS26F4U_01062.wav,2.8693044,2.5527222,3.1460435,3.7316048,3.8849406,NISQAv2
/data/nhandt23/Dataset/MMSData/13GKsS26F4U/asr_subtitle/wavs/13GKsS26F4U_03021.wav,3.9320729,2.3102996,4.650922,4.2954607,4.2446284,NISQAv2
/data/nhandt23/Dataset/MMSData/13GKsS26F4U/asr_subtitle/wavs/13GKsS26F4U_03410.wav,2.2928376,2.1235802,2.8599827,3.966449,3.2164004,NISQAv2
/data/nhandt23/Dataset/MMSData/13GKsS26F4U/asr_subtitle/wavs/13GKsS26F4U_05132.wav,4.0887713,2.7955284,4.4769955,4.1707034,4.231005,NISQAv2
/data/nhandt23/Dataset/MMSData/13GKsS26F4U/asr_subtitle/wavs/13GKsS26F4U_03962.wav,2.906439,2.4662945,3.9067795,4.050159,3.8209875,NISQAv2
/data/nhandt23/Dataset/MMSData/13GKsS26F4U/asr_subtitle/wavs/13GKsS26F4U_04222.wav,3.5709665,2.3560207,3.7508433,3.7198522,4.0652843,NISQAv2
/data/nhandt23/Dataset/MMSData/13GKsS26F4U/asr_subtitle/wavs/13GKsS26F4U_04969.wav,4.032756,3.157523,4.5243154,4.1901608,3.6842456,NISQAv2
/data/nhandt23/Dataset/MMSData/13GKsS26F4U/asr_subtitle/wavs/13GKsS26F4U_02736.wav,3.624191,2.3576353,4.270816,4.084443,3.8831155,NISQAv2
/data/nhandt23/Dataset/MMSData/13GKsS26F4U/asr_subtitle/wavs/13GKsS26F4U_01495.wav,3.7481122,2.3248372,4.6881742,4.1660166,4.4499917,NISQAv2
/data/nhandt23/Dataset/MMSData/13GKsS26F4U/asr_subtitle/wavs/13GKsS26F4U_03287.wav,2.9475813,2.671906,4.1500063,4.1126914,3.4756188,NISQAv2
/data/nhandt23/Dataset/MMSData/13GKsS26F4U/asr_subtitle/wavs/13GKsS26F4U_04445.wav,3.4855096,2.4869626,4.411268,4.000745,3.5380878,NISQAv2
/data/nhandt23/Dataset/MMSData/13GKsS26F4U/asr_subtitle/wavs/13GKsS26F4U_02173.wav,2.8661408,2.15917,4.176652,4.069539,3.5568895,NISQAv2
/data/nhandt23/Dataset/MMSData/13GKsS26F4U/asr_subtitle/wavs/13GKsS26F4U_01616.wav,3.4905815,2.5045886,3.63994,4.1705794,4.170303,NISQAv2
/data/nhandt23/Dataset/MMSData/13GKsS26F4U/asr_subtitle/wavs/13GKsS26F4U_03519.wav,3.7167628,2.6133459,4.235171,4.0710406,3.4886532,NISQAv2
/data/nhandt23/Dataset/MMSData/13GKsS26F4U/asr_subtitle/wavs/13GKsS26F4U_02406.wav,3.289465,2.284321,3.2123992,4.008754,3.2196543,NISQAv2
/data/nhandt23/Dataset/MMSData/13GKsS26F4U/asr_subtitle/wavs/13GKsS26F4U_02012.wav,4.1123443,2.5096877,4.483441,4.3561134,4.272521,NISQAv2
/data/nhandt23/Dataset/MMSData/13GKsS26F4U/asr_subtitle/wavs/13GKsS26F4U_00150.wav,2.6143658,2.634265,3.81446,3.735676,3.6789954,NISQAv2
/data/nhandt23/Dataset/MMSData/13GKsS26F4U/asr_subtitle/wavs/13GKsS26F4U_03657.wav,2.7216663,2.3152826,3.9871087,3.6014159,3.4006429,NISQAv2
/data/nhandt23/Dataset/MMSData/13GKsS26F4U/asr_subtitle/wavs/13GKsS26F4U_05158.wav,4.0095615,2.0133133,4.485592,4.030016,4.1686597,NISQAv2
/data/nhandt23/Dataset/MMSData/13GKsS26F4U/asr_subtitle/wavs/13GKsS26F4U_02659.wav,3.5837123,2.3322737,4.371107,4.0204263,4.033,NISQAv2
/data/nhandt23/Dataset/MMSData/13GKsS26F4U/asr_subtitle/wavs/13GKsS26F4U_01271.wav,3.3458757,2.5842462,4.5539684,4.2264285,3.9686673,NISQAv2
/data/nhandt23/Dataset/MMSData/13GKsS26F4U/asr_subtitle/wavs/13GKsS26F4U_00413.wav,2.5690818,2.1848347,3.8958883,3.5932372,3.3746216,NISQAv2
/data/nhandt23/Dataset/MMSData/13GKsS26F4U/asr_subtitle/wavs/13GKsS26F4U_04026.wav,3.8597767,2.4643862,4.533697,4.1589518,4.0297456,NISQAv2
/data/nhandt23/Dataset/MMSData/13GKsS26F4U/asr_subtitle/wavs/13GKsS26F4U_00845.wav,3.039257,2.301803,4.1031528,4.1231046,3.9887016,NISQAv2
/data/nhandt23/Dataset/MMSData/13GKsS26F4U/asr_subtitle/wavs/13GKsS26F4U_04861.wav,3.2029607,2.4493868,3.4625647,3.918402,4.2420325,NISQAv2
/data/nhandt23/Dataset/MMSData/13GKsS26F4U/asr_subtitle/wavs/13GKsS26F4U_03638.wav,3.9966455,2.1069245,4.5578914,4.259767,4.1345587,NISQAv2
/data/nhandt23/Dataset/MMSData/13GKsS26F4U/asr_subtitle/wavs/13GKsS26F4U_02092.wav,3.091275,2.6566,3.289325,3.7034874,3.8593295,NISQAv2
/data/nhandt23/Dataset/MMSData/13GKsS26F4U/asr_subtitle/wavs/13GKsS26F4U_03829.wav,3.8841808,2.624914,4.657581,4.277413,4.299895,NISQAv2
/data/nhandt23/Dataset/MMSData/13GKsS26F4U/asr_subtitle/wavs/13GKsS26F4U_01905.wav,2.8219032,2.7017817,4.1574254,3.5863233,3.3903368,NISQAv2
/data/nhandt23/Dataset/MMSData/13GKsS26F4U/asr_subtitle/wavs/13GKsS26F4U_04000.wav,3.0792458,2.9358976,4.135262,3.9665306,4.0836864,NISQAv2
/data/nhandt23/Dataset/MMSData/13GKsS26F4U/asr_subtitle/wavs/13GKsS26F4U_01839.wav,2.4345493,2.068825,3.9635777,3.8241286,3.3869188,NISQAv2
/data/nhandt23/Dataset/MMSData/13GKsS26F4U/asr_subtitle/wavs/13GKsS26F4U_04770.wav,2.5037951,2.324958,3.5967562,3.3818786,2.8877225,NISQAv2
/data/nhandt23/Dataset/MMSData/13GKsS26F4U/asr_subtitle/wavs/13GKsS26F4U_00326.wav,2.7760842,2.7540295,4.212849,3.9271405,3.7360518,NISQAv2
/data/nhandt23/Dataset/MMSData/13GKsS26F4U/asr_subtitle/wavs/13GKsS26F4U_03107.wav,3.0990665,2.346154,4.301756,4.1923366,3.758653,NISQAv2
/data/nhandt23/Dataset/MMSData/13GKsS26F4U/asr_subtitle/wavs/13GKsS26F4U_04310.wav,3.3816843,2.9454682,4.4053984,4.055825,3.9925945,NISQAv2
/data/nhandt23/Dataset/MMSData/13GKsS26F4U/asr_subtitle/wavs/13GKsS26F4U_01097.wav,2.588206,2.6721325,3.703983,3.963228,3.949734,NISQAv2
/data/nhandt23/Dataset/MMSData/13GKsS26F4U/asr_subtitle/wavs/13GKsS26F4U_04378.wav,3.7476091,1.8837159,4.3544674,4.053107,3.4035127,NISQAv2
/data/nhandt23/Dataset/MMSData/13GKsS26F4U/asr_subtitle/wavs/13GKsS26F4U_01472.wav,3.3559492,1.8214533,4.57044,4.3661284,4.2670197,NISQAv2
/data/nhandt23/Dataset/MMSData/13GKsS26F4U/asr_subtitle/wavs/13GKsS26F4U_01840.wav,3.3519914,2.5409396,4.4176793,4.1242948,3.8902655,NISQAv2
/data/nhandt23/Dataset/MMSData/13GKsS26F4U/asr_subtitle/wavs/13GKsS26F4U_02261.wav,3.5753245,2.1455002,4.121054,3.8388946,3.678478,NISQAv2
/data/nhandt23/Dataset/MMSData/13GKsS26F4U/asr_subtitle/wavs/13GKsS26F4U_05056.wav,2.6525846,2.3196821,3.9933054,3.8925905,3.6600134,NISQAv2
/data/nhandt23/Dataset/MMSData/13GKsS26F4U/asr_subtitle/wavs/13GKsS26F4U_02337.wav,3.0634701,1.9872724,4.207159,3.7196774,3.3513553,NISQAv2
/data/nhandt23/Dataset/MMSData/13GKsS26F4U/asr_subtitle/wavs/13GKsS26F4U_01951.wav,2.9068675,2.6116302,3.2843935,3.8416212,3.949904,NISQAv2
/data/nhandt23/Dataset/MMSData/13GKsS26F4U/asr_subtitle/wavs/13GKsS26F4U_00614.wav,2.7392285,2.7838116,2.8237529,3.4782417,3.83774,NISQAv2
/data/nhandt23/Dataset/MMSData/13GKsS26F4U/asr_subtitle/wavs/13GKsS26F4U_01018.wav,2.8882787,2.184976,3.7045863,3.734255,3.8996842,NISQAv2
/data/nhandt23/Dataset/MMSData/13GKsS26F4U/asr_subtitle/wavs/13GKsS26F4U_04408.wav,3.8844576,2.4606035,4.3054895,4.163581,3.100773,NISQAv2
/data/nhandt23/Dataset/MMSData/13GKsS26F4U/asr_subtitle/wavs/13GKsS26F4U_03938.wav,4.1368847,2.4719336,4.601852,4.2907405,4.27663,NISQAv2
/data/nhandt23/Dataset/MMSData/13GKsS26F4U/asr_subtitle/wavs/13GKsS26F4U_02788.wav,3.4481742,2.6013596,4.4469137,4.1426077,4.136268,NISQAv2
/data/nhandt23/Dataset/MMSData/13GKsS26F4U/asr_subtitle/wavs/13GKsS26F4U_03455.wav,3.309033,2.1312795,4.212006,3.8437078,3.7503664,NISQAv2
/data/nhandt23/Dataset/MMSData/13GKsS26F4U/asr_subtitle/wavs/13GKsS26F4U_01137.wav,2.6903577,2.566352,3.3694243,3.3700454,3.7446826,NISQAv2
/data/nhandt23/Dataset/MMSData/13GKsS26F4U/asr_subtitle/wavs/13GKsS26F4U_02872.wav,3.6868873,1.9721342,4.261377,3.9025033,3.6537094,NISQAv2
/data/nhandt23/Dataset/MMSData/13GKsS26F4U/asr_subtitle/wavs/13GKsS26F4U_04175.wav,2.983887,2.7877903,3.7138417,3.7939818,3.6769917,NISQAv2
/data/nhandt23/Dataset/MMSData/13GKsS26F4U/asr_subtitle/wavs/13GKsS26F4U_02930.wav,3.344881,1.7819136,4.1647987,3.973381,3.8621476,NISQAv2
/data/nhandt23/Dataset/MMSData/13GKsS26F4U/asr_subtitle/wavs/13GKsS26F4U_01633.wav,3.7331555,2.8159144,4.306516,4.119743,3.9866006,NISQAv2
/data/nhandt23/Dataset/MMSData/13GKsS26F4U/asr_subtitle/wavs/13GKsS26F4U_03029.wav,3.8288476,2.6038885,4.4584794,4.1510196,4.0460324,NISQAv2
/data/nhandt23/Dataset/MMSData/13GKsS26F4U/asr_subtitle/wavs/13GKsS26F4U_01173.wav,3.5501115,2.5255244,4.106098,3.912767,3.9022303,NISQAv2
/data/nhandt23/Dataset/MMSData/13GKsS26F4U/asr_subtitle/wavs/13GKsS26F4U_03847.wav,3.7288063,2.1392777,4.0726433,4.2546744,4.2321687,NISQAv2
/data/nhandt23/Dataset/MMSData/13GKsS26F4U/asr_subtitle/wavs/13GKsS26F4U_03329.wav,2.8745618,1.8863866,3.2630374,3.5179434,3.7488167,NISQAv2
/data/nhandt23/Dataset/MMSData/13GKsS26F4U/asr_subtitle/wavs/13GKsS26F4U_01342.wav,4.121889,1.7238607,4.60715,4.299603,4.2708287,NISQAv2
/data/nhandt23/Dataset/MMSData/13GKsS26F4U/asr_subtitle/wavs/13GKsS26F4U_03073.wav,2.7053921,1.8256114,4.2208495,3.9888566,3.4754417,NISQAv2
/data/nhandt23/Dataset/MMSData/13GKsS26F4U/asr_subtitle/wavs/13GKsS26F4U_00376.wav,2.8892787,2.5637853,4.0429144,3.7188394,3.415879,NISQAv2
/data/nhandt23/Dataset/MMSData/13GKsS26F4U/asr_subtitle/wavs/13GKsS26F4U_00735.wav,2.6451442,2.8124874,3.1512215,3.6916325,3.78755,NISQAv2
/data/nhandt23/Dataset/MMSData/13GKsS26F4U/asr_subtitle/wavs/13GKsS26F4U_04179.wav,3.482434,2.58454,4.4182296,4.003073,3.987703,NISQAv2
/data/nhandt23/Dataset/MMSData/13GKsS26F4U/asr_subtitle/wavs/13GKsS26F4U_01979.wav,3.237078,2.6808345,4.433997,4.14586,3.1945832,NISQAv2
/data/nhandt23/Dataset/MMSData/13GKsS26F4U/asr_subtitle/wavs/13GKsS26F4U_01553.wav,3.249878,2.5364494,4.0850496,3.887923,4.06264,NISQAv2
/data/nhandt23/Dataset/MMSData/13GKsS26F4U/asr_subtitle/wavs/13GKsS26F4U_02829.wav,2.5726614,2.1496387,3.3032186,3.2696488,3.7156918,NISQAv2
/data/nhandt23/Dataset/MMSData/13GKsS26F4U/asr_subtitle/wavs/13GKsS26F4U_02003.wav,2.8992863,2.5178354,4.2826214,4.113837,3.930337,NISQAv2
/data/nhandt23/Dataset/MMSData/13GKsS26F4U/asr_subtitle/wavs/13GKsS26F4U_00417.wav,3.1887228,2.2964008,4.2006907,3.9132898,3.6569684,NISQAv2
/data/nhandt23/Dataset/MMSData/13GKsS26F4U/asr_subtitle/wavs/13GKsS26F4U_04884.wav,3.7326918,2.4350755,4.448688,4.3236136,4.0569806,NISQAv2
/data/nhandt23/Dataset/MMSData/13GKsS26F4U/asr_subtitle/wavs/13GKsS26F4U_01017.wav,3.6103046,2.5380476,4.2559137,4.0424476,3.6917903,NISQAv2
/data/nhandt23/Dataset/MMSData/13GKsS26F4U/asr_subtitle/wavs/13GKsS26F4U_00909.wav,2.8476,2.3766508,4.391902,3.9268901,3.9830298,NISQAv2
/data/nhandt23/Dataset/MMSData/13GKsS26F4U/asr_subtitle/wavs/13GKsS26F4U_00460.wav,3.462503,2.7629998,4.33567,4.106191,4.0417485,NISQAv2
/data/nhandt23/Dataset/MMSData/13GKsS26F4U/asr_subtitle/wavs/13GKsS26F4U_01861.wav,3.4074905,2.3820164,4.0045104,4.006421,3.737095,NISQAv2
/data/nhandt23/Dataset/MMSData/13GKsS26F4U/asr_subtitle/wavs/13GKsS26F4U_03749.wav,3.3183157,2.494929,4.545351,4.343792,4.1145034,NISQAv2
/data/nhandt23/Dataset/MMSData/13GKsS26F4U/asr_subtitle/wavs/13GKsS26F4U_04802.wav,2.7465975,2.6209204,3.9553254,4.0471444,4.207178,NISQAv2
/data/nhandt23/Dataset/MMSData/13GKsS26F4U/asr_subtitle/wavs/13GKsS26F4U_02242.wav,3.21399,2.4687397,4.228926,4.0143166,4.018244,NISQAv2
/data/nhandt23/Dataset/MMSData/13GKsS26F4U/asr_subtitle/wavs/13GKsS26F4U_00458.wav,4.0680833,2.2436774,4.310197,4.1036897,4.1425905,NISQAv2
/data/nhandt23/Dataset/MMSData/13GKsS26F4U/asr_subtitle/wavs/13GKsS26F4U_03456.wav,3.2745152,2.156688,4.100707,3.975023,3.8680947,NISQAv2
/data/nhandt23/Dataset/MMSData/13GKsS26F4U/asr_subtitle/wavs/13GKsS26F4U_04965.wav,3.508691,2.9453576,4.4659476,4.0322733,3.9935272,NISQAv2
/data/nhandt23/Dataset/MMSData/13GKsS26F4U/asr_subtitle/wavs/13GKsS26F4U_03121.wav,2.3536923,2.3243725,3.7436886,3.520235,3.3847125,NISQAv2
/data/nhandt23/Dataset/MMSData/13GKsS26F4U/asr_subtitle/wavs/13GKsS26F4U_01926.wav,2.9897563,2.1813686,4.372421,3.969048,3.9859495,NISQAv2
/data/nhandt23/Dataset/MMSData/13GKsS26F4U/asr_subtitle/wavs/13GKsS26F4U_00641.wav,3.9922612,2.5082006,4.408947,4.1184654,3.8215525,NISQAv2
/data/nhandt23/Dataset/MMSData/13GKsS26F4U/asr_subtitle/wavs/13GKsS26F4U_02220.wav,3.6484742,2.457621,3.9567547,3.9460852,4.1973133,NISQAv2
/data/nhandt23/Dataset/MMSData/13GKsS26F4U/asr_subtitle/wavs/13GKsS26F4U_03218.wav,3.6912942,1.7875082,4.1406527,3.601187,3.2456312,NISQAv2
/data/nhandt23/Dataset/MMSData/13GKsS26F4U/asr_subtitle/wavs/13GKsS26F4U_05034.wav,4.088402,2.566559,4.4477735,4.0448594,3.8378084,NISQAv2
/data/nhandt23/Dataset/MMSData/13GKsS26F4U/asr_subtitle/wavs/13GKsS26F4U_01156.wav,3.9011428,2.3943837,4.5928774,4.197697,3.709749,NISQAv2
/data/nhandt23/Dataset/MMSData/13GKsS26F4U/asr_subtitle/wavs/13GKsS26F4U_00702.wav,2.565169,2.9175985,3.1353614,3.4295092,3.612285,NISQAv2
/data/nhandt23/Dataset/MMSData/13GKsS26F4U/asr_subtitle/wavs/13GKsS26F4U_02509.wav,3.1836107,2.401171,4.0261984,3.9309218,3.5817728,NISQAv2
/data/nhandt23/Dataset/MMSData/13GKsS26F4U/asr_subtitle/wavs/13GKsS26F4U_03984.wav,2.8549645,2.7568264,4.077613,3.3693542,2.9270694,NISQAv2
/data/nhandt23/Dataset/MMSData/13GKsS26F4U/asr_subtitle/wavs/13GKsS26F4U_00260.wav,3.4884317,2.3524275,4.472245,4.1520877,3.7020574,NISQAv2
/data/nhandt23/Dataset/MMSData/13GKsS26F4U/asr_subtitle/wavs/13GKsS26F4U_00474.wav,2.9220145,2.5399077,3.5084693,3.8051379,3.7093704,NISQAv2
/data/nhandt23/Dataset/MMSData/13GKsS26F4U/asr_subtitle/wavs/13GKsS26F4U_00693.wav,2.621663,3.344389,3.8101485,3.2273865,3.1705415,NISQAv2
/data/nhandt23/Dataset/MMSData/13GKsS26F4U/asr_subtitle/wavs/13GKsS26F4U_01912.wav,3.4583397,2.041767,4.497291,4.132008,3.8090127,NISQAv2
/data/nhandt23/Dataset/MMSData/13GKsS26F4U/asr_subtitle/wavs/13GKsS26F4U_02479.wav,3.3842032,2.6937497,4.188408,3.8730905,3.4791362,NISQAv2
/data/nhandt23/Dataset/MMSData/13GKsS26F4U/asr_subtitle/wavs/13GKsS26F4U_02256.wav,2.6364124,2.5630493,3.87622,3.728394,3.2416573,NISQAv2
/data/nhandt23/Dataset/MMSData/13GKsS26F4U/asr_subtitle/wavs/13GKsS26F4U_00199.wav,3.7190435,2.6955113,4.532815,4.3100905,3.8831294,NISQAv2
/data/nhandt23/Dataset/MMSData/13GKsS26F4U/asr_subtitle/wavs/13GKsS26F4U_03760.wav,2.9814928,2.0463345,2.5356402,3.4970012,3.4482398,NISQAv2
/data/nhandt23/Dataset/MMSData/13GKsS26F4U/asr_subtitle/wavs/13GKsS26F4U_02089.wav,3.476763,2.0323021,4.421094,4.152359,3.7130983,NISQAv2
/data/nhandt23/Dataset/MMSData/13GKsS26F4U/asr_subtitle/wavs/13GKsS26F4U_01347.wav,2.6778464,2.8197634,3.808847,3.757253,3.7893078,NISQAv2
/data/nhandt23/Dataset/MMSData/13GKsS26F4U/asr_subtitle/wavs/13GKsS26F4U_03798.wav,3.785612,2.0381408,4.55075,4.2846127,4.0887866,NISQAv2
/data/nhandt23/Dataset/MMSData/13GKsS26F4U/asr_subtitle/wavs/13GKsS26F4U_00013.wav,4.03605,2.9674091,4.7408466,4.4672756,4.165404,NISQAv2
/data/nhandt23/Dataset/MMSData/13GKsS26F4U/asr_subtitle/wavs/13GKsS26F4U_04088.wav,2.4985714,2.9229999,2.8137884,3.6017091,3.7941153,NISQAv2
/data/nhandt23/Dataset/MMSData/13GKsS26F4U/asr_subtitle/wavs/13GKsS26F4U_02511.wav,3.6356769,2.2170355,4.433404,4.2584276,3.8722103,NISQAv2
/data/nhandt23/Dataset/MMSData/13GKsS26F4U/asr_subtitle/wavs/13GKsS26F4U_01716.wav,2.3608663,2.3432121,4.027365,3.870002,3.8241215,NISQAv2
/data/nhandt23/Dataset/MMSData/13GKsS26F4U/asr_subtitle/wavs/13GKsS26F4U_02545.wav,2.8508894,2.5254023,4.1412587,4.005515,3.6254923,NISQAv2
/data/nhandt23/Dataset/MMSData/13GKsS26F4U/asr_subtitle/wavs/13GKsS26F4U_00289.wav,3.1871605,2.1765628,4.3035994,4.064959,4.2439427,NISQAv2
/data/nhandt23/Dataset/MMSData/13GKsS26F4U/asr_subtitle/wavs/13GKsS26F4U_04789.wav,3.0997913,2.3834817,4.199091,3.587926,3.5258396,NISQAv2
/data/nhandt23/Dataset/MMSData/13GKsS26F4U/asr_subtitle/wavs/13GKsS26F4U_02214.wav,4.01636,2.7033727,4.3138404,4.2806125,3.976928,NISQAv2
/data/nhandt23/Dataset/MMSData/13GKsS26F4U/asr_subtitle/wavs/13GKsS26F4U_04030.wav,2.9996803,2.425614,4.419344,4.1871095,3.9407785,NISQAv2
/data/nhandt23/Dataset/MMSData/13GKsS26F4U/asr_subtitle/wavs/13GKsS26F4U_02163.wav,4.0454254,2.3446958,4.5528574,4.2850924,3.6696274,NISQAv2
/data/nhandt23/Dataset/MMSData/13GKsS26F4U/asr_subtitle/wavs/13GKsS26F4U_04948.wav,3.978378,2.60415,4.1333685,4.0655227,3.6621888,NISQAv2
/data/nhandt23/Dataset/MMSData/13GKsS26F4U/asr_subtitle/wavs/13GKsS26F4U_00930.wav,2.844301,2.5711324,3.5649433,3.7055345,3.6496565,NISQAv2
/data/nhandt23/Dataset/MMSData/13GKsS26F4U/asr_subtitle/wavs/13GKsS26F4U_00781.wav,2.799054,2.7965138,4.179921,3.869139,3.9139416,NISQAv2
/data/nhandt23/Dataset/MMSData/13GKsS26F4U/asr_subtitle/wavs/13GKsS26F4U_02883.wav,3.3684647,2.358677,4.425126,4.2268386,4.13862,NISQAv2
/data/nhandt23/Dataset/MMSData/13GKsS26F4U/asr_subtitle/wavs/13GKsS26F4U_04730.wav,4.0628614,2.5253665,4.617881,4.259607,4.156493,NISQAv2
/data/nhandt23/Dataset/MMSData/13GKsS26F4U/asr_subtitle/wavs/13GKsS26F4U_00321.wav,2.23759,2.3339372,2.8717632,3.426023,2.7384334,NISQAv2
/data/nhandt23/Dataset/MMSData/13GKsS26F4U/asr_subtitle/wavs/13GKsS26F4U_04171.wav,3.3447354,3.0031247,3.8748012,3.84627,3.9211304,NISQAv2
/data/nhandt23/Dataset/MMSData/13GKsS26F4U/asr_subtitle/wavs/13GKsS26F4U_03690.wav,3.0792713,2.3655493,4.08817,4.0530725,3.657988,NISQAv2
/data/nhandt23/Dataset/MMSData/13GKsS26F4U/asr_subtitle/wavs/13GKsS26F4U_00104.wav,2.7378604,2.5994976,4.14233,4.019505,3.2183604,NISQAv2
/data/nhandt23/Dataset/MMSData/13GKsS26F4U/asr_subtitle/wavs/13GKsS26F4U_03851.wav,3.2632606,1.7234422,4.147486,4.137528,4.1688914,NISQAv2
/data/nhandt23/Dataset/MMSData/13GKsS26F4U/asr_subtitle/wavs/13GKsS26F4U_04734.wav,3.6618636,2.2979887,4.350156,4.1624684,4.2024527,NISQAv2
/data/nhandt23/Dataset/MMSData/13GKsS26F4U/asr_subtitle/wavs/13GKsS26F4U_00464.wav,3.4075541,2.563735,4.3784227,4.169295,3.7323506,NISQAv2
/data/nhandt23/Dataset/MMSData/13GKsS26F4U/asr_subtitle/wavs/13GKsS26F4U_02781.wav,3.3067236,2.0481565,3.7109468,4.1522813,4.472305,NISQAv2
/data/nhandt23/Dataset/MMSData/13GKsS26F4U/asr_subtitle/wavs/13GKsS26F4U_00472.wav,2.5235999,2.3544784,2.6422296,3.4929373,3.508742,NISQAv2
/data/nhandt23/Dataset/MMSData/13GKsS26F4U/asr_subtitle/wavs/13GKsS26F4U_00668.wav,2.650839,2.6463215,4.32375,4.1155233,3.447827,NISQAv2
/data/nhandt23/Dataset/MMSData/13GKsS26F4U/asr_subtitle/wavs/13GKsS26F4U_02142.wav,3.951238,2.1388469,4.5792637,4.279732,4.3503256,NISQAv2
/data/nhandt23/Dataset/MMSData/13GKsS26F4U/asr_subtitle/wavs/13GKsS26F4U_03003.wav,3.0416405,1.9195037,4.340663,3.8575437,4.000541,NISQAv2
/data/nhandt23/Dataset/MMSData/13GKsS26F4U/asr_subtitle/wavs/13GKsS26F4U_04093.wav,3.7375894,2.8596337,4.3833537,4.192233,3.4691021,NISQAv2
/data/nhandt23/Dataset/MMSData/13GKsS26F4U/asr_subtitle/wavs/13GKsS26F4U_04320.wav,2.623666,2.5055926,3.8060806,4.0427766,3.739047,NISQAv2
/data/nhandt23/Dataset/MMSData/13GKsS26F4U/asr_subtitle/wavs/13GKsS26F4U_00113.wav,3.4770439,2.3794034,4.384424,4.1235976,3.747507,NISQAv2
/data/nhandt23/Dataset/MMSData/13GKsS26F4U/asr_subtitle/wavs/13GKsS26F4U_04232.wav,3.9979074,2.2606573,4.5615463,4.3312864,4.3282385,NISQAv2
/data/nhandt23/Dataset/MMSData/13GKsS26F4U/asr_subtitle/wavs/13GKsS26F4U_01808.wav,3.5007277,1.8167276,4.266439,4.096484,3.7667317,NISQAv2
/data/nhandt23/Dataset/MMSData/13GKsS26F4U/asr_subtitle/wavs/13GKsS26F4U_03921.wav,3.5733006,2.6164806,4.3922205,4.1303334,3.9369068,NISQAv2
/data/nhandt23/Dataset/MMSData/13GKsS26F4U/asr_subtitle/wavs/13GKsS26F4U_00257.wav,3.2174923,2.2214878,4.121635,3.7781024,3.2844365,NISQAv2
/data/nhandt23/Dataset/MMSData/13GKsS26F4U/asr_subtitle/wavs/13GKsS26F4U_02968.wav,2.7933881,1.9685256,4.0407743,4.0523586,3.6783311,NISQAv2
/data/nhandt23/Dataset/MMSData/13GKsS26F4U/asr_subtitle/wavs/13GKsS26F4U_01789.wav,3.2410648,2.2363343,4.129437,4.0062537,3.95443,NISQAv2
/data/nhandt23/Dataset/MMSData/13GKsS26F4U/asr_subtitle/wavs/13GKsS26F4U_04464.wav,3.6692169,2.8738396,4.5684233,4.136484,4.203097,NISQAv2
/data/nhandt23/Dataset/MMSData/13GKsS26F4U/asr_subtitle/wavs/13GKsS26F4U_04888.wav,3.205143,2.413577,4.225626,4.0048695,3.5830412,NISQAv2
/data/nhandt23/Dataset/MMSData/13GKsS26F4U/asr_subtitle/wavs/13GKsS26F4U_04259.wav,2.8760853,2.1387863,3.4632576,3.6923163,3.5709698,NISQAv2
/data/nhandt23/Dataset/MMSData/13GKsS26F4U/asr_subtitle/wavs/13GKsS26F4U_00505.wav,4.00635,2.4639938,4.4920855,4.221872,3.7123156,NISQAv2
/data/nhandt23/Dataset/MMSData/13GKsS26F4U/asr_subtitle/wavs/13GKsS26F4U_00967.wav,3.8266256,2.0018146,4.4619465,4.271436,4.1624427,NISQAv2
/data/nhandt23/Dataset/MMSData/13GKsS26F4U/asr_subtitle/wavs/13GKsS26F4U_02330.wav,3.3766277,2.2198384,4.284398,4.1855874,3.788214,NISQAv2
/data/nhandt23/Dataset/MMSData/13GKsS26F4U/asr_subtitle/wavs/13GKsS26F4U_01059.wav,2.955807,1.9247413,4.303358,3.995653,3.6434577,NISQAv2
/data/nhandt23/Dataset/MMSData/13GKsS26F4U/asr_subtitle/wavs/13GKsS26F4U_01721.wav,2.6995761,2.0669074,3.9779565,3.8370712,3.2534702,NISQAv2
/data/nhandt23/Dataset/MMSData/13GKsS26F4U/asr_subtitle/wavs/13GKsS26F4U_04500.wav,2.10192,2.0509927,3.0990808,3.3049583,2.8564713,NISQAv2
/data/nhandt23/Dataset/MMSData/13GKsS26F4U/asr_subtitle/wavs/13GKsS26F4U_02346.wav,3.2574017,2.4243772,4.4759183,4.063585,3.58456,NISQAv2
/data/nhandt23/Dataset/MMSData/13GKsS26F4U/asr_subtitle/wavs/13GKsS26F4U_05077.wav,4.2196345,2.3256648,4.5842514,4.268939,4.124396,NISQAv2
/data/nhandt23/Dataset/MMSData/13GKsS26F4U/asr_subtitle/wavs/13GKsS26F4U_03037.wav,2.8232024,1.746147,3.9443555,3.727584,3.8478732,NISQAv2
/data/nhandt23/Dataset/MMSData/13GKsS26F4U/asr_subtitle/wavs/13GKsS26F4U_01948.wav,3.6899862,2.52837,4.5289297,4.3044567,3.7959123,NISQAv2
/data/nhandt23/Dataset/MMSData/13GKsS26F4U/asr_subtitle/wavs/13GKsS26F4U_04988.wav,2.3800242,2.4769459,3.7984543,3.8800144,4.0403223,NISQAv2
/data/nhandt23/Dataset/MMSData/13GKsS26F4U/asr_subtitle/wavs/13GKsS26F4U_03209.wav,3.8797703,2.935434,4.2812243,4.013597,4.247376,NISQAv2
/data/nhandt23/Dataset/MMSData/13GKsS26F4U/asr_subtitle/wavs/13GKsS26F4U_00254.wav,3.9324076,2.51435,4.63519,4.4171996,4.274936,NISQAv2
/data/nhandt23/Dataset/MMSData/13GKsS26F4U/asr_subtitle/wavs/13GKsS26F4U_04480.wav,2.7150822,2.1918714,3.9634476,3.6798308,3.694649,NISQAv2
/data/nhandt23/Dataset/MMSData/13GKsS26F4U/asr_subtitle/wavs/13GKsS26F4U_01732.wav,3.5760164,2.308715,4.4911957,4.1985097,4.0321527,NISQAv2
/data/nhandt23/Dataset/MMSData/13GKsS26F4U/asr_subtitle/wavs/13GKsS26F4U_04690.wav,3.9857814,2.5018752,4.6903353,4.2338443,4.1931853,NISQAv2
/data/nhandt23/Dataset/MMSData/13GKsS26F4U/asr_subtitle/wavs/13GKsS26F4U_04207.wav,2.9219258,2.2445679,3.9948924,3.8228753,3.1476777,NISQAv2
/data/nhandt23/Dataset/MMSData/13GKsS26F4U/asr_subtitle/wavs/13GKsS26F4U_02440.wav,4.1371775,2.0130105,4.6227283,4.23606,4.2004137,NISQAv2
/data/nhandt23/Dataset/MMSData/13GKsS26F4U/asr_subtitle/wavs/13GKsS26F4U_04305.wav,2.3092606,1.911237,3.1343696,3.699338,3.4185243,NISQAv2
/data/nhandt23/Dataset/MMSData/13GKsS26F4U/asr_subtitle/wavs/13GKsS26F4U_00246.wav,3.1426284,2.3108172,4.6202097,4.055427,3.9128432,NISQAv2
/data/nhandt23/Dataset/MMSData/13GKsS26F4U/asr_subtitle/wavs/13GKsS26F4U_03871.wav,3.429263,2.5951316,4.298235,3.9346776,2.995465,NISQAv2
/data/nhandt23/Dataset/MMSData/13GKsS26F4U/asr_subtitle/wavs/13GKsS26F4U_00330.wav,3.854229,2.2734435,4.4419937,4.23361,4.304212,NISQAv2
/data/nhandt23/Dataset/MMSData/13GKsS26F4U/asr_subtitle/wavs/13GKsS26F4U_02771.wav,3.1113355,2.396135,4.45732,4.20625,3.8990002,NISQAv2
/data/nhandt23/Dataset/MMSData/13GKsS26F4U/asr_subtitle/wavs/13GKsS26F4U_04021.wav,3.8201344,2.924606,4.4551196,4.132545,4.026566,NISQAv2
/data/nhandt23/Dataset/MMSData/13GKsS26F4U/asr_subtitle/wavs/13GKsS26F4U_01991.wav,3.1397662,2.6684902,3.6305916,3.905309,3.9446843,NISQAv2
/data/nhandt23/Dataset/MMSData/13GKsS26F4U/asr_subtitle/wavs/13GKsS26F4U_01157.wav,3.5765688,2.9955246,4.3309884,4.453761,4.403005,NISQAv2
/data/nhandt23/Dataset/MMSData/13GKsS26F4U/asr_subtitle/wavs/13GKsS26F4U_04429.wav,2.8240228,2.4250393,4.1352463,3.95204,3.8267267,NISQAv2
/data/nhandt23/Dataset/MMSData/13GKsS26F4U/asr_subtitle/wavs/13GKsS26F4U_04370.wav,3.0884683,2.7411084,3.859821,3.7623496,3.6898491,NISQAv2
/data/nhandt23/Dataset/MMSData/13GKsS26F4U/asr_subtitle/wavs/13GKsS26F4U_03892.wav,3.6678483,2.5687716,4.447153,3.9993293,3.5065467,NISQAv2
/data/nhandt23/Dataset/MMSData/13GKsS26F4U/asr_subtitle/wavs/13GKsS26F4U_01416.wav,3.9890642,1.8232031,4.808384,4.3383913,4.566831,NISQAv2
/data/nhandt23/Dataset/MMSData/13GKsS26F4U/asr_subtitle/wavs/13GKsS26F4U_00743.wav,3.9732568,2.5523643,4.2774925,3.9936116,3.987095,NISQAv2
/data/nhandt23/Dataset/MMSData/13GKsS26F4U/asr_subtitle/wavs/13GKsS26F4U_01078.wav,2.6479132,2.54566,4.102344,3.787154,3.6498725,NISQAv2
/data/nhandt23/Dataset/MMSData/13GKsS26F4U/asr_subtitle/wavs/13GKsS26F4U_02967.wav,3.5984523,2.216679,4.5195065,4.204478,3.8858278,NISQAv2
/data/nhandt23/Dataset/MMSData/13GKsS26F4U/asr_subtitle/wavs/13GKsS26F4U_00450.wav,3.4327772,2.2601192,4.511175,4.2388034,3.7767117,NISQAv2
/data/nhandt23/Dataset/MMSData/13GKsS26F4U/asr_subtitle/wavs/13GKsS26F4U_04329.wav,4.096487,1.9993793,4.4506245,4.129247,3.7198071,NISQAv2
/data/nhandt23/Dataset/MMSData/13GKsS26F4U/asr_subtitle/wavs/13GKsS26F4U_01573.wav,3.2566988,2.0091105,4.4717355,4.029749,3.7006867,NISQAv2
/data/nhandt23/Dataset/MMSData/13GKsS26F4U/asr_subtitle/wavs/13GKsS26F4U_04613.wav,3.0428488,2.1712394,4.179792,4.07575,3.687608,NISQAv2
/data/nhandt23/Dataset/MMSData/13GKsS26F4U/asr_subtitle/wavs/13GKsS26F4U_01428.wav,3.827411,2.2467315,4.8182,4.212648,4.020617,NISQAv2
/data/nhandt23/Dataset/MMSData/13GKsS26F4U/asr_subtitle/wavs/13GKsS26F4U_03432.wav,3.103007,2.0489004,3.9632804,4.3872895,4.4508653,NISQAv2
/data/nhandt23/Dataset/MMSData/13GKsS26F4U/asr_subtitle/wavs/13GKsS26F4U_02149.wav,3.480107,2.6686003,4.573209,4.267741,4.1989655,NISQAv2
/data/nhandt23/Dataset/MMSData/13GKsS26F4U/asr_subtitle/wavs/13GKsS26F4U_02730.wav,2.816456,1.9869864,4.199445,3.977565,3.890897,NISQAv2
/data/nhandt23/Dataset/MMSData/13GKsS26F4U/asr_subtitle/wavs/13GKsS26F4U_03836.wav,2.5112445,2.5063515,3.700127,3.3313577,3.0077286,NISQAv2
/data/nhandt23/Dataset/MMSData/13GKsS26F4U/asr_subtitle/wavs/13GKsS26F4U_00790.wav,3.3211606,2.2680173,4.2534723,3.9514692,3.6516933,NISQAv2
/data/nhandt23/Dataset/MMSData/13GKsS26F4U/asr_subtitle/wavs/13GKsS26F4U_00607.wav,2.4283009,2.3014889,4.147614,4.142435,3.4410703,NISQAv2
/data/nhandt23/Dataset/MMSData/13GKsS26F4U/asr_subtitle/wavs/13GKsS26F4U_04722.wav,2.8444827,2.0045762,4.211731,3.9244747,2.794208,NISQAv2
/data/nhandt23/Dataset/MMSData/13GKsS26F4U/asr_subtitle/wavs/13GKsS26F4U_01588.wav,3.5037208,2.0827048,4.1764145,4.104313,3.6344235,NISQAv2
/data/nhandt23/Dataset/MMSData/13GKsS26F4U/asr_subtitle/wavs/13GKsS26F4U_04696.wav,3.029069,2.445375,4.426831,4.113665,3.4465365,NISQAv2
/data/nhandt23/Dataset/MMSData/13GKsS26F4U/asr_subtitle/wavs/13GKsS26F4U_01863.wav,3.5733354,2.0181706,4.450975,4.1958013,3.644355,NISQAv2
/data/nhandt23/Dataset/MMSData/13GKsS26F4U/asr_subtitle/wavs/13GKsS26F4U_01937.wav,3.5120184,2.6042457,4.0439005,3.611921,3.4781678,NISQAv2
/data/nhandt23/Dataset/MMSData/13GKsS26F4U/asr_subtitle/wavs/13GKsS26F4U_02102.wav,3.0218437,2.0709147,4.136136,3.9062638,3.6160989,NISQAv2
/data/nhandt23/Dataset/MMSData/13GKsS26F4U/asr_subtitle/wavs/13GKsS26F4U_01942.wav,2.9625719,2.3407602,4.163831,3.7645636,3.8301451,NISQAv2
/data/nhandt23/Dataset/MMSData/13GKsS26F4U/asr_subtitle/wavs/13GKsS26F4U_00386.wav,3.0473468,2.5093575,4.3296437,3.924915,3.7820027,NISQAv2
/data/nhandt23/Dataset/MMSData/13GKsS26F4U/asr_subtitle/wavs/13GKsS26F4U_00792.wav,3.1066601,2.2232015,4.223819,4.028636,3.2636666,NISQAv2
/data/nhandt23/Dataset/MMSData/13GKsS26F4U/asr_subtitle/wavs/13GKsS26F4U_00353.wav,3.114943,2.324252,4.279026,4.1001225,3.365476,NISQAv2
/data/nhandt23/Dataset/MMSData/13GKsS26F4U/asr_subtitle/wavs/13GKsS26F4U_03413.wav,3.366358,2.1177664,4.4004545,4.2400613,4.1361613,NISQAv2
/data/nhandt23/Dataset/MMSData/13GKsS26F4U/asr_subtitle/wavs/13GKsS26F4U_01484.wav,3.2829192,1.8784277,4.4422255,3.9720545,3.338061,NISQAv2
/data/nhandt23/Dataset/MMSData/13GKsS26F4U/asr_subtitle/wavs/13GKsS26F4U_01351.wav,3.687446,1.7167618,4.564289,4.2194953,3.3383496,NISQAv2
/data/nhandt23/Dataset/MMSData/13GKsS26F4U/asr_subtitle/wavs/13GKsS26F4U_02739.wav,4.153534,2.3370104,4.3928385,4.125297,4.394348,NISQAv2
/data/nhandt23/Dataset/MMSData/13GKsS26F4U/asr_subtitle/wavs/13GKsS26F4U_00627.wav,2.664666,1.543079,3.6505067,3.6201808,3.603029,NISQAv2
/data/nhandt23/Dataset/MMSData/13GKsS26F4U/asr_subtitle/wavs/13GKsS26F4U_02037.wav,3.8039544,2.8009255,3.3898728,4.1988516,4.2740545,NISQAv2
/data/nhandt23/Dataset/MMSData/13GKsS26F4U/asr_subtitle/wavs/13GKsS26F4U_04641.wav,3.6108062,2.112854,4.621916,4.2903814,4.154858,NISQAv2
/data/nhandt23/Dataset/MMSData/13GKsS26F4U/asr_subtitle/wavs/13GKsS26F4U_00009.wav,3.5653505,2.250044,4.438575,4.063648,3.5691974,NISQAv2
/data/nhandt23/Dataset/MMSData/13GKsS26F4U/asr_subtitle/wavs/13GKsS26F4U_00565.wav,3.0627153,2.8191564,4.044501,3.7998548,3.8305202,NISQAv2
/data/nhandt23/Dataset/MMSData/13GKsS26F4U/asr_subtitle/wavs/13GKsS26F4U_00675.wav,2.2465699,2.3014052,3.042392,3.3902721,3.333247,NISQAv2
/data/nhandt23/Dataset/MMSData/13GKsS26F4U/asr_subtitle/wavs/13GKsS26F4U_00162.wav,3.986916,2.4787579,4.487851,4.343881,4.161821,NISQAv2
/data/nhandt23/Dataset/MMSData/13GKsS26F4U/asr_subtitle/wavs/13GKsS26F4U_02407.wav,3.099425,1.8354824,4.189308,4.2207828,3.6900024,NISQAv2
/data/nhandt23/Dataset/MMSData/13GKsS26F4U/asr_subtitle/wavs/13GKsS26F4U_00438.wav,4.293,3.2274663,4.7103415,4.4145904,4.2933955,NISQAv2
/data/nhandt23/Dataset/MMSData/13GKsS26F4U/asr_subtitle/wavs/13GKsS26F4U_01685.wav,3.5769541,2.6532848,4.4794574,4.3201795,4.2717333,NISQAv2
/data/nhandt23/Dataset/MMSData/13GKsS26F4U/asr_subtitle/wavs/13GKsS26F4U_01506.wav,3.5028574,2.4188082,4.2449517,3.9975226,3.3261561,NISQAv2
/data/nhandt23/Dataset/MMSData/13GKsS26F4U/asr_subtitle/wavs/13GKsS26F4U_01085.wav,3.2814453,2.5915122,3.3384724,3.410795,4.136727,NISQAv2
/data/nhandt23/Dataset/MMSData/13GKsS26F4U/asr_subtitle/wavs/13GKsS26F4U_03191.wav,3.6022193,2.2492688,3.7331264,3.971705,3.8851483,NISQAv2
/data/nhandt23/Dataset/MMSData/13GKsS26F4U/asr_subtitle/wavs/13GKsS26F4U_04227.wav,2.998405,2.2192662,4.3381047,4.1279054,3.8346262,NISQAv2
/data/nhandt23/Dataset/MMSData/13GKsS26F4U/asr_subtitle/wavs/13GKsS26F4U_03898.wav,3.1950274,2.4779112,4.178741,4.0917735,4.03866,NISQAv2
/data/nhandt23/Dataset/MMSData/13GKsS26F4U/asr_subtitle/wavs/13GKsS26F4U_00584.wav,2.9039538,2.387177,4.196561,3.7370703,3.4425917,NISQAv2
/data/nhandt23/Dataset/MMSData/13GKsS26F4U/asr_subtitle/wavs/13GKsS26F4U_00666.wav,3.2457335,2.3131711,4.0335436,3.9151323,3.29223,NISQAv2
/data/nhandt23/Dataset/MMSData/13GKsS26F4U/asr_subtitle/wavs/13GKsS26F4U_02351.wav,3.1712143,2.251405,4.4628277,3.9894993,3.923667,NISQAv2
/data/nhandt23/Dataset/MMSData/13GKsS26F4U/asr_subtitle/wavs/13GKsS26F4U_00364.wav,2.808686,2.7732017,4.3318825,4.1304517,4.051985,NISQAv2
/data/nhandt23/Dataset/MMSData/13GKsS26F4U/asr_subtitle/wavs/13GKsS26F4U_04761.wav,3.6230333,2.5744944,4.5294323,4.187921,3.7433765,NISQAv2
/data/nhandt23/Dataset/MMSData/13GKsS26F4U/asr_subtitle/wavs/13GKsS26F4U_01684.wav,2.8686244,2.4726162,4.2608953,4.0589767,3.718531,NISQAv2
/data/nhandt23/Dataset/MMSData/13GKsS26F4U/asr_subtitle/wavs/13GKsS26F4U_00596.wav,3.8208864,2.7164934,4.43906,4.227311,3.9955835,NISQAv2
/data/nhandt23/Dataset/MMSData/13GKsS26F4U/asr_subtitle/wavs/13GKsS26F4U_05069.wav,3.8185725,2.0995047,4.7778807,4.3364263,4.5254197,NISQAv2
/data/nhandt23/Dataset/MMSData/13GKsS26F4U/asr_subtitle/wavs/13GKsS26F4U_02136.wav,3.7828567,1.7596617,4.5546722,4.264061,3.7601836,NISQAv2
/data/nhandt23/Dataset/MMSData/13GKsS26F4U/asr_subtitle/wavs/13GKsS26F4U_04460.wav,2.9011998,2.8589418,3.5744197,3.808474,3.2911985,NISQAv2
/data/nhandt23/Dataset/MMSData/13GKsS26F4U/asr_subtitle/wavs/13GKsS26F4U_02087.wav,3.706684,2.5036156,4.48801,4.087049,4.0203586,NISQAv2
/data/nhandt23/Dataset/MMSData/13GKsS26F4U/asr_subtitle/wavs/13GKsS26F4U_04562.wav,2.8422422,2.5835614,4.40112,4.2520022,3.9782057,NISQAv2
/data/nhandt23/Dataset/MMSData/13GKsS26F4U/asr_subtitle/wavs/13GKsS26F4U_02021.wav,3.3439958,2.3976767,4.4565444,4.236934,3.8424938,NISQAv2
/data/nhandt23/Dataset/MMSData/13GKsS26F4U/asr_subtitle/wavs/13GKsS26F4U_02230.wav,2.8955586,2.9118764,4.0611863,4.0420675,3.9207003,NISQAv2
/data/nhandt23/Dataset/MMSData/13GKsS26F4U/asr_subtitle/wavs/13GKsS26F4U_04588.wav,2.7639751,2.3273008,3.7313397,3.8875935,3.7624598,NISQAv2
/data/nhandt23/Dataset/MMSData/13GKsS26F4U/asr_subtitle/wavs/13GKsS26F4U_02699.wav,3.416537,2.28529,4.253898,4.1061263,3.9893415,NISQAv2
/data/nhandt23/Dataset/MMSData/13GKsS26F4U/asr_subtitle/wavs/13GKsS26F4U_00198.wav,2.6964564,2.7825193,3.2754626,3.5060315,3.7624488,NISQAv2
/data/nhandt23/Dataset/MMSData/13GKsS26F4U/asr_subtitle/wavs/13GKsS26F4U_00737.wav,2.8762877,2.5230129,4.3774447,3.9687226,4.0463586,NISQAv2
/data/nhandt23/Dataset/MMSData/13GKsS26F4U/asr_subtitle/wavs/13GKsS26F4U_01576.wav,3.8787715,2.6710062,4.680742,4.298886,4.1679444,NISQAv2
/data/nhandt23/Dataset/MMSData/13GKsS26F4U/asr_subtitle/wavs/13GKsS26F4U_01420.wav,3.7857125,2.5935097,4.295826,4.116226,4.047633,NISQAv2
/data/nhandt23/Dataset/MMSData/13GKsS26F4U/asr_subtitle/wavs/13GKsS26F4U_04985.wav,3.5744011,2.99506,4.3776097,4.217996,3.8877437,NISQAv2
/data/nhandt23/Dataset/MMSData/13GKsS26F4U/asr_subtitle/wavs/13GKsS26F4U_00653.wav,3.5633774,2.6309783,4.0966268,3.7978766,3.9553819,NISQAv2
/data/nhandt23/Dataset/MMSData/13GKsS26F4U/asr_subtitle/wavs/13GKsS26F4U_01551.wav,2.6082327,2.0176847,4.1384077,3.9297493,4.111737,NISQAv2
/data/nhandt23/Dataset/MMSData/13GKsS26F4U/asr_subtitle/wavs/13GKsS26F4U_03125.wav,2.6313756,2.6782038,3.8860576,3.6311924,3.3205147,NISQAv2
/data/nhandt23/Dataset/MMSData/13GKsS26F4U/asr_subtitle/wavs/13GKsS26F4U_01197.wav,3.826741,2.2456539,4.450883,4.1556444,3.934567,NISQAv2
/data/nhandt23/Dataset/MMSData/13GKsS26F4U/asr_subtitle/wavs/13GKsS26F4U_03247.wav,3.348366,2.6864102,4.348179,4.1504664,3.9651124,NISQAv2
/data/nhandt23/Dataset/MMSData/13GKsS26F4U/asr_subtitle/wavs/13GKsS26F4U_02144.wav,3.232666,2.572604,3.0694492,3.5204139,3.6850104,NISQAv2
/data/nhandt23/Dataset/MMSData/13GKsS26F4U/asr_subtitle/wavs/13GKsS26F4U_02335.wav,3.525946,2.4489384,4.3329477,4.078758,4.088633,NISQAv2
/data/nhandt23/Dataset/MMSData/13GKsS26F4U/asr_subtitle/wavs/13GKsS26F4U_04549.wav,2.893257,2.0681624,4.4865785,4.202268,3.6534474,NISQAv2
/data/nhandt23/Dataset/MMSData/13GKsS26F4U/asr_subtitle/wavs/13GKsS26F4U_02957.wav,3.579324,2.4706137,4.2103734,3.926624,3.194185,NISQAv2
/data/nhandt23/Dataset/MMSData/13GKsS26F4U/asr_subtitle/wavs/13GKsS26F4U_02288.wav,2.6595533,2.5226226,2.8512585,3.381002,3.3865569,NISQAv2
/data/nhandt23/Dataset/MMSData/13GKsS26F4U/asr_subtitle/wavs/13GKsS26F4U_01915.wav,3.0104198,2.4991539,3.065368,3.4532628,3.947502,NISQAv2
/data/nhandt23/Dataset/MMSData/13GKsS26F4U/asr_subtitle/wavs/13GKsS26F4U_03623.wav,3.8963737,2.5759392,4.549896,4.255367,4.287868,NISQAv2
/data/nhandt23/Dataset/MMSData/13GKsS26F4U/asr_subtitle/wavs/13GKsS26F4U_04297.wav,3.7524216,3.2245412,4.167798,4.0891776,3.928942,NISQAv2
/data/nhandt23/Dataset/MMSData/13GKsS26F4U/asr_subtitle/wavs/13GKsS26F4U_04154.wav,3.2351701,1.8746246,4.2631464,3.9662855,3.504479,NISQAv2
/data/nhandt23/Dataset/MMSData/13GKsS26F4U/asr_subtitle/wavs/13GKsS26F4U_01434.wav,4.212818,2.2574751,4.504632,4.217672,4.254153,NISQAv2
/data/nhandt23/Dataset/MMSData/13GKsS26F4U/asr_subtitle/wavs/13GKsS26F4U_02041.wav,3.3775246,2.7057853,4.3625383,4.0806966,3.7767246,NISQAv2
/data/nhandt23/Dataset/MMSData/13GKsS26F4U/asr_subtitle/wavs/13GKsS26F4U_00824.wav,3.2974112,2.745889,3.735189,3.8921907,4.0877585,NISQAv2
/data/nhandt23/Dataset/MMSData/13GKsS26F4U/asr_subtitle/wavs/13GKsS26F4U_03524.wav,3.388923,2.4683168,2.6822407,3.4979448,3.208052,NISQAv2
/data/nhandt23/Dataset/MMSData/13GKsS26F4U/asr_subtitle/wavs/13GKsS26F4U_04415.wav,2.626967,2.1754391,4.057184,3.8263578,3.1346705,NISQAv2
/data/nhandt23/Dataset/MMSData/13GKsS26F4U/asr_subtitle/wavs/13GKsS26F4U_00188.wav,4.1592765,3.238671,4.526904,4.194424,4.1469293,NISQAv2
/data/nhandt23/Dataset/MMSData/13GKsS26F4U/asr_subtitle/wavs/13GKsS26F4U_00133.wav,2.3677814,2.2826855,3.7123573,3.5915277,3.3802595,NISQAv2
/data/nhandt23/Dataset/MMSData/13GKsS26F4U/asr_subtitle/wavs/13GKsS26F4U_00098.wav,3.561421,2.0279083,4.530757,3.968021,3.7659419,NISQAv2
/data/nhandt23/Dataset/MMSData/13GKsS26F4U/asr_subtitle/wavs/13GKsS26F4U_03805.wav,2.7803113,2.3890545,3.7730186,3.3897748,3.5025537,NISQAv2
/data/nhandt23/Dataset/MMSData/13GKsS26F4U/asr_subtitle/wavs/13GKsS26F4U_00234.wav,2.8760884,2.5912507,4.151235,3.9442341,3.6516185,NISQAv2
/data/nhandt23/Dataset/MMSData/13GKsS26F4U/asr_subtitle/wavs/13GKsS26F4U_03424.wav,4.1225066,1.9877956,4.526164,4.048076,4.0982194,NISQAv2
/data/nhandt23/Dataset/MMSData/13GKsS26F4U/asr_subtitle/wavs/13GKsS26F4U_03664.wav,2.92829,2.369946,3.6229482,3.801866,4.1258473,NISQAv2
/data/nhandt23/Dataset/MMSData/13GKsS26F4U/asr_subtitle/wavs/13GKsS26F4U_00926.wav,3.1250312,2.6169662,4.4919896,4.142202,4.086822,NISQAv2
/data/nhandt23/Dataset/MMSData/13GKsS26F4U/asr_subtitle/wavs/13GKsS26F4U_05093.wav,2.1994936,2.256838,3.4939945,3.445219,4.019472,NISQAv2
/data/nhandt23/Dataset/MMSData/13GKsS26F4U/asr_subtitle/wavs/13GKsS26F4U_02729.wav,3.660591,2.432142,4.4329348,4.267326,3.1698992,NISQAv2
/data/nhandt23/Dataset/MMSData/13GKsS26F4U/asr_subtitle/wavs/13GKsS26F4U_01984.wav,4.024931,2.8473923,4.329312,4.3300242,4.2435036,NISQAv2
/data/nhandt23/Dataset/MMSData/13GKsS26F4U/asr_subtitle/wavs/13GKsS26F4U_01311.wav,4.057487,2.7531497,4.706201,4.501071,4.443309,NISQAv2
/data/nhandt23/Dataset/MMSData/13GKsS26F4U/asr_subtitle/wavs/13GKsS26F4U_04224.wav,3.194329,2.625874,3.7818065,3.9058378,3.657774,NISQAv2
/data/nhandt23/Dataset/MMSData/13GKsS26F4U/asr_subtitle/wavs/13GKsS26F4U_01348.wav,3.8615892,1.9311717,4.588316,4.2750297,4.0000134,NISQAv2
/data/nhandt23/Dataset/MMSData/13GKsS26F4U/asr_subtitle/wavs/13GKsS26F4U_04018.wav,3.7205513,2.669434,4.49448,4.156555,3.853001,NISQAv2
/data/nhandt23/Dataset/MMSData/13GKsS26F4U/asr_subtitle/wavs/13GKsS26F4U_02512.wav,3.530771,2.5231955,4.3153195,3.974407,4.1469946,NISQAv2
/data/nhandt23/Dataset/MMSData/13GKsS26F4U/asr_subtitle/wavs/13GKsS26F4U_00548.wav,2.9629037,2.663779,3.7858279,3.3422635,3.2984564,NISQAv2
/data/nhandt23/Dataset/MMSData/13GKsS26F4U/asr_subtitle/wavs/13GKsS26F4U_04896.wav,3.104354,2.656215,4.1162205,3.7531087,3.8135536,NISQAv2
/data/nhandt23/Dataset/MMSData/13GKsS26F4U/asr_subtitle/wavs/13GKsS26F4U_01039.wav,3.0762882,2.789325,4.2473164,4.083173,3.8338428,NISQAv2
/data/nhandt23/Dataset/MMSData/13GKsS26F4U/asr_subtitle/wavs/13GKsS26F4U_01976.wav,3.594155,2.5363672,3.4691164,3.3606749,3.6916187,NISQAv2
/data/nhandt23/Dataset/MMSData/13GKsS26F4U/asr_subtitle/wavs/13GKsS26F4U_01852.wav,3.420225,2.2742693,3.7165253,3.5557156,3.7673848,NISQAv2
/data/nhandt23/Dataset/MMSData/13GKsS26F4U/asr_subtitle/wavs/13GKsS26F4U_00140.wav,2.542743,2.319571,3.9636984,3.7616255,3.7032418,NISQAv2
/data/nhandt23/Dataset/MMSData/13GKsS26F4U/asr_subtitle/wavs/13GKsS26F4U_02811.wav,3.7648976,2.620875,4.520686,4.2068334,4.226393,NISQAv2
/data/nhandt23/Dataset/MMSData/13GKsS26F4U/asr_subtitle/wavs/13GKsS26F4U_00356.wav,3.6536262,2.0728555,4.416548,4.152649,3.6792405,NISQAv2
/data/nhandt23/Dataset/MMSData/13GKsS26F4U/asr_subtitle/wavs/13GKsS26F4U_03103.wav,2.6148612,2.5622044,3.430842,3.638717,3.9513786,NISQAv2
/data/nhandt23/Dataset/MMSData/13GKsS26F4U/asr_subtitle/wavs/13GKsS26F4U_04744.wav,3.0445983,2.4427712,4.426858,4.071382,3.5711846,NISQAv2
/data/nhandt23/Dataset/MMSData/13GKsS26F4U/asr_subtitle/wavs/13GKsS26F4U_04560.wav,2.662086,2.4452198,3.8985295,4.027499,3.9658031,NISQAv2
/data/nhandt23/Dataset/MMSData/13GKsS26F4U/asr_subtitle/wavs/13GKsS26F4U_04963.wav,3.325732,2.7177966,4.2800264,3.934713,3.9306715,NISQAv2
/data/nhandt23/Dataset/MMSData/13GKsS26F4U/asr_subtitle/wavs/13GKsS26F4U_02806.wav,2.6844525,2.2100542,3.5845582,3.3444488,4.0438614,NISQAv2
/data/nhandt23/Dataset/MMSData/13GKsS26F4U/asr_subtitle/wavs/13GKsS26F4U_00358.wav,3.119205,2.475958,4.0070963,3.8522294,3.9055302,NISQAv2
/data/nhandt23/Dataset/MMSData/13GKsS26F4U/asr_subtitle/wavs/13GKsS26F4U_01522.wav,3.69083,1.900798,4.514111,4.2428617,3.7016654,NISQAv2
/data/nhandt23/Dataset/MMSData/13GKsS26F4U/asr_subtitle/wavs/13GKsS26F4U_00094.wav,3.6004775,2.5311,4.455636,4.2695417,3.6560462,NISQAv2
/data/nhandt23/Dataset/MMSData/13GKsS26F4U/asr_subtitle/wavs/13GKsS26F4U_02246.wav,3.9901206,2.7554965,4.5504127,4.1205554,4.1344924,NISQAv2
/data/nhandt23/Dataset/MMSData/13GKsS26F4U/asr_subtitle/wavs/13GKsS26F4U_04056.wav,3.6670659,1.8930432,4.3757176,4.1737924,3.588557,NISQAv2
/data/nhandt23/Dataset/MMSData/13GKsS26F4U/asr_subtitle/wavs/13GKsS26F4U_04890.wav,2.943237,2.780649,4.2549467,3.9761648,3.859195,NISQAv2
/data/nhandt23/Dataset/MMSData/13GKsS26F4U/asr_subtitle/wavs/13GKsS26F4U_01772.wav,3.945715,1.8687534,4.455224,3.6924565,3.5599973,NISQAv2
/data/nhandt23/Dataset/MMSData/13GKsS26F4U/asr_subtitle/wavs/13GKsS26F4U_00923.wav,2.4165757,2.308495,3.6078327,3.4346006,3.619109,NISQAv2
/data/nhandt23/Dataset/MMSData/13GKsS26F4U/asr_subtitle/wavs/13GKsS26F4U_00833.wav,2.559965,2.5520003,3.555594,3.659365,3.7256613,NISQAv2
/data/nhandt23/Dataset/MMSData/13GKsS26F4U/asr_subtitle/wavs/13GKsS26F4U_00854.wav,2.7319336,2.604454,3.8177516,3.7053065,3.6287148,NISQAv2
/data/nhandt23/Dataset/MMSData/13GKsS26F4U/asr_subtitle/wavs/13GKsS26F4U_04091.wav,2.8176796,2.3979447,3.804328,3.8317952,3.7541347,NISQAv2
/data/nhandt23/Dataset/MMSData/13GKsS26F4U/asr_subtitle/wavs/13GKsS26F4U_03827.wav,3.2049532,1.9692552,4.2203217,3.8062713,3.3931763,NISQAv2
/data/nhandt23/Dataset/MMSData/13GKsS26F4U/asr_subtitle/wavs/13GKsS26F4U_01908.wav,2.7202234,2.4362252,3.3692772,3.723261,3.3562536,NISQAv2
/data/nhandt23/Dataset/MMSData/13GKsS26F4U/asr_subtitle/wavs/13GKsS26F4U_00228.wav,3.1818602,1.932404,4.033281,3.9278753,2.9285388,NISQAv2
/data/nhandt23/Dataset/MMSData/13GKsS26F4U/asr_subtitle/wavs/13GKsS26F4U_00676.wav,3.0484273,2.9326427,3.8579962,3.984484,3.815645,NISQAv2
/data/nhandt23/Dataset/MMSData/13GKsS26F4U/asr_subtitle/wavs/13GKsS26F4U_04172.wav,3.685807,2.2327871,4.147091,3.8056316,3.6369467,NISQAv2
/data/nhandt23/Dataset/MMSData/13GKsS26F4U/asr_subtitle/wavs/13GKsS26F4U_02401.wav,2.7937357,2.1848629,4.315296,4.2134657,3.4771526,NISQAv2
/data/nhandt23/Dataset/MMSData/13GKsS26F4U/asr_subtitle/wavs/13GKsS26F4U_03115.wav,2.8513253,1.9257582,4.073169,4.047004,3.0727873,NISQAv2
/data/nhandt23/Dataset/MMSData/13GKsS26F4U/asr_subtitle/wavs/13GKsS26F4U_04168.wav,3.7607827,2.5861254,4.3586464,4.1123853,4.099383,NISQAv2
/data/nhandt23/Dataset/MMSData/13GKsS26F4U/asr_subtitle/wavs/13GKsS26F4U_00696.wav,2.7533708,2.8781855,2.4247859,3.4264205,3.4300373,NISQAv2
/data/nhandt23/Dataset/MMSData/13GKsS26F4U/asr_subtitle/wavs/13GKsS26F4U_02518.wav,3.7012258,2.5335498,4.498473,4.1751857,4.3653035,NISQAv2
/data/nhandt23/Dataset/MMSData/13GKsS26F4U/asr_subtitle/wavs/13GKsS26F4U_02737.wav,2.6649387,2.1772752,3.9154813,3.5214953,3.4447346,NISQAv2
/data/nhandt23/Dataset/MMSData/13GKsS26F4U/asr_subtitle/wavs/13GKsS26F4U_00886.wav,3.4551315,2.354778,4.2616777,3.8701684,2.9154084,NISQAv2
/data/nhandt23/Dataset/MMSData/13GKsS26F4U/asr_subtitle/wavs/13GKsS26F4U_02994.wav,3.4911172,2.521231,4.4015846,4.151137,3.946306,NISQAv2
/data/nhandt23/Dataset/MMSData/13GKsS26F4U/asr_subtitle/wavs/13GKsS26F4U_05095.wav,2.979561,2.718523,3.2055218,3.5998054,3.816386,NISQAv2
/data/nhandt23/Dataset/MMSData/13GKsS26F4U/asr_subtitle/wavs/13GKsS26F4U_03700.wav,3.5093317,2.3795302,4.19519,4.1128635,3.4482877,NISQAv2
/data/nhandt23/Dataset/MMSData/13GKsS26F4U/asr_subtitle/wavs/13GKsS26F4U_03546.wav,2.5176651,2.4131784,3.4485502,3.8349967,3.460801,NISQAv2
/data/nhandt23/Dataset/MMSData/13GKsS26F4U/asr_subtitle/wavs/13GKsS26F4U_02927.wav,3.0471869,2.4355295,4.309855,4.0538898,3.7817438,NISQAv2
/data/nhandt23/Dataset/MMSData/13GKsS26F4U/asr_subtitle/wavs/13GKsS26F4U_00035.wav,3.4596925,2.247801,4.509857,4.0513253,4.1544323,NISQAv2
/data/nhandt23/Dataset/MMSData/13GKsS26F4U/asr_subtitle/wavs/13GKsS26F4U_00441.wav,4.018233,2.4906037,4.5912066,4.24039,4.0781283,NISQAv2
/data/nhandt23/Dataset/MMSData/13GKsS26F4U/asr_subtitle/wavs/13GKsS26F4U_01492.wav,4.1628976,2.22275,4.403939,4.2649913,4.1661572,NISQAv2
/data/nhandt23/Dataset/MMSData/13GKsS26F4U/asr_subtitle/wavs/13GKsS26F4U_05150.wav,2.451947,2.324959,3.7803133,3.6754563,3.6082385,NISQAv2
/data/nhandt23/Dataset/MMSData/13GKsS26F4U/asr_subtitle/wavs/13GKsS26F4U_02774.wav,3.6884964,2.1434314,4.689328,4.360425,4.284452,NISQAv2
/data/nhandt23/Dataset/MMSData/13GKsS26F4U/asr_subtitle/wavs/13GKsS26F4U_03785.wav,2.769563,2.0202239,4.311581,4.0155034,3.5060909,NISQAv2
/data/nhandt23/Dataset/MMSData/13GKsS26F4U/asr_subtitle/wavs/13GKsS26F4U_03562.wav,3.4679098,2.3478243,4.178397,3.9791923,3.479416,NISQAv2
/data/nhandt23/Dataset/MMSData/13GKsS26F4U/asr_subtitle/wavs/13GKsS26F4U_02382.wav,3.3670993,2.668337,2.6698654,3.4007132,3.5974572,NISQAv2
/data/nhandt23/Dataset/MMSData/13GKsS26F4U/asr_subtitle/wavs/13GKsS26F4U_02777.wav,3.403297,2.1328566,3.526879,3.9012618,3.9880416,NISQAv2
/data/nhandt23/Dataset/MMSData/13GKsS26F4U/asr_subtitle/wavs/13GKsS26F4U_00636.wav,2.8077686,2.3117397,4.0065203,3.9127457,3.6937034,NISQAv2
/data/nhandt23/Dataset/MMSData/13GKsS26F4U/asr_subtitle/wavs/13GKsS26F4U_03950.wav,4.2621303,3.243794,4.779147,4.4261937,4.489844,NISQAv2
/data/nhandt23/Dataset/MMSData/13GKsS26F4U/asr_subtitle/wavs/13GKsS26F4U_00227.wav,4.1711106,2.2785807,4.597578,4.286555,4.091226,NISQAv2
/data/nhandt23/Dataset/MMSData/13GKsS26F4U/asr_subtitle/wavs/13GKsS26F4U_03216.wav,2.7241251,2.3378985,4.303852,4.214624,4.243141,NISQAv2
/data/nhandt23/Dataset/MMSData/13GKsS26F4U/asr_subtitle/wavs/13GKsS26F4U_01556.wav,2.8011606,2.356806,4.103271,4.0630774,4.0211844,NISQAv2
/data/nhandt23/Dataset/MMSData/13GKsS26F4U/asr_subtitle/wavs/13GKsS26F4U_03465.wav,3.6396973,2.2248437,4.1946263,4.091412,4.392509,NISQAv2
/data/nhandt23/Dataset/MMSData/13GKsS26F4U/asr_subtitle/wavs/13GKsS26F4U_04763.wav,3.5212834,2.0461338,4.4473815,4.044768,3.736109,NISQAv2
/data/nhandt23/Dataset/MMSData/13GKsS26F4U/asr_subtitle/wavs/13GKsS26F4U_00283.wav,3.8893023,2.0351446,4.563327,4.2534943,3.7528343,NISQAv2
/data/nhandt23/Dataset/MMSData/13GKsS26F4U/asr_subtitle/wavs/13GKsS26F4U_04148.wav,4.312842,2.952521,4.6000886,4.192392,4.217665,NISQAv2
/data/nhandt23/Dataset/MMSData/13GKsS26F4U/asr_subtitle/wavs/13GKsS26F4U_00973.wav,3.2271912,2.3063676,4.462819,4.289193,4.2936096,NISQAv2
/data/nhandt23/Dataset/MMSData/13GKsS26F4U/asr_subtitle/wavs/13GKsS26F4U_03587.wav,3.9856637,2.666529,4.469948,4.2975545,4.3647,NISQAv2
/data/nhandt23/Dataset/MMSData/13GKsS26F4U/asr_subtitle/wavs/13GKsS26F4U_04051.wav,4.103674,2.6688795,4.5484705,4.2351494,4.0857415,NISQAv2
/data/nhandt23/Dataset/MMSData/13GKsS26F4U/asr_subtitle/wavs/13GKsS26F4U_01288.wav,3.797542,2.4763925,4.4693613,4.1530437,3.782631,NISQAv2
/data/nhandt23/Dataset/MMSData/13GKsS26F4U/asr_subtitle/wavs/13GKsS26F4U_00907.wav,3.6609774,2.2061634,4.4597545,4.1235814,3.8251634,NISQAv2
/data/nhandt23/Dataset/MMSData/13GKsS26F4U/asr_subtitle/wavs/13GKsS26F4U_03438.wav,4.00951,1.9879212,4.586156,4.307618,4.3587756,NISQAv2
/data/nhandt23/Dataset/MMSData/13GKsS26F4U/asr_subtitle/wavs/13GKsS26F4U_02866.wav,4.173122,2.7023253,4.714387,4.3239303,4.3971343,NISQAv2
/data/nhandt23/Dataset/MMSData/13GKsS26F4U/asr_subtitle/wavs/13GKsS26F4U_01446.wav,3.465486,1.9125922,4.633438,4.1569896,3.6509283,NISQAv2
/data/nhandt23/Dataset/MMSData/13GKsS26F4U/asr_subtitle/wavs/13GKsS26F4U_00061.wav,2.916416,2.5204859,4.443518,4.0959744,3.9304123,NISQAv2
/data/nhandt23/Dataset/MMSData/13GKsS26F4U/asr_subtitle/wavs/13GKsS26F4U_00960.wav,2.6827674,2.1289217,3.6682243,3.4639065,3.832505,NISQAv2
/data/nhandt23/Dataset/MMSData/13GKsS26F4U/asr_subtitle/wavs/13GKsS26F4U_02981.wav,3.5488138,2.1211174,4.0986757,3.9869392,3.8684745,NISQAv2
/data/nhandt23/Dataset/MMSData/13GKsS26F4U/asr_subtitle/wavs/13GKsS26F4U_02441.wav,3.0855854,2.2578113,4.171072,3.941593,3.463478,NISQAv2
/data/nhandt23/Dataset/MMSData/13GKsS26F4U/asr_subtitle/wavs/13GKsS26F4U_01432.wav,2.9813585,1.7151703,4.328638,4.0479736,3.1724796,NISQAv2
/data/nhandt23/Dataset/MMSData/13GKsS26F4U/asr_subtitle/wavs/13GKsS26F4U_03912.wav,3.3859947,2.1532795,4.585966,4.189041,4.0509644,NISQAv2
/data/nhandt23/Dataset/MMSData/13GKsS26F4U/asr_subtitle/wavs/13GKsS26F4U_02652.wav,2.7384956,2.557848,3.9333396,3.621503,3.717129,NISQAv2
/data/nhandt23/Dataset/MMSData/13GKsS26F4U/asr_subtitle/wavs/13GKsS26F4U_00997.wav,4.2141175,2.6509836,4.50503,4.1755466,4.1824565,NISQAv2
/data/nhandt23/Dataset/MMSData/13GKsS26F4U/asr_subtitle/wavs/13GKsS26F4U_03350.wav,3.0514643,2.3430452,4.213323,4.1108475,3.9091978,NISQAv2
/data/nhandt23/Dataset/MMSData/13GKsS26F4U/asr_subtitle/wavs/13GKsS26F4U_03269.wav,3.3789794,2.6613672,4.51836,4.333052,4.200091,NISQAv2
/data/nhandt23/Dataset/MMSData/13GKsS26F4U/asr_subtitle/wavs/13GKsS26F4U_00115.wav,3.1282141,2.2700095,4.2497053,3.6898937,4.147283,NISQAv2
/data/nhandt23/Dataset/MMSData/13GKsS26F4U/asr_subtitle/wavs/13GKsS26F4U_04245.wav,3.2461343,2.307645,4.2212353,4.1080604,4.201324,NISQAv2
/data/nhandt23/Dataset/MMSData/13GKsS26F4U/asr_subtitle/wavs/13GKsS26F4U_02504.wav,4.1330194,2.4659595,4.393654,4.2199416,3.8141418,NISQAv2
/data/nhandt23/Dataset/MMSData/13GKsS26F4U/asr_subtitle/wavs/13GKsS26F4U_03777.wav,3.482064,2.4930863,4.2115855,3.9907196,3.8191216,NISQAv2
/data/nhandt23/Dataset/MMSData/13GKsS26F4U/asr_subtitle/wavs/13GKsS26F4U_01717.wav,3.7894366,2.4003518,4.4712706,4.054407,4.1654077,NISQAv2
/data/nhandt23/Dataset/MMSData/13GKsS26F4U/asr_subtitle/wavs/13GKsS26F4U_04541.wav,4.104104,1.987836,4.66401,4.236027,4.1493416,NISQAv2
/data/nhandt23/Dataset/MMSData/13GKsS26F4U/asr_subtitle/wavs/13GKsS26F4U_00983.wav,2.8776925,2.5704675,4.2974014,3.9598083,3.3956864,NISQAv2
/data/nhandt23/Dataset/MMSData/13GKsS26F4U/asr_subtitle/wavs/13GKsS26F4U_03006.wav,3.5049045,2.46889,3.8800426,3.9238636,3.92359,NISQAv2
/data/nhandt23/Dataset/MMSData/13GKsS26F4U/asr_subtitle/wavs/13GKsS26F4U_04809.wav,3.6385925,2.6388013,4.509999,4.180796,4.2142806,NISQAv2
/data/nhandt23/Dataset/MMSData/13GKsS26F4U/asr_subtitle/wavs/13GKsS26F4U_00640.wav,3.5124638,2.0025854,4.146554,4.1263165,3.1145556,NISQAv2
/data/nhandt23/Dataset/MMSData/13GKsS26F4U/asr_subtitle/wavs/13GKsS26F4U_01916.wav,3.5030303,2.4799209,4.428569,4.221214,4.2714553,NISQAv2
/data/nhandt23/Dataset/MMSData/13GKsS26F4U/asr_subtitle/wavs/13GKsS26F4U_02500.wav,3.2351825,2.0742905,4.265439,3.870943,3.333038,NISQAv2
/data/nhandt23/Dataset/MMSData/13GKsS26F4U/asr_subtitle/wavs/13GKsS26F4U_01035.wav,3.7423747,2.9255738,4.1477714,4.3375564,4.1346436,NISQAv2
/data/nhandt23/Dataset/MMSData/13GKsS26F4U/asr_subtitle/wavs/13GKsS26F4U_00867.wav,2.9701512,2.508981,3.9582682,3.9851453,4.0276318,NISQAv2
/data/nhandt23/Dataset/MMSData/13GKsS26F4U/asr_subtitle/wavs/13GKsS26F4U_02215.wav,2.9929364,2.5127525,4.3299437,4.2053127,4.355211,NISQAv2
/data/nhandt23/Dataset/MMSData/13GKsS26F4U/asr_subtitle/wavs/13GKsS26F4U_04931.wav,3.1938362,2.398606,4.330989,4.0007277,3.637367,NISQAv2
/data/nhandt23/Dataset/MMSData/13GKsS26F4U/asr_subtitle/wavs/13GKsS26F4U_04673.wav,3.4113328,2.5028822,4.439984,4.045133,3.67052,NISQAv2
/data/nhandt23/Dataset/MMSData/13GKsS26F4U/asr_subtitle/wavs/13GKsS26F4U_03564.wav,2.8311472,2.5927567,4.289715,4.117099,3.8713756,NISQAv2
/data/nhandt23/Dataset/MMSData/13GKsS26F4U/asr_subtitle/wavs/13GKsS26F4U_02759.wav,3.8429239,2.4063425,4.4949913,4.0369534,4.1532187,NISQAv2
/data/nhandt23/Dataset/MMSData/13GKsS26F4U/asr_subtitle/wavs/13GKsS26F4U_00154.wav,2.5907018,2.2749553,3.0502317,3.5599208,3.632168,NISQAv2
/data/nhandt23/Dataset/MMSData/13GKsS26F4U/asr_subtitle/wavs/13GKsS26F4U_01963.wav,2.7425869,2.5199142,3.6376224,3.5140913,3.511764,NISQAv2
/data/nhandt23/Dataset/MMSData/13GKsS26F4U/asr_subtitle/wavs/13GKsS26F4U_00915.wav,4.4699254,2.1500826,4.810955,4.2391233,4.386745,NISQAv2
/data/nhandt23/Dataset/MMSData/13GKsS26F4U/asr_subtitle/wavs/13GKsS26F4U_03726.wav,4.1542635,1.9094368,4.6141815,4.416016,4.3699174,NISQAv2
/data/nhandt23/Dataset/MMSData/13GKsS26F4U/asr_subtitle/wavs/13GKsS26F4U_02925.wav,3.8953993,2.2607121,4.288948,4.172548,3.9236197,NISQAv2
/data/nhandt23/Dataset/MMSData/13GKsS26F4U/asr_subtitle/wavs/13GKsS26F4U_00564.wav,3.5287461,2.1979775,4.622843,4.2507844,3.9741828,NISQAv2
/data/nhandt23/Dataset/MMSData/13GKsS26F4U/asr_subtitle/wavs/13GKsS26F4U_00829.wav,3.5464756,2.0556545,4.281025,3.763137,3.4390917,NISQAv2
/data/nhandt23/Dataset/MMSData/13GKsS26F4U/asr_subtitle/wavs/13GKsS26F4U_03891.wav,3.1404302,2.350032,4.5283823,4.316021,3.3595164,NISQAv2
/data/nhandt23/Dataset/MMSData/13GKsS26F4U/asr_subtitle/wavs/13GKsS26F4U_04191.wav,3.8810413,3.160981,4.5802965,4.300757,4.2996116,NISQAv2
/data/nhandt23/Dataset/MMSData/13GKsS26F4U/asr_subtitle/wavs/13GKsS26F4U_01740.wav,3.284859,2.3755083,4.4891367,4.10153,4.166312,NISQAv2
/data/nhandt23/Dataset/MMSData/13GKsS26F4U/asr_subtitle/wavs/13GKsS26F4U_00620.wav,2.4599037,2.0701404,3.944014,3.6692655,3.5900595,NISQAv2
/data/nhandt23/Dataset/MMSData/13GKsS26F4U/asr_subtitle/wavs/13GKsS26F4U_03059.wav,3.1478992,2.4396346,4.147879,3.9805586,3.4357767,NISQAv2
/data/nhandt23/Dataset/MMSData/13GKsS26F4U/asr_subtitle/wavs/13GKsS26F4U_01237.wav,3.2251813,2.334957,4.2667522,3.9413364,3.8532913,NISQAv2
/data/nhandt23/Dataset/MMSData/13GKsS26F4U/asr_subtitle/wavs/13GKsS26F4U_03843.wav,3.038801,1.955492,4.266342,4.2388396,4.1547675,NISQAv2
/data/nhandt23/Dataset/MMSData/13GKsS26F4U/asr_subtitle/wavs/13GKsS26F4U_01340.wav,2.7575014,1.9708138,4.302802,4.1412287,3.7817957,NISQAv2
/data/nhandt23/Dataset/MMSData/13GKsS26F4U/asr_subtitle/wavs/13GKsS26F4U_03176.wav,2.9208248,2.6060429,3.6095932,3.555368,3.914062,NISQAv2
/data/nhandt23/Dataset/MMSData/13GKsS26F4U/asr_subtitle/wavs/13GKsS26F4U_00582.wav,3.8203409,2.6747968,4.4599123,4.0517807,3.5080898,NISQAv2
/data/nhandt23/Dataset/MMSData/13GKsS26F4U/asr_subtitle/wavs/13GKsS26F4U_02886.wav,2.401337,2.3504522,3.2622106,3.1789396,4.2992296,NISQAv2
/data/nhandt23/Dataset/MMSData/13GKsS26F4U/asr_subtitle/wavs/13GKsS26F4U_00768.wav,2.3722043,2.378031,3.8206408,3.7412043,3.482545,NISQAv2
/data/nhandt23/Dataset/MMSData/13GKsS26F4U/asr_subtitle/wavs/13GKsS26F4U_00405.wav,2.8594089,2.2498322,4.1454773,3.7240052,3.7185066,NISQAv2
/data/nhandt23/Dataset/MMSData/13GKsS26F4U/asr_subtitle/wavs/13GKsS26F4U_02442.wav,3.1539304,2.579016,4.233022,4.255348,4.1471505,NISQAv2
/data/nhandt23/Dataset/MMSData/13GKsS26F4U/asr_subtitle/wavs/13GKsS26F4U_01982.wav,1.8982003,1.8588798,3.729553,3.4232943,3.7092721,NISQAv2
/data/nhandt23/Dataset/MMSData/13GKsS26F4U/asr_subtitle/wavs/13GKsS26F4U_00746.wav,3.6363816,2.9687207,4.5836425,4.266607,4.1818233,NISQAv2
/data/nhandt23/Dataset/MMSData/13GKsS26F4U/asr_subtitle/wavs/13GKsS26F4U_02077.wav,3.3803823,2.8227153,3.9861605,3.6679895,3.8257964,NISQAv2
/data/nhandt23/Dataset/MMSData/13GKsS26F4U/asr_subtitle/wavs/13GKsS26F4U_03602.wav,3.396539,2.9706297,4.2835746,4.0835104,3.8639982,NISQAv2
/data/nhandt23/Dataset/MMSData/13GKsS26F4U/asr_subtitle/wavs/13GKsS26F4U_04594.wav,4.041213,2.8882744,4.530594,4.3306117,4.1698403,NISQAv2
/data/nhandt23/Dataset/MMSData/13GKsS26F4U/asr_subtitle/wavs/13GKsS26F4U_02229.wav,3.5519454,2.2760844,4.1480336,4.1286387,3.9049313,NISQAv2
/data/nhandt23/Dataset/MMSData/13GKsS26F4U/asr_subtitle/wavs/13GKsS26F4U_00650.wav,1.9860786,2.3271978,2.51563,2.9289758,3.6210816,NISQAv2
/data/nhandt23/Dataset/MMSData/13GKsS26F4U/asr_subtitle/wavs/13GKsS26F4U_02611.wav,3.4663112,2.2113562,4.3470025,4.1319056,3.7722423,NISQAv2
/data/nhandt23/Dataset/MMSData/13GKsS26F4U/asr_subtitle/wavs/13GKsS26F4U_03087.wav,3.0639637,2.420612,4.2328663,4.085239,3.852121,NISQAv2
/data/nhandt23/Dataset/MMSData/13GKsS26F4U/asr_subtitle/wavs/13GKsS26F4U_01669.wav,3.4758635,2.072835,4.3498664,3.9605772,3.8039577,NISQAv2
/data/nhandt23/Dataset/MMSData/13GKsS26F4U/asr_subtitle/wavs/13GKsS26F4U_04398.wav,2.4618752,2.1722715,3.845344,3.4925182,3.6614568,NISQAv2
/data/nhandt23/Dataset/MMSData/13GKsS26F4U/asr_subtitle/wavs/13GKsS26F4U_02680.wav,3.7455022,2.7212036,4.4718904,4.2717423,4.1879497,NISQAv2
/data/nhandt23/Dataset/MMSData/13GKsS26F4U/asr_subtitle/wavs/13GKsS26F4U_00796.wav,2.146929,2.546558,1.9981496,3.2983217,3.6259377,NISQAv2
/data/nhandt23/Dataset/MMSData/13GKsS26F4U/asr_subtitle/wavs/13GKsS26F4U_03673.wav,2.382318,2.2060838,3.682089,3.7331688,3.0827355,NISQAv2
/data/nhandt23/Dataset/MMSData/13GKsS26F4U/asr_subtitle/wavs/13GKsS26F4U_01053.wav,3.62369,2.2245846,4.504446,4.1759963,4.1830196,NISQAv2
/data/nhandt23/Dataset/MMSData/13GKsS26F4U/asr_subtitle/wavs/13GKsS26F4U_04444.wav,3.022478,2.095417,4.0677,3.5391085,3.5029445,NISQAv2
/data/nhandt23/Dataset/MMSData/13GKsS26F4U/asr_subtitle/wavs/13GKsS26F4U_03183.wav,3.6971662,2.0604386,4.3400493,3.952982,3.8531463,NISQAv2
/data/nhandt23/Dataset/MMSData/13GKsS26F4U/asr_subtitle/wavs/13GKsS26F4U_02210.wav,2.9107127,2.6366549,3.9007647,3.9225683,3.4621592,NISQAv2
/data/nhandt23/Dataset/MMSData/13GKsS26F4U/asr_subtitle/wavs/13GKsS26F4U_02352.wav,3.6650941,2.3470304,4.4861765,4.1701517,3.6551812,NISQAv2
/data/nhandt23/Dataset/MMSData/13GKsS26F4U/asr_subtitle/wavs/13GKsS26F4U_02989.wav,3.3961205,2.4885123,4.328766,4.112532,3.912892,NISQAv2
/data/nhandt23/Dataset/MMSData/13GKsS26F4U/asr_subtitle/wavs/13GKsS26F4U_00471.wav,2.720767,2.557339,3.9924955,3.5769541,3.3272705,NISQAv2
/data/nhandt23/Dataset/MMSData/13GKsS26F4U/asr_subtitle/wavs/13GKsS26F4U_03046.wav,3.668817,2.7449691,4.104155,3.8639905,3.6349456,NISQAv2
/data/nhandt23/Dataset/MMSData/13GKsS26F4U/asr_subtitle/wavs/13GKsS26F4U_00879.wav,2.2985976,2.5281804,3.9558818,3.7601402,3.8945744,NISQAv2
/data/nhandt23/Dataset/MMSData/13GKsS26F4U/asr_subtitle/wavs/13GKsS26F4U_01602.wav,3.3433707,2.905625,3.9927695,3.7994547,3.968485,NISQAv2
/data/nhandt23/Dataset/MMSData/13GKsS26F4U/asr_subtitle/wavs/13GKsS26F4U_04956.wav,3.8716295,2.1750097,4.624657,4.0395446,4.032446,NISQAv2
/data/nhandt23/Dataset/MMSData/13GKsS26F4U/asr_subtitle/wavs/13GKsS26F4U_02975.wav,3.233516,2.1627514,4.496243,4.200059,4.181229,NISQAv2
/data/nhandt23/Dataset/MMSData/13GKsS26F4U/asr_subtitle/wavs/13GKsS26F4U_01249.wav,3.5407703,2.1079276,4.3012285,3.8648665,3.2075415,NISQAv2
/data/nhandt23/Dataset/MMSData/13GKsS26F4U/asr_subtitle/wavs/13GKsS26F4U_00859.wav,2.875419,2.7508874,3.9266045,3.9145947,3.9381478,NISQAv2
/data/nhandt23/Dataset/MMSData/13GKsS26F4U/asr_subtitle/wavs/13GKsS26F4U_03336.wav,3.408436,2.3465416,4.2761326,4.053104,3.7585495,NISQAv2
/data/nhandt23/Dataset/MMSData/13GKsS26F4U/asr_subtitle/wavs/13GKsS26F4U_03486.wav,4.6481104,2.0249772,4.849345,4.4281335,4.61941,NISQAv2
/data/nhandt23/Dataset/MMSData/13GKsS26F4U/asr_subtitle/wavs/13GKsS26F4U_00920.wav,2.7416391,2.500075,3.8473177,3.8175097,3.8681252,NISQAv2
/data/nhandt23/Dataset/MMSData/13GKsS26F4U/asr_subtitle/wavs/13GKsS26F4U_01655.wav,4.114006,2.65137,4.1464157,4.034019,4.1626415,NISQAv2
/data/nhandt23/Dataset/MMSData/13GKsS26F4U/asr_subtitle/wavs/13GKsS26F4U_00971.wav,2.7880912,2.5415738,3.9075158,4.079253,4.0140605,NISQAv2
/data/nhandt23/Dataset/MMSData/13GKsS26F4U/asr_subtitle/wavs/13GKsS26F4U_03437.wav,2.9297276,2.4641252,4.7063003,4.2264,3.923619,NISQAv2
/data/nhandt23/Dataset/MMSData/13GKsS26F4U/asr_subtitle/wavs/13GKsS26F4U_05147.wav,4.1029983,2.7065678,4.518051,4.2458253,4.1912932,NISQAv2
/data/nhandt23/Dataset/MMSData/13GKsS26F4U/asr_subtitle/wavs/13GKsS26F4U_02268.wav,4.0266824,2.386337,4.4886055,4.0927167,3.977153,NISQAv2
/data/nhandt23/Dataset/MMSData/13GKsS26F4U/asr_subtitle/wavs/13GKsS26F4U_02793.wav,3.8181427,2.2593396,4.5859194,4.093552,4.012605,NISQAv2
/data/nhandt23/Dataset/MMSData/13GKsS26F4U/asr_subtitle/wavs/13GKsS26F4U_01867.wav,3.0397544,2.2921138,4.4227853,4.0996923,3.4393494,NISQAv2
/data/nhandt23/Dataset/MMSData/13GKsS26F4U/asr_subtitle/wavs/13GKsS26F4U_00615.wav,3.108346,2.3897395,4.410621,4.042458,3.6156795,NISQAv2
/data/nhandt23/Dataset/MMSData/13GKsS26F4U/asr_subtitle/wavs/13GKsS26F4U_02586.wav,2.9331338,2.1040194,4.3365097,4.1948657,4.251017,NISQAv2
/data/nhandt23/Dataset/MMSData/13GKsS26F4U/asr_subtitle/wavs/13GKsS26F4U_04011.wav,2.7266505,2.2194428,3.9424393,3.8445573,3.5099857,NISQAv2
/data/nhandt23/Dataset/MMSData/13GKsS26F4U/asr_subtitle/wavs/13GKsS26F4U_02789.wav,2.749929,2.079621,3.9452531,3.6635776,3.5640209,NISQAv2
/data/nhandt23/Dataset/MMSData/13GKsS26F4U/asr_subtitle/wavs/13GKsS26F4U_04945.wav,3.7665884,2.7939847,4.5316033,4.222224,3.9866061,NISQAv2
/data/nhandt23/Dataset/MMSData/13GKsS26F4U/asr_subtitle/wavs/13GKsS26F4U_04015.wav,3.6016061,2.4101672,4.2428513,3.827114,3.638037,NISQAv2
/data/nhandt23/Dataset/MMSData/13GKsS26F4U/asr_subtitle/wavs/13GKsS26F4U_01722.wav,2.3687792,2.2363603,3.9271815,3.6107543,3.4121788,NISQAv2
/data/nhandt23/Dataset/MMSData/13GKsS26F4U/asr_subtitle/wavs/13GKsS26F4U_04731.wav,3.8385587,2.4042761,4.692623,4.3481236,3.83471,NISQAv2
/data/nhandt23/Dataset/MMSData/13GKsS26F4U/asr_subtitle/wavs/13GKsS26F4U_01007.wav,2.8381736,2.1981337,2.5919998,3.2310812,3.215139,NISQAv2
/data/nhandt23/Dataset/MMSData/13GKsS26F4U/asr_subtitle/wavs/13GKsS26F4U_02747.wav,2.8170793,2.4948523,3.6820998,3.7736466,3.5207837,NISQAv2
/data/nhandt23/Dataset/MMSData/13GKsS26F4U/asr_subtitle/wavs/13GKsS26F4U_04867.wav,2.4075444,2.3662975,4.006986,3.9020555,3.8146079,NISQAv2
/data/nhandt23/Dataset/MMSData/13GKsS26F4U/asr_subtitle/wavs/13GKsS26F4U_03123.wav,3.9000678,2.6305673,4.429229,4.1256924,3.4321446,NISQAv2
/data/nhandt23/Dataset/MMSData/13GKsS26F4U/asr_subtitle/wavs/13GKsS26F4U_02249.wav,3.1884348,2.2790606,4.042032,3.9921646,4.103341,NISQAv2
/data/nhandt23/Dataset/MMSData/13GKsS26F4U/asr_subtitle/wavs/13GKsS26F4U_02094.wav,3.5341759,2.4149828,4.027204,3.776653,3.2343419,NISQAv2
/data/nhandt23/Dataset/MMSData/13GKsS26F4U/asr_subtitle/wavs/13GKsS26F4U_03018.wav,3.3831456,2.741924,4.2556934,4.1821074,4.0306454,NISQAv2
/data/nhandt23/Dataset/MMSData/13GKsS26F4U/asr_subtitle/wavs/13GKsS26F4U_03926.wav,3.5036812,2.3708994,4.2160263,4.0087914,3.614792,NISQAv2
/data/nhandt23/Dataset/MMSData/13GKsS26F4U/asr_subtitle/wavs/13GKsS26F4U_05030.wav,2.6039927,2.3772056,4.1923475,3.881976,3.6222389,NISQAv2
/data/nhandt23/Dataset/MMSData/13GKsS26F4U/asr_subtitle/wavs/13GKsS26F4U_03992.wav,2.8559608,2.2312164,4.117893,3.9164648,3.7363203,NISQAv2
/data/nhandt23/Dataset/MMSData/13GKsS26F4U/asr_subtitle/wavs/13GKsS26F4U_03173.wav,3.1549647,2.3114307,4.1069336,3.822969,3.9292731,NISQAv2
/data/nhandt23/Dataset/MMSData/13GKsS26F4U/asr_subtitle/wavs/13GKsS26F4U_03354.wav,3.3730361,2.7684891,4.441047,4.093043,3.6174524,NISQAv2
/data/nhandt23/Dataset/MMSData/13GKsS26F4U/asr_subtitle/wavs/13GKsS26F4U_03708.wav,2.1724694,2.0215042,3.3342237,3.294022,3.718114,NISQAv2
/data/nhandt23/Dataset/MMSData/13GKsS26F4U/asr_subtitle/wavs/13GKsS26F4U_03520.wav,3.1584377,2.5078583,4.171589,3.97772,3.6942334,NISQAv2
/data/nhandt23/Dataset/MMSData/13GKsS26F4U/asr_subtitle/wavs/13GKsS26F4U_01715.wav,2.9662488,2.3075547,4.1027503,4.038775,3.9026403,NISQAv2
/data/nhandt23/Dataset/MMSData/13GKsS26F4U/asr_subtitle/wavs/13GKsS26F4U_01183.wav,3.5659258,2.2843325,4.5519533,4.1824613,2.895909,NISQAv2
/data/nhandt23/Dataset/MMSData/13GKsS26F4U/asr_subtitle/wavs/13GKsS26F4U_04188.wav,3.8092387,2.756336,4.179744,3.966815,3.9606044,NISQAv2
/data/nhandt23/Dataset/MMSData/13GKsS26F4U/asr_subtitle/wavs/13GKsS26F4U_01823.wav,3.2035959,2.2852876,4.0150723,3.7146163,3.813302,NISQAv2
/data/nhandt23/Dataset/MMSData/13GKsS26F4U/asr_subtitle/wavs/13GKsS26F4U_00580.wav,2.9320538,2.0216868,3.689575,3.5864868,3.8056135,NISQAv2
/data/nhandt23/Dataset/MMSData/13GKsS26F4U/asr_subtitle/wavs/13GKsS26F4U_03513.wav,2.9321082,2.1713223,4.234087,4.033369,3.3139567,NISQAv2
/data/nhandt23/Dataset/MMSData/13GKsS26F4U/asr_subtitle/wavs/13GKsS26F4U_04999.wav,3.1757789,2.6984565,3.3273044,3.678624,3.8596191,NISQAv2
/data/nhandt23/Dataset/MMSData/13GKsS26F4U/asr_subtitle/wavs/13GKsS26F4U_02036.wav,2.4882007,2.7695377,2.6713467,3.6429331,3.4639306,NISQAv2
/data/nhandt23/Dataset/MMSData/13GKsS26F4U/asr_subtitle/wavs/13GKsS26F4U_00290.wav,2.6621385,2.4637098,4.0867357,3.9769437,3.4650197,NISQAv2
/data/nhandt23/Dataset/MMSData/13GKsS26F4U/asr_subtitle/wavs/13GKsS26F4U_02520.wav,3.1142454,2.8195882,4.408271,4.233237,4.1356773,NISQAv2
/data/nhandt23/Dataset/MMSData/13GKsS26F4U/asr_subtitle/wavs/13GKsS26F4U_01919.wav,3.3143365,2.1082718,4.176092,3.8249667,3.5247924,NISQAv2
/data/nhandt23/Dataset/MMSData/13GKsS26F4U/asr_subtitle/wavs/13GKsS26F4U_00005.wav,2.68857,2.1357486,4.4619026,4.2049108,4.157295,NISQAv2
/data/nhandt23/Dataset/MMSData/13GKsS26F4U/asr_subtitle/wavs/13GKsS26F4U_03342.wav,3.937711,2.435841,4.4892125,4.281805,3.5653741,NISQAv2
/data/nhandt23/Dataset/MMSData/13GKsS26F4U/asr_subtitle/wavs/13GKsS26F4U_01631.wav,3.3282678,2.5105927,3.9505148,4.074138,3.004308,NISQAv2
/data/nhandt23/Dataset/MMSData/13GKsS26F4U/asr_subtitle/wavs/13GKsS26F4U_01911.wav,2.8558867,2.750692,4.2388105,3.7590647,3.3858402,NISQAv2
/data/nhandt23/Dataset/MMSData/13GKsS26F4U/asr_subtitle/wavs/13GKsS26F4U_04150.wav,3.1694655,2.6306872,4.2655435,3.987739,3.6440184,NISQAv2
/data/nhandt23/Dataset/MMSData/13GKsS26F4U/asr_subtitle/wavs/13GKsS26F4U_04610.wav,2.828818,2.4341142,3.2633862,3.9535415,3.947724,NISQAv2
/data/nhandt23/Dataset/MMSData/13GKsS26F4U/asr_subtitle/wavs/13GKsS26F4U_02643.wav,2.4794228,1.8301457,3.9738379,3.5596163,3.4522467,NISQAv2
/data/nhandt23/Dataset/MMSData/13GKsS26F4U/asr_subtitle/wavs/13GKsS26F4U_05086.wav,2.8516905,2.4286335,4.315244,3.9612381,3.3502738,NISQAv2
/data/nhandt23/Dataset/MMSData/13GKsS26F4U/asr_subtitle/wavs/13GKsS26F4U_03775.wav,2.6414979,1.9309086,3.5501502,3.5594745,4.079376,NISQAv2
/data/nhandt23/Dataset/MMSData/13GKsS26F4U/asr_subtitle/wavs/13GKsS26F4U_01929.wav,2.7693217,1.874463,4.0871468,3.9556665,3.864961,NISQAv2
/data/nhandt23/Dataset/MMSData/13GKsS26F4U/asr_subtitle/wavs/13GKsS26F4U_03345.wav,4.0493603,3.128965,4.5481124,4.3329186,4.343374,NISQAv2
/data/nhandt23/Dataset/MMSData/13GKsS26F4U/asr_subtitle/wavs/13GKsS26F4U_02016.wav,3.6297042,2.2572682,4.318928,3.9826825,3.653149,NISQAv2
/data/nhandt23/Dataset/MMSData/13GKsS26F4U/asr_subtitle/wavs/13GKsS26F4U_03446.wav,2.929091,2.0493114,3.718512,3.924295,3.5268056,NISQAv2
/data/nhandt23/Dataset/MMSData/13GKsS26F4U/asr_subtitle/wavs/13GKsS26F4U_04027.wav,3.4841192,2.4892182,3.9530628,4.12732,4.135801,NISQAv2
/data/nhandt23/Dataset/MMSData/13GKsS26F4U/asr_subtitle/wavs/13GKsS26F4U_00095.wav,3.8071382,2.8389509,4.5611753,4.280338,4.2695146,NISQAv2
/data/nhandt23/Dataset/MMSData/13GKsS26F4U/asr_subtitle/wavs/13GKsS26F4U_03064.wav,3.6196845,2.4084542,4.577439,4.1774077,4.134049,NISQAv2
/data/nhandt23/Dataset/MMSData/13GKsS26F4U/asr_subtitle/wavs/13GKsS26F4U_02218.wav,2.2636464,2.241688,3.7436233,3.845157,3.5844243,NISQAv2
/data/nhandt23/Dataset/MMSData/13GKsS26F4U/asr_subtitle/wavs/13GKsS26F4U_00110.wav,2.7137094,3.201465,4.0423594,3.8494503,3.5993865,NISQAv2
/data/nhandt23/Dataset/MMSData/13GKsS26F4U/asr_subtitle/wavs/13GKsS26F4U_04337.wav,2.6570213,2.0998423,3.9732523,3.7158704,3.491335,NISQAv2
/data/nhandt23/Dataset/MMSData/13GKsS26F4U/asr_subtitle/wavs/13GKsS26F4U_01888.wav,3.7028925,1.7843213,4.493306,4.176438,4.1053963,NISQAv2
/data/nhandt23/Dataset/MMSData/13GKsS26F4U/asr_subtitle/wavs/13GKsS26F4U_01307.wav,2.870926,2.1268175,4.2375436,4.1366343,4.069961,NISQAv2
/data/nhandt23/Dataset/MMSData/13GKsS26F4U/asr_subtitle/wavs/13GKsS26F4U_02076.wav,3.8941956,2.1918838,4.4765673,4.0914316,3.4321616,NISQAv2
/data/nhandt23/Dataset/MMSData/13GKsS26F4U/asr_subtitle/wavs/13GKsS26F4U_00053.wav,2.4016654,2.7559314,3.5239043,3.5726733,3.3518565,NISQAv2
/data/nhandt23/Dataset/MMSData/13GKsS26F4U/asr_subtitle/wavs/13GKsS26F4U_02721.wav,4.1400213,2.3518372,4.515115,4.471438,4.5320725,NISQAv2
/data/nhandt23/Dataset/MMSData/13GKsS26F4U/asr_subtitle/wavs/13GKsS26F4U_01238.wav,3.2740107,2.351243,4.3174505,4.029212,3.153588,NISQAv2
/data/nhandt23/Dataset/MMSData/13GKsS26F4U/asr_subtitle/wavs/13GKsS26F4U_02187.wav,2.9233105,1.8056972,4.481606,4.2267814,3.6603038,NISQAv2
/data/nhandt23/Dataset/MMSData/13GKsS26F4U/asr_subtitle/wavs/13GKsS26F4U_00904.wav,2.5738404,2.4031968,3.6171873,3.3786025,3.479361,NISQAv2
/data/nhandt23/Dataset/MMSData/13GKsS26F4U/asr_subtitle/wavs/13GKsS26F4U_00825.wav,3.6453764,2.5842876,4.171935,4.006909,3.6088457,NISQAv2
/data/nhandt23/Dataset/MMSData/13GKsS26F4U/asr_subtitle/wavs/13GKsS26F4U_02693.wav,3.5071323,2.476919,4.1038184,3.819524,3.6066968,NISQAv2
/data/nhandt23/Dataset/MMSData/13GKsS26F4U/asr_subtitle/wavs/13GKsS26F4U_04608.wav,3.5861628,2.2459962,4.254496,4.122629,3.6317732,NISQAv2
/data/nhandt23/Dataset/MMSData/13GKsS26F4U/asr_subtitle/wavs/13GKsS26F4U_00015.wav,3.911967,1.9683646,4.490381,4.3742166,3.8616238,NISQAv2
/data/nhandt23/Dataset/MMSData/13GKsS26F4U/asr_subtitle/wavs/13GKsS26F4U_04340.wav,3.807713,2.399524,4.690872,4.4041667,4.138679,NISQAv2
/data/nhandt23/Dataset/MMSData/13GKsS26F4U/asr_subtitle/wavs/13GKsS26F4U_01291.wav,3.9674113,2.0339737,4.5897074,4.271005,3.823823,NISQAv2
/data/nhandt23/Dataset/MMSData/13GKsS26F4U/asr_subtitle/wavs/13GKsS26F4U_04705.wav,3.3347204,2.298198,4.0783668,3.9368782,4.0854073,NISQAv2
/data/nhandt23/Dataset/MMSData/13GKsS26F4U/asr_subtitle/wavs/13GKsS26F4U_04863.wav,2.3634877,2.7805974,4.1131144,4.0908923,4.012126,NISQAv2
/data/nhandt23/Dataset/MMSData/13GKsS26F4U/asr_subtitle/wavs/13GKsS26F4U_02644.wav,2.6633103,1.978317,3.8186572,3.685603,2.9670832,NISQAv2
/data/nhandt23/Dataset/MMSData/13GKsS26F4U/asr_subtitle/wavs/13GKsS26F4U_00959.wav,3.35185,1.7448268,4.393916,4.486468,4.1915555,NISQAv2
/data/nhandt23/Dataset/MMSData/13GKsS26F4U/asr_subtitle/wavs/13GKsS26F4U_00622.wav,3.280667,2.5466945,4.3957396,4.0056314,4.268639,NISQAv2
/data/nhandt23/Dataset/MMSData/13GKsS26F4U/asr_subtitle/wavs/13GKsS26F4U_05112.wav,2.6986473,2.3193436,4.114458,4.0199103,3.6666658,NISQAv2
/data/nhandt23/Dataset/MMSData/13GKsS26F4U/asr_subtitle/wavs/13GKsS26F4U_02167.wav,2.5179284,2.2819276,3.7738173,3.7902138,3.729025,NISQAv2
/data/nhandt23/Dataset/MMSData/13GKsS26F4U/asr_subtitle/wavs/13GKsS26F4U_00671.wav,2.290992,1.8919321,2.8024604,3.4941185,3.1703725,NISQAv2
/data/nhandt23/Dataset/MMSData/13GKsS26F4U/asr_subtitle/wavs/13GKsS26F4U_03380.wav,2.9599369,1.8724582,2.6312864,3.149257,3.3370342,NISQAv2
/data/nhandt23/Dataset/MMSData/13GKsS26F4U/asr_subtitle/wavs/13GKsS26F4U_01457.wav,3.7676027,2.4230473,4.465608,4.1248574,4.1232505,NISQAv2
/data/nhandt23/Dataset/MMSData/13GKsS26F4U/asr_subtitle/wavs/13GKsS26F4U_03367.wav,2.7652192,1.719774,4.5755,4.057168,4.1314373,NISQAv2
/data/nhandt23/Dataset/MMSData/13GKsS26F4U/asr_subtitle/wavs/13GKsS26F4U_02195.wav,3.2681766,2.2260132,4.433236,4.0135403,3.4904346,NISQAv2
/data/nhandt23/Dataset/MMSData/13GKsS26F4U/asr_subtitle/wavs/13GKsS26F4U_02682.wav,2.7747524,2.3576496,3.721398,3.952424,3.9632685,NISQAv2
/data/nhandt23/Dataset/MMSData/13GKsS26F4U/asr_subtitle/wavs/13GKsS26F4U_02465.wav,3.4933627,2.1363757,4.4097557,4.143892,4.2090373,NISQAv2
/data/nhandt23/Dataset/MMSData/13GKsS26F4U/asr_subtitle/wavs/13GKsS26F4U_04979.wav,3.8147008,2.572471,4.533461,4.305433,3.95179,NISQAv2
/data/nhandt23/Dataset/MMSData/13GKsS26F4U/asr_subtitle/wavs/13GKsS26F4U_01121.wav,2.8719008,2.7413642,4.1514664,3.8778446,3.8122303,NISQAv2
/data/nhandt23/Dataset/MMSData/13GKsS26F4U/asr_subtitle/wavs/13GKsS26F4U_01467.wav,2.6638892,2.1188192,3.143693,3.143781,2.9849648,NISQAv2
/data/nhandt23/Dataset/MMSData/13GKsS26F4U/asr_subtitle/wavs/13GKsS26F4U_04391.wav,3.0466847,2.610206,3.6148381,3.9339342,3.800978,NISQAv2
/data/nhandt23/Dataset/MMSData/13GKsS26F4U/asr_subtitle/wavs/13GKsS26F4U_00534.wav,2.6868575,2.2227178,3.3608546,3.7503335,3.6805975,NISQAv2
/data/nhandt23/Dataset/MMSData/13GKsS26F4U/asr_subtitle/wavs/13GKsS26F4U_02807.wav,3.3812802,2.5573444,4.1811857,4.020833,3.8993719,NISQAv2
/data/nhandt23/Dataset/MMSData/13GKsS26F4U/asr_subtitle/wavs/13GKsS26F4U_03497.wav,3.9683592,2.4969928,4.5465264,4.3352094,4.3252864,NISQAv2
/data/nhandt23/Dataset/MMSData/13GKsS26F4U/asr_subtitle/wavs/13GKsS26F4U_03732.wav,2.6460843,2.1809766,3.9942865,3.6229997,2.8848417,NISQAv2
/data/nhandt23/Dataset/MMSData/13GKsS26F4U/asr_subtitle/wavs/13GKsS26F4U_03464.wav,3.4659798,2.5552208,4.323678,3.9441483,3.080619,NISQAv2
/data/nhandt23/Dataset/MMSData/13GKsS26F4U/asr_subtitle/wavs/13GKsS26F4U_02002.wav,3.6650932,2.6089175,4.536394,4.3030586,4.1552935,NISQAv2
/data/nhandt23/Dataset/MMSData/13GKsS26F4U/asr_subtitle/wavs/13GKsS26F4U_03128.wav,2.5074856,2.031156,2.1325178,3.2020648,3.7423368,NISQAv2
/data/nhandt23/Dataset/MMSData/13GKsS26F4U/asr_subtitle/wavs/13GKsS26F4U_01261.wav,2.8920157,2.242264,4.214205,3.981469,3.8665237,NISQAv2
/data/nhandt23/Dataset/MMSData/13GKsS26F4U/asr_subtitle/wavs/13GKsS26F4U_04787.wav,3.4679646,2.6010504,4.4474707,4.1210523,4.1968985,NISQAv2
/data/nhandt23/Dataset/MMSData/13GKsS26F4U/asr_subtitle/wavs/13GKsS26F4U_01782.wav,4.0651474,2.1528208,4.285396,4.268772,4.0278735,NISQAv2
/data/nhandt23/Dataset/MMSData/13GKsS26F4U/asr_subtitle/wavs/13GKsS26F4U_05042.wav,2.5826695,2.3117363,4.3268995,4.174956,3.4496052,NISQAv2
/data/nhandt23/Dataset/MMSData/13GKsS26F4U/asr_subtitle/wavs/13GKsS26F4U_00670.wav,3.5765545,3.3256733,4.3991995,3.9251602,3.9776766,NISQAv2
/data/nhandt23/Dataset/MMSData/13GKsS26F4U/asr_subtitle/wavs/13GKsS26F4U_02958.wav,3.6395817,2.067344,4.3885846,3.9915893,3.4417665,NISQAv2
/data/nhandt23/Dataset/MMSData/13GKsS26F4U/asr_subtitle/wavs/13GKsS26F4U_00753.wav,2.9078295,2.251151,4.3099003,3.9326653,3.3340814,NISQAv2
/data/nhandt23/Dataset/MMSData/13GKsS26F4U/asr_subtitle/wavs/13GKsS26F4U_01430.wav,2.8572757,2.006384,4.172534,4.107639,4.416741,NISQAv2
/data/nhandt23/Dataset/MMSData/13GKsS26F4U/asr_subtitle/wavs/13GKsS26F4U_00309.wav,2.3829367,2.1139917,3.7022765,3.5516284,3.7560396,NISQAv2
/data/nhandt23/Dataset/MMSData/13GKsS26F4U/asr_subtitle/wavs/13GKsS26F4U_03558.wav,3.4128797,3.0317194,2.6457047,3.627906,3.8401053,NISQAv2
/data/nhandt23/Dataset/MMSData/13GKsS26F4U/asr_subtitle/wavs/13GKsS26F4U_00494.wav,3.8725743,2.2568762,4.441587,4.1309695,3.904465,NISQAv2
/data/nhandt23/Dataset/MMSData/13GKsS26F4U/asr_subtitle/wavs/13GKsS26F4U_01668.wav,3.0629754,2.6881046,3.697746,4.050792,3.9466977,NISQAv2
/data/nhandt23/Dataset/MMSData/13GKsS26F4U/asr_subtitle/wavs/13GKsS26F4U_02575.wav,2.8129835,2.3777127,2.8115253,3.8046436,3.8997555,NISQAv2
/data/nhandt23/Dataset/MMSData/13GKsS26F4U/asr_subtitle/wavs/13GKsS26F4U_04565.wav,3.5085917,2.4145312,4.531475,4.2194667,3.9283514,NISQAv2
/data/nhandt23/Dataset/MMSData/13GKsS26F4U/asr_subtitle/wavs/13GKsS26F4U_01520.wav,3.7789106,1.8507034,4.283597,4.1335654,3.102677,NISQAv2
/data/nhandt23/Dataset/MMSData/13GKsS26F4U/asr_subtitle/wavs/13GKsS26F4U_00929.wav,3.517463,2.6760247,4.3881335,4.0860157,3.5591342,NISQAv2
/data/nhandt23/Dataset/MMSData/13GKsS26F4U/asr_subtitle/wavs/13GKsS26F4U_03584.wav,2.9612942,2.5706203,3.784533,3.8582642,3.5953193,NISQAv2
/data/nhandt23/Dataset/MMSData/13GKsS26F4U/asr_subtitle/wavs/13GKsS26F4U_03243.wav,4.0079412,2.8791673,4.655224,4.3074965,4.344572,NISQAv2
/data/nhandt23/Dataset/MMSData/13GKsS26F4U/asr_subtitle/wavs/13GKsS26F4U_05089.wav,2.3780077,2.602358,3.513486,3.8013175,4.0392275,NISQAv2
/data/nhandt23/Dataset/MMSData/13GKsS26F4U/asr_subtitle/wavs/13GKsS26F4U_04249.wav,2.3290884,2.3814876,3.2895072,3.5572374,3.627082,NISQAv2
/data/nhandt23/Dataset/MMSData/13GKsS26F4U/asr_subtitle/wavs/13GKsS26F4U_03299.wav,3.523306,2.2661517,4.2166953,3.8984,4.0994344,NISQAv2
/data/nhandt23/Dataset/MMSData/13GKsS26F4U/asr_subtitle/wavs/13GKsS26F4U_00052.wav,3.3091114,2.498194,3.9082983,3.7212224,3.5099268,NISQAv2
/data/nhandt23/Dataset/MMSData/13GKsS26F4U/asr_subtitle/wavs/13GKsS26F4U_05109.wav,2.7006505,2.5133338,4.3027015,4.0058904,3.9851243,NISQAv2
/data/nhandt23/Dataset/MMSData/13GKsS26F4U/asr_subtitle/wavs/13GKsS26F4U_00667.wav,2.8223574,2.342174,2.5025053,2.979204,3.9544408,NISQAv2
/data/nhandt23/Dataset/MMSData/13GKsS26F4U/asr_subtitle/wavs/13GKsS26F4U_04144.wav,3.6449728,3.1190841,4.03528,3.942462,3.4052284,NISQAv2
/data/nhandt23/Dataset/MMSData/13GKsS26F4U/asr_subtitle/wavs/13GKsS26F4U_03505.wav,3.5838532,1.7448043,4.4583006,4.1784573,4.1287713,NISQAv2
/data/nhandt23/Dataset/MMSData/13GKsS26F4U/asr_subtitle/wavs/13GKsS26F4U_05072.wav,4.4647417,2.7052343,4.757396,4.509894,4.293677,NISQAv2
/data/nhandt23/Dataset/MMSData/13GKsS26F4U/asr_subtitle/wavs/13GKsS26F4U_04386.wav,2.7304513,2.408195,4.077998,4.0230126,3.850013,NISQAv2
/data/nhandt23/Dataset/MMSData/13GKsS26F4U/asr_subtitle/wavs/13GKsS26F4U_00287.wav,3.4413354,2.4668376,4.5793858,4.198132,4.214898,NISQAv2
/data/nhandt23/Dataset/MMSData/13GKsS26F4U/asr_subtitle/wavs/13GKsS26F4U_00070.wav,4.1758075,2.8518322,4.439661,4.3053255,4.179608,NISQAv2
/data/nhandt23/Dataset/MMSData/13GKsS26F4U/asr_subtitle/wavs/13GKsS26F4U_03678.wav,3.6119392,2.1913154,4.236773,4.0333905,4.02451,NISQAv2
/data/nhandt23/Dataset/MMSData/13GKsS26F4U/asr_subtitle/wavs/13GKsS26F4U_03139.wav,3.8439593,2.279731,4.5932837,4.310933,4.3931823,NISQAv2
/data/nhandt23/Dataset/MMSData/13GKsS26F4U/asr_subtitle/wavs/13GKsS26F4U_04769.wav,3.8190749,2.2123544,4.6694574,4.570842,4.163278,NISQAv2
/data/nhandt23/Dataset/MMSData/13GKsS26F4U/asr_subtitle/wavs/13GKsS26F4U_02417.wav,3.8256466,2.7246935,4.4716797,4.25822,4.258033,NISQAv2
/data/nhandt23/Dataset/MMSData/13GKsS26F4U/asr_subtitle/wavs/13GKsS26F4U_04338.wav,2.3506594,2.4534044,3.5272653,3.80569,3.8599377,NISQAv2
/data/nhandt23/Dataset/MMSData/13GKsS26F4U/asr_subtitle/wavs/13GKsS26F4U_03516.wav,2.779358,2.8208926,4.194462,3.6544154,4.112354,NISQAv2
/data/nhandt23/Dataset/MMSData/13GKsS26F4U/asr_subtitle/wavs/13GKsS26F4U_00258.wav,2.5970492,2.032611,4.220049,3.981057,3.4022925,NISQAv2
/data/nhandt23/Dataset/MMSData/13GKsS26F4U/asr_subtitle/wavs/13GKsS26F4U_02176.wav,3.5437028,2.7094657,4.3769913,4.1925797,3.8485348,NISQAv2
/data/nhandt23/Dataset/MMSData/13GKsS26F4U/asr_subtitle/wavs/13GKsS26F4U_01779.wav,3.2901685,2.3547437,4.5281134,4.111595,4.181869,NISQAv2
/data/nhandt23/Dataset/MMSData/13GKsS26F4U/asr_subtitle/wavs/13GKsS26F4U_02271.wav,2.9168057,2.264908,4.1874337,4.2781024,3.943268,NISQAv2
/data/nhandt23/Dataset/MMSData/13GKsS26F4U/asr_subtitle/wavs/13GKsS26F4U_04373.wav,3.4350584,2.1276324,3.818571,3.8926756,3.3652387,NISQAv2
/data/nhandt23/Dataset/MMSData/13GKsS26F4U/asr_subtitle/wavs/13GKsS26F4U_04206.wav,2.7792618,2.359989,3.963574,4.067429,2.947103,NISQAv2
/data/nhandt23/Dataset/MMSData/13GKsS26F4U/asr_subtitle/wavs/13GKsS26F4U_02879.wav,3.8628953,2.0608256,4.516416,4.042575,4.050575,NISQAv2
/data/nhandt23/Dataset/MMSData/13GKsS26F4U/asr_subtitle/wavs/13GKsS26F4U_01412.wav,3.8075674,2.0321188,4.3996778,4.146838,3.7464626,NISQAv2
/data/nhandt23/Dataset/MMSData/13GKsS26F4U/asr_subtitle/wavs/13GKsS26F4U_03324.wav,3.2747705,2.6362832,4.614646,4.2312384,4.0904655,NISQAv2
/data/nhandt23/Dataset/MMSData/13GKsS26F4U/asr_subtitle/wavs/13GKsS26F4U_03807.wav,2.9399858,1.9338009,4.0442433,4.179667,4.120832,NISQAv2
/data/nhandt23/Dataset/MMSData/13GKsS26F4U/asr_subtitle/wavs/13GKsS26F4U_00984.wav,3.025491,2.2327998,3.8268335,3.8287332,3.8041434,NISQAv2
/data/nhandt23/Dataset/MMSData/13GKsS26F4U/asr_subtitle/wavs/13GKsS26F4U_02207.wav,4.071952,2.7682092,4.5161924,4.1972528,4.307093,NISQAv2
/data/nhandt23/Dataset/MMSData/13GKsS26F4U/asr_subtitle/wavs/13GKsS26F4U_01297.wav,3.0898287,2.6334865,3.6533053,3.725848,3.8745258,NISQAv2
/data/nhandt23/Dataset/MMSData/13GKsS26F4U/asr_subtitle/wavs/13GKsS26F4U_02199.wav,3.1566827,2.8687966,4.1354036,3.9808786,3.8133411,NISQAv2
/data/nhandt23/Dataset/MMSData/13GKsS26F4U/asr_subtitle/wavs/13GKsS26F4U_05088.wav,3.3983366,2.6436014,4.1688466,3.4472709,2.9924943,NISQAv2
/data/nhandt23/Dataset/MMSData/13GKsS26F4U/asr_subtitle/wavs/13GKsS26F4U_01804.wav,4.069503,2.9700153,4.5664854,4.2723746,4.400842,NISQAv2
/data/nhandt23/Dataset/MMSData/13GKsS26F4U/asr_subtitle/wavs/13GKsS26F4U_01667.wav,2.8693213,1.9279181,4.3299294,3.9857166,3.2821271,NISQAv2
/data/nhandt23/Dataset/MMSData/13GKsS26F4U/asr_subtitle/wavs/13GKsS26F4U_00545.wav,2.745296,2.1324809,4.097426,4.04289,4.110432,NISQAv2
/data/nhandt23/Dataset/MMSData/13GKsS26F4U/asr_subtitle/wavs/13GKsS26F4U_01941.wav,3.765506,2.4982994,4.390457,4.0407786,3.4379811,NISQAv2
/data/nhandt23/Dataset/MMSData/13GKsS26F4U/asr_subtitle/wavs/13GKsS26F4U_04681.wav,2.115233,3.1297657,3.3031163,3.4011548,3.105686,NISQAv2
/data/nhandt23/Dataset/MMSData/13GKsS26F4U/asr_subtitle/wavs/13GKsS26F4U_01360.wav,3.6774642,2.4683821,4.5793405,4.282121,3.8345046,NISQAv2
/data/nhandt23/Dataset/MMSData/13GKsS26F4U/asr_subtitle/wavs/13GKsS26F4U_00121.wav,2.6621625,2.625614,3.4387763,3.872685,3.849191,NISQAv2
/data/nhandt23/Dataset/MMSData/13GKsS26F4U/asr_subtitle/wavs/13GKsS26F4U_00917.wav,3.6174412,2.4677804,4.544359,4.055613,3.242585,NISQAv2
/data/nhandt23/Dataset/MMSData/13GKsS26F4U/asr_subtitle/wavs/13GKsS26F4U_01209.wav,3.2074738,2.0257018,3.247522,3.8771448,3.6380432,NISQAv2
/data/nhandt23/Dataset/MMSData/13GKsS26F4U/asr_subtitle/wavs/13GKsS26F4U_02097.wav,3.1045482,2.5949051,4.185093,4.1054225,3.6178167,NISQAv2
/data/nhandt23/Dataset/MMSData/13GKsS26F4U/asr_subtitle/wavs/13GKsS26F4U_04055.wav,2.170855,2.5203369,3.8263967,3.2662213,3.3938203,NISQAv2
/data/nhandt23/Dataset/MMSData/13GKsS26F4U/asr_subtitle/wavs/13GKsS26F4U_05078.wav,2.7195318,2.6240945,3.6077988,3.7867668,3.3179438,NISQAv2
/data/nhandt23/Dataset/MMSData/13GKsS26F4U/asr_subtitle/wavs/13GKsS26F4U_04283.wav,2.2955186,2.662945,3.1342485,3.4735646,4.0817666,NISQAv2
/data/nhandt23/Dataset/MMSData/13GKsS26F4U/asr_subtitle/wavs/13GKsS26F4U_01874.wav,3.1210144,2.4357016,4.221398,4.0523086,3.6486893,NISQAv2
/data/nhandt23/Dataset/MMSData/13GKsS26F4U/asr_subtitle/wavs/13GKsS26F4U_04180.wav,3.7111745,2.5606484,4.4612727,4.2721896,4.1929708,NISQAv2
/data/nhandt23/Dataset/MMSData/13GKsS26F4U/asr_subtitle/wavs/13GKsS26F4U_05080.wav,3.2885787,2.0735564,4.6601424,4.3323503,4.2633743,NISQAv2
/data/nhandt23/Dataset/MMSData/13GKsS26F4U/asr_subtitle/wavs/13GKsS26F4U_00349.wav,2.258785,2.3405607,4.0482016,3.9832852,4.0946994,NISQAv2
/data/nhandt23/Dataset/MMSData/13GKsS26F4U/asr_subtitle/wavs/13GKsS26F4U_00270.wav,4.0015635,2.9553921,4.6880484,4.353666,3.9838374,NISQAv2
/data/nhandt23/Dataset/MMSData/13GKsS26F4U/asr_subtitle/wavs/13GKsS26F4U_01657.wav,3.501384,2.3457062,4.2620697,3.9026248,3.6821966,NISQAv2
/data/nhandt23/Dataset/MMSData/13GKsS26F4U/asr_subtitle/wavs/13GKsS26F4U_04050.wav,3.5646956,1.8280976,4.308451,3.8444388,3.8426478,NISQAv2
/data/nhandt23/Dataset/MMSData/13GKsS26F4U/asr_subtitle/wavs/13GKsS26F4U_02527.wav,3.2965043,2.0928736,4.541581,4.2724833,4.2879796,NISQAv2
/data/nhandt23/Dataset/MMSData/13GKsS26F4U/asr_subtitle/wavs/13GKsS26F4U_04563.wav,3.193044,2.8157017,4.615643,4.155625,4.0675797,NISQAv2
/data/nhandt23/Dataset/MMSData/13GKsS26F4U/asr_subtitle/wavs/13GKsS26F4U_05127.wav,3.9592211,2.6189682,4.3607445,3.9558172,3.7258518,NISQAv2
/data/nhandt23/Dataset/MMSData/13GKsS26F4U/asr_subtitle/wavs/13GKsS26F4U_02079.wav,3.7225895,2.479332,4.401279,4.2126074,4.183059,NISQAv2
/data/nhandt23/Dataset/MMSData/13GKsS26F4U/asr_subtitle/wavs/13GKsS26F4U_00808.wav,2.5147045,2.7036057,2.9957817,3.2690845,3.1841493,NISQAv2
/data/nhandt23/Dataset/MMSData/13GKsS26F4U/asr_subtitle/wavs/13GKsS26F4U_01887.wav,2.6815362,2.2282784,4.222627,4.0480924,3.4937277,NISQAv2
/data/nhandt23/Dataset/MMSData/13GKsS26F4U/asr_subtitle/wavs/13GKsS26F4U_00555.wav,2.8260453,2.378379,3.958742,3.2847497,2.9956374,NISQAv2
/data/nhandt23/Dataset/MMSData/13GKsS26F4U/asr_subtitle/wavs/13GKsS26F4U_01647.wav,2.9466045,2.9236658,4.1382775,4.128444,4.0965085,NISQAv2
/data/nhandt23/Dataset/MMSData/13GKsS26F4U/asr_subtitle/wavs/13GKsS26F4U_01846.wav,3.3651562,2.4717894,4.0628357,3.293957,3.4069915,NISQAv2
/data/nhandt23/Dataset/MMSData/13GKsS26F4U/asr_subtitle/wavs/13GKsS26F4U_02024.wav,3.967484,3.0777316,4.373511,4.323871,4.1353583,NISQAv2
/data/nhandt23/Dataset/MMSData/13GKsS26F4U/asr_subtitle/wavs/13GKsS26F4U_03000.wav,2.875512,2.208202,4.302084,4.0864835,3.9773533,NISQAv2
/data/nhandt23/Dataset/MMSData/13GKsS26F4U/asr_subtitle/wavs/13GKsS26F4U_04433.wav,2.9870913,2.4140525,4.1983175,3.9671834,3.3629065,NISQAv2
/data/nhandt23/Dataset/MMSData/13GKsS26F4U/asr_subtitle/wavs/13GKsS26F4U_01856.wav,2.5382688,2.389829,2.63256,3.6082451,3.6750557,NISQAv2
/data/nhandt23/Dataset/MMSData/13GKsS26F4U/asr_subtitle/wavs/13GKsS26F4U_01638.wav,3.86868,2.8577037,3.9842048,4.075009,3.8792515,NISQAv2
/data/nhandt23/Dataset/MMSData/13GKsS26F4U/asr_subtitle/wavs/13GKsS26F4U_01781.wav,2.85471,2.24467,3.97451,3.6494167,3.6829174,NISQAv2
/data/nhandt23/Dataset/MMSData/13GKsS26F4U/asr_subtitle/wavs/13GKsS26F4U_00423.wav,2.9186969,2.4684577,4.3551593,4.110953,3.9765646,NISQAv2
/data/nhandt23/Dataset/MMSData/13GKsS26F4U/asr_subtitle/wavs/13GKsS26F4U_04741.wav,3.383123,2.3196259,4.4596004,4.0689263,3.704496,NISQAv2
/data/nhandt23/Dataset/MMSData/13GKsS26F4U/asr_subtitle/wavs/13GKsS26F4U_02432.wav,3.5783622,2.325242,3.7225702,3.9212763,3.843573,NISQAv2
/data/nhandt23/Dataset/MMSData/13GKsS26F4U/asr_subtitle/wavs/13GKsS26F4U_03099.wav,4.091375,2.0922127,4.5410795,4.20651,4.261298,NISQAv2
/data/nhandt23/Dataset/MMSData/13GKsS26F4U/asr_subtitle/wavs/13GKsS26F4U_02304.wav,2.6866806,2.291148,2.6929905,3.8646898,3.5053403,NISQAv2
/data/nhandt23/Dataset/MMSData/13GKsS26F4U/asr_subtitle/wavs/13GKsS26F4U_04845.wav,3.144304,2.4173405,4.031943,4.1175466,3.9099178,NISQAv2
/data/nhandt23/Dataset/MMSData/13GKsS26F4U/asr_subtitle/wavs/13GKsS26F4U_01619.wav,3.2442815,3.1042497,4.366534,3.9438984,3.549055,NISQAv2
/data/nhandt23/Dataset/MMSData/13GKsS26F4U/asr_subtitle/wavs/13GKsS26F4U_02435.wav,3.0155146,2.1553006,4.0257688,3.9038448,4.122507,NISQAv2
/data/nhandt23/Dataset/MMSData/13GKsS26F4U/asr_subtitle/wavs/13GKsS26F4U_02366.wav,3.8625784,2.4198475,4.3598814,4.0835185,3.876013,NISQAv2
/data/nhandt23/Dataset/MMSData/13GKsS26F4U/asr_subtitle/wavs/13GKsS26F4U_04199.wav,3.3761556,2.1147053,4.237093,4.1791744,3.7651885,NISQAv2
/data/nhandt23/Dataset/MMSData/13GKsS26F4U/asr_subtitle/wavs/13GKsS26F4U_01152.wav,3.3198333,2.8815715,4.247423,3.6985595,3.537003,NISQAv2
/data/nhandt23/Dataset/MMSData/13GKsS26F4U/asr_subtitle/wavs/13GKsS26F4U_02548.wav,3.8227,2.4775426,4.43693,4.2455606,3.859708,NISQAv2
/data/nhandt23/Dataset/MMSData/13GKsS26F4U/asr_subtitle/wavs/13GKsS26F4U_02257.wav,3.1220362,2.3981538,3.2143455,3.822728,3.8926666,NISQAv2
/data/nhandt23/Dataset/MMSData/13GKsS26F4U/asr_subtitle/wavs/13GKsS26F4U_04428.wav,3.0390427,2.6189191,4.2930865,4.010797,3.8304985,NISQAv2
/data/nhandt23/Dataset/MMSData/13GKsS26F4U/asr_subtitle/wavs/13GKsS26F4U_04996.wav,3.0669997,3.0273347,4.460682,4.26529,4.239754,NISQAv2
/data/nhandt23/Dataset/MMSData/13GKsS26F4U/asr_subtitle/wavs/13GKsS26F4U_03615.wav,4.0034566,2.6278446,4.4231596,4.180832,4.0252714,NISQAv2
/data/nhandt23/Dataset/MMSData/13GKsS26F4U/asr_subtitle/wavs/13GKsS26F4U_02507.wav,3.803451,2.6035988,4.358082,3.9395828,4.273083,NISQAv2
/data/nhandt23/Dataset/MMSData/13GKsS26F4U/asr_subtitle/wavs/13GKsS26F4U_03030.wav,2.3955843,2.545883,2.5335717,3.5186782,3.6549323,NISQAv2
/data/nhandt23/Dataset/MMSData/13GKsS26F4U/asr_subtitle/wavs/13GKsS26F4U_00190.wav,3.4533207,2.7083175,4.488029,4.1621995,3.7295527,NISQAv2
/data/nhandt23/Dataset/MMSData/13GKsS26F4U/asr_subtitle/wavs/13GKsS26F4U_01229.wav,2.1707163,2.3627176,3.8492658,3.4596505,3.5426552,NISQAv2
/data/nhandt23/Dataset/MMSData/13GKsS26F4U/asr_subtitle/wavs/13GKsS26F4U_02600.wav,2.781202,2.5647151,3.8998468,3.687845,3.8905816,NISQAv2
/data/nhandt23/Dataset/MMSData/13GKsS26F4U/asr_subtitle/wavs/13GKsS26F4U_00778.wav,2.636955,2.4489083,4.191989,3.9939985,3.8062658,NISQAv2
/data/nhandt23/Dataset/MMSData/13GKsS26F4U/asr_subtitle/wavs/13GKsS26F4U_01503.wav,2.5421345,2.6194174,3.7561831,3.8454587,3.9112659,NISQAv2
/data/nhandt23/Dataset/MMSData/13GKsS26F4U/asr_subtitle/wavs/13GKsS26F4U_05120.wav,2.8408792,2.619966,3.7677376,3.772589,3.8646786,NISQAv2
/data/nhandt23/Dataset/MMSData/13GKsS26F4U/asr_subtitle/wavs/13GKsS26F4U_04333.wav,2.7412171,2.739306,3.913463,4.173807,4.04362,NISQAv2
/data/nhandt23/Dataset/MMSData/13GKsS26F4U/asr_subtitle/wavs/13GKsS26F4U_01532.wav,3.1069021,2.5516472,4.241949,4.011916,4.009018,NISQAv2
/data/nhandt23/Dataset/MMSData/13GKsS26F4U/asr_subtitle/wavs/13GKsS26F4U_00039.wav,2.825867,1.9589226,4.0832615,3.7097678,3.279582,NISQAv2
/data/nhandt23/Dataset/MMSData/13GKsS26F4U/asr_subtitle/wavs/13GKsS26F4U_02584.wav,3.785079,2.4979892,4.407672,4.155106,4.039727,NISQAv2
/data/nhandt23/Dataset/MMSData/13GKsS26F4U/asr_subtitle/wavs/13GKsS26F4U_02376.wav,3.180133,2.9448714,3.4850378,4.202725,4.228202,NISQAv2
/data/nhandt23/Dataset/MMSData/13GKsS26F4U/asr_subtitle/wavs/13GKsS26F4U_02580.wav,4.0256157,2.4580283,4.5779486,4.2884574,4.363768,NISQAv2
/data/nhandt23/Dataset/MMSData/13GKsS26F4U/asr_subtitle/wavs/13GKsS26F4U_02593.wav,4.0572863,2.904418,4.6441193,4.247251,4.157432,NISQAv2
/data/nhandt23/Dataset/MMSData/13GKsS26F4U/asr_subtitle/wavs/13GKsS26F4U_03599.wav,2.7960804,2.3653803,4.357339,4.175135,3.8086104,NISQAv2
/data/nhandt23/Dataset/MMSData/13GKsS26F4U/asr_subtitle/wavs/13GKsS26F4U_01614.wav,3.8854737,2.7304442,4.3159733,4.179662,4.090704,NISQAv2
/data/nhandt23/Dataset/MMSData/13GKsS26F4U/asr_subtitle/wavs/13GKsS26F4U_03140.wav,4.09248,2.9052877,4.806176,4.3175025,4.4161315,NISQAv2
/data/nhandt23/Dataset/MMSData/13GKsS26F4U/asr_subtitle/wavs/13GKsS26F4U_02719.wav,3.0310113,1.8107013,4.104731,3.9613907,3.5421536,NISQAv2
/data/nhandt23/Dataset/MMSData/13GKsS26F4U/asr_subtitle/wavs/13GKsS26F4U_04071.wav,3.7799044,2.911376,3.6047869,4.239136,4.3796573,NISQAv2
/data/nhandt23/Dataset/MMSData/13GKsS26F4U/asr_subtitle/wavs/13GKsS26F4U_03203.wav,2.7544038,2.1551487,4.258726,4.065297,3.9399636,NISQAv2
/data/nhandt23/Dataset/MMSData/13GKsS26F4U/asr_subtitle/wavs/13GKsS26F4U_02920.wav,2.3086758,2.3406796,3.817268,3.890476,3.4526548,NISQAv2
/data/nhandt23/Dataset/MMSData/13GKsS26F4U/asr_subtitle/wavs/13GKsS26F4U_00060.wav,2.9924896,2.517762,4.2457137,4.2426305,3.8362842,NISQAv2
/data/nhandt23/Dataset/MMSData/13GKsS26F4U/asr_subtitle/wavs/13GKsS26F4U_05107.wav,1.9923102,2.6290243,2.1903393,3.4005854,3.9451954,NISQAv2
/data/nhandt23/Dataset/MMSData/13GKsS26F4U/asr_subtitle/wavs/13GKsS26F4U_00265.wav,3.7112815,2.8812256,4.128978,4.0236397,4.049238,NISQAv2
/data/nhandt23/Dataset/MMSData/13GKsS26F4U/asr_subtitle/wavs/13GKsS26F4U_04181.wav,3.791828,2.5741584,4.505406,4.1471343,3.9817216,NISQAv2
/data/nhandt23/Dataset/MMSData/13GKsS26F4U/asr_subtitle/wavs/13GKsS26F4U_03116.wav,2.3003519,2.3310065,3.5305603,3.8082678,3.943804,NISQAv2
/data/nhandt23/Dataset/MMSData/13GKsS26F4U/asr_subtitle/wavs/13GKsS26F4U_00905.wav,3.529526,2.1723464,4.159402,4.020676,3.01769,NISQAv2
/data/nhandt23/Dataset/MMSData/13GKsS26F4U/asr_subtitle/wavs/13GKsS26F4U_04798.wav,2.700931,3.0285265,2.8622584,3.439681,3.8108647,NISQAv2
/data/nhandt23/Dataset/MMSData/13GKsS26F4U/asr_subtitle/wavs/13GKsS26F4U_01108.wav,3.2875662,2.292844,4.350664,4.048804,3.6402733,NISQAv2
/data/nhandt23/Dataset/MMSData/13GKsS26F4U/asr_subtitle/wavs/13GKsS26F4U_01148.wav,3.044822,2.3972187,4.25196,3.5148044,3.8245912,NISQAv2
/data/nhandt23/Dataset/MMSData/13GKsS26F4U/asr_subtitle/wavs/13GKsS26F4U_00882.wav,3.0211246,2.7693062,3.8488276,3.9055374,3.7945437,NISQAv2
/data/nhandt23/Dataset/MMSData/13GKsS26F4U/asr_subtitle/wavs/13GKsS26F4U_03544.wav,3.587445,2.193832,4.505203,4.095741,3.9000342,NISQAv2
/data/nhandt23/Dataset/MMSData/13GKsS26F4U/asr_subtitle/wavs/13GKsS26F4U_04231.wav,3.2023714,2.5737395,4.3292093,3.8249424,3.5157902,NISQAv2
/data/nhandt23/Dataset/MMSData/13GKsS26F4U/asr_subtitle/wavs/13GKsS26F4U_04871.wav,2.6641738,2.6410859,3.9161563,3.436398,3.1777766,NISQAv2
/data/nhandt23/Dataset/MMSData/13GKsS26F4U/asr_subtitle/wavs/13GKsS26F4U_02634.wav,3.6617916,2.3631315,4.6245685,4.069247,4.1916623,NISQAv2
/data/nhandt23/Dataset/MMSData/13GKsS26F4U/asr_subtitle/wavs/13GKsS26F4U_04129.wav,4.1167717,2.9379168,4.615406,4.4706473,4.3246374,NISQAv2
/data/nhandt23/Dataset/MMSData/13GKsS26F4U/asr_subtitle/wavs/13GKsS26F4U_04698.wav,4.2597094,2.7119062,4.6393585,4.444999,4.4087043,NISQAv2
/data/nhandt23/Dataset/MMSData/13GKsS26F4U/asr_subtitle/wavs/13GKsS26F4U_00043.wav,3.1801014,2.4585664,4.176444,3.9285867,3.3611438,NISQAv2
/data/nhandt23/Dataset/MMSData/13GKsS26F4U/asr_subtitle/wavs/13GKsS26F4U_03840.wav,4.210622,2.2247915,4.412878,4.253084,4.247597,NISQAv2
/data/nhandt23/Dataset/MMSData/13GKsS26F4U/asr_subtitle/wavs/13GKsS26F4U_03351.wav,3.9348614,1.9328735,4.48356,4.290563,4.366634,NISQAv2
/data/nhandt23/Dataset/MMSData/13GKsS26F4U/asr_subtitle/wavs/13GKsS26F4U_01505.wav,2.2361634,1.7809752,3.8326058,3.6569285,3.9398134,NISQAv2
/data/nhandt23/Dataset/MMSData/13GKsS26F4U/asr_subtitle/wavs/13GKsS26F4U_02990.wav,2.5148559,2.526332,2.789655,3.5574925,3.6334558,NISQAv2
/data/nhandt23/Dataset/MMSData/13GKsS26F4U/asr_subtitle/wavs/13GKsS26F4U_03640.wav,3.912845,2.215926,4.598652,4.2868047,3.8500276,NISQAv2
/data/nhandt23/Dataset/MMSData/13GKsS26F4U/asr_subtitle/wavs/13GKsS26F4U_04804.wav,3.2988498,2.6667295,4.4067907,4.1905866,3.6089487,NISQAv2
/data/nhandt23/Dataset/MMSData/13GKsS26F4U/asr_subtitle/wavs/13GKsS26F4U_00012.wav,3.5939324,2.2222097,4.5736475,4.360741,4.100265,NISQAv2
/data/nhandt23/Dataset/MMSData/13GKsS26F4U/asr_subtitle/wavs/13GKsS26F4U_02368.wav,4.060544,2.84079,4.3770666,4.1331363,3.6448288,NISQAv2
/data/nhandt23/Dataset/MMSData/13GKsS26F4U/asr_subtitle/wavs/13GKsS26F4U_01264.wav,3.2364976,2.46958,4.390317,4.09973,3.8553195,NISQAv2
/data/nhandt23/Dataset/MMSData/13GKsS26F4U/asr_subtitle/wavs/13GKsS26F4U_03636.wav,4.3399563,2.0764,4.5984354,4.376597,4.382929,NISQAv2
/data/nhandt23/Dataset/MMSData/13GKsS26F4U/asr_subtitle/wavs/13GKsS26F4U_00624.wav,3.0294375,2.3678732,4.152101,3.8922923,3.1866267,NISQAv2
/data/nhandt23/Dataset/MMSData/13GKsS26F4U/asr_subtitle/wavs/13GKsS26F4U_01358.wav,2.6292624,2.126917,2.5555737,3.2577431,3.779104,NISQAv2
/data/nhandt23/Dataset/MMSData/13GKsS26F4U/asr_subtitle/wavs/13GKsS26F4U_02262.wav,3.160576,2.5055234,4.2711315,4.2388787,4.1060853,NISQAv2
/data/nhandt23/Dataset/MMSData/13GKsS26F4U/asr_subtitle/wavs/13GKsS26F4U_03662.wav,2.7055478,2.0899491,3.956662,3.694375,3.8512313,NISQAv2
/data/nhandt23/Dataset/MMSData/13GKsS26F4U/asr_subtitle/wavs/13GKsS26F4U_00301.wav,2.2609754,2.258013,3.3880017,3.602077,2.9818041,NISQAv2
/data/nhandt23/Dataset/MMSData/13GKsS26F4U/asr_subtitle/wavs/13GKsS26F4U_01265.wav,2.9140074,2.5267107,3.848799,3.8392715,4.084512,NISQAv2
/data/nhandt23/Dataset/MMSData/13GKsS26F4U/asr_subtitle/wavs/13GKsS26F4U_00329.wav,3.759664,2.7501667,4.6234956,4.257256,4.2331214,NISQAv2
/data/nhandt23/Dataset/MMSData/13GKsS26F4U/asr_subtitle/wavs/13GKsS26F4U_01243.wav,3.2229867,2.7345302,4.0032444,3.9457633,3.4890285,NISQAv2
/data/nhandt23/Dataset/MMSData/13GKsS26F4U/asr_subtitle/wavs/13GKsS26F4U_04750.wav,3.1788912,2.4239056,4.3317723,4.039426,3.6572132,NISQAv2
/data/nhandt23/Dataset/MMSData/13GKsS26F4U/asr_subtitle/wavs/13GKsS26F4U_01252.wav,2.8142579,2.5227492,3.6633146,3.2663553,3.9810274,NISQAv2
/data/nhandt23/Dataset/MMSData/13GKsS26F4U/asr_subtitle/wavs/13GKsS26F4U_02197.wav,3.836476,2.7861931,4.3736753,4.152117,4.17745,NISQAv2
/data/nhandt23/Dataset/MMSData/13GKsS26F4U/asr_subtitle/wavs/13GKsS26F4U_04095.wav,3.7767713,2.7740285,4.3791566,4.142505,4.3672996,NISQAv2
/data/nhandt23/Dataset/MMSData/13GKsS26F4U/asr_subtitle/wavs/13GKsS26F4U_01566.wav,2.466428,2.2415946,3.8239882,3.4232998,3.5453382,NISQAv2
/data/nhandt23/Dataset/MMSData/13GKsS26F4U/asr_subtitle/wavs/13GKsS26F4U_01519.wav,2.9323862,2.2671773,4.116,4.008326,3.756609,NISQAv2
/data/nhandt23/Dataset/MMSData/13GKsS26F4U/asr_subtitle/wavs/13GKsS26F4U_03908.wav,3.8996134,2.966511,4.5027647,4.106896,3.8270643,NISQAv2
/data/nhandt23/Dataset/MMSData/13GKsS26F4U/asr_subtitle/wavs/13GKsS26F4U_03493.wav,3.157256,2.1986237,4.452915,4.0977054,3.977117,NISQAv2
/data/nhandt23/Dataset/MMSData/13GKsS26F4U/asr_subtitle/wavs/13GKsS26F4U_01627.wav,2.865767,2.8262546,3.5570242,3.8243752,3.951838,NISQAv2
/data/nhandt23/Dataset/MMSData/13GKsS26F4U/asr_subtitle/wavs/13GKsS26F4U_02513.wav,3.004132,2.3252423,4.064904,3.9013772,4.2037244,NISQAv2
/data/nhandt23/Dataset/MMSData/13GKsS26F4U/asr_subtitle/wavs/13GKsS26F4U_02312.wav,4.0772686,2.9605286,4.6749797,4.2977924,4.2856565,NISQAv2
/data/nhandt23/Dataset/MMSData/13GKsS26F4U/asr_subtitle/wavs/13GKsS26F4U_01320.wav,2.325851,2.3174162,2.4116285,3.2540395,3.7299693,NISQAv2
/data/nhandt23/Dataset/MMSData/13GKsS26F4U/asr_subtitle/wavs/13GKsS26F4U_03873.wav,3.3194022,2.1909788,4.347039,4.2164073,3.888198,NISQAv2
/data/nhandt23/Dataset/MMSData/13GKsS26F4U/asr_subtitle/wavs/13GKsS26F4U_02860.wav,3.9100025,2.4141974,4.7417936,4.4164996,4.382143,NISQAv2
/data/nhandt23/Dataset/MMSData/13GKsS26F4U/asr_subtitle/wavs/13GKsS26F4U_02000.wav,3.5738351,2.583483,4.469223,4.189177,4.1312733,NISQAv2
/data/nhandt23/Dataset/MMSData/13GKsS26F4U/asr_subtitle/wavs/13GKsS26F4U_01325.wav,2.5017169,2.2629437,2.9081647,3.7108371,4.3406916,NISQAv2
/data/nhandt23/Dataset/MMSData/13GKsS26F4U/asr_subtitle/wavs/13GKsS26F4U_03750.wav,3.7537034,2.1753113,4.2567835,3.804652,3.802888,NISQAv2
/data/nhandt23/Dataset/MMSData/13GKsS26F4U/asr_subtitle/wavs/13GKsS26F4U_02717.wav,3.5212955,2.314259,4.3860373,4.267171,4.200105,NISQAv2
/data/nhandt23/Dataset/MMSData/13GKsS26F4U/asr_subtitle/wavs/13GKsS26F4U_00157.wav,2.5489457,2.3769977,4.187467,3.9964745,3.735009,NISQAv2
/data/nhandt23/Dataset/MMSData/13GKsS26F4U/asr_subtitle/wavs/13GKsS26F4U_01169.wav,2.2339103,2.0890965,3.0351236,2.9963531,2.9153159,NISQAv2
/data/nhandt23/Dataset/MMSData/13GKsS26F4U/asr_subtitle/wavs/13GKsS26F4U_00017.wav,3.0432127,2.1897986,4.2579584,4.0048337,3.7190146,NISQAv2
/data/nhandt23/Dataset/MMSData/13GKsS26F4U/asr_subtitle/wavs/13GKsS26F4U_01057.wav,2.385926,2.511521,3.0270479,3.2623904,3.3230214,NISQAv2
/data/nhandt23/Dataset/MMSData/13GKsS26F4U/asr_subtitle/wavs/13GKsS26F4U_01587.wav,4.2248883,1.7174345,4.51338,4.2613673,4.4321218,NISQAv2
/data/nhandt23/Dataset/MMSData/13GKsS26F4U/asr_subtitle/wavs/13GKsS26F4U_00128.wav,2.701876,2.0000317,4.1684947,3.938468,3.2311006,NISQAv2
/data/nhandt23/Dataset/MMSData/13GKsS26F4U/asr_subtitle/wavs/13GKsS26F4U_01240.wav,3.8780751,2.2702334,4.528332,4.3132315,3.9979596,NISQAv2
/data/nhandt23/Dataset/MMSData/13GKsS26F4U/asr_subtitle/wavs/13GKsS26F4U_01883.wav,3.8896992,2.2453477,4.417916,4.0152173,4.0908713,NISQAv2
/data/nhandt23/Dataset/MMSData/13GKsS26F4U/asr_subtitle/wavs/13GKsS26F4U_01612.wav,3.3423412,2.6537414,4.292472,4.136256,3.7073948,NISQAv2
/data/nhandt23/Dataset/MMSData/13GKsS26F4U/asr_subtitle/wavs/13GKsS26F4U_04591.wav,3.8192706,2.506849,4.519559,4.129619,4.1109223,NISQAv2
/data/nhandt23/Dataset/MMSData/13GKsS26F4U/asr_subtitle/wavs/13GKsS26F4U_02166.wav,3.6356962,2.0325952,4.612857,4.302585,3.6891594,NISQAv2
/data/nhandt23/Dataset/MMSData/13GKsS26F4U/asr_subtitle/wavs/13GKsS26F4U_05110.wav,2.8953302,1.9168525,4.154052,3.7997668,3.6066306,NISQAv2
/data/nhandt23/Dataset/MMSData/13GKsS26F4U/asr_subtitle/wavs/13GKsS26F4U_01214.wav,3.6425378,2.064268,4.4628143,4.268872,4.085669,NISQAv2
/data/nhandt23/Dataset/MMSData/13GKsS26F4U/asr_subtitle/wavs/13GKsS26F4U_00927.wav,4.1544137,2.867449,4.616381,4.2769866,4.071088,NISQAv2
/data/nhandt23/Dataset/MMSData/13GKsS26F4U/asr_subtitle/wavs/13GKsS26F4U_05004.wav,3.1541383,2.7596877,4.3449903,3.8521492,3.1310744,NISQAv2
/data/nhandt23/Dataset/MMSData/13GKsS26F4U/asr_subtitle/wavs/13GKsS26F4U_01009.wav,3.1750133,2.6588385,4.1652546,3.8481638,3.9029639,NISQAv2
/data/nhandt23/Dataset/MMSData/13GKsS26F4U/asr_subtitle/wavs/13GKsS26F4U_04714.wav,2.4538195,2.4998615,3.8736265,3.738033,3.6507025,NISQAv2
/data/nhandt23/Dataset/MMSData/13GKsS26F4U/asr_subtitle/wavs/13GKsS26F4U_03658.wav,2.7582805,2.2260463,4.302104,3.9355416,3.7803888,NISQAv2
/data/nhandt23/Dataset/MMSData/13GKsS26F4U/asr_subtitle/wavs/13GKsS26F4U_04449.wav,3.934033,2.3060977,4.5470924,4.3905063,4.2824984,NISQAv2
/data/nhandt23/Dataset/MMSData/13GKsS26F4U/asr_subtitle/wavs/13GKsS26F4U_00851.wav,4.060478,2.008066,4.6519623,4.385247,4.3324656,NISQAv2
/data/nhandt23/Dataset/MMSData/13GKsS26F4U/asr_subtitle/wavs/13GKsS26F4U_04339.wav,2.3101954,2.500333,3.4134204,3.4667416,3.4904237,NISQAv2
/data/nhandt23/Dataset/MMSData/13GKsS26F4U/asr_subtitle/wavs/13GKsS26F4U_01220.wav,3.3889344,2.128426,4.371747,4.1136746,3.5439284,NISQAv2
/data/nhandt23/Dataset/MMSData/13GKsS26F4U/asr_subtitle/wavs/13GKsS26F4U_01827.wav,3.0275548,2.3516603,4.2263956,3.9242992,3.766045,NISQAv2
/data/nhandt23/Dataset/MMSData/13GKsS26F4U/asr_subtitle/wavs/13GKsS26F4U_00635.wav,3.2843182,2.7121272,3.8203492,3.9369497,3.9940915,NISQAv2
/data/nhandt23/Dataset/MMSData/13GKsS26F4U/asr_subtitle/wavs/13GKsS26F4U_03778.wav,3.7594464,2.0667121,4.659588,4.287951,4.208837,NISQAv2
/data/nhandt23/Dataset/MMSData/13GKsS26F4U/asr_subtitle/wavs/13GKsS26F4U_01868.wav,2.9024985,2.5776286,4.0297933,3.6900175,3.4715443,NISQAv2
/data/nhandt23/Dataset/MMSData/13GKsS26F4U/asr_subtitle/wavs/13GKsS26F4U_04508.wav,3.7712731,2.7805526,4.254216,4.0421576,3.6133482,NISQAv2
/data/nhandt23/Dataset/MMSData/13GKsS26F4U/asr_subtitle/wavs/13GKsS26F4U_03381.wav,3.9628227,2.3224633,4.586377,4.342077,4.2013593,NISQAv2
/data/nhandt23/Dataset/MMSData/13GKsS26F4U/asr_subtitle/wavs/13GKsS26F4U_02224.wav,3.0223026,2.558558,3.869284,4.0229526,3.6821215,NISQAv2
/data/nhandt23/Dataset/MMSData/13GKsS26F4U/asr_subtitle/wavs/13GKsS26F4U_00163.wav,3.5142748,2.6872203,4.3815165,4.2431073,4.2206445,NISQAv2
/data/nhandt23/Dataset/MMSData/13GKsS26F4U/asr_subtitle/wavs/13GKsS26F4U_03366.wav,2.8751996,2.159093,3.96203,3.98407,3.17885,NISQAv2
/data/nhandt23/Dataset/MMSData/13GKsS26F4U/asr_subtitle/wavs/13GKsS26F4U_03383.wav,3.208284,2.0595238,4.475895,4.165572,4.1394067,NISQAv2
/data/nhandt23/Dataset/MMSData/13GKsS26F4U/asr_subtitle/wavs/13GKsS26F4U_01194.wav,3.3261776,2.0440328,4.329712,3.9732506,3.661944,NISQAv2
/data/nhandt23/Dataset/MMSData/13GKsS26F4U/asr_subtitle/wavs/13GKsS26F4U_02110.wav,2.969745,2.6122408,4.532527,4.11893,4.12267,NISQAv2
/data/nhandt23/Dataset/MMSData/13GKsS26F4U/asr_subtitle/wavs/13GKsS26F4U_02536.wav,3.5440803,2.160671,4.3201003,4.101847,4.086533,NISQAv2
/data/nhandt23/Dataset/MMSData/13GKsS26F4U/asr_subtitle/wavs/13GKsS26F4U_02237.wav,4.1514673,3.1245155,4.6262155,4.268582,4.1517577,NISQAv2
/data/nhandt23/Dataset/MMSData/13GKsS26F4U/asr_subtitle/wavs/13GKsS26F4U_01201.wav,3.4150195,3.2106335,4.0568576,3.8233192,3.6551304,NISQAv2
/data/nhandt23/Dataset/MMSData/13GKsS26F4U/asr_subtitle/wavs/13GKsS26F4U_01687.wav,3.0341456,2.140819,4.1628523,3.9427235,3.2126374,NISQAv2
/data/nhandt23/Dataset/MMSData/13GKsS26F4U/asr_subtitle/wavs/13GKsS26F4U_03590.wav,3.714487,1.8396109,4.419963,4.109382,3.6705108,NISQAv2
/data/nhandt23/Dataset/MMSData/13GKsS26F4U/asr_subtitle/wavs/13GKsS26F4U_00390.wav,2.8596065,2.5219214,3.6725636,3.6713884,3.3717983,NISQAv2
/data/nhandt23/Dataset/MMSData/13GKsS26F4U/asr_subtitle/wavs/13GKsS26F4U_01518.wav,3.1667736,2.253681,4.1832633,3.866637,3.955367,NISQAv2
/data/nhandt23/Dataset/MMSData/13GKsS26F4U/asr_subtitle/wavs/13GKsS26F4U_01623.wav,3.6248364,2.4415343,4.3544083,4.0939617,4.1003623,NISQAv2
/data/nhandt23/Dataset/MMSData/13GKsS26F4U/asr_subtitle/wavs/13GKsS26F4U_04033.wav,2.5381186,2.2014446,4.3693123,3.977749,3.9085057,NISQAv2
/data/nhandt23/Dataset/MMSData/13GKsS26F4U/asr_subtitle/wavs/13GKsS26F4U_01308.wav,3.9906328,2.1708677,4.486698,4.3121514,4.113654,NISQAv2
/data/nhandt23/Dataset/MMSData/13GKsS26F4U/asr_subtitle/wavs/13GKsS26F4U_03633.wav,3.8347292,2.381405,4.415608,4.068559,3.9554348,NISQAv2
/data/nhandt23/Dataset/MMSData/13GKsS26F4U/asr_subtitle/wavs/13GKsS26F4U_05119.wav,3.0861542,2.7574885,4.259366,4.142208,4.194135,NISQAv2
/data/nhandt23/Dataset/MMSData/13GKsS26F4U/asr_subtitle/wavs/13GKsS26F4U_02750.wav,3.5530725,2.1779253,4.489828,4.141892,4.0220933,NISQAv2
/data/nhandt23/Dataset/MMSData/13GKsS26F4U/asr_subtitle/wavs/13GKsS26F4U_00754.wav,3.6921082,2.6431284,4.243841,4.0931597,3.4635026,NISQAv2
/data/nhandt23/Dataset/MMSData/13GKsS26F4U/asr_subtitle/wavs/13GKsS26F4U_03286.wav,4.0582333,1.9538033,4.57133,4.111818,3.3881667,NISQAv2
/data/nhandt23/Dataset/MMSData/13GKsS26F4U/asr_subtitle/wavs/13GKsS26F4U_01993.wav,3.8681808,2.482311,4.647754,4.329966,3.8931515,NISQAv2
/data/nhandt23/Dataset/MMSData/13GKsS26F4U/asr_subtitle/wavs/13GKsS26F4U_04396.wav,4.0004053,3.0687408,4.5891623,4.383279,4.2923865,NISQAv2
/data/nhandt23/Dataset/MMSData/13GKsS26F4U/asr_subtitle/wavs/13GKsS26F4U_04124.wav,3.189508,1.965273,4.1757574,4.0409017,4.0542145,NISQAv2
/data/nhandt23/Dataset/MMSData/13GKsS26F4U/asr_subtitle/wavs/13GKsS26F4U_04102.wav,3.1383886,2.5342965,3.9581485,3.5695162,3.4630215,NISQAv2
/data/nhandt23/Dataset/MMSData/13GKsS26F4U/asr_subtitle/wavs/13GKsS26F4U_04740.wav,3.3314717,1.9942237,4.086984,4.202801,4.301269,NISQAv2
/data/nhandt23/Dataset/MMSData/13GKsS26F4U/asr_subtitle/wavs/13GKsS26F4U_04869.wav,2.7319667,2.3259013,2.7994502,3.5886798,3.940984,NISQAv2
/data/nhandt23/Dataset/MMSData/13GKsS26F4U/asr_subtitle/wavs/13GKsS26F4U_01335.wav,2.9733605,2.2698514,4.164695,3.9864154,3.705828,NISQAv2
/data/nhandt23/Dataset/MMSData/13GKsS26F4U/asr_subtitle/wavs/13GKsS26F4U_00014.wav,2.984907,2.57319,4.155204,4.0157404,3.2816584,NISQAv2
/data/nhandt23/Dataset/MMSData/13GKsS26F4U/asr_subtitle/wavs/13GKsS26F4U_02744.wav,3.9480343,2.786918,4.2801256,4.0936837,4.170001,NISQAv2
/data/nhandt23/Dataset/MMSData/13GKsS26F4U/asr_subtitle/wavs/13GKsS26F4U_01636.wav,2.4144976,2.9382899,3.472706,3.820896,3.6831014,NISQAv2
/data/nhandt23/Dataset/MMSData/13GKsS26F4U/asr_subtitle/wavs/13GKsS26F4U_01988.wav,3.0585294,2.4191098,4.2474155,3.9796538,3.501493,NISQAv2
/data/nhandt23/Dataset/MMSData/13GKsS26F4U/asr_subtitle/wavs/13GKsS26F4U_01447.wav,2.6148522,2.4563496,3.738533,3.6924493,3.4162884,NISQAv2
/data/nhandt23/Dataset/MMSData/13GKsS26F4U/asr_subtitle/wavs/13GKsS26F4U_00279.wav,3.1645195,2.2090387,4.244055,3.9665763,3.1917331,NISQAv2
/data/nhandt23/Dataset/MMSData/13GKsS26F4U/asr_subtitle/wavs/13GKsS26F4U_02186.wav,3.4870431,1.9745865,4.6752133,4.289987,4.1364026,NISQAv2
/data/nhandt23/Dataset/MMSData/13GKsS26F4U/asr_subtitle/wavs/13GKsS26F4U_02290.wav,3.187044,1.9750497,4.1762214,3.9851422,3.885323,NISQAv2
/data/nhandt23/Dataset/MMSData/13GKsS26F4U/asr_subtitle/wavs/13GKsS26F4U_04664.wav,2.895715,2.2373438,3.8493416,3.743969,3.3586667,NISQAv2
/data/nhandt23/Dataset/MMSData/13GKsS26F4U/asr_subtitle/wavs/13GKsS26F4U_04720.wav,3.4995177,2.7215443,4.3230515,4.0881205,3.398544,NISQAv2
/data/nhandt23/Dataset/MMSData/13GKsS26F4U/asr_subtitle/wavs/13GKsS26F4U_01061.wav,3.0654624,2.496296,4.081392,3.8822954,4.132416,NISQAv2
/data/nhandt23/Dataset/MMSData/13GKsS26F4U/asr_subtitle/wavs/13GKsS26F4U_00611.wav,3.1405149,2.9632604,3.5662773,3.7990294,3.6115224,NISQAv2
/data/nhandt23/Dataset/MMSData/13GKsS26F4U/asr_subtitle/wavs/13GKsS26F4U_02528.wav,2.9315774,2.3465922,3.9866734,3.9189966,3.9261801,NISQAv2
/data/nhandt23/Dataset/MMSData/13GKsS26F4U/asr_subtitle/wavs/13GKsS26F4U_02933.wav,3.7846794,1.9236155,4.555713,4.187204,3.7435126,NISQAv2
/data/nhandt23/Dataset/MMSData/13GKsS26F4U/asr_subtitle/wavs/13GKsS26F4U_03392.wav,3.6187325,2.4645932,4.1765018,3.9368796,4.1318746,NISQAv2
/data/nhandt23/Dataset/MMSData/13GKsS26F4U/asr_subtitle/wavs/13GKsS26F4U_02650.wav,2.5174084,2.347154,3.9101262,3.5226204,3.4727912,NISQAv2
/data/nhandt23/Dataset/MMSData/13GKsS26F4U/asr_subtitle/wavs/13GKsS26F4U_02138.wav,3.419835,2.3390877,3.5461714,3.8405738,3.0995965,NISQAv2
/data/nhandt23/Dataset/MMSData/13GKsS26F4U/asr_subtitle/wavs/13GKsS26F4U_01774.wav,2.6931179,2.3541126,3.7756355,3.900406,3.4914372,NISQAv2
/data/nhandt23/Dataset/MMSData/13GKsS26F4U/asr_subtitle/wavs/13GKsS26F4U_04654.wav,3.7136064,2.235227,4.5269427,4.285655,4.233431,NISQAv2
/data/nhandt23/Dataset/MMSData/13GKsS26F4U/asr_subtitle/wavs/13GKsS26F4U_01488.wav,2.604569,2.632703,3.870825,3.9825275,3.9474323,NISQAv2
/data/nhandt23/Dataset/MMSData/13GKsS26F4U/asr_subtitle/wavs/13GKsS26F4U_03554.wav,2.6605499,1.977332,4.3202157,4.0798993,3.216778,NISQAv2
/data/nhandt23/Dataset/MMSData/13GKsS26F4U/asr_subtitle/wavs/13GKsS26F4U_01862.wav,2.6498497,2.3260305,3.944956,3.654178,3.5362034,NISQAv2
/data/nhandt23/Dataset/MMSData/13GKsS26F4U/asr_subtitle/wavs/13GKsS26F4U_00925.wav,2.7479136,2.1712544,4.139502,3.884991,3.6674955,NISQAv2
/data/nhandt23/Dataset/MMSData/13GKsS26F4U/asr_subtitle/wavs/13GKsS26F4U_03248.wav,3.7836998,2.7669408,4.4583225,4.0766163,4.135579,NISQAv2
/data/nhandt23/Dataset/MMSData/13GKsS26F4U/asr_subtitle/wavs/13GKsS26F4U_04504.wav,3.5614302,2.4936767,4.3831873,4.2712903,4.0214796,NISQAv2
/data/nhandt23/Dataset/MMSData/13GKsS26F4U/asr_subtitle/wavs/13GKsS26F4U_01476.wav,2.7304819,2.6336687,3.5875292,3.9942565,4.145642,NISQAv2
/data/nhandt23/Dataset/MMSData/13GKsS26F4U/asr_subtitle/wavs/13GKsS26F4U_01652.wav,3.4467256,2.7521532,3.7547,3.6621444,3.8263414,NISQAv2
/data/nhandt23/Dataset/MMSData/13GKsS26F4U/asr_subtitle/wavs/13GKsS26F4U_03895.wav,2.7636473,1.9964484,4.0275106,4.137511,4.026708,NISQAv2
/data/nhandt23/Dataset/MMSData/13GKsS26F4U/asr_subtitle/wavs/13GKsS26F4U_00841.wav,3.0603323,2.1663053,4.33414,4.076016,3.4489212,NISQAv2
/data/nhandt23/Dataset/MMSData/13GKsS26F4U/asr_subtitle/wavs/13GKsS26F4U_01634.wav,2.9642694,2.5572498,4.033118,3.8420856,3.511409,NISQAv2
/data/nhandt23/Dataset/MMSData/13GKsS26F4U/asr_subtitle/wavs/13GKsS26F4U_03412.wav,3.243191,2.2097077,4.6319537,4.3127637,3.4205377,NISQAv2
/data/nhandt23/Dataset/MMSData/13GKsS26F4U/asr_subtitle/wavs/13GKsS26F4U_04800.wav,3.99447,2.5376027,4.150961,4.0484,4.004591,NISQAv2
/data/nhandt23/Dataset/MMSData/13GKsS26F4U/asr_subtitle/wavs/13GKsS26F4U_03157.wav,3.6982334,2.3715212,4.507801,4.4244046,4.001472,NISQAv2
/data/nhandt23/Dataset/MMSData/13GKsS26F4U/asr_subtitle/wavs/13GKsS26F4U_03585.wav,3.7999098,2.5630748,4.456667,4.1331882,3.818109,NISQAv2
/data/nhandt23/Dataset/MMSData/13GKsS26F4U/asr_subtitle/wavs/13GKsS26F4U_03280.wav,4.229317,2.9810822,4.680788,4.385181,4.3498836,NISQAv2
/data/nhandt23/Dataset/MMSData/13GKsS26F4U/asr_subtitle/wavs/13GKsS26F4U_00293.wav,3.6178129,2.5274804,4.572031,4.3551207,4.1757984,NISQAv2
/data/nhandt23/Dataset/MMSData/13GKsS26F4U/asr_subtitle/wavs/13GKsS26F4U_00320.wav,2.9640436,2.8226955,4.263945,4.147976,3.8758879,NISQAv2
/data/nhandt23/Dataset/MMSData/13GKsS26F4U/asr_subtitle/wavs/13GKsS26F4U_05159.wav,3.366556,2.2433672,4.2929287,4.0537286,3.8686252,NISQAv2
/data/nhandt23/Dataset/MMSData/13GKsS26F4U/asr_subtitle/wavs/13GKsS26F4U_01141.wav,3.0723927,2.5928218,4.073307,3.9692848,3.7621577,NISQAv2
/data/nhandt23/Dataset/MMSData/13GKsS26F4U/asr_subtitle/wavs/13GKsS26F4U_00542.wav,3.2727425,2.7016928,4.17804,3.968766,3.826533,NISQAv2
/data/nhandt23/Dataset/MMSData/13GKsS26F4U/asr_subtitle/wavs/13GKsS26F4U_01202.wav,2.9669135,2.496784,3.939167,3.9585462,3.6976883,NISQAv2
/data/nhandt23/Dataset/MMSData/13GKsS26F4U/asr_subtitle/wavs/13GKsS26F4U_04240.wav,2.9408953,2.3847828,4.1800547,3.869118,3.5349452,NISQAv2
/data/nhandt23/Dataset/MMSData/13GKsS26F4U/asr_subtitle/wavs/13GKsS26F4U_00617.wav,3.1933565,2.4860008,3.138449,4.0713887,3.9315023,NISQAv2
/data/nhandt23/Dataset/MMSData/13GKsS26F4U/asr_subtitle/wavs/13GKsS26F4U_05043.wav,3.2678149,2.4870741,3.4548454,3.899079,4.0009565,NISQAv2
/data/nhandt23/Dataset/MMSData/13GKsS26F4U/asr_subtitle/wavs/13GKsS26F4U_02844.wav,3.4194844,2.145169,4.6321607,4.314137,3.667092,NISQAv2
/data/nhandt23/Dataset/MMSData/13GKsS26F4U/asr_subtitle/wavs/13GKsS26F4U_02837.wav,3.4702663,2.042798,4.2325783,3.9420798,3.3477018,NISQAv2
/data/nhandt23/Dataset/MMSData/13GKsS26F4U/asr_subtitle/wavs/13GKsS26F4U_04638.wav,2.9204426,2.488775,3.3058639,3.4501355,3.9864213,NISQAv2
/data/nhandt23/Dataset/MMSData/13GKsS26F4U/asr_subtitle/wavs/13GKsS26F4U_03867.wav,3.8545613,2.5477762,4.237256,4.072457,3.4492981,NISQAv2
/data/nhandt23/Dataset/MMSData/13GKsS26F4U/asr_subtitle/wavs/13GKsS26F4U_00446.wav,3.2085214,2.4647453,4.277343,3.9111319,3.8316412,NISQAv2
/data/nhandt23/Dataset/MMSData/13GKsS26F4U/asr_subtitle/wavs/13GKsS26F4U_01063.wav,3.5986297,2.6397064,4.6349707,4.2501435,3.891262,NISQAv2
/data/nhandt23/Dataset/MMSData/13GKsS26F4U/asr_subtitle/wavs/13GKsS26F4U_01031.wav,3.7815938,1.7631229,3.9266336,3.754291,3.7538524,NISQAv2
/data/nhandt23/Dataset/MMSData/13GKsS26F4U/asr_subtitle/wavs/13GKsS26F4U_01398.wav,3.3746178,2.6205907,2.5763674,3.861069,3.9256668,NISQAv2
/data/nhandt23/Dataset/MMSData/13GKsS26F4U/asr_subtitle/wavs/13GKsS26F4U_00317.wav,2.4423573,2.247585,3.8821146,3.6607425,3.2856462,NISQAv2
/data/nhandt23/Dataset/MMSData/13GKsS26F4U/asr_subtitle/wavs/13GKsS26F4U_03790.wav,3.8901315,2.369927,4.757895,4.460504,4.2135878,NISQAv2
/data/nhandt23/Dataset/MMSData/13GKsS26F4U/asr_subtitle/wavs/13GKsS26F4U_00476.wav,3.7252975,2.4597063,4.57164,4.254665,3.6766422,NISQAv2
/data/nhandt23/Dataset/MMSData/13GKsS26F4U/asr_subtitle/wavs/13GKsS26F4U_03734.wav,3.6649382,2.0530128,4.50025,4.1297216,3.709102,NISQAv2
/data/nhandt23/Dataset/MMSData/13GKsS26F4U/asr_subtitle/wavs/13GKsS26F4U_03276.wav,3.345399,2.7357574,4.3061094,3.9903061,3.9406693,NISQAv2
/data/nhandt23/Dataset/MMSData/13GKsS26F4U/asr_subtitle/wavs/13GKsS26F4U_01195.wav,2.866701,2.186071,3.326604,3.5755723,2.8750904,NISQAv2
/data/nhandt23/Dataset/MMSData/13GKsS26F4U/asr_subtitle/wavs/13GKsS26F4U_02553.wav,3.549729,2.4282305,4.112199,3.9221303,4.1725316,NISQAv2
/data/nhandt23/Dataset/MMSData/13GKsS26F4U/asr_subtitle/wavs/13GKsS26F4U_03822.wav,3.674424,2.3735454,4.450691,4.1582522,3.868673,NISQAv2
/data/nhandt23/Dataset/MMSData/13GKsS26F4U/asr_subtitle/wavs/13GKsS26F4U_02007.wav,2.6114595,2.1108277,4.268837,3.6617553,3.8120382,NISQAv2
/data/nhandt23/Dataset/MMSData/13GKsS26F4U/asr_subtitle/wavs/13GKsS26F4U_04674.wav,4.287591,2.3145885,4.6759133,4.137251,4.373141,NISQAv2
/data/nhandt23/Dataset/MMSData/13GKsS26F4U/asr_subtitle/wavs/13GKsS26F4U_03011.wav,3.2966158,2.3446195,4.1653347,4.0445127,3.9612174,NISQAv2
/data/nhandt23/Dataset/MMSData/13GKsS26F4U/asr_subtitle/wavs/13GKsS26F4U_03799.wav,2.8464205,2.3694732,3.915003,3.5569117,3.1590636,NISQAv2
/data/nhandt23/Dataset/MMSData/13GKsS26F4U/asr_subtitle/wavs/13GKsS26F4U_02106.wav,3.0006742,2.0487378,4.351266,4.0480776,3.4830167,NISQAv2
/data/nhandt23/Dataset/MMSData/13GKsS26F4U/asr_subtitle/wavs/13GKsS26F4U_00019.wav,3.7319758,2.2233784,4.5783515,4.1158094,3.971554,NISQAv2
/data/nhandt23/Dataset/MMSData/13GKsS26F4U/asr_subtitle/wavs/13GKsS26F4U_04657.wav,3.4500182,2.594533,4.397215,4.1652837,3.5264819,NISQAv2
/data/nhandt23/Dataset/MMSData/13GKsS26F4U/asr_subtitle/wavs/13GKsS26F4U_04525.wav,3.7162704,2.3741858,4.482127,4.301797,4.2974486,NISQAv2
/data/nhandt23/Dataset/MMSData/13GKsS26F4U/asr_subtitle/wavs/13GKsS26F4U_00244.wav,3.2884955,3.0476592,4.5432,4.2821374,3.803793,NISQAv2
/data/nhandt23/Dataset/MMSData/13GKsS26F4U/asr_subtitle/wavs/13GKsS26F4U_02248.wav,3.307989,2.5188248,3.194791,3.9602082,3.8504515,NISQAv2
/data/nhandt23/Dataset/MMSData/13GKsS26F4U/asr_subtitle/wavs/13GKsS26F4U_04327.wav,3.5393422,2.2904897,4.163698,4.1070085,4.1635823,NISQAv2
/data/nhandt23/Dataset/MMSData/13GKsS26F4U/asr_subtitle/wavs/13GKsS26F4U_02081.wav,3.8911335,2.3534267,4.313225,4.1064944,4.1569514,NISQAv2
/data/nhandt23/Dataset/MMSData/13GKsS26F4U/asr_subtitle/wavs/13GKsS26F4U_01193.wav,3.0156949,2.6175523,4.131938,3.8366501,3.806587,NISQAv2
/data/nhandt23/Dataset/MMSData/13GKsS26F4U/asr_subtitle/wavs/13GKsS26F4U_00587.wav,2.0644357,2.252608,3.8387654,3.7154624,3.7245243,NISQAv2
/data/nhandt23/Dataset/MMSData/13GKsS26F4U/asr_subtitle/wavs/13GKsS26F4U_04280.wav,3.352567,2.4151087,4.115849,3.800094,3.1526058,NISQAv2
/data/nhandt23/Dataset/MMSData/13GKsS26F4U/asr_subtitle/wavs/13GKsS26F4U_00632.wav,3.151997,2.474356,4.0401754,3.6069643,4.1709323,NISQAv2
/data/nhandt23/Dataset/MMSData/13GKsS26F4U/asr_subtitle/wavs/13GKsS26F4U_00485.wav,2.8848414,2.1328084,4.413476,4.0329833,3.9932177,NISQAv2
/data/nhandt23/Dataset/MMSData/13GKsS26F4U/asr_subtitle/wavs/13GKsS26F4U_01949.wav,2.9967477,2.6880476,4.2762628,3.9420004,3.6459143,NISQAv2
/data/nhandt23/Dataset/MMSData/13GKsS26F4U/asr_subtitle/wavs/13GKsS26F4U_03796.wav,2.6732364,2.6065857,3.7708302,3.8358276,3.296273,NISQAv2
/data/nhandt23/Dataset/MMSData/13GKsS26F4U/asr_subtitle/wavs/13GKsS26F4U_03560.wav,3.530013,2.5112603,4.475026,4.1381736,3.8549578,NISQAv2
/data/nhandt23/Dataset/MMSData/13GKsS26F4U/asr_subtitle/wavs/13GKsS26F4U_00639.wav,3.0771854,2.05642,4.313802,4.018419,3.5388663,NISQAv2
/data/nhandt23/Dataset/MMSData/13GKsS26F4U/asr_subtitle/wavs/13GKsS26F4U_02966.wav,3.7386932,2.0072331,4.1230383,3.9865181,3.5312064,NISQAv2
/data/nhandt23/Dataset/MMSData/13GKsS26F4U/asr_subtitle/wavs/13GKsS26F4U_04635.wav,3.598177,2.8732617,4.448831,4.055098,3.5588849,NISQAv2
/data/nhandt23/Dataset/MMSData/13GKsS26F4U/asr_subtitle/wavs/13GKsS26F4U_04307.wav,2.931959,2.8770936,2.7846565,3.6987193,3.2693713,NISQAv2
/data/nhandt23/Dataset/MMSData/13GKsS26F4U/asr_subtitle/wavs/13GKsS26F4U_03874.wav,3.2495065,2.096366,4.274493,4.1640296,3.7878106,NISQAv2
/data/nhandt23/Dataset/MMSData/13GKsS26F4U/asr_subtitle/wavs/13GKsS26F4U_02542.wav,3.911692,1.9261267,4.4867754,4.175219,4.260835,NISQAv2
/data/nhandt23/Dataset/MMSData/13GKsS26F4U/asr_subtitle/wavs/13GKsS26F4U_01829.wav,3.6435459,2.4710867,4.2472973,3.7973752,3.9542556,NISQAv2
/data/nhandt23/Dataset/MMSData/13GKsS26F4U/asr_subtitle/wavs/13GKsS26F4U_04754.wav,4.0220428,2.0625315,4.672826,4.341819,4.314043,NISQAv2
/data/nhandt23/Dataset/MMSData/13GKsS26F4U/asr_subtitle/wavs/13GKsS26F4U_01024.wav,4.2766857,2.7638142,4.411269,4.0255613,4.1859655,NISQAv2
/data/nhandt23/Dataset/MMSData/13GKsS26F4U/asr_subtitle/wavs/13GKsS26F4U_00068.wav,3.4560091,2.352294,4.308942,4.170372,3.6079226,NISQAv2
/data/nhandt23/Dataset/MMSData/13GKsS26F4U/asr_subtitle/wavs/13GKsS26F4U_00033.wav,3.2979257,2.2050214,4.4407983,4.054105,3.8053145,NISQAv2
/data/nhandt23/Dataset/MMSData/13GKsS26F4U/asr_subtitle/wavs/13GKsS26F4U_00526.wav,3.0113368,2.5310788,4.0130057,3.9035027,3.896678,NISQAv2
/data/nhandt23/Dataset/MMSData/13GKsS26F4U/asr_subtitle/wavs/13GKsS26F4U_04058.wav,3.615539,2.301268,4.3342905,4.150773,4.0368876,NISQAv2
/data/nhandt23/Dataset/MMSData/13GKsS26F4U/asr_subtitle/wavs/13GKsS26F4U_03594.wav,2.324148,2.4450972,3.6558974,3.6101058,3.7338817,NISQAv2
/data/nhandt23/Dataset/MMSData/13GKsS26F4U/asr_subtitle/wavs/13GKsS26F4U_00794.wav,3.0940113,2.859335,3.9864492,4.1171713,4.0927424,NISQAv2
/data/nhandt23/Dataset/MMSData/13GKsS26F4U/asr_subtitle/wavs/13GKsS26F4U_04870.wav,2.7035673,1.8041149,4.185403,4.0435114,3.8703005,NISQAv2
/data/nhandt23/Dataset/MMSData/13GKsS26F4U/asr_subtitle/wavs/13GKsS26F4U_00634.wav,3.1814458,2.0871222,4.134655,3.8460114,3.6517017,NISQAv2
/data/nhandt23/Dataset/MMSData/13GKsS26F4U/asr_subtitle/wavs/13GKsS26F4U_05131.wav,4.0273914,2.8853345,4.609782,4.2062755,4.209426,NISQAv2
/data/nhandt23/Dataset/MMSData/13GKsS26F4U/asr_subtitle/wavs/13GKsS26F4U_01814.wav,3.2136843,2.629472,4.2425556,3.7251136,3.5256846,NISQAv2
/data/nhandt23/Dataset/MMSData/13GKsS26F4U/asr_subtitle/wavs/13GKsS26F4U_02227.wav,3.137376,2.0511959,3.9407928,3.658059,4.15752,NISQAv2
/data/nhandt23/Dataset/MMSData/13GKsS26F4U/asr_subtitle/wavs/13GKsS26F4U_03227.wav,2.7735755,2.1326973,2.2859776,3.5343149,3.928579,NISQAv2
/data/nhandt23/Dataset/MMSData/13GKsS26F4U/asr_subtitle/wavs/13GKsS26F4U_02805.wav,4.161357,3.0195482,4.476816,4.234391,4.2309923,NISQAv2
/data/nhandt23/Dataset/MMSData/13GKsS26F4U/asr_subtitle/wavs/13GKsS26F4U_00543.wav,3.516305,2.463384,4.370385,4.0762067,3.9519184,NISQAv2
/data/nhandt23/Dataset/MMSData/13GKsS26F4U/asr_subtitle/wavs/13GKsS26F4U_03105.wav,2.8318136,2.026617,4.051592,3.7291157,3.6535716,NISQAv2
/data/nhandt23/Dataset/MMSData/13GKsS26F4U/asr_subtitle/wavs/13GKsS26F4U_01270.wav,3.4574435,2.1695807,4.3638334,4.227777,3.506171,NISQAv2
/data/nhandt23/Dataset/MMSData/13GKsS26F4U/asr_subtitle/wavs/13GKsS26F4U_02050.wav,3.216312,2.3629801,3.8376672,3.7009995,3.4660282,NISQAv2
/data/nhandt23/Dataset/MMSData/13GKsS26F4U/asr_subtitle/wavs/13GKsS26F4U_03893.wav,2.5379322,2.5289106,4.362653,4.0636973,3.3589602,NISQAv2
/data/nhandt23/Dataset/MMSData/13GKsS26F4U/asr_subtitle/wavs/13GKsS26F4U_04359.wav,2.8249173,2.2495272,4.291704,3.8321936,3.6069584,NISQAv2
/data/nhandt23/Dataset/MMSData/13GKsS26F4U/asr_subtitle/wavs/13GKsS26F4U_00724.wav,2.7803543,2.552306,3.135894,3.4852943,3.3647485,NISQAv2
/data/nhandt23/Dataset/MMSData/13GKsS26F4U/asr_subtitle/wavs/13GKsS26F4U_03791.wav,3.4380095,2.4207962,3.9639375,4.1269093,4.2038107,NISQAv2
/data/nhandt23/Dataset/MMSData/13GKsS26F4U/asr_subtitle/wavs/13GKsS26F4U_02508.wav,3.814538,2.7852075,4.411954,4.302693,4.472518,NISQAv2
/data/nhandt23/Dataset/MMSData/13GKsS26F4U/asr_subtitle/wavs/13GKsS26F4U_03462.wav,3.9729288,2.5895717,4.509886,4.193438,4.1221924,NISQAv2
/data/nhandt23/Dataset/MMSData/13GKsS26F4U/asr_subtitle/wavs/13GKsS26F4U_00812.wav,3.9252827,2.5478153,4.4486146,4.162126,4.1102233,NISQAv2
/data/nhandt23/Dataset/MMSData/13GKsS26F4U/asr_subtitle/wavs/13GKsS26F4U_04932.wav,2.3279595,2.570424,3.0532887,3.186746,3.3064303,NISQAv2
/data/nhandt23/Dataset/MMSData/13GKsS26F4U/asr_subtitle/wavs/13GKsS26F4U_02582.wav,3.7547116,2.573962,4.4283404,4.0930705,3.3040755,NISQAv2
/data/nhandt23/Dataset/MMSData/13GKsS26F4U/asr_subtitle/wavs/13GKsS26F4U_01646.wav,2.6605394,2.749125,3.8172724,3.842589,3.8381991,NISQAv2
/data/nhandt23/Dataset/MMSData/13GKsS26F4U/asr_subtitle/wavs/13GKsS26F4U_02881.wav,2.5437596,2.4519606,4.049659,3.9545252,3.8494527,NISQAv2
/data/nhandt23/Dataset/MMSData/13GKsS26F4U/asr_subtitle/wavs/13GKsS26F4U_03323.wav,3.5715444,2.56416,4.480394,4.119227,4.169327,NISQAv2
/data/nhandt23/Dataset/MMSData/13GKsS26F4U/asr_subtitle/wavs/13GKsS26F4U_01353.wav,2.8806155,2.69526,4.1065836,3.9163754,3.7102478,NISQAv2
/data/nhandt23/Dataset/MMSData/13GKsS26F4U/asr_subtitle/wavs/13GKsS26F4U_01180.wav,3.1493003,2.3586104,4.180992,3.8756444,3.694321,NISQAv2
/data/nhandt23/Dataset/MMSData/13GKsS26F4U/asr_subtitle/wavs/13GKsS26F4U_00537.wav,2.4929676,1.875489,4.3987455,4.0471272,3.537161,NISQAv2
/data/nhandt23/Dataset/MMSData/13GKsS26F4U/asr_subtitle/wavs/13GKsS26F4U_02014.wav,3.796803,2.4921877,4.0718303,4.2844186,4.1529894,NISQAv2
/data/nhandt23/Dataset/MMSData/13GKsS26F4U/asr_subtitle/wavs/13GKsS26F4U_01871.wav,2.436288,2.7509542,3.9389026,3.8517334,3.639228,NISQAv2
/data/nhandt23/Dataset/MMSData/13GKsS26F4U/asr_subtitle/wavs/13GKsS26F4U_00550.wav,2.4928668,2.3734398,3.1295726,3.2989638,2.8803394,NISQAv2
/data/nhandt23/Dataset/MMSData/13GKsS26F4U/asr_subtitle/wavs/13GKsS26F4U_00046.wav,2.6458015,2.0737011,4.208852,4.0872626,3.5032947,NISQAv2
/data/nhandt23/Dataset/MMSData/13GKsS26F4U/asr_subtitle/wavs/13GKsS26F4U_04208.wav,3.5468214,2.6493757,4.0785513,3.9105258,4.182072,NISQAv2
/data/nhandt23/Dataset/MMSData/13GKsS26F4U/asr_subtitle/wavs/13GKsS26F4U_04158.wav,3.1742547,2.9096882,4.454967,4.1036277,3.2114282,NISQAv2
/data/nhandt23/Dataset/MMSData/13GKsS26F4U/asr_subtitle/wavs/13GKsS26F4U_04487.wav,4.220597,3.1988482,4.617319,4.3732944,4.1359277,NISQAv2
/data/nhandt23/Dataset/MMSData/13GKsS26F4U/asr_subtitle/wavs/13GKsS26F4U_03028.wav,2.9970386,2.4493895,4.2053366,4.0035763,3.5533867,NISQAv2
/data/nhandt23/Dataset/MMSData/13GKsS26F4U/asr_subtitle/wavs/13GKsS26F4U_03903.wav,4.0882683,2.4874525,4.4860573,4.2493076,4.1430163,NISQAv2
/data/nhandt23/Dataset/MMSData/13GKsS26F4U/asr_subtitle/wavs/13GKsS26F4U_03641.wav,4.198207,2.2340195,4.7478046,4.4373035,4.197329,NISQAv2
/data/nhandt23/Dataset/MMSData/13GKsS26F4U/asr_subtitle/wavs/13GKsS26F4U_00142.wav,2.3591797,2.391703,3.118066,4.0699425,3.9634042,NISQAv2
/data/nhandt23/Dataset/MMSData/13GKsS26F4U/asr_subtitle/wavs/13GKsS26F4U_03364.wav,3.5423644,2.4563158,3.5044007,4.030672,3.829612,NISQAv2
/data/nhandt23/Dataset/MMSData/13GKsS26F4U/asr_subtitle/wavs/13GKsS26F4U_01504.wav,2.5091927,2.3039324,3.4299393,3.8697524,4.388517,NISQAv2
/data/nhandt23/Dataset/MMSData/13GKsS26F4U/asr_subtitle/wavs/13GKsS26F4U_03931.wav,3.9771771,2.4248843,4.5735693,4.3147645,3.4609654,NISQAv2
/data/nhandt23/Dataset/MMSData/13GKsS26F4U/asr_subtitle/wavs/13GKsS26F4U_00728.wav,2.6069248,2.1102998,3.8363473,3.537092,3.1186543,NISQAv2
/data/nhandt23/Dataset/MMSData/13GKsS26F4U/asr_subtitle/wavs/13GKsS26F4U_01615.wav,2.6320622,2.0619001,4.389022,4.0731654,2.8462408,NISQAv2
/data/nhandt23/Dataset/MMSData/13GKsS26F4U/asr_subtitle/wavs/13GKsS26F4U_05009.wav,2.7267,2.2590709,4.204986,3.9393885,3.7648072,NISQAv2
/data/nhandt23/Dataset/MMSData/13GKsS26F4U/asr_subtitle/wavs/13GKsS26F4U_00892.wav,3.8873668,2.6017735,4.5049114,4.3014817,3.8430078,NISQAv2
/data/nhandt23/Dataset/MMSData/13GKsS26F4U/asr_subtitle/wavs/13GKsS26F4U_00327.wav,2.2041187,2.289024,3.9370348,3.876327,3.839006,NISQAv2
/data/nhandt23/Dataset/MMSData/13GKsS26F4U/asr_subtitle/wavs/13GKsS26F4U_02656.wav,3.1289334,2.0291626,4.108306,3.82676,3.8849628,NISQAv2
/data/nhandt23/Dataset/MMSData/13GKsS26F4U/asr_subtitle/wavs/13GKsS26F4U_04285.wav,3.6056812,2.5481498,4.3085237,4.0268807,3.8838646,NISQAv2
/data/nhandt23/Dataset/MMSData/13GKsS26F4U/asr_subtitle/wavs/13GKsS26F4U_02792.wav,3.6470258,2.652653,4.414175,4.177375,3.836622,NISQAv2
/data/nhandt23/Dataset/MMSData/13GKsS26F4U/asr_subtitle/wavs/13GKsS26F4U_01708.wav,3.3157475,1.8987219,3.6880248,3.284376,3.217778,NISQAv2
/data/nhandt23/Dataset/MMSData/13GKsS26F4U/asr_subtitle/wavs/13GKsS26F4U_02128.wav,3.5726166,2.4413636,4.331843,4.056594,4.0004935,NISQAv2
/data/nhandt23/Dataset/MMSData/13GKsS26F4U/asr_subtitle/wavs/13GKsS26F4U_03253.wav,2.6029446,2.2785468,4.0005507,4.0914683,4.307898,NISQAv2
/data/nhandt23/Dataset/MMSData/13GKsS26F4U/asr_subtitle/wavs/13GKsS26F4U_02510.wav,4.033551,2.6580827,4.479898,4.2189364,4.24398,NISQAv2
/data/nhandt23/Dataset/MMSData/13GKsS26F4U/asr_subtitle/wavs/13GKsS26F4U_02694.wav,3.2351732,2.28839,4.3565784,4.1781178,3.6860387,NISQAv2
/data/nhandt23/Dataset/MMSData/13GKsS26F4U/asr_subtitle/wavs/13GKsS26F4U_02607.wav,3.1408117,2.1951425,4.3449545,3.7561157,3.1833313,NISQAv2
/data/nhandt23/Dataset/MMSData/13GKsS26F4U/asr_subtitle/wavs/13GKsS26F4U_05142.wav,3.8883762,3.0626352,4.295277,3.9477022,3.6878471,NISQAv2
/data/nhandt23/Dataset/MMSData/13GKsS26F4U/asr_subtitle/wavs/13GKsS26F4U_04578.wav,3.3471193,3.0813165,4.3808613,4.1744866,4.053196,NISQAv2
/data/nhandt23/Dataset/MMSData/13GKsS26F4U/asr_subtitle/wavs/13GKsS26F4U_01215.wav,2.736588,2.5046759,3.6135652,3.7290146,3.580909,NISQAv2
/data/nhandt23/Dataset/MMSData/13GKsS26F4U/asr_subtitle/wavs/13GKsS26F4U_04959.wav,3.0671198,2.534029,4.491071,4.122878,3.9176147,NISQAv2
/data/nhandt23/Dataset/MMSData/13GKsS26F4U/asr_subtitle/wavs/13GKsS26F4U_04174.wav,3.7424326,2.5176013,4.475231,4.0991077,4.103767,NISQAv2
/data/nhandt23/Dataset/MMSData/13GKsS26F4U/asr_subtitle/wavs/13GKsS26F4U_03422.wav,3.6243849,2.3313074,4.609172,4.237741,4.097058,NISQAv2
/data/nhandt23/Dataset/MMSData/13GKsS26F4U/asr_subtitle/wavs/13GKsS26F4U_05006.wav,3.263735,3.476888,4.2106504,3.9104187,3.8824382,NISQAv2
/data/nhandt23/Dataset/MMSData/13GKsS26F4U/asr_subtitle/wavs/13GKsS26F4U_02294.wav,2.7161758,2.1670625,4.167653,4.1129956,3.7957108,NISQAv2
/data/nhandt23/Dataset/MMSData/13GKsS26F4U/asr_subtitle/wavs/13GKsS26F4U_00563.wav,3.3446324,2.559965,4.1828003,3.711123,3.5977573,NISQAv2
/data/nhandt23/Dataset/MMSData/13GKsS26F4U/asr_subtitle/wavs/13GKsS26F4U_02348.wav,2.7681558,2.6328747,3.8931391,3.699453,3.5961454,NISQAv2
/data/nhandt23/Dataset/MMSData/13GKsS26F4U/asr_subtitle/wavs/13GKsS26F4U_02118.wav,3.9393487,2.199162,4.501583,4.209555,4.0676007,NISQAv2
/data/nhandt23/Dataset/MMSData/13GKsS26F4U/asr_subtitle/wavs/13GKsS26F4U_05106.wav,2.9461637,2.1935277,4.284109,3.9912536,3.742129,NISQAv2
/data/nhandt23/Dataset/MMSData/13GKsS26F4U/asr_subtitle/wavs/13GKsS26F4U_01375.wav,3.8574588,2.3664458,4.6332774,4.319536,3.8732586,NISQAv2
/data/nhandt23/Dataset/MMSData/13GKsS26F4U/asr_subtitle/wavs/13GKsS26F4U_03661.wav,3.8926165,2.1004965,4.496292,4.198299,3.4328501,NISQAv2
/data/nhandt23/Dataset/MMSData/13GKsS26F4U/asr_subtitle/wavs/13GKsS26F4U_03643.wav,3.3036506,2.0941317,4.5409846,4.163734,3.841564,NISQAv2
/data/nhandt23/Dataset/MMSData/13GKsS26F4U/asr_subtitle/wavs/13GKsS26F4U_01112.wav,3.2473066,2.5621183,4.216792,3.839046,3.3408008,NISQAv2
/data/nhandt23/Dataset/MMSData/13GKsS26F4U/asr_subtitle/wavs/13GKsS26F4U_00124.wav,2.692431,2.6886513,3.3235781,3.5379336,3.916451,NISQAv2
/data/nhandt23/Dataset/MMSData/13GKsS26F4U/asr_subtitle/wavs/13GKsS26F4U_02420.wav,3.2151248,2.6867335,3.87437,4.0475173,3.9300408,NISQAv2
/data/nhandt23/Dataset/MMSData/13GKsS26F4U/asr_subtitle/wavs/13GKsS26F4U_01730.wav,2.9013336,2.197601,4.057727,3.649819,3.1684313,NISQAv2
/data/nhandt23/Dataset/MMSData/13GKsS26F4U/asr_subtitle/wavs/13GKsS26F4U_04503.wav,3.3382237,2.5518034,3.945598,3.7879539,3.698588,NISQAv2
/data/nhandt23/Dataset/MMSData/13GKsS26F4U/asr_subtitle/wavs/13GKsS26F4U_01155.wav,2.3454227,2.468584,3.86137,3.7964258,3.4605188,NISQAv2
/data/nhandt23/Dataset/MMSData/13GKsS26F4U/asr_subtitle/wavs/13GKsS26F4U_03398.wav,2.1645296,2.1903455,2.5531967,3.0055754,3.2652035,NISQAv2
/data/nhandt23/Dataset/MMSData/13GKsS26F4U/asr_subtitle/wavs/13GKsS26F4U_01282.wav,2.6123269,2.2542207,3.8236241,3.7658477,3.4156816,NISQAv2
/data/nhandt23/Dataset/MMSData/13GKsS26F4U/asr_subtitle/wavs/13GKsS26F4U_00192.wav,3.5525463,2.5274518,4.137871,4.010955,3.469445,NISQAv2
/data/nhandt23/Dataset/MMSData/13GKsS26F4U/asr_subtitle/wavs/13GKsS26F4U_01260.wav,4.259665,2.7613337,4.6158943,4.384533,4.4563794,NISQAv2
/data/nhandt23/Dataset/MMSData/13GKsS26F4U/asr_subtitle/wavs/13GKsS26F4U_03113.wav,3.5333345,2.2267025,4.5036497,4.2591853,3.7069795,NISQAv2
/data/nhandt23/Dataset/MMSData/13GKsS26F4U/asr_subtitle/wavs/13GKsS26F4U_05104.wav,3.749064,2.615628,4.5115275,4.1608796,4.13585,NISQAv2
/data/nhandt23/Dataset/MMSData/13GKsS26F4U/asr_subtitle/wavs/13GKsS26F4U_01101.wav,3.994003,2.595415,4.519761,4.296115,4.3375,NISQAv2
/data/nhandt23/Dataset/MMSData/13GKsS26F4U/asr_subtitle/wavs/13GKsS26F4U_03704.wav,3.4328754,2.2052453,4.4418526,4.2291827,3.887017,NISQAv2
/data/nhandt23/Dataset/MMSData/13GKsS26F4U/asr_subtitle/wavs/13GKsS26F4U_01582.wav,2.5790138,2.2326071,4.132332,3.8819053,3.7638922,NISQAv2
/data/nhandt23/Dataset/MMSData/13GKsS26F4U/asr_subtitle/wavs/13GKsS26F4U_01255.wav,3.2248724,2.2945168,4.42336,4.1653476,4.1375165,NISQAv2
/data/nhandt23/Dataset/MMSData/13GKsS26F4U/asr_subtitle/wavs/13GKsS26F4U_03043.wav,3.06824,2.2982721,4.4274387,4.106419,3.7166808,NISQAv2
/data/nhandt23/Dataset/MMSData/13GKsS26F4U/asr_subtitle/wavs/13GKsS26F4U_02422.wav,3.9798253,1.7604841,4.457289,4.2450504,4.1796145,NISQAv2
/data/nhandt23/Dataset/MMSData/13GKsS26F4U/asr_subtitle/wavs/13GKsS26F4U_00072.wav,3.4681609,2.6897209,4.402643,4.1183662,4.2296634,NISQAv2
/data/nhandt23/Dataset/MMSData/13GKsS26F4U/asr_subtitle/wavs/13GKsS26F4U_01390.wav,4.028903,2.5855243,4.5737686,4.1817765,4.232215,NISQAv2
/data/nhandt23/Dataset/MMSData/13GKsS26F4U/asr_subtitle/wavs/13GKsS26F4U_03275.wav,3.8794358,3.2089336,4.631767,4.293661,4.328461,NISQAv2
/data/nhandt23/Dataset/MMSData/13GKsS26F4U/asr_subtitle/wavs/13GKsS26F4U_01456.wav,4.243166,2.6736815,4.6342344,4.2334547,4.1383047,NISQAv2
/data/nhandt23/Dataset/MMSData/13GKsS26F4U/asr_subtitle/wavs/13GKsS26F4U_02086.wav,3.8133333,2.1377532,4.5565653,4.2450795,4.224155,NISQAv2
/data/nhandt23/Dataset/MMSData/13GKsS26F4U/asr_subtitle/wavs/13GKsS26F4U_03751.wav,3.955301,2.1212173,4.441549,4.22134,4.142159,NISQAv2
/data/nhandt23/Dataset/MMSData/13GKsS26F4U/asr_subtitle/wavs/13GKsS26F4U_02151.wav,3.2483785,2.6727502,3.9507878,3.5034118,3.7208385,NISQAv2
/data/nhandt23/Dataset/MMSData/13GKsS26F4U/asr_subtitle/wavs/13GKsS26F4U_03066.wav,2.7268333,2.8411245,4.346878,4.1938405,4.147536,NISQAv2
/data/nhandt23/Dataset/MMSData/13GKsS26F4U/asr_subtitle/wavs/13GKsS26F4U_04459.wav,2.51919,2.3840983,4.032584,4.126436,3.4568055,NISQAv2
/data/nhandt23/Dataset/MMSData/13GKsS26F4U/asr_subtitle/wavs/13GKsS26F4U_01927.wav,2.8115072,2.6326354,4.026568,3.8481588,3.8938255,NISQAv2
/data/nhandt23/Dataset/MMSData/13GKsS26F4U/asr_subtitle/wavs/13GKsS26F4U_04660.wav,3.6956913,2.2880104,4.822645,4.394751,4.2387443,NISQAv2
/data/nhandt23/Dataset/MMSData/13GKsS26F4U/asr_subtitle/wavs/13GKsS26F4U_02334.wav,2.5326614,2.421228,3.8901274,3.4457643,3.370349,NISQAv2
/data/nhandt23/Dataset/MMSData/13GKsS26F4U/asr_subtitle/wavs/13GKsS26F4U_03611.wav,3.958679,2.8018472,4.455807,4.225193,4.1825075,NISQAv2
/data/nhandt23/Dataset/MMSData/13GKsS26F4U/asr_subtitle/wavs/13GKsS26F4U_01246.wav,2.7881825,2.3281274,4.388625,4.160249,4.283996,NISQAv2
/data/nhandt23/Dataset/MMSData/13GKsS26F4U/asr_subtitle/wavs/13GKsS26F4U_00558.wav,3.5313916,2.413586,3.9896793,3.860371,4.119908,NISQAv2
/data/nhandt23/Dataset/MMSData/13GKsS26F4U/asr_subtitle/wavs/13GKsS26F4U_02169.wav,3.6674435,2.2911544,4.43844,4.251694,4.1045003,NISQAv2
/data/nhandt23/Dataset/MMSData/13GKsS26F4U/asr_subtitle/wavs/13GKsS26F4U_04040.wav,3.489324,1.9867725,3.075336,3.700387,4.025825,NISQAv2
/data/nhandt23/Dataset/MMSData/13GKsS26F4U/asr_subtitle/wavs/13GKsS26F4U_00363.wav,3.4070714,2.895591,4.4641466,4.191191,3.8261778,NISQAv2
/data/nhandt23/Dataset/MMSData/13GKsS26F4U/asr_subtitle/wavs/13GKsS26F4U_00777.wav,3.6636956,2.0940695,4.1872425,3.9910667,3.355442,NISQAv2
/data/nhandt23/Dataset/MMSData/13GKsS26F4U/asr_subtitle/wavs/13GKsS26F4U_03473.wav,2.3927174,2.3335729,3.4947474,3.593817,3.4865012,NISQAv2
/data/nhandt23/Dataset/MMSData/13GKsS26F4U/asr_subtitle/wavs/13GKsS26F4U_03795.wav,3.5788848,2.189517,4.5689907,4.2897844,4.1631837,NISQAv2
/data/nhandt23/Dataset/MMSData/13GKsS26F4U/asr_subtitle/wavs/13GKsS26F4U_00674.wav,3.9126902,3.0347273,4.220274,4.131398,4.0420804,NISQAv2
/data/nhandt23/Dataset/MMSData/13GKsS26F4U/asr_subtitle/wavs/13GKsS26F4U_00953.wav,2.2859068,2.1979668,3.72162,3.5357015,3.342339,NISQAv2
/data/nhandt23/Dataset/MMSData/13GKsS26F4U/asr_subtitle/wavs/13GKsS26F4U_02501.wav,3.373099,2.1783926,4.150339,3.8478563,3.6027167,NISQAv2
/data/nhandt23/Dataset/MMSData/13GKsS26F4U/asr_subtitle/wavs/13GKsS26F4U_03100.wav,3.9900448,2.56884,4.4832125,4.2143283,3.6143897,NISQAv2
/data/nhandt23/Dataset/MMSData/13GKsS26F4U/asr_subtitle/wavs/13GKsS26F4U_00848.wav,2.5901713,2.347311,4.2551813,3.9802256,3.818382,NISQAv2
/data/nhandt23/Dataset/MMSData/13GKsS26F4U/asr_subtitle/wavs/13GKsS26F4U_04934.wav,3.2822192,2.7965395,4.3532863,4.004642,4.0479407,NISQAv2
/data/nhandt23/Dataset/MMSData/13GKsS26F4U/asr_subtitle/wavs/13GKsS26F4U_01306.wav,3.289118,2.1117916,4.3455253,3.9910686,3.5518608,NISQAv2
/data/nhandt23/Dataset/MMSData/13GKsS26F4U/asr_subtitle/wavs/13GKsS26F4U_03206.wav,3.6353643,2.7859852,4.4777126,4.0178647,3.4952223,NISQAv2
/data/nhandt23/Dataset/MMSData/13GKsS26F4U/asr_subtitle/wavs/13GKsS26F4U_03600.wav,3.947787,2.7806058,4.6693797,4.3543806,4.0324473,NISQAv2
/data/nhandt23/Dataset/MMSData/13GKsS26F4U/asr_subtitle/wavs/13GKsS26F4U_00590.wav,3.9301531,2.9570057,4.5727835,4.277928,4.196807,NISQAv2
/data/nhandt23/Dataset/MMSData/13GKsS26F4U/asr_subtitle/wavs/13GKsS26F4U_04758.wav,3.7631795,2.2981036,4.480253,4.0922055,3.1313894,NISQAv2
/data/nhandt23/Dataset/MMSData/13GKsS26F4U/asr_subtitle/wavs/13GKsS26F4U_02867.wav,3.7405934,2.408898,4.4283857,4.073101,3.196287,NISQAv2
/data/nhandt23/Dataset/MMSData/13GKsS26F4U/asr_subtitle/wavs/13GKsS26F4U_03317.wav,3.7682564,2.905689,4.3275785,3.9928951,3.484981,NISQAv2
/data/nhandt23/Dataset/MMSData/13GKsS26F4U/asr_subtitle/wavs/13GKsS26F4U_02890.wav,3.2545624,2.0848508,4.4073906,3.632184,3.2810843,NISQAv2
/data/nhandt23/Dataset/MMSData/13GKsS26F4U/asr_subtitle/wavs/13GKsS26F4U_04122.wav,3.9981346,3.0030913,4.3420305,4.2123823,3.7365324,NISQAv2
/data/nhandt23/Dataset/MMSData/13GKsS26F4U/asr_subtitle/wavs/13GKsS26F4U_01107.wav,3.3312852,2.6710608,2.9528153,3.5240366,3.846358,NISQAv2
/data/nhandt23/Dataset/MMSData/13GKsS26F4U/asr_subtitle/wavs/13GKsS26F4U_04215.wav,2.4950998,2.5086818,2.4349372,3.490063,3.8026035,NISQAv2
/data/nhandt23/Dataset/MMSData/13GKsS26F4U/asr_subtitle/wavs/13GKsS26F4U_02100.wav,2.2703342,2.265087,3.8304923,3.3716671,2.841636,NISQAv2
/data/nhandt23/Dataset/MMSData/13GKsS26F4U/asr_subtitle/wavs/13GKsS26F4U_00828.wav,3.4657166,2.6989229,4.3978014,4.117661,3.8927424,NISQAv2
/data/nhandt23/Dataset/MMSData/13GKsS26F4U/asr_subtitle/wavs/13GKsS26F4U_05137.wav,3.0472229,2.560044,4.1941032,4.107098,4.075608,NISQAv2
/data/nhandt23/Dataset/MMSData/13GKsS26F4U/asr_subtitle/wavs/13GKsS26F4U_02921.wav,3.9953783,3.2001624,4.303423,4.1689878,4.1207004,NISQAv2
/data/nhandt23/Dataset/MMSData/13GKsS26F4U/asr_subtitle/wavs/13GKsS26F4U_03189.wav,3.1248596,2.4096296,4.2660704,4.0929594,3.8264325,NISQAv2
/data/nhandt23/Dataset/MMSData/13GKsS26F4U/asr_subtitle/wavs/13GKsS26F4U_01212.wav,3.287374,2.240743,4.483731,4.2066655,3.5534194,NISQAv2
/data/nhandt23/Dataset/MMSData/13GKsS26F4U/asr_subtitle/wavs/13GKsS26F4U_01322.wav,3.7674985,2.6912901,4.517488,4.1617618,4.002413,NISQAv2
/data/nhandt23/Dataset/MMSData/13GKsS26F4U/asr_subtitle/wavs/13GKsS26F4U_04812.wav,2.7033336,2.3053467,2.7034771,3.7664087,3.7092602,NISQAv2
/data/nhandt23/Dataset/MMSData/13GKsS26F4U/asr_subtitle/wavs/13GKsS26F4U_03685.wav,3.602379,2.3657782,3.9504182,3.722153,4.072682,NISQAv2
/data/nhandt23/Dataset/MMSData/13GKsS26F4U/asr_subtitle/wavs/13GKsS26F4U_05118.wav,2.9855733,2.6021788,4.104328,3.984731,3.2643452,NISQAv2
/data/nhandt23/Dataset/MMSData/13GKsS26F4U/asr_subtitle/wavs/13GKsS26F4U_05044.wav,3.0137484,2.3027182,4.3290024,4.0114074,3.7130473,NISQAv2
/data/nhandt23/Dataset/MMSData/13GKsS26F4U/asr_subtitle/wavs/13GKsS26F4U_04605.wav,3.0565677,2.6179836,4.0531836,3.7445486,3.4788294,NISQAv2
/data/nhandt23/Dataset/MMSData/13GKsS26F4U/asr_subtitle/wavs/13GKsS26F4U_02692.wav,3.8375194,2.2576127,4.355625,4.104201,3.8478785,NISQAv2
/data/nhandt23/Dataset/MMSData/13GKsS26F4U/asr_subtitle/wavs/13GKsS26F4U_02051.wav,3.6497743,2.6862319,4.234796,4.064549,4.0182953,NISQAv2
/data/nhandt23/Dataset/MMSData/13GKsS26F4U/asr_subtitle/wavs/13GKsS26F4U_04688.wav,3.5992498,2.6113384,4.541562,4.0248046,3.9007783,NISQAv2
/data/nhandt23/Dataset/MMSData/13GKsS26F4U/asr_subtitle/wavs/13GKsS26F4U_00233.wav,3.0069313,2.345682,4.3209248,4.041497,3.7364988,NISQAv2
/data/nhandt23/Dataset/MMSData/13GKsS26F4U/asr_subtitle/wavs/13GKsS26F4U_00506.wav,3.3585994,2.8440807,4.290447,4.040516,4.076252,NISQAv2
/data/nhandt23/Dataset/MMSData/13GKsS26F4U/asr_subtitle/wavs/13GKsS26F4U_02843.wav,2.8054965,2.5563133,4.23208,3.9023237,3.6756027,NISQAv2
/data/nhandt23/Dataset/MMSData/13GKsS26F4U/asr_subtitle/wavs/13GKsS26F4U_04864.wav,2.317393,2.2415345,3.815864,3.5804086,3.4853168,NISQAv2
/data/nhandt23/Dataset/MMSData/13GKsS26F4U/asr_subtitle/wavs/13GKsS26F4U_03875.wav,2.0537512,2.4417703,2.5489314,3.7963848,3.1894686,NISQAv2
/data/nhandt23/Dataset/MMSData/13GKsS26F4U/asr_subtitle/wavs/13GKsS26F4U_01850.wav,3.283884,2.4805183,4.6254845,4.153888,4.1498256,NISQAv2
/data/nhandt23/Dataset/MMSData/13GKsS26F4U/asr_subtitle/wavs/13GKsS26F4U_02661.wav,3.9205058,2.6211016,4.516696,4.1749606,3.6691287,NISQAv2
/data/nhandt23/Dataset/MMSData/13GKsS26F4U/asr_subtitle/wavs/13GKsS26F4U_00100.wav,3.766992,2.3083754,4.615955,4.3765445,3.868747,NISQAv2
/data/nhandt23/Dataset/MMSData/13GKsS26F4U/asr_subtitle/wavs/13GKsS26F4U_00656.wav,3.7187178,2.080913,4.5614514,4.1185594,4.186544,NISQAv2
/data/nhandt23/Dataset/MMSData/13GKsS26F4U/asr_subtitle/wavs/13GKsS26F4U_04345.wav,3.127593,2.4060447,4.178625,3.9938848,3.6345093,NISQAv2
/data/nhandt23/Dataset/MMSData/13GKsS26F4U/asr_subtitle/wavs/13GKsS26F4U_01289.wav,3.365853,2.3057249,4.5293856,4.26006,3.7624595,NISQAv2
/data/nhandt23/Dataset/MMSData/13GKsS26F4U/asr_subtitle/wavs/13GKsS26F4U_03598.wav,2.9212344,2.1152813,4.4239492,4.0345006,3.4986908,NISQAv2
/data/nhandt23/Dataset/MMSData/13GKsS26F4U/asr_subtitle/wavs/13GKsS26F4U_04551.wav,2.8806818,2.275846,4.056136,3.7849438,3.7070282,NISQAv2
/data/nhandt23/Dataset/MMSData/13GKsS26F4U/asr_subtitle/wavs/13GKsS26F4U_04430.wav,4.1685686,2.518021,4.5639553,4.3278704,4.13257,NISQAv2
/data/nhandt23/Dataset/MMSData/13GKsS26F4U/asr_subtitle/wavs/13GKsS26F4U_03186.wav,2.6917002,2.2451313,4.0847507,3.964029,3.916383,NISQAv2
/data/nhandt23/Dataset/MMSData/13GKsS26F4U/asr_subtitle/wavs/13GKsS26F4U_01608.wav,2.4400134,2.3543506,3.8388338,3.3891997,3.5168607,NISQAv2
/data/nhandt23/Dataset/MMSData/13GKsS26F4U/asr_subtitle/wavs/13GKsS26F4U_00398.wav,2.640925,2.621161,3.77239,3.8283067,4.127208,NISQAv2
/data/nhandt23/Dataset/MMSData/13GKsS26F4U/asr_subtitle/wavs/13GKsS26F4U_05039.wav,2.452717,2.4598277,4.3852158,3.9780266,3.5588791,NISQAv2
/data/nhandt23/Dataset/MMSData/13GKsS26F4U/asr_subtitle/wavs/13GKsS26F4U_03397.wav,2.6795297,2.1457276,4.052511,3.9263957,3.6183634,NISQAv2
/data/nhandt23/Dataset/MMSData/13GKsS26F4U/asr_subtitle/wavs/13GKsS26F4U_00630.wav,3.054734,2.7071388,4.146096,3.9400177,3.6433008,NISQAv2
/data/nhandt23/Dataset/MMSData/13GKsS26F4U/asr_subtitle/wavs/13GKsS26F4U_01820.wav,2.64352,2.0970376,4.0618367,3.9015844,3.588826,NISQAv2
/data/nhandt23/Dataset/MMSData/13GKsS26F4U/asr_subtitle/wavs/13GKsS26F4U_04825.wav,3.450428,2.2454166,4.2242646,4.0232906,3.4924138,NISQAv2
/data/nhandt23/Dataset/MMSData/13GKsS26F4U/asr_subtitle/wavs/13GKsS26F4U_02871.wav,3.619497,2.7450552,3.3362353,3.878006,4.2435584,NISQAv2
/data/nhandt23/Dataset/MMSData/13GKsS26F4U/asr_subtitle/wavs/13GKsS26F4U_04495.wav,3.2103417,2.7628834,3.5617545,3.727389,3.7237093,NISQAv2
/data/nhandt23/Dataset/MMSData/13GKsS26F4U/asr_subtitle/wavs/13GKsS26F4U_04887.wav,3.6222036,2.6911812,4.1891894,3.9855506,3.693428,NISQAv2
/data/nhandt23/Dataset/MMSData/13GKsS26F4U/asr_subtitle/wavs/13GKsS26F4U_04468.wav,4.214918,2.769217,4.641746,4.36173,4.30285,NISQAv2
/data/nhandt23/Dataset/MMSData/13GKsS26F4U/asr_subtitle/wavs/13GKsS26F4U_03929.wav,3.7001927,2.3861954,4.531939,4.29139,3.8956869,NISQAv2
/data/nhandt23/Dataset/MMSData/13GKsS26F4U/asr_subtitle/wavs/13GKsS26F4U_00756.wav,3.1828816,2.236839,4.224885,3.8135161,3.5731869,NISQAv2
/data/nhandt23/Dataset/MMSData/13GKsS26F4U/asr_subtitle/wavs/13GKsS26F4U_01609.wav,3.1380956,2.9045956,4.0361047,3.6348827,3.967216,NISQAv2
/data/nhandt23/Dataset/MMSData/13GKsS26F4U/asr_subtitle/wavs/13GKsS26F4U_04672.wav,3.366155,2.405428,4.539172,4.1623645,4.0410438,NISQAv2
/data/nhandt23/Dataset/MMSData/13GKsS26F4U/asr_subtitle/wavs/13GKsS26F4U_00742.wav,2.6570122,2.2750428,3.7649698,3.565552,3.0982826,NISQAv2
/data/nhandt23/Dataset/MMSData/13GKsS26F4U/asr_subtitle/wavs/13GKsS26F4U_01761.wav,3.5596473,2.6867445,4.4006457,4.2237077,4.1399155,NISQAv2
/data/nhandt23/Dataset/MMSData/13GKsS26F4U/asr_subtitle/wavs/13GKsS26F4U_04134.wav,3.0421538,2.6333988,3.6984344,3.9276483,3.5309956,NISQAv2
/data/nhandt23/Dataset/MMSData/13GKsS26F4U/asr_subtitle/wavs/13GKsS26F4U_02319.wav,3.8030133,2.3150802,4.62873,4.2287993,4.2240396,NISQAv2
/data/nhandt23/Dataset/MMSData/13GKsS26F4U/asr_subtitle/wavs/13GKsS26F4U_00267.wav,2.663912,1.9783728,4.0274477,4.027955,4.076075,NISQAv2
/data/nhandt23/Dataset/MMSData/13GKsS26F4U/asr_subtitle/wavs/13GKsS26F4U_04114.wav,3.4045246,3.034035,4.351563,3.9508462,3.712046,NISQAv2
/data/nhandt23/Dataset/MMSData/13GKsS26F4U/asr_subtitle/wavs/13GKsS26F4U_01651.wav,2.7034945,2.237943,3.8074462,3.9369714,3.582345,NISQAv2
/data/nhandt23/Dataset/MMSData/13GKsS26F4U/asr_subtitle/wavs/13GKsS26F4U_02363.wav,3.656389,2.799509,4.41783,4.1091824,4.2505174,NISQAv2
/data/nhandt23/Dataset/MMSData/13GKsS26F4U/asr_subtitle/wavs/13GKsS26F4U_03240.wav,3.127641,2.40039,3.1332836,3.583882,3.4853544,NISQAv2
/data/nhandt23/Dataset/MMSData/13GKsS26F4U/asr_subtitle/wavs/13GKsS26F4U_03656.wav,2.6654925,2.2837875,3.8872764,4.1090436,3.9501293,NISQAv2
/data/nhandt23/Dataset/MMSData/13GKsS26F4U/asr_subtitle/wavs/13GKsS26F4U_04400.wav,3.8912597,2.2462754,4.8152046,4.383791,4.430554,NISQAv2
/data/nhandt23/Dataset/MMSData/13GKsS26F4U/asr_subtitle/wavs/13GKsS26F4U_02468.wav,2.5392919,2.4278386,3.9942448,3.7412486,3.6188653,NISQAv2
/data/nhandt23/Dataset/MMSData/13GKsS26F4U/asr_subtitle/wavs/13GKsS26F4U_02202.wav,3.5041451,2.3817918,4.417411,4.154512,3.8487163,NISQAv2
/data/nhandt23/Dataset/MMSData/13GKsS26F4U/asr_subtitle/wavs/13GKsS26F4U_04647.wav,2.7665575,2.5326185,4.300538,4.2505717,3.9644063,NISQAv2
/data/nhandt23/Dataset/MMSData/13GKsS26F4U/asr_subtitle/wavs/13GKsS26F4U_04543.wav,3.3763807,1.9819853,3.6876457,3.7820182,4.192142,NISQAv2
/data/nhandt23/Dataset/MMSData/13GKsS26F4U/asr_subtitle/wavs/13GKsS26F4U_00091.wav,2.6342251,1.8420348,4.304723,4.0068035,3.473542,NISQAv2
/data/nhandt23/Dataset/MMSData/13GKsS26F4U/asr_subtitle/wavs/13GKsS26F4U_02343.wav,4.0058937,2.7264247,4.465295,4.271548,4.0959077,NISQAv2
/data/nhandt23/Dataset/MMSData/13GKsS26F4U/asr_subtitle/wavs/13GKsS26F4U_01726.wav,3.8693516,2.5110521,4.3542995,3.8032906,3.8361871,NISQAv2
/data/nhandt23/Dataset/MMSData/13GKsS26F4U/asr_subtitle/wavs/13GKsS26F4U_02624.wav,3.5284204,2.4688451,4.3084946,4.186112,4.1644526,NISQAv2
/data/nhandt23/Dataset/MMSData/13GKsS26F4U/asr_subtitle/wavs/13GKsS26F4U_03061.wav,3.5078092,2.4568534,4.4859977,4.083962,4.2273927,NISQAv2
/data/nhandt23/Dataset/MMSData/13GKsS26F4U/asr_subtitle/wavs/13GKsS26F4U_03252.wav,3.220689,2.2950618,4.474358,4.0663576,3.9353602,NISQAv2
/data/nhandt23/Dataset/MMSData/13GKsS26F4U/asr_subtitle/wavs/13GKsS26F4U_04517.wav,2.4684057,2.3543031,2.9632285,3.5391037,3.2850935,NISQAv2
/data/nhandt23/Dataset/MMSData/13GKsS26F4U/asr_subtitle/wavs/13GKsS26F4U_03911.wav,3.0440238,2.4169822,3.434724,3.6332304,3.4927096,NISQAv2
/data/nhandt23/Dataset/MMSData/13GKsS26F4U/asr_subtitle/wavs/13GKsS26F4U_04784.wav,3.4524171,2.7147322,4.3587637,4.185436,3.7233732,NISQAv2
/data/nhandt23/Dataset/MMSData/13GKsS26F4U/asr_subtitle/wavs/13GKsS26F4U_00107.wav,2.7418602,2.3685358,4.3903685,3.99306,3.5392497,NISQAv2
/data/nhandt23/Dataset/MMSData/13GKsS26F4U/asr_subtitle/wavs/13GKsS26F4U_00186.wav,3.1717,2.286235,4.105855,3.9958103,4.240579,NISQAv2
/data/nhandt23/Dataset/MMSData/13GKsS26F4U/asr_subtitle/wavs/13GKsS26F4U_01785.wav,2.6581361,2.025119,4.149144,3.9606597,3.7897792,NISQAv2
/data/nhandt23/Dataset/MMSData/13GKsS26F4U/asr_subtitle/wavs/13GKsS26F4U_04513.wav,4.2295876,2.6413457,4.682869,4.1164937,4.1329594,NISQAv2
/data/nhandt23/Dataset/MMSData/13GKsS26F4U/asr_subtitle/wavs/13GKsS26F4U_04842.wav,2.2852027,2.2845926,2.6385777,3.417518,3.0863254,NISQAv2
/data/nhandt23/Dataset/MMSData/13GKsS26F4U/asr_subtitle/wavs/13GKsS26F4U_02049.wav,3.1836264,2.2530186,4.015838,3.8131607,3.7701604,NISQAv2
/data/nhandt23/Dataset/MMSData/13GKsS26F4U/asr_subtitle/wavs/13GKsS26F4U_01811.wav,2.1364393,1.8896283,3.6606343,3.5407255,2.8612185,NISQAv2
/data/nhandt23/Dataset/MMSData/13GKsS26F4U/asr_subtitle/wavs/13GKsS26F4U_02009.wav,3.2148168,2.1877694,4.2157087,3.9586706,2.8450682,NISQAv2
/data/nhandt23/Dataset/MMSData/13GKsS26F4U/asr_subtitle/wavs/13GKsS26F4U_00024.wav,3.4229636,2.2571409,4.4754972,4.001757,3.7968662,NISQAv2
/data/nhandt23/Dataset/MMSData/13GKsS26F4U/asr_subtitle/wavs/13GKsS26F4U_02988.wav,2.0957716,2.0491157,3.2770321,3.4985738,3.4452722,NISQAv2
/data/nhandt23/Dataset/MMSData/13GKsS26F4U/asr_subtitle/wavs/13GKsS26F4U_02341.wav,2.5698943,2.4520888,4.031859,3.8007326,3.7479599,NISQAv2
/data/nhandt23/Dataset/MMSData/13GKsS26F4U/asr_subtitle/wavs/13GKsS26F4U_01110.wav,2.956065,2.4482918,4.288691,4.032749,3.8494756,NISQAv2
/data/nhandt23/Dataset/MMSData/13GKsS26F4U/asr_subtitle/wavs/13GKsS26F4U_00212.wav,2.327317,2.1397324,3.649021,3.9604943,3.832437,NISQAv2
/data/nhandt23/Dataset/MMSData/13GKsS26F4U/asr_subtitle/wavs/13GKsS26F4U_01540.wav,3.4697864,2.440219,4.481582,3.9748828,3.5973015,NISQAv2
/data/nhandt23/Dataset/MMSData/13GKsS26F4U/asr_subtitle/wavs/13GKsS26F4U_01346.wav,3.4434512,1.8323028,3.9672759,3.7582285,3.8787365,NISQAv2
/data/nhandt23/Dataset/MMSData/13GKsS26F4U/asr_subtitle/wavs/13GKsS26F4U_01762.wav,2.7761154,2.2412221,4.210414,4.0886073,3.7849543,NISQAv2
/data/nhandt23/Dataset/MMSData/13GKsS26F4U/asr_subtitle/wavs/13GKsS26F4U_04209.wav,3.144918,2.3911104,4.036041,3.5051115,3.9056387,NISQAv2
/data/nhandt23/Dataset/MMSData/13GKsS26F4U/asr_subtitle/wavs/13GKsS26F4U_04397.wav,3.120781,2.495866,4.351832,3.8785212,3.0993044,NISQAv2
/data/nhandt23/Dataset/MMSData/13GKsS26F4U/asr_subtitle/wavs/13GKsS26F4U_00371.wav,2.5709434,2.1244693,3.9164655,3.8058639,3.2503543,NISQAv2
/data/nhandt23/Dataset/MMSData/13GKsS26F4U/asr_subtitle/wavs/13GKsS26F4U_00156.wav,3.7223086,1.9149237,4.461935,4.1524415,4.0119886,NISQAv2
/data/nhandt23/Dataset/MMSData/13GKsS26F4U/asr_subtitle/wavs/13GKsS26F4U_03409.wav,3.149532,2.0178828,4.167568,4.035613,4.0732064,NISQAv2
/data/nhandt23/Dataset/MMSData/13GKsS26F4U/asr_subtitle/wavs/13GKsS26F4U_03415.wav,2.6652021,2.19966,4.2542605,4.047291,3.850917,NISQAv2
/data/nhandt23/Dataset/MMSData/13GKsS26F4U/asr_subtitle/wavs/13GKsS26F4U_00976.wav,3.8499467,1.4438317,4.6319795,4.386992,3.9898052,NISQAv2
/data/nhandt23/Dataset/MMSData/13GKsS26F4U/asr_subtitle/wavs/13GKsS26F4U_03651.wav,2.7007709,2.1632736,3.790316,3.383097,3.631469,NISQAv2
/data/nhandt23/Dataset/MMSData/13GKsS26F4U/asr_subtitle/wavs/13GKsS26F4U_04417.wav,3.8080027,2.378096,4.501272,4.22308,3.8078868,NISQAv2
/data/nhandt23/Dataset/MMSData/13GKsS26F4U/asr_subtitle/wavs/13GKsS26F4U_01383.wav,3.9533174,2.5286036,4.4387517,4.0264974,4.1203914,NISQAv2
/data/nhandt23/Dataset/MMSData/13GKsS26F4U/asr_subtitle/wavs/13GKsS26F4U_04609.wav,3.3554122,1.7437844,3.9033668,3.7941086,3.212126,NISQAv2
/data/nhandt23/Dataset/MMSData/13GKsS26F4U/asr_subtitle/wavs/13GKsS26F4U_01486.wav,4.0090365,2.54453,4.385586,4.2182,4.2437787,NISQAv2
/data/nhandt23/Dataset/MMSData/13GKsS26F4U/asr_subtitle/wavs/13GKsS26F4U_02063.wav,4.1833463,2.8808982,4.578382,4.358695,4.2866235,NISQAv2
/data/nhandt23/Dataset/MMSData/13GKsS26F4U/asr_subtitle/wavs/13GKsS26F4U_02093.wav,3.3680046,2.0686722,4.289572,4.0823636,3.7187994,NISQAv2
/data/nhandt23/Dataset/MMSData/13GKsS26F4U/asr_subtitle/wavs/13GKsS26F4U_01002.wav,2.8693993,2.9301937,3.7078464,3.7924614,4.0266857,NISQAv2
/data/nhandt23/Dataset/MMSData/13GKsS26F4U/asr_subtitle/wavs/13GKsS26F4U_00484.wav,4.153076,2.3567123,4.562534,4.2159734,3.7166498,NISQAv2
/data/nhandt23/Dataset/MMSData/13GKsS26F4U/asr_subtitle/wavs/13GKsS26F4U_01932.wav,3.5365121,2.530496,4.574227,4.142617,4.134064,NISQAv2
/data/nhandt23/Dataset/MMSData/13GKsS26F4U/asr_subtitle/wavs/13GKsS26F4U_03208.wav,2.5304089,2.5188422,3.892248,3.771527,3.7226746,NISQAv2
/data/nhandt23/Dataset/MMSData/13GKsS26F4U/asr_subtitle/wavs/13GKsS26F4U_00179.wav,3.8569748,2.0862036,4.4660263,4.0324664,3.9738595,NISQAv2
/data/nhandt23/Dataset/MMSData/13GKsS26F4U/asr_subtitle/wavs/13GKsS26F4U_00285.wav,3.690636,2.2217274,4.4776106,4.1116467,4.0572267,NISQAv2
/data/nhandt23/Dataset/MMSData/13GKsS26F4U/asr_subtitle/wavs/13GKsS26F4U_03365.wav,3.1516595,1.9647055,4.3713775,4.1391597,3.631416,NISQAv2
/data/nhandt23/Dataset/MMSData/13GKsS26F4U/asr_subtitle/wavs/13GKsS26F4U_01810.wav,2.7978914,2.1947625,4.265729,3.8801525,3.1087668,NISQAv2
/data/nhandt23/Dataset/MMSData/13GKsS26F4U/asr_subtitle/wavs/13GKsS26F4U_03818.wav,3.2055137,2.5256565,4.3004894,4.134888,4.0681148,NISQAv2
/data/nhandt23/Dataset/MMSData/13GKsS26F4U/asr_subtitle/wavs/13GKsS26F4U_00826.wav,2.5573046,2.5148501,3.4634657,3.8541954,3.8327396,NISQAv2
/data/nhandt23/Dataset/MMSData/13GKsS26F4U/asr_subtitle/wavs/13GKsS26F4U_00032.wav,2.2940013,2.325461,3.5958767,3.7153218,3.658207,NISQAv2
/data/nhandt23/Dataset/MMSData/13GKsS26F4U/asr_subtitle/wavs/13GKsS26F4U_00852.wav,2.7438154,2.3236806,2.6903727,3.7071831,4.024972,NISQAv2
/data/nhandt23/Dataset/MMSData/13GKsS26F4U/asr_subtitle/wavs/13GKsS26F4U_00486.wav,2.9922674,2.3696816,4.0371504,3.6316698,3.4970005,NISQAv2
/data/nhandt23/Dataset/MMSData/13GKsS26F4U/asr_subtitle/wavs/13GKsS26F4U_03535.wav,3.225005,3.2348218,4.067354,3.9868639,3.3565364,NISQAv2
/data/nhandt23/Dataset/MMSData/13GKsS26F4U/asr_subtitle/wavs/13GKsS26F4U_03499.wav,3.0541809,2.159855,2.7723997,3.7372227,3.3408673,NISQAv2
/data/nhandt23/Dataset/MMSData/13GKsS26F4U/asr_subtitle/wavs/13GKsS26F4U_02581.wav,2.710887,2.0966642,3.238724,3.2556252,3.858602,NISQAv2
/data/nhandt23/Dataset/MMSData/13GKsS26F4U/asr_subtitle/wavs/13GKsS26F4U_00759.wav,2.9213874,2.8508596,3.9891605,3.6804352,3.6418016,NISQAv2
/data/nhandt23/Dataset/MMSData/13GKsS26F4U/asr_subtitle/wavs/13GKsS26F4U_02449.wav,4.1178074,2.2290072,4.7053194,4.15332,4.047373,NISQAv2
/data/nhandt23/Dataset/MMSData/13GKsS26F4U/asr_subtitle/wavs/13GKsS26F4U_02386.wav,4.1532936,2.5526316,4.422255,4.1454597,4.273971,NISQAv2
/data/nhandt23/Dataset/MMSData/13GKsS26F4U/asr_subtitle/wavs/13GKsS26F4U_01345.wav,2.880255,1.8609658,4.050675,3.7954087,2.9701104,NISQAv2
/data/nhandt23/Dataset/MMSData/13GKsS26F4U/asr_subtitle/wavs/13GKsS26F4U_02369.wav,3.1974685,2.7800097,4.430361,4.001924,3.7005188,NISQAv2
/data/nhandt23/Dataset/MMSData/13GKsS26F4U/asr_subtitle/wavs/13GKsS26F4U_00943.wav,2.692918,1.900474,3.8377388,3.9614851,3.9621432,NISQAv2
/data/nhandt23/Dataset/MMSData/13GKsS26F4U/asr_subtitle/wavs/13GKsS26F4U_03065.wav,3.6315658,2.1739795,4.6349716,4.1052938,3.8795762,NISQAv2
/data/nhandt23/Dataset/MMSData/13GKsS26F4U/asr_subtitle/wavs/13GKsS26F4U_03592.wav,3.1170542,2.2324214,4.380578,3.9656389,3.2732453,NISQAv2
/data/nhandt23/Dataset/MMSData/13GKsS26F4U/asr_subtitle/wavs/13GKsS26F4U_03789.wav,3.2215307,2.353306,4.2845564,3.989601,3.6084156,NISQAv2
/data/nhandt23/Dataset/MMSData/13GKsS26F4U/asr_subtitle/wavs/13GKsS26F4U_01640.wav,3.2439425,2.9695284,3.2070193,3.8359156,3.9397159,NISQAv2
/data/nhandt23/Dataset/MMSData/13GKsS26F4U/asr_subtitle/wavs/13GKsS26F4U_00291.wav,2.6770036,2.1444137,3.8287323,3.4992385,2.7643468,NISQAv2
/data/nhandt23/Dataset/MMSData/13GKsS26F4U/asr_subtitle/wavs/13GKsS26F4U_04264.wav,3.8181632,1.9485602,4.611307,4.1517425,4.2297597,NISQAv2
/data/nhandt23/Dataset/MMSData/13GKsS26F4U/asr_subtitle/wavs/13GKsS26F4U_03823.wav,3.3326743,2.732659,4.274547,3.8462079,3.2343304,NISQAv2
/data/nhandt23/Dataset/MMSData/13GKsS26F4U/asr_subtitle/wavs/13GKsS26F4U_00155.wav,3.4401288,2.4946344,4.4320087,3.9646478,3.333823,NISQAv2
/data/nhandt23/Dataset/MMSData/13GKsS26F4U/asr_subtitle/wavs/13GKsS26F4U_04994.wav,3.183162,2.8939052,3.7620828,3.5018642,3.2513824,NISQAv2
/data/nhandt23/Dataset/MMSData/13GKsS26F4U/asr_subtitle/wavs/13GKsS26F4U_01070.wav,4.1497555,2.726239,4.5255427,4.2003336,4.2520437,NISQAv2
/data/nhandt23/Dataset/MMSData/13GKsS26F4U/asr_subtitle/wavs/13GKsS26F4U_01389.wav,3.1281464,1.9455713,4.5263214,4.1734257,4.111807,NISQAv2
/data/nhandt23/Dataset/MMSData/13GKsS26F4U/asr_subtitle/wavs/13GKsS26F4U_02360.wav,3.5842524,2.4839642,4.373858,4.0186267,4.064296,NISQAv2
/data/nhandt23/Dataset/MMSData/13GKsS26F4U/asr_subtitle/wavs/13GKsS26F4U_03759.wav,3.1415813,2.0755851,4.586873,4.1824946,3.417329,NISQAv2
/data/nhandt23/Dataset/MMSData/13GKsS26F4U/asr_subtitle/wavs/13GKsS26F4U_01032.wav,3.73824,2.6726954,4.279266,4.142931,3.9897783,NISQAv2
/data/nhandt23/Dataset/MMSData/13GKsS26F4U/asr_subtitle/wavs/13GKsS26F4U_00538.wav,2.4503853,2.4304256,3.093801,3.5546215,3.3980212,NISQAv2
/data/nhandt23/Dataset/MMSData/13GKsS26F4U/asr_subtitle/wavs/13GKsS26F4U_01756.wav,2.9921772,2.3484468,2.8851054,3.4634082,3.7370553,NISQAv2
/data/nhandt23/Dataset/MMSData/13GKsS26F4U/asr_subtitle/wavs/13GKsS26F4U_00644.wav,3.8264577,2.8119082,4.375648,4.014172,3.8621697,NISQAv2
/data/nhandt23/Dataset/MMSData/13GKsS26F4U/asr_subtitle/wavs/13GKsS26F4U_02531.wav,3.3663583,2.0336952,4.4341073,3.9041688,3.884477,NISQAv2
/data/nhandt23/Dataset/MMSData/13GKsS26F4U/asr_subtitle/wavs/13GKsS26F4U_01709.wav,3.2165048,2.6896882,4.1265297,3.9829197,3.8416402,NISQAv2
/data/nhandt23/Dataset/MMSData/13GKsS26F4U/asr_subtitle/wavs/13GKsS26F4U_02546.wav,3.4326828,2.4449885,4.216763,3.9467385,3.6063542,NISQAv2
/data/nhandt23/Dataset/MMSData/13GKsS26F4U/asr_subtitle/wavs/13GKsS26F4U_01076.wav,3.793804,2.3184702,4.292845,4.1246037,4.044867,NISQAv2
/data/nhandt23/Dataset/MMSData/13GKsS26F4U/asr_subtitle/wavs/13GKsS26F4U_02421.wav,3.9001083,2.4755516,4.5647764,4.0265927,4.2434754,NISQAv2
/data/nhandt23/Dataset/MMSData/13GKsS26F4U/asr_subtitle/wavs/13GKsS26F4U_04823.wav,2.6754582,2.035624,3.6601622,3.89198,3.3955696,NISQAv2
/data/nhandt23/Dataset/MMSData/13GKsS26F4U/asr_subtitle/wavs/13GKsS26F4U_00388.wav,2.8135107,2.4713542,4.2490587,4.068273,3.3546188,NISQAv2
/data/nhandt23/Dataset/MMSData/13GKsS26F4U/asr_subtitle/wavs/13GKsS26F4U_01579.wav,3.836946,2.721897,4.49806,4.182319,3.928326,NISQAv2
/data/nhandt23/Dataset/MMSData/13GKsS26F4U/asr_subtitle/wavs/13GKsS26F4U_04552.wav,4.5002832,2.7082527,4.804764,4.5291376,4.635655,NISQAv2
/data/nhandt23/Dataset/MMSData/13GKsS26F4U/asr_subtitle/wavs/13GKsS26F4U_00945.wav,3.9420168,3.04991,4.6490836,4.3229623,4.3615246,NISQAv2
/data/nhandt23/Dataset/MMSData/13GKsS26F4U/asr_subtitle/wavs/13GKsS26F4U_03027.wav,3.113057,2.1890132,4.095762,3.8815775,3.296336,NISQAv2
/data/nhandt23/Dataset/MMSData/13GKsS26F4U/asr_subtitle/wavs/13GKsS26F4U_03480.wav,2.839671,1.9563911,4.265711,3.9865134,3.2999804,NISQAv2
/data/nhandt23/Dataset/MMSData/13GKsS26F4U/asr_subtitle/wavs/13GKsS26F4U_01341.wav,3.6095757,2.1178484,4.5191107,4.08149,3.2414508,NISQAv2
/data/nhandt23/Dataset/MMSData/13GKsS26F4U/asr_subtitle/wavs/13GKsS26F4U_05064.wav,3.4478815,2.80966,4.3386765,3.7979,3.630441,NISQAv2
/data/nhandt23/Dataset/MMSData/13GKsS26F4U/asr_subtitle/wavs/13GKsS26F4U_01928.wav,2.50297,2.2490878,3.9508073,3.7059815,3.629194,NISQAv2
/data/nhandt23/Dataset/MMSData/13GKsS26F4U/asr_subtitle/wavs/13GKsS26F4U_02599.wav,2.9384546,2.5667164,4.0758862,4.030404,4.2206388,NISQAv2
/data/nhandt23/Dataset/MMSData/13GKsS26F4U/asr_subtitle/wavs/13GKsS26F4U_00934.wav,3.7615294,2.7752132,4.616661,4.317685,3.9116423,NISQAv2
/data/nhandt23/Dataset/MMSData/13GKsS26F4U/asr_subtitle/wavs/13GKsS26F4U_04426.wav,2.9193664,2.217056,4.4463396,3.835038,3.8951457,NISQAv2
/data/nhandt23/Dataset/MMSData/13GKsS26F4U/asr_subtitle/wavs/13GKsS26F4U_01103.wav,3.81426,2.2339385,4.493145,4.1111174,4.0571656,NISQAv2
/data/nhandt23/Dataset/MMSData/13GKsS26F4U/asr_subtitle/wavs/13GKsS26F4U_00581.wav,2.448937,2.1636713,3.9158568,3.4956477,3.8395994,NISQAv2
/data/nhandt23/Dataset/MMSData/13GKsS26F4U/asr_subtitle/wavs/13GKsS26F4U_02621.wav,2.9130456,2.3602712,4.211618,4.0665526,3.5660129,NISQAv2
/data/nhandt23/Dataset/MMSData/13GKsS26F4U/asr_subtitle/wavs/13GKsS26F4U_03927.wav,2.6490457,2.4283974,3.6748254,3.6898222,4.0107207,NISQAv2
/data/nhandt23/Dataset/MMSData/13GKsS26F4U/asr_subtitle/wavs/13GKsS26F4U_04490.wav,3.5933702,2.475561,4.528682,4.1160264,3.5865033,NISQAv2
/data/nhandt23/Dataset/MMSData/13GKsS26F4U/asr_subtitle/wavs/13GKsS26F4U_04388.wav,3.1746933,2.472362,3.5923786,3.6447334,3.7100346,NISQAv2
/data/nhandt23/Dataset/MMSData/13GKsS26F4U/asr_subtitle/wavs/13GKsS26F4U_01363.wav,3.0931711,2.7790086,4.1151476,3.6831832,3.7672017,NISQAv2
/data/nhandt23/Dataset/MMSData/13GKsS26F4U/asr_subtitle/wavs/13GKsS26F4U_02565.wav,3.0546982,2.2976954,3.7102358,3.905952,3.436177,NISQAv2
/data/nhandt23/Dataset/MMSData/13GKsS26F4U/asr_subtitle/wavs/13GKsS26F4U_01849.wav,3.7557778,2.3823237,4.5332713,4.3039827,4.168366,NISQAv2
/data/nhandt23/Dataset/MMSData/13GKsS26F4U/asr_subtitle/wavs/13GKsS26F4U_02145.wav,2.9673302,2.0767403,3.9913352,3.738199,3.5648553,NISQAv2
/data/nhandt23/Dataset/MMSData/13GKsS26F4U/asr_subtitle/wavs/13GKsS26F4U_02387.wav,3.380297,2.7725494,4.549385,4.131744,3.8916554,NISQAv2
/data/nhandt23/Dataset/MMSData/13GKsS26F4U/asr_subtitle/wavs/13GKsS26F4U_01857.wav,3.851214,2.9739654,4.482582,4.1977057,4.296809,NISQAv2
/data/nhandt23/Dataset/MMSData/13GKsS26F4U/asr_subtitle/wavs/13GKsS26F4U_00346.wav,3.0654633,2.4896674,4.3716445,4.0797744,3.8062632,NISQAv2
/data/nhandt23/Dataset/MMSData/13GKsS26F4U/asr_subtitle/wavs/13GKsS26F4U_00765.wav,2.3625028,1.8695536,3.4391649,3.0247824,3.4978726,NISQAv2
/data/nhandt23/Dataset/MMSData/13GKsS26F4U/asr_subtitle/wavs/13GKsS26F4U_00402.wav,3.90564,2.2122993,4.425783,4.165915,4.1866584,NISQAv2
/data/nhandt23/Dataset/MMSData/13GKsS26F4U/asr_subtitle/wavs/13GKsS26F4U_01359.wav,2.5351999,2.2883213,3.4712248,3.9009707,3.6213171,NISQAv2
/data/nhandt23/Dataset/MMSData/13GKsS26F4U/asr_subtitle/wavs/13GKsS26F4U_03017.wav,2.9868906,2.2087653,4.132633,4.0447946,3.4345324,NISQAv2
/data/nhandt23/Dataset/MMSData/13GKsS26F4U/asr_subtitle/wavs/13GKsS26F4U_02973.wav,3.1027377,2.594163,4.092806,3.883973,4.2712927,NISQAv2
/data/nhandt23/Dataset/MMSData/13GKsS26F4U/asr_subtitle/wavs/13GKsS26F4U_01968.wav,2.4200327,2.7240016,2.5449698,3.5203621,3.7145646,NISQAv2
/data/nhandt23/Dataset/MMSData/13GKsS26F4U/asr_subtitle/wavs/13GKsS26F4U_01508.wav,3.7731724,2.2855213,4.577349,4.1410813,4.235722,NISQAv2
/data/nhandt23/Dataset/MMSData/13GKsS26F4U/asr_subtitle/wavs/13GKsS26F4U_01876.wav,4.13078,2.4436057,4.4928846,4.2215395,3.7660878,NISQAv2
/data/nhandt23/Dataset/MMSData/13GKsS26F4U/asr_subtitle/wavs/13GKsS26F4U_00331.wav,3.563492,2.2511542,4.3774304,4.1095777,3.8052413,NISQAv2
/data/nhandt23/Dataset/MMSData/13GKsS26F4U/asr_subtitle/wavs/13GKsS26F4U_02122.wav,3.9675527,1.8995368,4.608787,4.3252635,4.3573647,NISQAv2
/data/nhandt23/Dataset/MMSData/13GKsS26F4U/asr_subtitle/wavs/13GKsS26F4U_04117.wav,2.8407273,3.191495,2.4420283,3.098632,3.8143644,NISQAv2
/data/nhandt23/Dataset/MMSData/13GKsS26F4U/asr_subtitle/wavs/13GKsS26F4U_01216.wav,3.6357963,2.4664147,3.9940298,3.5840275,3.772211,NISQAv2
/data/nhandt23/Dataset/MMSData/13GKsS26F4U/asr_subtitle/wavs/13GKsS26F4U_05037.wav,2.737455,2.3693936,4.2488146,4.0795393,3.5926406,NISQAv2
/data/nhandt23/Dataset/MMSData/13GKsS26F4U/asr_subtitle/wavs/13GKsS26F4U_00691.wav,3.7562523,2.272,4.4275694,4.059164,2.9445846,NISQAv2
/data/nhandt23/Dataset/MMSData/13GKsS26F4U/asr_subtitle/wavs/13GKsS26F4U_03469.wav,3.3391378,1.9649141,4.3428936,3.9999657,3.4727952,NISQAv2
/data/nhandt23/Dataset/MMSData/13GKsS26F4U/asr_subtitle/wavs/13GKsS26F4U_00004.wav,2.6225598,1.7659695,4.479672,4.0614877,3.8720052,NISQAv2
/data/nhandt23/Dataset/MMSData/13GKsS26F4U/asr_subtitle/wavs/13GKsS26F4U_02299.wav,3.1604004,2.554323,4.298315,4.059763,3.8677475,NISQAv2
/data/nhandt23/Dataset/MMSData/13GKsS26F4U/asr_subtitle/wavs/13GKsS26F4U_04923.wav,2.5470645,2.599071,3.4461472,3.608314,3.429014,NISQAv2
/data/nhandt23/Dataset/MMSData/13GKsS26F4U/asr_subtitle/wavs/13GKsS26F4U_01441.wav,3.0572357,2.803686,4.2373533,4.0089264,3.5599027,NISQAv2
/data/nhandt23/Dataset/MMSData/13GKsS26F4U/asr_subtitle/wavs/13GKsS26F4U_04595.wav,3.9398246,2.2335408,4.5990915,4.218873,4.2144036,NISQAv2
/data/nhandt23/Dataset/MMSData/13GKsS26F4U/asr_subtitle/wavs/13GKsS26F4U_02671.wav,3.3281524,1.9763317,4.040742,4.016196,3.959694,NISQAv2
/data/nhandt23/Dataset/MMSData/13GKsS26F4U/asr_subtitle/wavs/13GKsS26F4U_03725.wav,4.017807,2.4037807,4.7133565,4.4073195,4.0735645,NISQAv2
/data/nhandt23/Dataset/MMSData/13GKsS26F4U/asr_subtitle/wavs/13GKsS26F4U_01493.wav,2.5358045,2.3996303,4.4897933,3.8539898,3.7864592,NISQAv2
/data/nhandt23/Dataset/MMSData/13GKsS26F4U/asr_subtitle/wavs/13GKsS26F4U_01798.wav,3.4295497,2.3620732,4.1948633,4.1649675,3.939357,NISQAv2
/data/nhandt23/Dataset/MMSData/13GKsS26F4U/asr_subtitle/wavs/13GKsS26F4U_03936.wav,3.5830996,2.6728973,4.3874702,3.9101326,3.9708216,NISQAv2
/data/nhandt23/Dataset/MMSData/13GKsS26F4U/asr_subtitle/wavs/13GKsS26F4U_03207.wav,3.336751,2.3395467,4.283852,4.0708575,3.6515892,NISQAv2
/data/nhandt23/Dataset/MMSData/13GKsS26F4U/asr_subtitle/wavs/13GKsS26F4U_02679.wav,3.7404933,2.2271698,4.7657614,4.446817,4.5425763,NISQAv2
/data/nhandt23/Dataset/MMSData/13GKsS26F4U/asr_subtitle/wavs/13GKsS26F4U_03740.wav,2.5270734,1.8503935,3.8546526,3.4972923,2.51371,NISQAv2
/data/nhandt23/Dataset/MMSData/13GKsS26F4U/asr_subtitle/wavs/13GKsS26F4U_01315.wav,2.616402,2.3253815,3.9443388,3.9726193,3.8412516,NISQAv2
/data/nhandt23/Dataset/MMSData/13GKsS26F4U/asr_subtitle/wavs/13GKsS26F4U_03492.wav,3.1107628,2.2947187,4.146762,3.8798974,3.8062072,NISQAv2
/data/nhandt23/Dataset/MMSData/13GKsS26F4U/asr_subtitle/wavs/13GKsS26F4U_04394.wav,3.0564737,2.31556,3.9580395,3.8120039,3.548273,NISQAv2
/data/nhandt23/Dataset/MMSData/13GKsS26F4U/asr_subtitle/wavs/13GKsS26F4U_01723.wav,2.9164155,2.402127,4.2984004,4.076836,3.7673779,NISQAv2
/data/nhandt23/Dataset/MMSData/13GKsS26F4U/asr_subtitle/wavs/13GKsS26F4U_00631.wav,2.4040463,1.8536142,3.6093047,3.2835426,3.3867114,NISQAv2
/data/nhandt23/Dataset/MMSData/13GKsS26F4U/asr_subtitle/wavs/13GKsS26F4U_01362.wav,3.6840131,2.3180497,4.354224,4.104343,3.8880408,NISQAv2
/data/nhandt23/Dataset/MMSData/13GKsS26F4U/asr_subtitle/wavs/13GKsS26F4U_02943.wav,3.481809,2.516959,4.206034,4.1421714,4.049579,NISQAv2
/data/nhandt23/Dataset/MMSData/13GKsS26F4U/asr_subtitle/wavs/13GKsS26F4U_03254.wav,3.45957,2.5290258,4.3601065,3.9859574,3.5484564,NISQAv2
/data/nhandt23/Dataset/MMSData/13GKsS26F4U/asr_subtitle/wavs/13GKsS26F4U_01903.wav,3.0938284,2.166241,3.7415051,4.0987844,4.13454,NISQAv2
/data/nhandt23/Dataset/MMSData/13GKsS26F4U/asr_subtitle/wavs/13GKsS26F4U_04262.wav,2.641372,2.3163936,2.901265,3.2193313,3.7632692,NISQAv2
/data/nhandt23/Dataset/MMSData/13GKsS26F4U/asr_subtitle/wavs/13GKsS26F4U_04860.wav,2.6259966,2.3237195,4.10129,3.570011,3.0020328,NISQAv2
/data/nhandt23/Dataset/MMSData/13GKsS26F4U/asr_subtitle/wavs/13GKsS26F4U_01336.wav,2.7601614,2.3587048,2.4379442,3.6130548,4.2259846,NISQAv2
/data/nhandt23/Dataset/MMSData/13GKsS26F4U/asr_subtitle/wavs/13GKsS26F4U_01847.wav,3.429242,2.1027956,4.446552,4.196161,4.1621003,NISQAv2
/data/nhandt23/Dataset/MMSData/13GKsS26F4U/asr_subtitle/wavs/13GKsS26F4U_04354.wav,3.5833964,2.7338,4.1076684,4.206583,4.3516307,NISQAv2
/data/nhandt23/Dataset/MMSData/13GKsS26F4U/asr_subtitle/wavs/13GKsS26F4U_04053.wav,3.484093,2.5480835,4.224599,3.9280202,3.7278068,NISQAv2
/data/nhandt23/Dataset/MMSData/13GKsS26F4U/asr_subtitle/wavs/13GKsS26F4U_02940.wav,2.8692076,2.3473637,4.6409626,4.1931467,4.2894273,NISQAv2
/data/nhandt23/Dataset/MMSData/13GKsS26F4U/asr_subtitle/wavs/13GKsS26F4U_04768.wav,4.087177,2.2285063,4.747837,4.4665504,4.544783,NISQAv2
/data/nhandt23/Dataset/MMSData/13GKsS26F4U/asr_subtitle/wavs/13GKsS26F4U_03421.wav,2.4683301,2.1472723,3.8049467,3.7592387,3.5353425,NISQAv2
/data/nhandt23/Dataset/MMSData/13GKsS26F4U/asr_subtitle/wavs/13GKsS26F4U_02155.wav,2.604172,2.4808283,4.0212727,3.5894034,3.8846228,NISQAv2
/data/nhandt23/Dataset/MMSData/13GKsS26F4U/asr_subtitle/wavs/13GKsS26F4U_01276.wav,3.1281846,2.1232657,4.3695455,4.2244964,3.7575982,NISQAv2
/data/nhandt23/Dataset/MMSData/13GKsS26F4U/asr_subtitle/wavs/13GKsS26F4U_01554.wav,3.2520437,2.3416328,4.378167,3.7135322,3.9803321,NISQAv2
/data/nhandt23/Dataset/MMSData/13GKsS26F4U/asr_subtitle/wavs/13GKsS26F4U_02703.wav,2.5462463,2.1456795,3.1932874,3.4728374,3.9868546,NISQAv2
/data/nhandt23/Dataset/MMSData/13GKsS26F4U/asr_subtitle/wavs/13GKsS26F4U_00084.wav,4.0384502,3.1659172,4.3945284,4.2660003,4.0506883,NISQAv2
/data/nhandt23/Dataset/MMSData/13GKsS26F4U/asr_subtitle/wavs/13GKsS26F4U_02566.wav,4.0903473,2.7427645,4.6103287,4.340303,4.262836,NISQAv2
/data/nhandt23/Dataset/MMSData/13GKsS26F4U/asr_subtitle/wavs/13GKsS26F4U_01466.wav,2.6186724,2.5299776,4.1552196,3.4578116,3.4115462,NISQAv2
/data/nhandt23/Dataset/MMSData/13GKsS26F4U/asr_subtitle/wavs/13GKsS26F4U_01305.wav,2.684044,2.284038,4.113648,3.9930487,3.7535636,NISQAv2
/data/nhandt23/Dataset/MMSData/13GKsS26F4U/asr_subtitle/wavs/13GKsS26F4U_01818.wav,2.877907,2.3941083,4.2886057,3.9495866,3.2394428,NISQAv2
/data/nhandt23/Dataset/MMSData/13GKsS26F4U/asr_subtitle/wavs/13GKsS26F4U_04362.wav,3.964064,2.4135869,4.420126,4.274198,4.2131743,NISQAv2
/data/nhandt23/Dataset/MMSData/13GKsS26F4U/asr_subtitle/wavs/13GKsS26F4U_04572.wav,3.0046399,2.4807148,2.958903,2.767175,3.7189095,NISQAv2
/data/nhandt23/Dataset/MMSData/13GKsS26F4U/asr_subtitle/wavs/13GKsS26F4U_02812.wav,3.04118,2.426522,4.4164004,4.142916,3.8701108,NISQAv2
/data/nhandt23/Dataset/MMSData/13GKsS26F4U/asr_subtitle/wavs/13GKsS26F4U_03222.wav,4.1561594,1.9528291,4.535982,4.167499,4.1201196,NISQAv2
/data/nhandt23/Dataset/MMSData/13GKsS26F4U/asr_subtitle/wavs/13GKsS26F4U_02327.wav,3.7019682,2.7918782,4.202912,3.865506,3.6946743,NISQAv2
/data/nhandt23/Dataset/MMSData/13GKsS26F4U/asr_subtitle/wavs/13GKsS26F4U_00112.wav,2.696791,2.4354026,4.1887865,4.081311,3.4640074,NISQAv2
/data/nhandt23/Dataset/MMSData/13GKsS26F4U/asr_subtitle/wavs/13GKsS26F4U_00083.wav,3.5565495,2.0398424,4.1972523,3.7489939,3.8304389,NISQAv2
/data/nhandt23/Dataset/MMSData/13GKsS26F4U/asr_subtitle/wavs/13GKsS26F4U_01113.wav,3.3546693,2.5502353,4.061402,3.8103247,3.4462922,NISQAv2
/data/nhandt23/Dataset/MMSData/13GKsS26F4U/asr_subtitle/wavs/13GKsS26F4U_04797.wav,3.170436,2.0138042,4.292865,3.9597466,3.5123825,NISQAv2
/data/nhandt23/Dataset/MMSData/13GKsS26F4U/asr_subtitle/wavs/13GKsS26F4U_00078.wav,3.551591,2.343438,4.4811096,4.1920257,3.6009355,NISQAv2
/data/nhandt23/Dataset/MMSData/13GKsS26F4U/asr_subtitle/wavs/13GKsS26F4U_01117.wav,3.469484,2.0821795,4.1284294,3.9905834,3.5893986,NISQAv2
/data/nhandt23/Dataset/MMSData/13GKsS26F4U/asr_subtitle/wavs/13GKsS26F4U_02748.wav,3.5728223,2.2208097,4.2835684,4.126882,3.9434872,NISQAv2
/data/nhandt23/Dataset/MMSData/13GKsS26F4U/asr_subtitle/wavs/13GKsS26F4U_01724.wav,2.8191197,2.4779603,3.9327753,3.8507686,3.7351506,NISQAv2
/data/nhandt23/Dataset/MMSData/13GKsS26F4U/asr_subtitle/wavs/13GKsS26F4U_03968.wav,3.6818995,2.831885,4.6122847,4.254474,4.176029,NISQAv2
/data/nhandt23/Dataset/MMSData/13GKsS26F4U/asr_subtitle/wavs/13GKsS26F4U_02264.wav,3.2838118,2.1012726,4.4153724,3.9196708,3.8192036,NISQAv2
/data/nhandt23/Dataset/MMSData/13GKsS26F4U/asr_subtitle/wavs/13GKsS26F4U_03265.wav,2.8237936,2.5185797,4.1166444,3.5696723,3.6057107,NISQAv2
/data/nhandt23/Dataset/MMSData/13GKsS26F4U/asr_subtitle/wavs/13GKsS26F4U_01429.wav,3.3273253,2.5152736,4.0904717,3.9198644,3.5099337,NISQAv2
/data/nhandt23/Dataset/MMSData/13GKsS26F4U/asr_subtitle/wavs/13GKsS26F4U_03303.wav,3.6449375,2.0887272,4.5455456,4.1084447,4.036759,NISQAv2
/data/nhandt23/Dataset/MMSData/13GKsS26F4U/asr_subtitle/wavs/13GKsS26F4U_03426.wav,4.326632,2.1592054,4.6704507,4.547706,4.4663644,NISQAv2
/data/nhandt23/Dataset/MMSData/13GKsS26F4U/asr_subtitle/wavs/13GKsS26F4U_03042.wav,2.4447339,2.234234,4.3446207,4.03819,3.5745463,NISQAv2
/data/nhandt23/Dataset/MMSData/13GKsS26F4U/asr_subtitle/wavs/13GKsS26F4U_03706.wav,3.251152,2.3376815,4.3287544,4.0710483,3.3382065,NISQAv2
/data/nhandt23/Dataset/MMSData/13GKsS26F4U/asr_subtitle/wavs/13GKsS26F4U_02105.wav,3.2226982,2.6521814,4.26921,4.0629115,4.0931435,NISQAv2
/data/nhandt23/Dataset/MMSData/13GKsS26F4U/asr_subtitle/wavs/13GKsS26F4U_00887.wav,4.159544,2.5588655,4.628275,4.3469563,4.1192455,NISQAv2
/data/nhandt23/Dataset/MMSData/13GKsS26F4U/asr_subtitle/wavs/13GKsS26F4U_03852.wav,3.5705202,2.633391,4.59593,4.151687,4.028505,NISQAv2
/data/nhandt23/Dataset/MMSData/13GKsS26F4U/asr_subtitle/wavs/13GKsS26F4U_03773.wav,3.9583502,1.9863586,4.5542393,4.20396,3.9838908,NISQAv2
/data/nhandt23/Dataset/MMSData/13GKsS26F4U/asr_subtitle/wavs/13GKsS26F4U_00456.wav,4.073069,2.8483174,4.6222844,4.3216553,4.33301,NISQAv2
/data/nhandt23/Dataset/MMSData/13GKsS26F4U/asr_subtitle/wavs/13GKsS26F4U_02178.wav,3.0456202,2.259647,4.340788,4.202076,4.052682,NISQAv2
/data/nhandt23/Dataset/MMSData/13GKsS26F4U/asr_subtitle/wavs/13GKsS26F4U_02266.wav,3.4545968,2.3189535,4.3874235,4.025775,4.1716504,NISQAv2
/data/nhandt23/Dataset/MMSData/13GKsS26F4U/asr_subtitle/wavs/13GKsS26F4U_03995.wav,3.3185418,2.4641812,3.5544205,3.8863244,4.0368376,NISQAv2
/data/nhandt23/Dataset/MMSData/13GKsS26F4U/asr_subtitle/wavs/13GKsS26F4U_01302.wav,3.9251554,2.3443992,4.5484624,4.233706,3.9704938,NISQAv2
/data/nhandt23/Dataset/MMSData/13GKsS26F4U/asr_subtitle/wavs/13GKsS26F4U_02116.wav,3.8352215,2.1400793,4.7237597,4.2844114,4.1391296,NISQAv2
/data/nhandt23/Dataset/MMSData/13GKsS26F4U/asr_subtitle/wavs/13GKsS26F4U_02651.wav,2.7538712,2.1856492,4.0816383,3.5400984,3.5618534,NISQAv2
/data/nhandt23/Dataset/MMSData/13GKsS26F4U/asr_subtitle/wavs/13GKsS26F4U_02412.wav,3.555825,2.2669315,4.1057243,4.1005483,3.8843877,NISQAv2
/data/nhandt23/Dataset/MMSData/13GKsS26F4U/asr_subtitle/wavs/13GKsS26F4U_04474.wav,3.375616,2.5027072,4.7043915,4.2648,3.9530127,NISQAv2
/data/nhandt23/Dataset/MMSData/13GKsS26F4U/asr_subtitle/wavs/13GKsS26F4U_02685.wav,3.5871642,2.5369403,4.3888836,4.169697,3.896055,NISQAv2
/data/nhandt23/Dataset/MMSData/13GKsS26F4U/asr_subtitle/wavs/13GKsS26F4U_01994.wav,2.9699516,2.408994,4.0455885,3.775665,3.666856,NISQAv2
/data/nhandt23/Dataset/MMSData/13GKsS26F4U/asr_subtitle/wavs/13GKsS26F4U_03702.wav,3.7932413,2.2494977,4.6376896,4.2924705,3.7267451,NISQAv2
/data/nhandt23/Dataset/MMSData/13GKsS26F4U/asr_subtitle/wavs/13GKsS26F4U_04839.wav,3.3721955,2.016347,3.8986857,3.996327,3.7459013,NISQAv2
/data/nhandt23/Dataset/MMSData/13GKsS26F4U/asr_subtitle/wavs/13GKsS26F4U_02018.wav,2.3945377,2.8061326,3.8364692,4.233104,4.137819,NISQAv2
/data/nhandt23/Dataset/MMSData/13GKsS26F4U/asr_subtitle/wavs/13GKsS26F4U_01592.wav,2.9722896,2.2324889,4.0712514,3.7659752,3.4756188,NISQAv2
/data/nhandt23/Dataset/MMSData/13GKsS26F4U/asr_subtitle/wavs/13GKsS26F4U_03583.wav,3.0956886,2.1621573,4.384909,3.934695,3.4626958,NISQAv2
/data/nhandt23/Dataset/MMSData/13GKsS26F4U/asr_subtitle/wavs/13GKsS26F4U_00761.wav,3.6530926,2.1839228,4.3099833,4.1602025,4.0218534,NISQAv2
/data/nhandt23/Dataset/MMSData/13GKsS26F4U/asr_subtitle/wavs/13GKsS26F4U_03444.wav,3.5990708,1.9805264,4.530898,4.1770563,4.3569484,NISQAv2
/data/nhandt23/Dataset/MMSData/13GKsS26F4U/asr_subtitle/wavs/13GKsS26F4U_03429.wav,3.082204,1.9056684,4.0606427,3.8835113,3.8688385,NISQAv2
/data/nhandt23/Dataset/MMSData/13GKsS26F4U/asr_subtitle/wavs/13GKsS26F4U_00744.wav,2.8946419,2.2650568,4.098123,4.0491195,3.8720033,NISQAv2
/data/nhandt23/Dataset/MMSData/13GKsS26F4U/asr_subtitle/wavs/13GKsS26F4U_01935.wav,3.5294428,2.3472161,4.6387777,4.3687463,4.3363686,NISQAv2
/data/nhandt23/Dataset/MMSData/13GKsS26F4U/asr_subtitle/wavs/13GKsS26F4U_03460.wav,2.8447986,2.2262807,3.9224331,3.860401,3.381555,NISQAv2
/data/nhandt23/Dataset/MMSData/13GKsS26F4U/asr_subtitle/wavs/13GKsS26F4U_03846.wav,3.9243302,2.7343867,4.4134107,4.147344,3.4336078,NISQAv2
/data/nhandt23/Dataset/MMSData/13GKsS26F4U/asr_subtitle/wavs/13GKsS26F4U_03291.wav,2.2554266,2.2598984,3.5835288,3.5182538,3.258936,NISQAv2
/data/nhandt23/Dataset/MMSData/13GKsS26F4U/asr_subtitle/wavs/13GKsS26F4U_00209.wav,2.539499,2.626693,3.9747741,3.8126578,3.6808968,NISQAv2
/data/nhandt23/Dataset/MMSData/13GKsS26F4U/asr_subtitle/wavs/13GKsS26F4U_03548.wav,3.2180452,2.313765,4.298085,4.046925,3.957966,NISQAv2
/data/nhandt23/Dataset/MMSData/13GKsS26F4U/asr_subtitle/wavs/13GKsS26F4U_02265.wav,3.6625755,2.5021503,4.63975,4.221504,3.9009624,NISQAv2
/data/nhandt23/Dataset/MMSData/13GKsS26F4U/asr_subtitle/wavs/13GKsS26F4U_03831.wav,2.7136238,2.644502,3.3700225,3.4580796,3.70022,NISQAv2
/data/nhandt23/Dataset/MMSData/13GKsS26F4U/asr_subtitle/wavs/13GKsS26F4U_03621.wav,3.7844179,2.851385,4.417366,4.255321,4.1525006,NISQAv2
/data/nhandt23/Dataset/MMSData/13GKsS26F4U/asr_subtitle/wavs/13GKsS26F4U_02856.wav,2.808451,2.0529785,3.8757975,3.7827768,3.8626368,NISQAv2
/data/nhandt23/Dataset/MMSData/13GKsS26F4U/asr_subtitle/wavs/13GKsS26F4U_01128.wav,3.673519,2.3536599,4.35522,4.0680747,3.4725678,NISQAv2
/data/nhandt23/Dataset/MMSData/13GKsS26F4U/asr_subtitle/wavs/13GKsS26F4U_04471.wav,4.366889,2.6612396,4.8300195,4.3867044,4.4528723,NISQAv2
/data/nhandt23/Dataset/MMSData/13GKsS26F4U/asr_subtitle/wavs/13GKsS26F4U_03039.wav,3.7356575,2.6292405,4.53411,4.134195,4.131986,NISQAv2
/data/nhandt23/Dataset/MMSData/13GKsS26F4U/asr_subtitle/wavs/13GKsS26F4U_00946.wav,3.9392753,2.5207245,4.842347,4.511658,4.5474586,NISQAv2
/data/nhandt23/Dataset/MMSData/13GKsS26F4U/asr_subtitle/wavs/13GKsS26F4U_03582.wav,3.1011088,2.622483,4.4389973,3.9515672,3.6499557,NISQAv2
/data/nhandt23/Dataset/MMSData/13GKsS26F4U/asr_subtitle/wavs/13GKsS26F4U_02664.wav,3.7855394,2.1874204,4.6476984,4.299084,3.8700526,NISQAv2
/data/nhandt23/Dataset/MMSData/13GKsS26F4U/asr_subtitle/wavs/13GKsS26F4U_00605.wav,2.9804285,2.1022217,4.261503,3.9825451,4.0958157,NISQAv2
/data/nhandt23/Dataset/MMSData/13GKsS26F4U/asr_subtitle/wavs/13GKsS26F4U_05081.wav,3.7285182,3.157997,4.537654,4.0882335,4.239909,NISQAv2
/data/nhandt23/Dataset/MMSData/13GKsS26F4U/asr_subtitle/wavs/13GKsS26F4U_02858.wav,3.5922334,2.5033522,4.3980904,4.176188,3.738157,NISQAv2
/data/nhandt23/Dataset/MMSData/13GKsS26F4U/asr_subtitle/wavs/13GKsS26F4U_04507.wav,3.2040684,2.905189,4.508986,4.2038608,3.959319,NISQAv2
/data/nhandt23/Dataset/MMSData/13GKsS26F4U/asr_subtitle/wavs/13GKsS26F4U_00036.wav,2.6002657,2.0727053,4.0661507,3.6926544,3.3739169,NISQAv2
/data/nhandt23/Dataset/MMSData/13GKsS26F4U/asr_subtitle/wavs/13GKsS26F4U_02263.wav,3.5853064,2.4433177,4.471281,4.1647325,3.7339828,NISQAv2
/data/nhandt23/Dataset/MMSData/13GKsS26F4U/asr_subtitle/wavs/13GKsS26F4U_02189.wav,3.6376972,2.7251878,4.170352,4.032113,3.7420552,NISQAv2
/data/nhandt23/Dataset/MMSData/13GKsS26F4U/asr_subtitle/wavs/13GKsS26F4U_01966.wav,3.748309,2.2119882,4.1748962,3.8464634,4.1878424,NISQAv2
/data/nhandt23/Dataset/MMSData/13GKsS26F4U/asr_subtitle/wavs/13GKsS26F4U_00118.wav,3.189436,2.3550353,3.4040375,3.6404693,3.4678426,NISQAv2
/data/nhandt23/Dataset/MMSData/13GKsS26F4U/asr_subtitle/wavs/13GKsS26F4U_01161.wav,2.855192,2.3919501,4.090843,3.9665947,3.62231,NISQAv2
/data/nhandt23/Dataset/MMSData/13GKsS26F4U/asr_subtitle/wavs/13GKsS26F4U_00235.wav,2.3046694,2.7524188,2.8003786,3.3656566,3.600672,NISQAv2
/data/nhandt23/Dataset/MMSData/13GKsS26F4U/asr_subtitle/wavs/13GKsS26F4U_04358.wav,3.3493109,2.5378006,4.1291537,3.926972,3.5638258,NISQAv2
/data/nhandt23/Dataset/MMSData/13GKsS26F4U/asr_subtitle/wavs/13GKsS26F4U_00109.wav,4.244897,2.8541658,4.628665,4.4191265,4.240432,NISQAv2
/data/nhandt23/Dataset/MMSData/13GKsS26F4U/asr_subtitle/wavs/13GKsS26F4U_04268.wav,2.6303022,2.2179267,3.7588806,3.4545257,3.3185668,NISQAv2
/data/nhandt23/Dataset/MMSData/13GKsS26F4U/asr_subtitle/wavs/13GKsS26F4U_00152.wav,3.2698364,2.5754738,4.443054,4.2165866,3.9195888,NISQAv2
/data/nhandt23/Dataset/MMSData/13GKsS26F4U/asr_subtitle/wavs/13GKsS26F4U_02554.wav,3.3859658,2.3347838,4.22509,3.9990118,4.292259,NISQAv2
/data/nhandt23/Dataset/MMSData/13GKsS26F4U/asr_subtitle/wavs/13GKsS26F4U_04201.wav,2.5808213,2.320558,2.6480596,3.533603,3.2156723,NISQAv2
/data/nhandt23/Dataset/MMSData/13GKsS26F4U/asr_subtitle/wavs/13GKsS26F4U_02399.wav,2.9279497,2.5148892,2.736089,3.7653854,3.2004862,NISQAv2
/data/nhandt23/Dataset/MMSData/13GKsS26F4U/asr_subtitle/wavs/13GKsS26F4U_01775.wav,3.348734,1.944003,4.183979,3.9028113,3.5550892,NISQAv2
/data/nhandt23/Dataset/MMSData/13GKsS26F4U/asr_subtitle/wavs/13GKsS26F4U_02982.wav,2.7001574,2.7845128,3.5639918,3.0795076,3.9765925,NISQAv2
/data/nhandt23/Dataset/MMSData/13GKsS26F4U/asr_subtitle/wavs/13GKsS26F4U_02240.wav,4.3026857,1.9249758,4.635418,4.2247157,4.177177,NISQAv2
/data/nhandt23/Dataset/MMSData/13GKsS26F4U/asr_subtitle/wavs/13GKsS26F4U_02184.wav,3.4054115,2.5921452,4.3187566,3.8729622,3.342212,NISQAv2
/data/nhandt23/Dataset/MMSData/13GKsS26F4U/asr_subtitle/wavs/13GKsS26F4U_01013.wav,3.3624918,2.5118997,4.440565,4.094353,4.024917,NISQAv2
/data/nhandt23/Dataset/MMSData/13GKsS26F4U/asr_subtitle/wavs/13GKsS26F4U_00394.wav,2.795985,2.3256514,4.311133,4.2063165,4.024118,NISQAv2
/data/nhandt23/Dataset/MMSData/13GKsS26F4U/asr_subtitle/wavs/13GKsS26F4U_04648.wav,3.5315619,2.397851,4.1172585,3.8350914,4.0654244,NISQAv2
/data/nhandt23/Dataset/MMSData/13GKsS26F4U/asr_subtitle/wavs/13GKsS26F4U_04233.wav,3.9247258,2.7346804,4.574707,4.382507,4.2430706,NISQAv2
/data/nhandt23/Dataset/MMSData/13GKsS26F4U/asr_subtitle/wavs/13GKsS26F4U_04765.wav,3.6634336,2.1933558,4.41874,4.260958,4.1723323,NISQAv2
/data/nhandt23/Dataset/MMSData/13GKsS26F4U/asr_subtitle/wavs/13GKsS26F4U_03135.wav,4.002689,2.2962503,4.696846,4.4243555,4.114707,NISQAv2
/data/nhandt23/Dataset/MMSData/13GKsS26F4U/asr_subtitle/wavs/13GKsS26F4U_01967.wav,2.864971,2.4893384,4.1175666,3.7317755,3.1105125,NISQAv2
/data/nhandt23/Dataset/MMSData/13GKsS26F4U/asr_subtitle/wavs/13GKsS26F4U_03309.wav,3.208213,2.813904,4.2479525,4.180591,4.1127877,NISQAv2
/data/nhandt23/Dataset/MMSData/13GKsS26F4U/asr_subtitle/wavs/13GKsS26F4U_04582.wav,2.952597,2.3090336,2.4616957,3.426711,3.9332979,NISQAv2
/data/nhandt23/Dataset/MMSData/13GKsS26F4U/asr_subtitle/wavs/13GKsS26F4U_01199.wav,2.9378366,2.5746455,4.1055465,3.8838055,3.4426932,NISQAv2
/data/nhandt23/Dataset/MMSData/13GKsS26F4U/asr_subtitle/wavs/13GKsS26F4U_05091.wav,3.2444513,2.860729,4.477559,4.1418433,3.9140735,NISQAv2
/data/nhandt23/Dataset/MMSData/13GKsS26F4U/asr_subtitle/wavs/13GKsS26F4U_03780.wav,3.2323296,2.219495,4.664109,4.0292177,3.6444352,NISQAv2
/data/nhandt23/Dataset/MMSData/13GKsS26F4U/asr_subtitle/wavs/13GKsS26F4U_03776.wav,3.2312572,1.814937,4.5666075,4.266703,3.5188622,NISQAv2
/data/nhandt23/Dataset/MMSData/13GKsS26F4U/asr_subtitle/wavs/13GKsS26F4U_00073.wav,3.2584891,2.581361,4.2629356,4.023296,4.0588646,NISQAv2
/data/nhandt23/Dataset/MMSData/13GKsS26F4U/asr_subtitle/wavs/13GKsS26F4U_03089.wav,3.3720496,2.3108978,3.561021,3.1228728,3.7881231,NISQAv2
/data/nhandt23/Dataset/MMSData/13GKsS26F4U/asr_subtitle/wavs/13GKsS26F4U_01415.wav,4.01178,2.229636,4.5424886,4.2207522,3.9599977,NISQAv2
/data/nhandt23/Dataset/MMSData/13GKsS26F4U/asr_subtitle/wavs/13GKsS26F4U_04905.wav,2.6915047,2.5330715,3.9381762,3.7276335,2.8440802,NISQAv2
/data/nhandt23/Dataset/MMSData/13GKsS26F4U/asr_subtitle/wavs/13GKsS26F4U_00469.wav,3.4005625,2.7545927,4.2281895,4.087945,3.915981,NISQAv2
/data/nhandt23/Dataset/MMSData/13GKsS26F4U/asr_subtitle/wavs/13GKsS26F4U_01181.wav,2.5048287,2.2099628,4.2608824,3.741631,3.5941145,NISQAv2
/data/nhandt23/Dataset/MMSData/13GKsS26F4U/asr_subtitle/wavs/13GKsS26F4U_03457.wav,2.4522884,2.4947515,3.306369,3.7618952,3.7014709,NISQAv2
/data/nhandt23/Dataset/MMSData/13GKsS26F4U/asr_subtitle/wavs/13GKsS26F4U_01294.wav,3.8875918,2.4500601,4.631035,4.2795796,3.7825825,NISQAv2
/data/nhandt23/Dataset/MMSData/13GKsS26F4U/asr_subtitle/wavs/13GKsS26F4U_01262.wav,2.9873478,2.115038,4.199767,4.086354,4.2790165,NISQAv2
/data/nhandt23/Dataset/MMSData/13GKsS26F4U/asr_subtitle/wavs/13GKsS26F4U_04924.wav,2.8068802,2.8355994,4.211214,3.9090564,3.7566426,NISQAv2
/data/nhandt23/Dataset/MMSData/13GKsS26F4U/asr_subtitle/wavs/13GKsS26F4U_03110.wav,2.9367688,2.2359173,4.23647,3.8118126,3.1607144,NISQAv2
/data/nhandt23/Dataset/MMSData/13GKsS26F4U/asr_subtitle/wavs/13GKsS26F4U_02404.wav,3.9492357,2.6639125,4.5055366,4.1705236,3.9322174,NISQAv2
/data/nhandt23/Dataset/MMSData/13GKsS26F4U/asr_subtitle/wavs/13GKsS26F4U_00797.wav,3.0625794,2.8206537,4.0539145,3.970929,3.9041712,NISQAv2
/data/nhandt23/Dataset/MMSData/13GKsS26F4U/asr_subtitle/wavs/13GKsS26F4U_05126.wav,2.5719154,2.790248,2.8608034,4.0346913,3.818484,NISQAv2
/data/nhandt23/Dataset/MMSData/13GKsS26F4U/asr_subtitle/wavs/13GKsS26F4U_01170.wav,3.6572316,2.5263274,4.177897,3.8620923,3.8140018,NISQAv2
/data/nhandt23/Dataset/MMSData/13GKsS26F4U/asr_subtitle/wavs/13GKsS26F4U_01352.wav,3.3083792,2.387819,4.191144,3.8890598,3.8072565,NISQAv2
/data/nhandt23/Dataset/MMSData/13GKsS26F4U/asr_subtitle/wavs/13GKsS26F4U_03219.wav,3.4999647,2.5642815,4.423814,4.218429,4.137324,NISQAv2
/data/nhandt23/Dataset/MMSData/13GKsS26F4U/asr_subtitle/wavs/13GKsS26F4U_00968.wav,2.7378795,2.3945444,3.9056284,4.0321794,3.5886962,NISQAv2
/data/nhandt23/Dataset/MMSData/13GKsS26F4U/asr_subtitle/wavs/13GKsS26F4U_00871.wav,3.4628725,2.2168477,4.1235075,4.006094,3.6687424,NISQAv2
/data/nhandt23/Dataset/MMSData/13GKsS26F4U/asr_subtitle/wavs/13GKsS26F4U_02427.wav,3.182382,2.2625616,4.2056274,4.2539973,4.073242,NISQAv2
/data/nhandt23/Dataset/MMSData/13GKsS26F4U/asr_subtitle/wavs/13GKsS26F4U_01286.wav,3.7604618,2.373469,4.4080973,4.0259075,4.142839,NISQAv2
/data/nhandt23/Dataset/MMSData/13GKsS26F4U/asr_subtitle/wavs/13GKsS26F4U_02038.wav,4.2950253,2.340305,4.733753,4.3376145,4.422911,NISQAv2
/data/nhandt23/Dataset/MMSData/13GKsS26F4U/asr_subtitle/wavs/13GKsS26F4U_03142.wav,2.666838,2.4494765,3.610854,3.7090683,3.234065,NISQAv2
/data/nhandt23/Dataset/MMSData/13GKsS26F4U/asr_subtitle/wavs/13GKsS26F4U_02342.wav,3.2048144,2.298249,3.1095207,3.7386522,4.096172,NISQAv2
/data/nhandt23/Dataset/MMSData/13GKsS26F4U/asr_subtitle/wavs/13GKsS26F4U_02452.wav,3.282369,2.2010167,4.3138876,4.177796,3.83161,NISQAv2
/data/nhandt23/Dataset/MMSData/13GKsS26F4U/asr_subtitle/wavs/13GKsS26F4U_04059.wav,3.2020805,2.4680114,4.322184,4.125906,3.9154298,NISQAv2
/data/nhandt23/Dataset/MMSData/13GKsS26F4U/asr_subtitle/wavs/13GKsS26F4U_00440.wav,3.1404247,2.6918194,3.4466255,3.9814608,3.9562356,NISQAv2
/data/nhandt23/Dataset/MMSData/13GKsS26F4U/asr_subtitle/wavs/13GKsS26F4U_00229.wav,3.447503,2.8571036,4.308034,4.1083865,3.9934433,NISQAv2
/data/nhandt23/Dataset/MMSData/13GKsS26F4U/asr_subtitle/wavs/13GKsS26F4U_02613.wav,3.2491364,2.3519325,4.349569,4.061526,4.1175065,NISQAv2
/data/nhandt23/Dataset/MMSData/13GKsS26F4U/asr_subtitle/wavs/13GKsS26F4U_01907.wav,2.6712625,2.2011569,4.197158,3.7415133,3.4007456,NISQAv2
/data/nhandt23/Dataset/MMSData/13GKsS26F4U/asr_subtitle/wavs/13GKsS26F4U_00847.wav,4.2194004,2.8438747,4.609436,4.171223,4.350101,NISQAv2
/data/nhandt23/Dataset/MMSData/13GKsS26F4U/asr_subtitle/wavs/13GKsS26F4U_00791.wav,2.347511,2.5859177,3.860142,3.8751256,3.847168,NISQAv2
/data/nhandt23/Dataset/MMSData/13GKsS26F4U/asr_subtitle/wavs/13GKsS26F4U_01153.wav,3.8843493,2.2451088,4.5233946,4.2694955,3.905442,NISQAv2
/data/nhandt23/Dataset/MMSData/13GKsS26F4U/asr_subtitle/wavs/13GKsS26F4U_00278.wav,3.8631978,1.9036747,4.3230133,4.2248645,4.0548277,NISQAv2
/data/nhandt23/Dataset/MMSData/13GKsS26F4U/asr_subtitle/wavs/13GKsS26F4U_04348.wav,3.418775,2.1073549,4.384596,3.9581015,3.843356,NISQAv2
/data/nhandt23/Dataset/MMSData/13GKsS26F4U/asr_subtitle/wavs/13GKsS26F4U_00431.wav,3.7995806,2.1655033,4.5033484,4.363618,4.343986,NISQAv2
/data/nhandt23/Dataset/MMSData/13GKsS26F4U/asr_subtitle/wavs/13GKsS26F4U_02443.wav,3.1384711,2.826167,3.1956875,3.865615,4.0658174,NISQAv2
/data/nhandt23/Dataset/MMSData/13GKsS26F4U/asr_subtitle/wavs/13GKsS26F4U_04256.wav,3.3051872,2.1446292,4.3924036,4.0723324,3.8089561,NISQAv2
/data/nhandt23/Dataset/MMSData/13GKsS26F4U/asr_subtitle/wavs/13GKsS26F4U_03503.wav,2.7714581,2.1173794,4.3429627,4.1685247,3.7529118,NISQAv2
/data/nhandt23/Dataset/MMSData/13GKsS26F4U/asr_subtitle/wavs/13GKsS26F4U_04922.wav,2.6513574,2.5611584,3.01072,3.699655,3.2362924,NISQAv2
/data/nhandt23/Dataset/MMSData/13GKsS26F4U/asr_subtitle/wavs/13GKsS26F4U_01075.wav,2.823765,2.1884549,4.427792,3.871835,3.643775,NISQAv2
/data/nhandt23/Dataset/MMSData/13GKsS26F4U/asr_subtitle/wavs/13GKsS26F4U_03408.wav,3.8939974,2.1410563,4.5239344,4.2516017,3.9677536,NISQAv2
/data/nhandt23/Dataset/MMSData/13GKsS26F4U/asr_subtitle/wavs/13GKsS26F4U_04886.wav,2.7715373,2.6749198,3.2500968,4.0825677,3.947886,NISQAv2
/data/nhandt23/Dataset/MMSData/13GKsS26F4U/asr_subtitle/wavs/13GKsS26F4U_00906.wav,2.4999502,2.9492562,3.7215946,3.9696724,4.102436,NISQAv2
/data/nhandt23/Dataset/MMSData/13GKsS26F4U/asr_subtitle/wavs/13GKsS26F4U_04570.wav,3.27474,2.9107854,4.4297004,4.1678195,4.0949783,NISQAv2
/data/nhandt23/Dataset/MMSData/13GKsS26F4U/asr_subtitle/wavs/13GKsS26F4U_01853.wav,3.799831,2.6749556,4.3496323,4.1170526,3.908013,NISQAv2
/data/nhandt23/Dataset/MMSData/13GKsS26F4U/asr_subtitle/wavs/13GKsS26F4U_03958.wav,3.8726933,2.6921248,4.3870416,4.2589645,3.3144896,NISQAv2
/data/nhandt23/Dataset/MMSData/13GKsS26F4U/asr_subtitle/wavs/13GKsS26F4U_00232.wav,2.1930873,1.9370279,3.7192826,3.3050804,3.01069,NISQAv2
/data/nhandt23/Dataset/MMSData/13GKsS26F4U/asr_subtitle/wavs/13GKsS26F4U_01266.wav,3.1998618,2.1939127,3.5771549,3.6951077,3.0992281,NISQAv2
/data/nhandt23/Dataset/MMSData/13GKsS26F4U/asr_subtitle/wavs/13GKsS26F4U_00585.wav,4.082525,2.0712688,4.7494802,4.1880918,4.1609683,NISQAv2
/data/nhandt23/Dataset/MMSData/13GKsS26F4U/asr_subtitle/wavs/13GKsS26F4U_02074.wav,3.4262784,2.3378637,4.2257757,4.2491336,3.847667,NISQAv2
/data/nhandt23/Dataset/MMSData/13GKsS26F4U/asr_subtitle/wavs/13GKsS26F4U_04022.wav,3.0389085,2.0383065,4.2489057,4.026336,3.4504907,NISQAv2
/data/nhandt23/Dataset/MMSData/13GKsS26F4U/asr_subtitle/wavs/13GKsS26F4U_01515.wav,3.2267678,2.0451474,4.3207693,3.960395,3.57046,NISQAv2
/data/nhandt23/Dataset/MMSData/13GKsS26F4U/asr_subtitle/wavs/13GKsS26F4U_04534.wav,3.54048,2.6220498,4.302038,3.9574287,4.019963,NISQAv2
/data/nhandt23/Dataset/MMSData/13GKsS26F4U/asr_subtitle/wavs/13GKsS26F4U_04966.wav,4.1054325,2.1719234,4.6626825,4.266195,4.2600484,NISQAv2
/data/nhandt23/Dataset/MMSData/13GKsS26F4U/asr_subtitle/wavs/13GKsS26F4U_03198.wav,3.0163176,2.5573413,3.5674107,3.777294,3.9479582,NISQAv2
/data/nhandt23/Dataset/MMSData/13GKsS26F4U/asr_subtitle/wavs/13GKsS26F4U_04406.wav,3.1120415,2.3155642,4.176569,4.0648055,4.0458736,NISQAv2
/data/nhandt23/Dataset/MMSData/13GKsS26F4U/asr_subtitle/wavs/13GKsS26F4U_00099.wav,2.4115565,2.1402433,3.8974187,3.7831974,3.3820152,NISQAv2
/data/nhandt23/Dataset/MMSData/13GKsS26F4U/asr_subtitle/wavs/13GKsS26F4U_00689.wav,3.1281624,2.5120633,4.2183156,4.0456185,3.61661,NISQAv2
/data/nhandt23/Dataset/MMSData/13GKsS26F4U/asr_subtitle/wavs/13GKsS26F4U_00686.wav,3.6408474,2.3918257,4.4943237,4.2509265,3.8830473,NISQAv2
/data/nhandt23/Dataset/MMSData/13GKsS26F4U/asr_subtitle/wavs/13GKsS26F4U_00166.wav,3.8543234,2.3822324,4.5116787,4.05822,3.8210607,NISQAv2
/data/nhandt23/Dataset/MMSData/13GKsS26F4U/asr_subtitle/wavs/13GKsS26F4U_04592.wav,3.8664143,2.9430497,4.500178,3.925132,3.7738128,NISQAv2
/data/nhandt23/Dataset/MMSData/13GKsS26F4U/asr_subtitle/wavs/13GKsS26F4U_00381.wav,4.1336513,2.779779,4.761225,4.342005,4.3259206,NISQAv2
/data/nhandt23/Dataset/MMSData/13GKsS26F4U/asr_subtitle/wavs/13GKsS26F4U_02267.wav,3.5261552,2.8707936,4.2669363,4.177481,3.874748,NISQAv2
/data/nhandt23/Dataset/MMSData/13GKsS26F4U/asr_subtitle/wavs/13GKsS26F4U_03534.wav,3.249677,2.0675445,4.529006,4.276977,4.0044622,NISQAv2
/data/nhandt23/Dataset/MMSData/13GKsS26F4U/asr_subtitle/wavs/13GKsS26F4U_05002.wav,3.161044,2.6643589,4.356292,4.0537486,3.3965368,NISQAv2
/data/nhandt23/Dataset/MMSData/13GKsS26F4U/asr_subtitle/wavs/13GKsS26F4U_04001.wav,3.1066916,2.426495,3.8636658,3.5579944,3.7456245,NISQAv2
/data/nhandt23/Dataset/MMSData/13GKsS26F4U/asr_subtitle/wavs/13GKsS26F4U_05113.wav,2.7603948,2.3882751,3.9793103,3.8418202,3.7322514,NISQAv2
/data/nhandt23/Dataset/MMSData/13GKsS26F4U/asr_subtitle/wavs/13GKsS26F4U_02992.wav,2.9952872,2.606085,4.06845,4.1305294,4.0230374,NISQAv2
/data/nhandt23/Dataset/MMSData/13GKsS26F4U/asr_subtitle/wavs/13GKsS26F4U_03533.wav,3.9269516,2.4817696,4.587152,4.2306185,4.1194377,NISQAv2
/data/nhandt23/Dataset/MMSData/13GKsS26F4U/asr_subtitle/wavs/13GKsS26F4U_01920.wav,4.08641,2.7663581,4.5782604,4.139911,3.8391268,NISQAv2
/data/nhandt23/Dataset/MMSData/13GKsS26F4U/asr_subtitle/wavs/13GKsS26F4U_04441.wav,2.7738202,2.5564616,4.016505,3.8793557,3.4047494,NISQAv2
/data/nhandt23/Dataset/MMSData/13GKsS26F4U/asr_subtitle/wavs/13GKsS26F4U_02380.wav,2.1798499,2.2733316,1.8590598,2.895045,3.8140557,NISQAv2
/data/nhandt23/Dataset/MMSData/13GKsS26F4U/asr_subtitle/wavs/13GKsS26F4U_03848.wav,3.2579968,2.4466517,4.4621506,4.118028,3.7111766,NISQAv2
/data/nhandt23/Dataset/MMSData/13GKsS26F4U/asr_subtitle/wavs/13GKsS26F4U_01498.wav,4.071371,2.9634655,4.3208904,4.2036257,4.278664,NISQAv2
/data/nhandt23/Dataset/MMSData/13GKsS26F4U/asr_subtitle/wavs/13GKsS26F4U_03414.wav,4.164406,1.6774915,4.6415763,4.222132,4.4350796,NISQAv2
/data/nhandt23/Dataset/MMSData/13GKsS26F4U/asr_subtitle/wavs/13GKsS26F4U_01513.wav,4.0227847,2.269146,4.45531,4.1216173,4.2070713,NISQAv2
/data/nhandt23/Dataset/MMSData/13GKsS26F4U/asr_subtitle/wavs/13GKsS26F4U_01831.wav,3.4755013,2.2121665,4.19421,4.0357094,4.165003,NISQAv2
/data/nhandt23/Dataset/MMSData/13GKsS26F4U/asr_subtitle/wavs/13GKsS26F4U_02374.wav,3.3053346,3.0977151,4.057915,3.9878182,3.522249,NISQAv2
/data/nhandt23/Dataset/MMSData/13GKsS26F4U/asr_subtitle/wavs/13GKsS26F4U_01830.wav,3.0983708,2.480732,4.3909187,4.231692,3.6639736,NISQAv2
/data/nhandt23/Dataset/MMSData/13GKsS26F4U/asr_subtitle/wavs/13GKsS26F4U_02117.wav,3.3889663,2.0212235,4.5038567,4.1752887,3.6147902,NISQAv2
/data/nhandt23/Dataset/MMSData/13GKsS26F4U/asr_subtitle/wavs/13GKsS26F4U_02331.wav,2.948131,2.480021,4.4588833,4.0783334,3.5395522,NISQAv2
/data/nhandt23/Dataset/MMSData/13GKsS26F4U/asr_subtitle/wavs/13GKsS26F4U_01396.wav,3.934375,2.4849207,4.526934,4.327791,3.7027826,NISQAv2
/data/nhandt23/Dataset/MMSData/13GKsS26F4U/asr_subtitle/wavs/13GKsS26F4U_02878.wav,3.3234434,2.1493237,4.216213,3.7573278,3.3947408,NISQAv2
/data/nhandt23/Dataset/MMSData/13GKsS26F4U/asr_subtitle/wavs/13GKsS26F4U_03056.wav,3.10277,2.156219,3.9560726,3.8289087,3.7506063,NISQAv2
/data/nhandt23/Dataset/MMSData/13GKsS26F4U/asr_subtitle/wavs/13GKsS26F4U_00612.wav,2.9267387,2.0647376,4.164446,3.8907945,3.381737,NISQAv2
/data/nhandt23/Dataset/MMSData/13GKsS26F4U/asr_subtitle/wavs/13GKsS26F4U_03964.wav,4.075138,2.9562118,4.5241995,4.309482,4.438981,NISQAv2
/data/nhandt23/Dataset/MMSData/13GKsS26F4U/asr_subtitle/wavs/13GKsS26F4U_03318.wav,2.9783013,2.2983327,3.8588617,3.6334193,4.030439,NISQAv2
/data/nhandt23/Dataset/MMSData/13GKsS26F4U/asr_subtitle/wavs/13GKsS26F4U_00096.wav,4.3593125,2.06802,4.6907644,4.3864217,4.5516963,NISQAv2
/data/nhandt23/Dataset/MMSData/13GKsS26F4U/asr_subtitle/wavs/13GKsS26F4U_01330.wav,3.1132348,2.4153616,4.074992,3.7900457,3.6383066,NISQAv2
/data/nhandt23/Dataset/MMSData/13GKsS26F4U/asr_subtitle/wavs/13GKsS26F4U_05027.wav,3.0763109,2.1583536,4.1990714,3.923927,3.7502778,NISQAv2
/data/nhandt23/Dataset/MMSData/13GKsS26F4U/asr_subtitle/wavs/13GKsS26F4U_04377.wav,3.6246974,2.4536617,4.3558536,4.080273,3.918775,NISQAv2
/data/nhandt23/Dataset/MMSData/13GKsS26F4U/asr_subtitle/wavs/13GKsS26F4U_04023.wav,3.4127157,2.3593988,4.5314517,4.1322055,4.0071335,NISQAv2
/data/nhandt23/Dataset/MMSData/13GKsS26F4U/asr_subtitle/wavs/13GKsS26F4U_01509.wav,3.8688989,2.8293583,4.6360073,4.345966,4.3900547,NISQAv2
/data/nhandt23/Dataset/MMSData/13GKsS26F4U/asr_subtitle/wavs/13GKsS26F4U_03925.wav,4.308178,2.806848,4.545775,4.31451,3.81815,NISQAv2
/data/nhandt23/Dataset/MMSData/13GKsS26F4U/asr_subtitle/wavs/13GKsS26F4U_00075.wav,4.082524,2.9179986,4.4648914,4.4103003,4.2823005,NISQAv2
/data/nhandt23/Dataset/MMSData/13GKsS26F4U/asr_subtitle/wavs/13GKsS26F4U_02084.wav,4.075347,3.0576184,4.5554276,4.28162,4.0512333,NISQAv2
/data/nhandt23/Dataset/MMSData/13GKsS26F4U/asr_subtitle/wavs/13GKsS26F4U_02785.wav,3.5674198,2.3858426,4.4108205,4.1475577,3.6151094,NISQAv2
/data/nhandt23/Dataset/MMSData/13GKsS26F4U/asr_subtitle/wavs/13GKsS26F4U_04824.wav,3.2530832,2.3251143,4.277949,3.92322,3.4529953,NISQAv2
/data/nhandt23/Dataset/MMSData/13GKsS26F4U/asr_subtitle/wavs/13GKsS26F4U_05155.wav,2.6719866,2.5402646,4.038061,3.9433954,3.3430889,NISQAv2
/data/nhandt23/Dataset/MMSData/13GKsS26F4U/asr_subtitle/wavs/13GKsS26F4U_04656.wav,2.6500547,2.5260065,4.2375355,3.9913938,3.7414951,NISQAv2
/data/nhandt23/Dataset/MMSData/13GKsS26F4U/asr_subtitle/wavs/13GKsS26F4U_01548.wav,3.1714466,2.2280252,3.8849766,3.8802717,4.275525,NISQAv2
/data/nhandt23/Dataset/MMSData/13GKsS26F4U/asr_subtitle/wavs/13GKsS26F4U_01463.wav,4.19897,2.2294152,4.6809616,4.3709207,4.3468003,NISQAv2
/data/nhandt23/Dataset/MMSData/13GKsS26F4U/asr_subtitle/wavs/13GKsS26F4U_03565.wav,3.2931874,2.9169767,3.538594,3.8418145,4.234473,NISQAv2
/data/nhandt23/Dataset/MMSData/13GKsS26F4U/asr_subtitle/wavs/13GKsS26F4U_00168.wav,4.1568623,3.1099565,4.5533767,4.224626,4.049655,NISQAv2
/data/nhandt23/Dataset/MMSData/13GKsS26F4U/asr_subtitle/wavs/13GKsS26F4U_01003.wav,3.3461936,2.3736165,4.440262,4.2960343,4.1276717,NISQAv2
/data/nhandt23/Dataset/MMSData/13GKsS26F4U/asr_subtitle/wavs/13GKsS26F4U_03620.wav,2.8723257,2.2337453,4.1441784,3.8392491,3.7265837,NISQAv2
/data/nhandt23/Dataset/MMSData/13GKsS26F4U/asr_subtitle/wavs/13GKsS26F4U_03652.wav,3.6152484,2.3443477,4.508068,4.201464,3.6368499,NISQAv2
/data/nhandt23/Dataset/MMSData/13GKsS26F4U/asr_subtitle/wavs/13GKsS26F4U_03459.wav,3.1317616,2.1780274,3.9491558,4.0465436,3.6977854,NISQAv2
/data/nhandt23/Dataset/MMSData/13GKsS26F4U/asr_subtitle/wavs/13GKsS26F4U_04693.wav,2.6330712,2.5333946,4.502164,4.348912,3.813818,NISQAv2
/data/nhandt23/Dataset/MMSData/13GKsS26F4U/asr_subtitle/wavs/13GKsS26F4U_03361.wav,3.9778116,2.2560494,4.637149,4.195402,4.0154643,NISQAv2
/data/nhandt23/Dataset/MMSData/13GKsS26F4U/asr_subtitle/wavs/13GKsS26F4U_03988.wav,3.9844859,2.365196,4.534548,4.166348,4.2373652,NISQAv2
/data/nhandt23/Dataset/MMSData/13GKsS26F4U/asr_subtitle/wavs/13GKsS26F4U_01791.wav,3.9354405,2.6552966,4.6312194,4.3247466,4.22518,NISQAv2
/data/nhandt23/Dataset/MMSData/13GKsS26F4U/asr_subtitle/wavs/13GKsS26F4U_00771.wav,2.2057436,2.0946262,3.320322,3.8027022,4.0864453,NISQAv2
/data/nhandt23/Dataset/MMSData/13GKsS26F4U/asr_subtitle/wavs/13GKsS26F4U_00274.wav,4.10258,2.6341674,4.765896,4.54121,4.442077,NISQAv2
/data/nhandt23/Dataset/MMSData/13GKsS26F4U/asr_subtitle/wavs/13GKsS26F4U_03737.wav,3.0458264,2.444015,4.410248,4.156516,3.4467466,NISQAv2
/data/nhandt23/Dataset/MMSData/13GKsS26F4U/asr_subtitle/wavs/13GKsS26F4U_03579.wav,3.7414536,2.2260375,4.304411,4.1316857,4.2290306,NISQAv2
/data/nhandt23/Dataset/MMSData/13GKsS26F4U/asr_subtitle/wavs/13GKsS26F4U_03376.wav,2.8480175,2.1190248,4.165659,3.9021995,3.816253,NISQAv2
/data/nhandt23/Dataset/MMSData/13GKsS26F4U/asr_subtitle/wavs/13GKsS26F4U_01549.wav,2.9133155,2.2725012,4.198907,3.7902863,3.468681,NISQAv2
/data/nhandt23/Dataset/MMSData/13GKsS26F4U/asr_subtitle/wavs/13GKsS26F4U_04156.wav,3.6219816,2.1703825,4.2553844,4.055861,3.799021,NISQAv2
/data/nhandt23/Dataset/MMSData/13GKsS26F4U/asr_subtitle/wavs/13GKsS26F4U_03570.wav,3.7523406,2.2558718,4.3092318,4.124386,4.3539767,NISQAv2
/data/nhandt23/Dataset/MMSData/13GKsS26F4U/asr_subtitle/wavs/13GKsS26F4U_02090.wav,2.8976505,2.4029174,4.1234784,4.020982,4.0272384,NISQAv2
/data/nhandt23/Dataset/MMSData/13GKsS26F4U/asr_subtitle/wavs/13GKsS26F4U_02005.wav,3.167607,2.8396933,4.386515,4.0896263,3.77752,NISQAv2
/data/nhandt23/Dataset/MMSData/13GKsS26F4U/asr_subtitle/wavs/13GKsS26F4U_00769.wav,2.8571098,2.5493126,2.658766,3.769854,3.8216512,NISQAv2
/data/nhandt23/Dataset/MMSData/13GKsS26F4U/asr_subtitle/wavs/13GKsS26F4U_02997.wav,3.299439,2.6076987,3.988662,4.018439,4.0147514,NISQAv2
/data/nhandt23/Dataset/MMSData/13GKsS26F4U/asr_subtitle/wavs/13GKsS26F4U_00491.wav,2.4591076,2.4450283,2.314477,3.3475325,3.6038513,NISQAv2
/data/nhandt23/Dataset/MMSData/13GKsS26F4U/asr_subtitle/wavs/13GKsS26F4U_01378.wav,2.5003273,2.730029,3.9164681,3.52247,3.4255502,NISQAv2
/data/nhandt23/Dataset/MMSData/13GKsS26F4U/asr_subtitle/wavs/13GKsS26F4U_01995.wav,2.9904225,2.8654876,3.8727162,4.0948014,4.038138,NISQAv2
/data/nhandt23/Dataset/MMSData/13GKsS26F4U/asr_subtitle/wavs/13GKsS26F4U_04439.wav,2.813247,2.6599603,4.0079865,3.7621517,3.499621,NISQAv2
/data/nhandt23/Dataset/MMSData/13GKsS26F4U/asr_subtitle/wavs/13GKsS26F4U_04228.wav,3.8075888,3.128754,4.4135866,4.228387,4.242379,NISQAv2
/data/nhandt23/Dataset/MMSData/13GKsS26F4U/asr_subtitle/wavs/13GKsS26F4U_01843.wav,3.6947622,2.834024,4.3216753,4.2475867,4.00943,NISQAv2
/data/nhandt23/Dataset/MMSData/13GKsS26F4U/asr_subtitle/wavs/13GKsS26F4U_03837.wav,3.245838,2.3023734,4.230113,3.8546014,3.9784963,NISQAv2
/data/nhandt23/Dataset/MMSData/13GKsS26F4U/asr_subtitle/wavs/13GKsS26F4U_01366.wav,3.6808655,2.109753,4.512727,4.1807356,3.939827,NISQAv2
/data/nhandt23/Dataset/MMSData/13GKsS26F4U/asr_subtitle/wavs/13GKsS26F4U_01531.wav,3.9673927,2.0140522,4.544221,4.13394,4.324672,NISQAv2
/data/nhandt23/Dataset/MMSData/13GKsS26F4U/asr_subtitle/wavs/13GKsS26F4U_04250.wav,3.6290033,2.5812423,4.1666546,4.105127,3.6856663,NISQAv2
/data/nhandt23/Dataset/MMSData/13GKsS26F4U/asr_subtitle/wavs/13GKsS26F4U_02813.wav,4.423628,2.2604644,4.7719717,4.437321,4.4477067,NISQAv2
/data/nhandt23/Dataset/MMSData/13GKsS26F4U/asr_subtitle/wavs/13GKsS26F4U_01575.wav,3.3387022,2.3609593,3.4944198,3.5274842,3.6783178,NISQAv2
/data/nhandt23/Dataset/MMSData/13GKsS26F4U/asr_subtitle/wavs/13GKsS26F4U_02068.wav,4.264189,2.4354331,4.6747212,4.306949,4.151779,NISQAv2
/data/nhandt23/Dataset/MMSData/13GKsS26F4U/asr_subtitle/wavs/13GKsS26F4U_00869.wav,3.3001995,2.40749,4.5102186,4.1102824,3.8960886,NISQAv2
/data/nhandt23/Dataset/MMSData/13GKsS26F4U/asr_subtitle/wavs/13GKsS26F4U_03295.wav,2.8250644,2.3662674,4.510906,4.176991,3.8665426,NISQAv2
/data/nhandt23/Dataset/MMSData/13GKsS26F4U/asr_subtitle/wavs/13GKsS26F4U_04528.wav,2.2884765,2.8978868,4.4330006,3.7027934,3.4617226,NISQAv2
/data/nhandt23/Dataset/MMSData/13GKsS26F4U/asr_subtitle/wavs/13GKsS26F4U_00336.wav,2.941607,2.5782385,4.12199,4.127828,3.7903373,NISQAv2
/data/nhandt23/Dataset/MMSData/13GKsS26F4U/asr_subtitle/wavs/13GKsS26F4U_02339.wav,3.6046803,2.423476,4.5324063,4.084172,3.6047008,NISQAv2
/data/nhandt23/Dataset/MMSData/13GKsS26F4U/asr_subtitle/wavs/13GKsS26F4U_05018.wav,3.9970489,3.0604308,4.425055,4.1088166,3.984697,NISQAv2
/data/nhandt23/Dataset/MMSData/13GKsS26F4U/asr_subtitle/wavs/13GKsS26F4U_02598.wav,3.1063707,2.3503406,4.442484,4.0445304,3.998511,NISQAv2
/data/nhandt23/Dataset/MMSData/13GKsS26F4U/asr_subtitle/wavs/13GKsS26F4U_01523.wav,3.471668,1.9229175,4.5423865,4.0381155,4.0683293,NISQAv2
/data/nhandt23/Dataset/MMSData/13GKsS26F4U/asr_subtitle/wavs/13GKsS26F4U_04425.wav,3.9868443,2.346978,4.594196,4.2811666,4.1358905,NISQAv2
/data/nhandt23/Dataset/MMSData/13GKsS26F4U/asr_subtitle/wavs/13GKsS26F4U_01880.wav,3.7486103,2.5863774,4.6945276,4.322174,4.3454003,NISQAv2
/data/nhandt23/Dataset/MMSData/13GKsS26F4U/asr_subtitle/wavs/13GKsS26F4U_01757.wav,3.5565662,2.316297,4.462784,4.0654883,3.6553178,NISQAv2
/data/nhandt23/Dataset/MMSData/13GKsS26F4U/asr_subtitle/wavs/13GKsS26F4U_02437.wav,3.4048522,2.20879,4.2895937,4.133844,3.6125765,NISQAv2
/data/nhandt23/Dataset/MMSData/13GKsS26F4U/asr_subtitle/wavs/13GKsS26F4U_01797.wav,3.4483006,2.1100638,4.066342,3.952727,4.0989013,NISQAv2
/data/nhandt23/Dataset/MMSData/13GKsS26F4U/asr_subtitle/wavs/13GKsS26F4U_01807.wav,4.1350684,2.1758993,4.716504,4.461096,4.4660363,NISQAv2
/data/nhandt23/Dataset/MMSData/13GKsS26F4U/asr_subtitle/wavs/13GKsS26F4U_00657.wav,3.1934123,2.147085,4.151725,3.967087,3.5663486,NISQAv2
/data/nhandt23/Dataset/MMSData/13GKsS26F4U/asr_subtitle/wavs/13GKsS26F4U_00803.wav,2.985092,2.3514912,4.1320424,3.5914195,3.733299,NISQAv2
/data/nhandt23/Dataset/MMSData/13GKsS26F4U/asr_subtitle/wavs/13GKsS26F4U_02603.wav,3.3292267,2.2125645,4.4447823,4.131187,4.1407475,NISQAv2
/data/nhandt23/Dataset/MMSData/13GKsS26F4U/asr_subtitle/wavs/13GKsS26F4U_00042.wav,3.3736677,2.3912394,4.437147,4.1776905,4.2552295,NISQAv2
/data/nhandt23/Dataset/MMSData/13GKsS26F4U/asr_subtitle/wavs/13GKsS26F4U_01751.wav,3.0084567,2.5156825,4.3459787,4.036718,3.8262305,NISQAv2
/data/nhandt23/Dataset/MMSData/13GKsS26F4U/asr_subtitle/wavs/13GKsS26F4U_02686.wav,2.3862395,1.6803775,3.938893,4.0281305,4.178298,NISQAv2
/data/nhandt23/Dataset/MMSData/13GKsS26F4U/asr_subtitle/wavs/13GKsS26F4U_04721.wav,2.8777149,1.9427223,4.374757,3.8760679,3.2968442,NISQAv2
/data/nhandt23/Dataset/MMSData/13GKsS26F4U/asr_subtitle/wavs/13GKsS26F4U_04898.wav,4.355049,3.0696242,4.7310405,4.4247565,4.299752,NISQAv2
/data/nhandt23/Dataset/MMSData/13GKsS26F4U/asr_subtitle/wavs/13GKsS26F4U_01736.wav,3.7371938,2.5453043,4.46886,4.1219773,4.0883613,NISQAv2
/data/nhandt23/Dataset/MMSData/13GKsS26F4U/asr_subtitle/wavs/13GKsS26F4U_02026.wav,4.1294174,2.672969,4.629008,4.221615,4.400369,NISQAv2
/data/nhandt23/Dataset/MMSData/13GKsS26F4U/asr_subtitle/wavs/13GKsS26F4U_04198.wav,3.4142363,2.6405432,4.453871,4.159141,3.899219,NISQAv2
/data/nhandt23/Dataset/MMSData/13GKsS26F4U/asr_subtitle/wavs/13GKsS26F4U_00961.wav,3.0957868,2.536485,4.160116,3.9175253,3.3775237,NISQAv2
/data/nhandt23/Dataset/MMSData/13GKsS26F4U/asr_subtitle/wavs/13GKsS26F4U_02391.wav,2.707609,2.4067252,4.175004,3.9101706,3.7244985,NISQAv2
/data/nhandt23/Dataset/MMSData/13GKsS26F4U/asr_subtitle/wavs/13GKsS26F4U_04167.wav,4.1723924,3.1666157,4.358992,4.298571,4.3181605,NISQAv2
/data/nhandt23/Dataset/MMSData/13GKsS26F4U/asr_subtitle/wavs/13GKsS26F4U_00430.wav,3.785595,2.158824,4.369648,4.013211,3.9417293,NISQAv2
/data/nhandt23/Dataset/MMSData/13GKsS26F4U/asr_subtitle/wavs/13GKsS26F4U_02162.wav,3.7433515,2.1740997,4.154411,4.0145206,3.7598755,NISQAv2
/data/nhandt23/Dataset/MMSData/13GKsS26F4U/asr_subtitle/wavs/13GKsS26F4U_00360.wav,3.4132493,2.2402809,4.193815,4.069144,3.9649417,NISQAv2
/data/nhandt23/Dataset/MMSData/13GKsS26F4U/asr_subtitle/wavs/13GKsS26F4U_00385.wav,3.220502,2.29844,4.5969534,4.304247,4.187485,NISQAv2
/data/nhandt23/Dataset/MMSData/13GKsS26F4U/asr_subtitle/wavs/13GKsS26F4U_03339.wav,2.594311,2.4241366,3.5922337,3.7957287,3.5630724,NISQAv2
/data/nhandt23/Dataset/MMSData/13GKsS26F4U/asr_subtitle/wavs/13GKsS26F4U_00475.wav,4.0405865,2.010882,4.652992,4.218142,4.3705816,NISQAv2
/data/nhandt23/Dataset/MMSData/13GKsS26F4U/asr_subtitle/wavs/13GKsS26F4U_03630.wav,2.9422538,1.9583069,2.7902977,3.511714,4.2150335,NISQAv2
/data/nhandt23/Dataset/MMSData/13GKsS26F4U/asr_subtitle/wavs/13GKsS26F4U_04799.wav,2.645243,2.444885,4.2771826,4.1218433,3.8361225,NISQAv2
/data/nhandt23/Dataset/MMSData/13GKsS26F4U/asr_subtitle/wavs/13GKsS26F4U_03371.wav,2.996309,1.8107058,4.341937,4.1049,3.47105,NISQAv2
/data/nhandt23/Dataset/MMSData/13GKsS26F4U/asr_subtitle/wavs/13GKsS26F4U_04219.wav,3.930261,2.2430718,4.4290514,4.092764,3.7005446,NISQAv2
/data/nhandt23/Dataset/MMSData/13GKsS26F4U/asr_subtitle/wavs/13GKsS26F4U_03970.wav,3.317317,2.36914,3.9295013,3.7274225,3.3951616,NISQAv2
/data/nhandt23/Dataset/MMSData/13GKsS26F4U/asr_subtitle/wavs/13GKsS26F4U_02347.wav,3.885732,2.4227788,4.426816,4.203925,3.9395285,NISQAv2
/data/nhandt23/Dataset/MMSData/13GKsS26F4U/asr_subtitle/wavs/13GKsS26F4U_05076.wav,2.9768836,2.5486662,4.189002,3.8234355,3.7194455,NISQAv2
/data/nhandt23/Dataset/MMSData/13GKsS26F4U/asr_subtitle/wavs/13GKsS26F4U_04561.wav,3.02331,1.9506378,3.875573,3.888187,3.3970373,NISQAv2
/data/nhandt23/Dataset/MMSData/13GKsS26F4U/asr_subtitle/wavs/13GKsS26F4U_01885.wav,3.5604908,2.4065058,4.065725,4.151373,4.2291884,NISQAv2
/data/nhandt23/Dataset/MMSData/13GKsS26F4U/asr_subtitle/wavs/13GKsS26F4U_04642.wav,2.9299116,2.4295802,3.8383548,3.6999826,3.5334322,NISQAv2
/data/nhandt23/Dataset/MMSData/13GKsS26F4U/asr_subtitle/wavs/13GKsS26F4U_00449.wav,2.6778724,2.491833,4.284871,4.0650587,3.8739355,NISQAv2
/data/nhandt23/Dataset/MMSData/13GKsS26F4U/asr_subtitle/wavs/13GKsS26F4U_04530.wav,2.542196,2.3860977,3.2162888,3.1855714,3.3024035,NISQAv2
/data/nhandt23/Dataset/MMSData/13GKsS26F4U/asr_subtitle/wavs/13GKsS26F4U_00165.wav,3.6552036,2.9878998,4.4288588,4.1032376,4.0754704,NISQAv2
/data/nhandt23/Dataset/MMSData/13GKsS26F4U/asr_subtitle/wavs/13GKsS26F4U_00604.wav,2.9801424,2.6088645,3.8931413,3.7334318,3.4408028,NISQAv2
/data/nhandt23/Dataset/MMSData/13GKsS26F4U/asr_subtitle/wavs/13GKsS26F4U_00933.wav,2.436773,2.4014976,3.8725936,3.7683725,3.8539894,NISQAv2
/data/nhandt23/Dataset/MMSData/13GKsS26F4U/asr_subtitle/wavs/13GKsS26F4U_04347.wav,3.1356733,2.8991885,4.075983,3.6994953,3.6788354,NISQAv2
/data/nhandt23/Dataset/MMSData/13GKsS26F4U/asr_subtitle/wavs/13GKsS26F4U_00913.wav,2.2921283,2.637184,3.1940336,3.7876837,4.2117553,NISQAv2
/data/nhandt23/Dataset/MMSData/13GKsS26F4U/asr_subtitle/wavs/13GKsS26F4U_03578.wav,3.7030895,2.3963048,3.9480138,3.8059206,3.0945568,NISQAv2
/data/nhandt23/Dataset/MMSData/13GKsS26F4U/asr_subtitle/wavs/13GKsS26F4U_00393.wav,3.1046948,2.6844168,4.4825573,4.1508594,4.0615926,NISQAv2
/data/nhandt23/Dataset/MMSData/13GKsS26F4U/asr_subtitle/wavs/13GKsS26F4U_01114.wav,3.1955492,2.2447634,4.3421116,4.0904765,3.7351139,NISQAv2
/data/nhandt23/Dataset/MMSData/13GKsS26F4U/asr_subtitle/wavs/13GKsS26F4U_02390.wav,2.711067,2.4472082,3.6399705,3.8824532,3.7044606,NISQAv2
/data/nhandt23/Dataset/MMSData/13GKsS26F4U/asr_subtitle/wavs/13GKsS26F4U_00023.wav,3.0530365,2.1156142,4.3088584,3.9391387,3.5383356,NISQAv2
/data/nhandt23/Dataset/MMSData/13GKsS26F4U/asr_subtitle/wavs/13GKsS26F4U_02410.wav,3.607957,2.4646604,4.071122,3.7563722,4.0843635,NISQAv2
/data/nhandt23/Dataset/MMSData/13GKsS26F4U/asr_subtitle/wavs/13GKsS26F4U_02222.wav,2.937033,1.8294889,3.8346012,3.819859,3.8082888,NISQAv2
/data/nhandt23/Dataset/MMSData/13GKsS26F4U/asr_subtitle/wavs/13GKsS26F4U_04173.wav,3.6486385,2.467962,4.3821754,4.0872836,3.7531826,NISQAv2
/data/nhandt23/Dataset/MMSData/13GKsS26F4U/asr_subtitle/wavs/13GKsS26F4U_01501.wav,3.2436607,2.184979,4.1810603,4.0545506,3.4452622,NISQAv2
/data/nhandt23/Dataset/MMSData/13GKsS26F4U/asr_subtitle/wavs/13GKsS26F4U_01475.wav,3.6964834,2.412332,4.401127,4.0471654,4.2781615,NISQAv2
/data/nhandt23/Dataset/MMSData/13GKsS26F4U/asr_subtitle/wavs/13GKsS26F4U_02804.wav,2.3314273,1.8433857,4.003437,3.9055836,3.52238,NISQAv2
/data/nhandt23/Dataset/MMSData/13GKsS26F4U/asr_subtitle/wavs/13GKsS26F4U_00427.wav,2.3359358,1.9723966,3.9621565,3.7952547,3.1732366,NISQAv2
/data/nhandt23/Dataset/MMSData/13GKsS26F4U/asr_subtitle/wavs/13GKsS26F4U_02895.wav,3.5980752,1.9996133,4.40129,4.1192756,3.5949132,NISQAv2
/data/nhandt23/Dataset/MMSData/13GKsS26F4U/asr_subtitle/wavs/13GKsS26F4U_00171.wav,3.7578018,2.62562,4.511463,4.086292,4.1023116,NISQAv2
/data/nhandt23/Dataset/MMSData/13GKsS26F4U/asr_subtitle/wavs/13GKsS26F4U_03665.wav,3.7745192,2.680175,4.605357,4.3294983,4.525349,NISQAv2
/data/nhandt23/Dataset/MMSData/13GKsS26F4U/asr_subtitle/wavs/13GKsS26F4U_03292.wav,2.6568878,2.632337,3.9521825,3.771458,3.9449096,NISQAv2
/data/nhandt23/Dataset/MMSData/13GKsS26F4U/asr_subtitle/wavs/13GKsS26F4U_01316.wav,3.4547577,2.5205748,4.0700855,3.3332798,3.8966694,NISQAv2
/data/nhandt23/Dataset/MMSData/13GKsS26F4U/asr_subtitle/wavs/13GKsS26F4U_03943.wav,3.281823,2.5800455,4.0509863,3.5383499,3.9466808,NISQAv2
/data/nhandt23/Dataset/MMSData/13GKsS26F4U/asr_subtitle/wavs/13GKsS26F4U_03296.wav,4.0306907,2.0053377,4.678998,4.3621755,3.9202816,NISQAv2
/data/nhandt23/Dataset/MMSData/13GKsS26F4U/asr_subtitle/wavs/13GKsS26F4U_04732.wav,2.9453466,2.7280996,4.112663,3.9078908,3.3366396,NISQAv2
/data/nhandt23/Dataset/MMSData/13GKsS26F4U/asr_subtitle/wavs/13GKsS26F4U_03096.wav,3.2274246,2.5263138,4.464841,4.210348,4.1903477,NISQAv2
/data/nhandt23/Dataset/MMSData/13GKsS26F4U/asr_subtitle/wavs/13GKsS26F4U_04505.wav,3.0182006,2.2723386,4.360406,3.9546227,3.9509532,NISQAv2
/data/nhandt23/Dataset/MMSData/13GKsS26F4U/asr_subtitle/wavs/13GKsS26F4U_01567.wav,3.731527,2.7373533,4.366256,4.1356397,4.0992985,NISQAv2
/data/nhandt23/Dataset/MMSData/13GKsS26F4U/asr_subtitle/wavs/13GKsS26F4U_02953.wav,3.4249136,2.450793,4.530516,4.277268,4.3369102,NISQAv2
/data/nhandt23/Dataset/MMSData/13GKsS26F4U/asr_subtitle/wavs/13GKsS26F4U_01659.wav,3.1872826,2.5720882,3.942362,3.978679,3.9071116,NISQAv2
/data/nhandt23/Dataset/MMSData/13GKsS26F4U/asr_subtitle/wavs/13GKsS26F4U_04104.wav,3.7549424,2.954816,4.170312,4.3597608,4.156826,NISQAv2
/data/nhandt23/Dataset/MMSData/13GKsS26F4U/asr_subtitle/wavs/13GKsS26F4U_00338.wav,4.0542784,2.2763155,4.643213,4.282964,3.935243,NISQAv2
/data/nhandt23/Dataset/MMSData/13GKsS26F4U/asr_subtitle/wavs/13GKsS26F4U_02247.wav,4.0917683,2.6299942,4.253434,4.091998,3.9178653,NISQAv2
/data/nhandt23/Dataset/MMSData/13GKsS26F4U/asr_subtitle/wavs/13GKsS26F4U_03683.wav,3.639222,2.385214,4.2688675,4.024625,3.8823225,NISQAv2
/data/nhandt23/Dataset/MMSData/13GKsS26F4U/asr_subtitle/wavs/13GKsS26F4U_00703.wav,2.3345463,2.4401636,3.73523,3.8022463,3.4409626,NISQAv2
/data/nhandt23/Dataset/MMSData/13GKsS26F4U/asr_subtitle/wavs/13GKsS26F4U_00051.wav,3.2238483,2.6174238,4.3435683,3.7815936,3.1892116,NISQAv2
/data/nhandt23/Dataset/MMSData/13GKsS26F4U/asr_subtitle/wavs/13GKsS26F4U_02820.wav,3.5362525,2.1821704,4.2316256,3.9847038,3.398199,NISQAv2
/data/nhandt23/Dataset/MMSData/13GKsS26F4U/asr_subtitle/wavs/13GKsS26F4U_03526.wav,2.3932252,2.4541566,3.611541,3.9669151,4.057632,NISQAv2
/data/nhandt23/Dataset/MMSData/13GKsS26F4U/asr_subtitle/wavs/13GKsS26F4U_00175.wav,3.1661742,2.8999038,4.00792,3.8665192,3.292289,NISQAv2
/data/nhandt23/Dataset/MMSData/13GKsS26F4U/asr_subtitle/wavs/13GKsS26F4U_04252.wav,2.7641637,2.3896997,2.4696326,3.041507,4.047503,NISQAv2
/data/nhandt23/Dataset/MMSData/13GKsS26F4U/asr_subtitle/wavs/13GKsS26F4U_00030.wav,3.2110534,2.226335,4.341816,4.083443,3.817854,NISQAv2
/data/nhandt23/Dataset/MMSData/13GKsS26F4U/asr_subtitle/wavs/13GKsS26F4U_01203.wav,3.5851223,2.7656758,3.8570642,3.9421058,3.8186836,NISQAv2
/data/nhandt23/Dataset/MMSData/13GKsS26F4U/asr_subtitle/wavs/13GKsS26F4U_05087.wav,4.3124986,2.5662353,4.828203,4.4537964,4.490702,NISQAv2
/data/nhandt23/Dataset/MMSData/13GKsS26F4U/asr_subtitle/wavs/13GKsS26F4U_04202.wav,2.3013208,2.5018473,3.319131,3.5621166,3.59896,NISQAv2
/data/nhandt23/Dataset/MMSData/13GKsS26F4U/asr_subtitle/wavs/13GKsS26F4U_02108.wav,2.614759,2.2649007,3.4846995,3.4474535,3.2982268,NISQAv2
/data/nhandt23/Dataset/MMSData/13GKsS26F4U/asr_subtitle/wavs/13GKsS26F4U_01897.wav,3.714464,2.429409,4.5165067,4.184609,4.0394607,NISQAv2
/data/nhandt23/Dataset/MMSData/13GKsS26F4U/asr_subtitle/wavs/13GKsS26F4U_05092.wav,2.6788933,2.4091012,3.9399326,3.6842802,2.8214815,NISQAv2
/data/nhandt23/Dataset/MMSData/13GKsS26F4U/asr_subtitle/wavs/13GKsS26F4U_00403.wav,3.1110723,2.376827,3.7694972,3.8357654,3.8073657,NISQAv2
/data/nhandt23/Dataset/MMSData/13GKsS26F4U/asr_subtitle/wavs/13GKsS26F4U_04440.wav,2.8381357,2.417381,4.3068857,4.137898,4.0772386,NISQAv2
/data/nhandt23/Dataset/MMSData/13GKsS26F4U/asr_subtitle/wavs/13GKsS26F4U_04308.wav,3.8498886,2.4451785,4.2792087,3.9789388,3.7318118,NISQAv2
/data/nhandt23/Dataset/MMSData/13GKsS26F4U/asr_subtitle/wavs/13GKsS26F4U_03857.wav,3.9920518,2.737497,4.4534607,4.3924417,4.345347,NISQAv2
/data/nhandt23/Dataset/MMSData/13GKsS26F4U/asr_subtitle/wavs/13GKsS26F4U_01644.wav,3.7934997,2.5287728,4.4421415,4.1873145,4.018883,NISQAv2
/data/nhandt23/Dataset/MMSData/13GKsS26F4U/asr_subtitle/wavs/13GKsS26F4U_01591.wav,2.6253598,2.3248417,3.801265,3.6950428,4.0484943,NISQAv2
/data/nhandt23/Dataset/MMSData/13GKsS26F4U/asr_subtitle/wavs/13GKsS26F4U_03190.wav,3.4935334,2.6845696,4.424721,4.0268865,4.1449614,NISQAv2
/data/nhandt23/Dataset/MMSData/13GKsS26F4U/asr_subtitle/wavs/13GKsS26F4U_01290.wav,4.134792,2.4698884,4.5082197,4.23584,3.7539532,NISQAv2
/data/nhandt23/Dataset/MMSData/13GKsS26F4U/asr_subtitle/wavs/13GKsS26F4U_02845.wav,3.50119,2.0689352,4.4262877,4.157293,4.0330033,NISQAv2
/data/nhandt23/Dataset/MMSData/13GKsS26F4U/asr_subtitle/wavs/13GKsS26F4U_01111.wav,3.2548048,2.7820094,4.596776,4.245479,4.2132974,NISQAv2
/data/nhandt23/Dataset/MMSData/13GKsS26F4U/asr_subtitle/wavs/13GKsS26F4U_04121.wav,3.1466432,2.8258674,3.7418993,3.6278615,4.022648,NISQAv2
/data/nhandt23/Dataset/MMSData/13GKsS26F4U/asr_subtitle/wavs/13GKsS26F4U_04788.wav,3.6111486,2.5638456,4.0129313,3.854135,3.7701995,NISQAv2
/data/nhandt23/Dataset/MMSData/13GKsS26F4U/asr_subtitle/wavs/13GKsS26F4U_04341.wav,3.1880944,2.2112882,4.2855864,3.9205248,3.802964,NISQAv2
/data/nhandt23/Dataset/MMSData/13GKsS26F4U/asr_subtitle/wavs/13GKsS26F4U_03969.wav,2.9344344,2.6139772,4.2688503,3.6968994,3.7960596,NISQAv2
/data/nhandt23/Dataset/MMSData/13GKsS26F4U/asr_subtitle/wavs/13GKsS26F4U_01055.wav,2.6818566,2.1783962,4.0842156,3.912721,3.4378574,NISQAv2
/data/nhandt23/Dataset/MMSData/13GKsS26F4U/asr_subtitle/wavs/13GKsS26F4U_01521.wav,2.7452838,2.1156857,4.355418,4.128829,3.729188,NISQAv2
/data/nhandt23/Dataset/MMSData/13GKsS26F4U/asr_subtitle/wavs/13GKsS26F4U_01267.wav,2.4436922,2.5405676,4.1804996,4.1024218,4.019075,NISQAv2
/data/nhandt23/Dataset/MMSData/13GKsS26F4U/asr_subtitle/wavs/13GKsS26F4U_04903.wav,4.009445,2.0538993,4.6982327,4.370498,4.162188,NISQAv2
/data/nhandt23/Dataset/MMSData/13GKsS26F4U/asr_subtitle/wavs/13GKsS26F4U_02683.wav,4.2671027,1.842318,4.79315,4.1790442,4.3382344,NISQAv2
/data/nhandt23/Dataset/MMSData/13GKsS26F4U/asr_subtitle/wavs/13GKsS26F4U_02127.wav,3.3108325,2.0183961,4.3669934,3.9732614,3.708027,NISQAv2
/data/nhandt23/Dataset/MMSData/13GKsS26F4U/asr_subtitle/wavs/13GKsS26F4U_01990.wav,2.19468,2.3355393,3.1573446,3.2864888,3.6805289,NISQAv2
/data/nhandt23/Dataset/MMSData/13GKsS26F4U/asr_subtitle/wavs/13GKsS26F4U_01630.wav,3.699214,3.0925562,4.0159183,4.0491586,3.1259828,NISQAv2
/data/nhandt23/Dataset/MMSData/13GKsS26F4U/asr_subtitle/wavs/13GKsS26F4U_03741.wav,2.5380368,2.4239352,4.054241,3.9594924,3.6865566,NISQAv2
/data/nhandt23/Dataset/MMSData/13GKsS26F4U/asr_subtitle/wavs/13GKsS26F4U_03705.wav,2.8519204,2.1367753,4.4081364,4.1219516,3.7688265,NISQAv2
/data/nhandt23/Dataset/MMSData/13GKsS26F4U/asr_subtitle/wavs/13GKsS26F4U_04437.wav,2.6886656,2.3365817,3.0406582,3.9512997,3.5392697,NISQAv2
/data/nhandt23/Dataset/MMSData/13GKsS26F4U/asr_subtitle/wavs/13GKsS26F4U_01691.wav,3.745174,2.1206598,4.4961953,4.1261806,3.7426376,NISQAv2
/data/nhandt23/Dataset/MMSData/13GKsS26F4U/asr_subtitle/wavs/13GKsS26F4U_03581.wav,3.368077,2.6239417,4.5315833,4.2735763,3.290227,NISQAv2
/data/nhandt23/Dataset/MMSData/13GKsS26F4U/asr_subtitle/wavs/13GKsS26F4U_04803.wav,3.9074621,1.9221811,4.572854,4.2124662,3.6333168,NISQAv2
/data/nhandt23/Dataset/MMSData/13GKsS26F4U/asr_subtitle/wavs/13GKsS26F4U_05116.wav,3.0193512,2.2798212,3.7335463,3.6773865,3.707019,NISQAv2
/data/nhandt23/Dataset/MMSData/13GKsS26F4U/asr_subtitle/wavs/13GKsS26F4U_03784.wav,3.115489,1.9192351,4.165348,3.9157255,3.90971,NISQAv2
/data/nhandt23/Dataset/MMSData/13GKsS26F4U/asr_subtitle/wavs/13GKsS26F4U_02541.wav,3.9814017,1.8924794,4.601344,4.3295302,4.06376,NISQAv2
/data/nhandt23/Dataset/MMSData/13GKsS26F4U/asr_subtitle/wavs/13GKsS26F4U_00400.wav,3.609043,2.2805583,4.437553,4.1606126,3.953992,NISQAv2
/data/nhandt23/Dataset/MMSData/13GKsS26F4U/asr_subtitle/wavs/13GKsS26F4U_04785.wav,2.6687858,2.673454,3.603736,3.6930153,3.6438046,NISQAv2
/data/nhandt23/Dataset/MMSData/13GKsS26F4U/asr_subtitle/wavs/13GKsS26F4U_03897.wav,3.7106698,2.6595774,4.4872036,4.19597,3.8755634,NISQAv2
/data/nhandt23/Dataset/MMSData/13GKsS26F4U/asr_subtitle/wavs/13GKsS26F4U_01106.wav,3.125186,2.6655247,4.268952,4.0917144,4.0160546,NISQAv2
/data/nhandt23/Dataset/MMSData/13GKsS26F4U/asr_subtitle/wavs/13GKsS26F4U_03603.wav,2.8954046,2.2114422,4.1468644,3.996757,3.4311707,NISQAv2
/data/nhandt23/Dataset/MMSData/13GKsS26F4U/asr_subtitle/wavs/13GKsS26F4U_03589.wav,4.1365585,1.9987485,4.7533517,4.229553,4.066994,NISQAv2
/data/nhandt23/Dataset/MMSData/13GKsS26F4U/asr_subtitle/wavs/13GKsS26F4U_00704.wav,2.4019125,2.5346427,3.8151958,3.030453,3.1553996,NISQAv2
/data/nhandt23/Dataset/MMSData/13GKsS26F4U/asr_subtitle/wavs/13GKsS26F4U_02160.wav,3.4848695,2.450976,4.303052,3.9110615,3.7693923,NISQAv2
/data/nhandt23/Dataset/MMSData/13GKsS26F4U/asr_subtitle/wavs/13GKsS26F4U_03862.wav,4.2547097,2.255317,4.7030907,4.425323,4.3684497,NISQAv2
/data/nhandt23/Dataset/MMSData/13GKsS26F4U/asr_subtitle/wavs/13GKsS26F4U_04223.wav,3.8242579,2.2953494,4.1250005,4.270823,4.1285014,NISQAv2
/data/nhandt23/Dataset/MMSData/13GKsS26F4U/asr_subtitle/wavs/13GKsS26F4U_04564.wav,2.6460135,2.7547705,4.045096,3.6085267,3.4633803,NISQAv2
/data/nhandt23/Dataset/MMSData/13GKsS26F4U/asr_subtitle/wavs/13GKsS26F4U_02556.wav,2.9980538,1.7294343,3.9866893,3.9003236,3.6075876,NISQAv2
/data/nhandt23/Dataset/MMSData/13GKsS26F4U/asr_subtitle/wavs/13GKsS26F4U_01213.wav,2.4247653,2.3765612,3.4589984,3.889671,3.4633405,NISQAv2
/data/nhandt23/Dataset/MMSData/13GKsS26F4U/asr_subtitle/wavs/13GKsS26F4U_03561.wav,3.6317155,2.78126,4.5430193,4.278154,4.034546,NISQAv2
/data/nhandt23/Dataset/MMSData/13GKsS26F4U/asr_subtitle/wavs/13GKsS26F4U_01719.wav,3.8002918,2.1739314,4.2329655,3.7330303,4.111036,NISQAv2
/data/nhandt23/Dataset/MMSData/13GKsS26F4U/asr_subtitle/wavs/13GKsS26F4U_03887.wav,3.8934994,2.8306434,4.216333,3.8140452,3.9089086,NISQAv2
/data/nhandt23/Dataset/MMSData/13GKsS26F4U/asr_subtitle/wavs/13GKsS26F4U_00572.wav,3.107403,2.7149296,4.267224,3.926734,4.0366163,NISQAv2
/data/nhandt23/Dataset/MMSData/13GKsS26F4U/asr_subtitle/wavs/13GKsS26F4U_02104.wav,2.6813018,2.36084,4.3216066,4.1812205,4.028053,NISQAv2
/data/nhandt23/Dataset/MMSData/13GKsS26F4U/asr_subtitle/wavs/13GKsS26F4U_05003.wav,3.4784043,3.2610776,4.2916727,4.1727595,3.9948113,NISQAv2
/data/nhandt23/Dataset/MMSData/13GKsS26F4U/asr_subtitle/wavs/13GKsS26F4U_02986.wav,3.1180537,2.3955696,4.19031,3.9275086,3.9538395,NISQAv2
/data/nhandt23/Dataset/MMSData/13GKsS26F4U/asr_subtitle/wavs/13GKsS26F4U_03530.wav,3.0357184,2.3364406,4.218556,3.9420645,3.7129505,NISQAv2
/data/nhandt23/Dataset/MMSData/13GKsS26F4U/asr_subtitle/wavs/13GKsS26F4U_03941.wav,2.4778135,2.6629603,3.1296413,3.7647798,3.2378168,NISQAv2
/data/nhandt23/Dataset/MMSData/13GKsS26F4U/asr_subtitle/wavs/13GKsS26F4U_01370.wav,3.8125975,2.342699,4.3092604,4.021997,3.8613458,NISQAv2
/data/nhandt23/Dataset/MMSData/13GKsS26F4U/asr_subtitle/wavs/13GKsS26F4U_04153.wav,2.550356,2.5544698,3.688594,3.4335666,3.1614645,NISQAv2
/data/nhandt23/Dataset/MMSData/13GKsS26F4U/asr_subtitle/wavs/13GKsS26F4U_03402.wav,3.4410672,2.2305532,4.1841016,4.083525,3.636276,NISQAv2
/data/nhandt23/Dataset/MMSData/13GKsS26F4U/asr_subtitle/wavs/13GKsS26F4U_01973.wav,3.8279235,2.7659695,4.2564692,4.088265,4.072056,NISQAv2
/data/nhandt23/Dataset/MMSData/13GKsS26F4U/asr_subtitle/wavs/13GKsS26F4U_02851.wav,2.6097562,2.5646222,4.358773,4.010183,3.7617757,NISQAv2
/data/nhandt23/Dataset/MMSData/13GKsS26F4U/asr_subtitle/wavs/13GKsS26F4U_03978.wav,3.6460226,2.0666397,4.136051,3.8236039,3.1637561,NISQAv2
/data/nhandt23/Dataset/MMSData/13GKsS26F4U/asr_subtitle/wavs/13GKsS26F4U_03124.wav,3.3176897,2.3348277,4.1981783,4.031762,4.141128,NISQAv2
/data/nhandt23/Dataset/MMSData/13GKsS26F4U/asr_subtitle/wavs/13GKsS26F4U_03613.wav,3.8513334,2.7601812,4.4019475,4.221115,3.8723576,NISQAv2
/data/nhandt23/Dataset/MMSData/13GKsS26F4U/asr_subtitle/wavs/13GKsS26F4U_02961.wav,3.6419213,2.2039948,4.391568,4.2203097,3.1993594,NISQAv2
/data/nhandt23/Dataset/MMSData/13GKsS26F4U/asr_subtitle/wavs/13GKsS26F4U_00609.wav,3.6859155,1.9336523,4.6711297,4.366056,3.9322438,NISQAv2
/data/nhandt23/Dataset/MMSData/13GKsS26F4U/asr_subtitle/wavs/13GKsS26F4U_03781.wav,3.4898646,2.2407806,4.590322,4.2105346,3.667992,NISQAv2
/data/nhandt23/Dataset/MMSData/13GKsS26F4U/asr_subtitle/wavs/13GKsS26F4U_00819.wav,2.5593793,2.138376,3.8866918,3.5039542,3.027479,NISQAv2
/data/nhandt23/Dataset/MMSData/13GKsS26F4U/asr_subtitle/wavs/13GKsS26F4U_02064.wav,3.429952,2.1144283,4.184991,3.9527977,3.2878623,NISQAv2
/data/nhandt23/Dataset/MMSData/13GKsS26F4U/asr_subtitle/wavs/13GKsS26F4U_04523.wav,4.3778887,2.8615944,4.536285,4.1695156,4.2204556,NISQAv2
/data/nhandt23/Dataset/MMSData/13GKsS26F4U/asr_subtitle/wavs/13GKsS26F4U_01599.wav,2.9108021,2.4515135,4.3107457,4.1819844,4.0578804,NISQAv2
/data/nhandt23/Dataset/MMSData/13GKsS26F4U/asr_subtitle/wavs/13GKsS26F4U_00529.wav,3.64838,2.5722768,4.228741,3.9145958,3.8458536,NISQAv2
/data/nhandt23/Dataset/MMSData/13GKsS26F4U/asr_subtitle/wavs/13GKsS26F4U_00007.wav,2.3324506,2.388286,4.033475,3.4527996,3.3767517,NISQAv2
/data/nhandt23/Dataset/MMSData/13GKsS26F4U/asr_subtitle/wavs/13GKsS26F4U_03166.wav,3.832514,2.2111795,4.3334556,4.1508346,4.3227367,NISQAv2
/data/nhandt23/Dataset/MMSData/13GKsS26F4U/asr_subtitle/wavs/13GKsS26F4U_02260.wav,3.0974517,2.8315299,4.3089566,4.125134,3.9812076,NISQAv2
/data/nhandt23/Dataset/MMSData/13GKsS26F4U/asr_subtitle/wavs/13GKsS26F4U_00779.wav,3.4258015,2.6289313,4.392996,4.115874,3.8087242,NISQAv2
/data/nhandt23/Dataset/MMSData/13GKsS26F4U/asr_subtitle/wavs/13GKsS26F4U_00648.wav,2.3750482,2.3738754,3.2022316,3.2377403,3.3905795,NISQAv2
/data/nhandt23/Dataset/MMSData/13GKsS26F4U/asr_subtitle/wavs/13GKsS26F4U_02552.wav,3.8012826,2.2053351,4.4439487,4.171722,4.0730596,NISQAv2
/data/nhandt23/Dataset/MMSData/13GKsS26F4U/asr_subtitle/wavs/13GKsS26F4U_05014.wav,2.3247516,2.866748,3.8127174,3.546521,4.0363903,NISQAv2
/data/nhandt23/Dataset/MMSData/13GKsS26F4U/asr_subtitle/wavs/13GKsS26F4U_02006.wav,1.9805232,1.8526168,3.4046113,3.2923563,3.1596127,NISQAv2
/data/nhandt23/Dataset/MMSData/13GKsS26F4U/asr_subtitle/wavs/13GKsS26F4U_00136.wav,2.442755,2.5034604,3.346217,3.6958086,3.3774414,NISQAv2
/data/nhandt23/Dataset/MMSData/13GKsS26F4U/asr_subtitle/wavs/13GKsS26F4U_00049.wav,3.2010348,2.6328971,3.815387,4.08124,4.061073,NISQAv2
/data/nhandt23/Dataset/MMSData/13GKsS26F4U/asr_subtitle/wavs/13GKsS26F4U_05130.wav,2.705734,2.0131404,4.0848603,4.1093307,3.9018126,NISQAv2
/data/nhandt23/Dataset/MMSData/13GKsS26F4U/asr_subtitle/wavs/13GKsS26F4U_02174.wav,3.995025,2.3375838,4.5556,4.281095,4.105595,NISQAv2
/data/nhandt23/Dataset/MMSData/13GKsS26F4U/asr_subtitle/wavs/13GKsS26F4U_04599.wav,3.8399732,2.500014,4.41206,3.9552171,3.72284,NISQAv2
/data/nhandt23/Dataset/MMSData/13GKsS26F4U/asr_subtitle/wavs/13GKsS26F4U_00625.wav,2.903701,2.9422648,3.641824,4.084599,4.039427,NISQAv2
/data/nhandt23/Dataset/MMSData/13GKsS26F4U/asr_subtitle/wavs/13GKsS26F4U_00359.wav,3.5402532,3.0835931,4.4221992,4.0928607,3.4945166,NISQAv2
/data/nhandt23/Dataset/MMSData/13GKsS26F4U/asr_subtitle/wavs/13GKsS26F4U_01596.wav,2.5276098,2.028404,3.1287684,3.6291592,3.263599,NISQAv2
/data/nhandt23/Dataset/MMSData/13GKsS26F4U/asr_subtitle/wavs/13GKsS26F4U_00679.wav,2.7786596,2.3131073,4.0744,3.6720114,2.7225077,NISQAv2
/data/nhandt23/Dataset/MMSData/13GKsS26F4U/asr_subtitle/wavs/13GKsS26F4U_00180.wav,4.259976,2.977001,4.625335,4.323545,4.3924584,NISQAv2
/data/nhandt23/Dataset/MMSData/13GKsS26F4U/asr_subtitle/wavs/13GKsS26F4U_03326.wav,2.7771719,2.071887,2.486596,3.4974973,4.1803446,NISQAv2
/data/nhandt23/Dataset/MMSData/13GKsS26F4U/asr_subtitle/wavs/13GKsS26F4U_00243.wav,2.6451788,2.6394906,4.07176,4.036033,4.0286694,NISQAv2
/data/nhandt23/Dataset/MMSData/13GKsS26F4U/asr_subtitle/wavs/13GKsS26F4U_00745.wav,2.5817049,2.2249122,4.008145,3.546508,3.5447974,NISQAv2
/data/nhandt23/Dataset/MMSData/13GKsS26F4U/asr_subtitle/wavs/13GKsS26F4U_04782.wav,3.3216946,2.3149703,3.114444,4.0720477,4.2259088,NISQAv2
/data/nhandt23/Dataset/MMSData/13GKsS26F4U/asr_subtitle/wavs/13GKsS26F4U_02345.wav,2.6724179,2.5657845,3.6619728,3.5844188,3.599412,NISQAv2
/data/nhandt23/Dataset/MMSData/13GKsS26F4U/asr_subtitle/wavs/13GKsS26F4U_02023.wav,3.633438,2.115886,4.4720325,4.2358003,3.6769822,NISQAv2
/data/nhandt23/Dataset/MMSData/13GKsS26F4U/asr_subtitle/wavs/13GKsS26F4U_03316.wav,2.9609816,2.5818703,3.943159,3.8595495,4.060442,NISQAv2
/data/nhandt23/Dataset/MMSData/13GKsS26F4U/asr_subtitle/wavs/13GKsS26F4U_01819.wav,2.6939387,2.105563,4.2528024,3.7545712,3.2358162,NISQAv2
/data/nhandt23/Dataset/MMSData/13GKsS26F4U/asr_subtitle/wavs/13GKsS26F4U_01210.wav,3.805847,2.5138953,4.388093,4.2030272,3.2994502,NISQAv2
/data/nhandt23/Dataset/MMSData/13GKsS26F4U/asr_subtitle/wavs/13GKsS26F4U_04915.wav,3.735861,2.9233725,4.4622426,4.170586,4.1671453,NISQAv2
/data/nhandt23/Dataset/MMSData/13GKsS26F4U/asr_subtitle/wavs/13GKsS26F4U_02020.wav,3.9643762,2.7530649,4.3926635,4.249941,4.2382293,NISQAv2
/data/nhandt23/Dataset/MMSData/13GKsS26F4U/asr_subtitle/wavs/13GKsS26F4U_01350.wav,3.4835594,2.5214288,3.9351974,4.136891,3.935206,NISQAv2
/data/nhandt23/Dataset/MMSData/13GKsS26F4U/asr_subtitle/wavs/13GKsS26F4U_03483.wav,3.2589471,2.1951005,3.705138,3.3359113,3.2645068,NISQAv2
/data/nhandt23/Dataset/MMSData/13GKsS26F4U/asr_subtitle/wavs/13GKsS26F4U_03160.wav,3.0757976,2.5693614,4.1426845,4.0652595,4.0401654,NISQAv2
/data/nhandt23/Dataset/MMSData/13GKsS26F4U/asr_subtitle/wavs/13GKsS26F4U_02497.wav,3.4212265,2.1861894,4.4342303,4.3222766,3.7765768,NISQAv2
/data/nhandt23/Dataset/MMSData/13GKsS26F4U/asr_subtitle/wavs/13GKsS26F4U_02473.wav,3.001342,2.5330255,3.548004,3.5832932,3.7812233,NISQAv2
/data/nhandt23/Dataset/MMSData/13GKsS26F4U/asr_subtitle/wavs/13GKsS26F4U_04889.wav,3.3393457,2.3110862,4.389511,4.1693587,3.8382368,NISQAv2
/data/nhandt23/Dataset/MMSData/13GKsS26F4U/asr_subtitle/wavs/13GKsS26F4U_03966.wav,4.13218,2.6530683,4.48226,4.296449,4.249814,NISQAv2
/data/nhandt23/Dataset/MMSData/13GKsS26F4U/asr_subtitle/wavs/13GKsS26F4U_03192.wav,2.469584,2.6978445,2.7773983,3.601003,3.258837,NISQAv2
/data/nhandt23/Dataset/MMSData/13GKsS26F4U/asr_subtitle/wavs/13GKsS26F4U_02065.wav,4.3388133,2.9576807,4.621808,4.202289,4.122524,NISQAv2
/data/nhandt23/Dataset/MMSData/13GKsS26F4U/asr_subtitle/wavs/13GKsS26F4U_02340.wav,2.6940873,2.2570028,3.7963398,3.8682644,3.499072,NISQAv2
/data/nhandt23/Dataset/MMSData/13GKsS26F4U/asr_subtitle/wavs/13GKsS26F4U_00683.wav,3.8450768,3.5311315,4.3269625,3.7719567,4.2962565,NISQAv2
/data/nhandt23/Dataset/MMSData/13GKsS26F4U/asr_subtitle/wavs/13GKsS26F4U_02238.wav,2.5749204,2.3559008,4.3200336,4.133673,3.4910877,NISQAv2
/data/nhandt23/Dataset/MMSData/13GKsS26F4U/asr_subtitle/wavs/13GKsS26F4U_03713.wav,3.4388688,1.8648808,4.5898275,4.1688623,3.7857492,NISQAv2
/data/nhandt23/Dataset/MMSData/13GKsS26F4U/asr_subtitle/wavs/13GKsS26F4U_02741.wav,2.7162511,2.5958478,3.0752294,3.6889145,3.9018025,NISQAv2
/data/nhandt23/Dataset/MMSData/13GKsS26F4U/asr_subtitle/wavs/13GKsS26F4U_03425.wav,2.6216412,1.8516299,4.311778,4.1435437,4.0291677,NISQAv2
/data/nhandt23/Dataset/MMSData/13GKsS26F4U/asr_subtitle/wavs/13GKsS26F4U_00299.wav,2.9532669,2.3115685,2.7314467,3.5348735,3.699395,NISQAv2
/data/nhandt23/Dataset/MMSData/13GKsS26F4U/asr_subtitle/wavs/13GKsS26F4U_00994.wav,4.0850687,2.7559853,4.4569535,4.24198,4.065553,NISQAv2
/data/nhandt23/Dataset/MMSData/13GKsS26F4U/asr_subtitle/wavs/13GKsS26F4U_01974.wav,3.018009,2.4614842,3.9765356,3.7935297,3.2509973,NISQAv2
/data/nhandt23/Dataset/MMSData/13GKsS26F4U/asr_subtitle/wavs/13GKsS26F4U_03870.wav,3.4505775,1.8604789,4.3616076,4.275781,4.385788,NISQAv2
/data/nhandt23/Dataset/MMSData/13GKsS26F4U/asr_subtitle/wavs/13GKsS26F4U_05058.wav,3.3879626,2.8788269,4.4164734,4.0880313,3.910652,NISQAv2
/data/nhandt23/Dataset/MMSData/13GKsS26F4U/asr_subtitle/wavs/13GKsS26F4U_00720.wav,3.6192563,3.155174,4.2823925,4.017154,3.9437847,NISQAv2
/data/nhandt23/Dataset/MMSData/13GKsS26F4U/asr_subtitle/wavs/13GKsS26F4U_03001.wav,2.7317712,2.2679408,4.0996466,4.0824256,4.034302,NISQAv2
/data/nhandt23/Dataset/MMSData/13GKsS26F4U/asr_subtitle/wavs/13GKsS26F4U_02938.wav,2.668722,2.225286,3.9515445,3.8053408,3.886986,NISQAv2
/data/nhandt23/Dataset/MMSData/13GKsS26F4U/asr_subtitle/wavs/13GKsS26F4U_02359.wav,3.705266,2.8251932,4.2421217,4.030869,3.5008726,NISQAv2
/data/nhandt23/Dataset/MMSData/13GKsS26F4U/asr_subtitle/wavs/13GKsS26F4U_04090.wav,3.4563253,2.5767994,4.1003485,4.0696344,3.8132398,NISQAv2
/data/nhandt23/Dataset/MMSData/13GKsS26F4U/asr_subtitle/wavs/13GKsS26F4U_04971.wav,4.4239635,2.1071575,4.7345257,4.40417,4.2122674,NISQAv2
/data/nhandt23/Dataset/MMSData/13GKsS26F4U/asr_subtitle/wavs/13GKsS26F4U_00613.wav,4.206062,2.1607308,4.5306334,4.221788,4.0841346,NISQAv2
/data/nhandt23/Dataset/MMSData/13GKsS26F4U/asr_subtitle/wavs/13GKsS26F4U_04366.wav,3.3011773,2.622078,4.456772,4.1357064,3.9602802,NISQAv2
/data/nhandt23/Dataset/MMSData/13GKsS26F4U/asr_subtitle/wavs/13GKsS26F4U_01698.wav,3.6202419,2.4598992,4.2256618,4.0559545,3.6794493,NISQAv2
/data/nhandt23/Dataset/MMSData/13GKsS26F4U/asr_subtitle/wavs/13GKsS26F4U_03952.wav,2.6710064,2.4659145,4.1262054,3.97814,3.7727926,NISQAv2
/data/nhandt23/Dataset/MMSData/13GKsS26F4U/asr_subtitle/wavs/13GKsS26F4U_00404.wav,3.5238373,1.8558373,4.4214835,4.23361,4.2942066,NISQAv2
/data/nhandt23/Dataset/MMSData/13GKsS26F4U/asr_subtitle/wavs/13GKsS26F4U_02140.wav,3.6259067,1.9661465,3.5836542,3.6646616,3.8902419,NISQAv2
/data/nhandt23/Dataset/MMSData/13GKsS26F4U/asr_subtitle/wavs/13GKsS26F4U_02408.wav,3.5933957,2.663573,4.546613,3.9504716,4.12338,NISQAv2
/data/nhandt23/Dataset/MMSData/13GKsS26F4U/asr_subtitle/wavs/13GKsS26F4U_04762.wav,4.021186,2.7473872,4.6644316,4.291698,4.199531,NISQAv2
/data/nhandt23/Dataset/MMSData/13GKsS26F4U/asr_subtitle/wavs/13GKsS26F4U_02484.wav,3.4917095,2.2020295,4.529265,4.160929,3.718227,NISQAv2
/data/nhandt23/Dataset/MMSData/13GKsS26F4U/asr_subtitle/wavs/13GKsS26F4U_04303.wav,4.0362926,3.1730564,4.469098,4.2356772,4.0481796,NISQAv2
/data/nhandt23/Dataset/MMSData/13GKsS26F4U/asr_subtitle/wavs/13GKsS26F4U_00725.wav,3.669165,2.3722792,4.004164,3.6919715,2.6865695,NISQAv2
/data/nhandt23/Dataset/MMSData/13GKsS26F4U/asr_subtitle/wavs/13GKsS26F4U_00425.wav,3.4415379,2.1265633,3.9102418,3.8477259,3.8283927,NISQAv2
/data/nhandt23/Dataset/MMSData/13GKsS26F4U/asr_subtitle/wavs/13GKsS26F4U_04140.wav,2.9377263,3.1792831,4.0612783,4.0272946,4.0661864,NISQAv2
/data/nhandt23/Dataset/MMSData/13GKsS26F4U/asr_subtitle/wavs/13GKsS26F4U_03518.wav,4.1577044,2.4088285,4.5597105,4.304513,4.34285,NISQAv2
/data/nhandt23/Dataset/MMSData/13GKsS26F4U/asr_subtitle/wavs/13GKsS26F4U_02131.wav,3.5746396,2.7239008,3.912495,3.9000494,4.022749,NISQAv2
/data/nhandt23/Dataset/MMSData/13GKsS26F4U/asr_subtitle/wavs/13GKsS26F4U_03025.wav,3.5477946,2.7319224,4.366041,4.05974,4.003442,NISQAv2
/data/nhandt23/Dataset/MMSData/13GKsS26F4U/asr_subtitle/wavs/13GKsS26F4U_02046.wav,3.4210835,2.2145007,4.3336234,4.186799,3.8840454,NISQAv2
/data/nhandt23/Dataset/MMSData/13GKsS26F4U/asr_subtitle/wavs/13GKsS26F4U_00421.wav,2.645263,2.5563438,3.9073205,3.4553576,3.4174943,NISQAv2
/data/nhandt23/Dataset/MMSData/13GKsS26F4U/asr_subtitle/wavs/13GKsS26F4U_00773.wav,2.8099172,2.1551964,3.949287,4.070792,3.7116022,NISQAv2
/data/nhandt23/Dataset/MMSData/13GKsS26F4U/asr_subtitle/wavs/13GKsS26F4U_04893.wav,2.8250177,2.829405,3.765938,4.0187817,4.1024866,NISQAv2
/data/nhandt23/Dataset/MMSData/13GKsS26F4U/asr_subtitle/wavs/13GKsS26F4U_01196.wav,3.4711616,2.039555,4.2628684,3.9943495,3.828691,NISQAv2
/data/nhandt23/Dataset/MMSData/13GKsS26F4U/asr_subtitle/wavs/13GKsS26F4U_03353.wav,3.1076996,2.4680152,4.1409492,3.9284256,3.7104964,NISQAv2
/data/nhandt23/Dataset/MMSData/13GKsS26F4U/asr_subtitle/wavs/13GKsS26F4U_00749.wav,3.7016103,2.7258558,4.3776636,4.017221,4.134928,NISQAv2
/data/nhandt23/Dataset/MMSData/13GKsS26F4U/asr_subtitle/wavs/13GKsS26F4U_01727.wav,3.9068272,2.4027326,4.591215,4.1824603,4.0204988,NISQAv2
/data/nhandt23/Dataset/MMSData/13GKsS26F4U/asr_subtitle/wavs/13GKsS26F4U_04536.wav,3.7075245,2.6269658,4.5923305,4.2382903,3.7804916,NISQAv2
/data/nhandt23/Dataset/MMSData/13GKsS26F4U/asr_subtitle/wavs/13GKsS26F4U_01825.wav,3.8586304,2.4425633,4.541839,4.232819,3.721277,NISQAv2
/data/nhandt23/Dataset/MMSData/13GKsS26F4U/asr_subtitle/wavs/13GKsS26F4U_03694.wav,2.8692663,2.4734235,3.9478316,3.7128937,3.7715676,NISQAv2
/data/nhandt23/Dataset/MMSData/13GKsS26F4U/asr_subtitle/wavs/13GKsS26F4U_00037.wav,3.7563808,2.0654495,4.4557004,4.2243547,3.7201536,NISQAv2
/data/nhandt23/Dataset/MMSData/13GKsS26F4U/asr_subtitle/wavs/13GKsS26F4U_00478.wav,2.2913392,2.118556,3.8984373,3.5277836,3.633576,NISQAv2
/data/nhandt23/Dataset/MMSData/13GKsS26F4U/asr_subtitle/wavs/13GKsS26F4U_05099.wav,3.6903453,2.4913523,4.565219,4.2577553,4.3100204,NISQAv2
/data/nhandt23/Dataset/MMSData/13GKsS26F4U/asr_subtitle/wavs/13GKsS26F4U_03471.wav,3.5698082,2.4656217,3.7119615,3.8815768,3.9339004,NISQAv2
/data/nhandt23/Dataset/MMSData/13GKsS26F4U/asr_subtitle/wavs/13GKsS26F4U_01939.wav,2.1071646,2.212519,3.5271895,3.4145415,3.5720465,NISQAv2
/data/nhandt23/Dataset/MMSData/13GKsS26F4U/asr_subtitle/wavs/13GKsS26F4U_04913.wav,2.8087714,2.4653928,4.2733135,3.8461406,3.4764984,NISQAv2
/data/nhandt23/Dataset/MMSData/13GKsS26F4U/asr_subtitle/wavs/13GKsS26F4U_03143.wav,3.670232,2.6455758,4.3833423,4.2209306,4.080418,NISQAv2
/data/nhandt23/Dataset/MMSData/13GKsS26F4U/asr_subtitle/wavs/13GKsS26F4U_00025.wav,2.8255737,2.3180273,4.1970468,3.97469,3.5913131,NISQAv2
/data/nhandt23/Dataset/MMSData/13GKsS26F4U/asr_subtitle/wavs/13GKsS26F4U_01459.wav,2.9358404,2.1659346,3.423264,2.9657536,3.752869,NISQAv2
/data/nhandt23/Dataset/MMSData/13GKsS26F4U/asr_subtitle/wavs/13GKsS26F4U_00297.wav,2.7844563,2.782104,3.5839076,3.7138793,3.5348866,NISQAv2
/data/nhandt23/Dataset/MMSData/13GKsS26F4U/asr_subtitle/wavs/13GKsS26F4U_01530.wav,3.4495866,2.203915,4.5146317,4.226688,3.9404328,NISQAv2
/data/nhandt23/Dataset/MMSData/13GKsS26F4U/asr_subtitle/wavs/13GKsS26F4U_03850.wav,3.3106277,2.4194255,4.0468235,3.9645288,3.5040777,NISQAv2
/data/nhandt23/Dataset/MMSData/13GKsS26F4U/asr_subtitle/wavs/13GKsS26F4U_04295.wav,2.7409868,2.486478,3.6938775,3.8935993,3.7262933,NISQAv2
/data/nhandt23/Dataset/MMSData/13GKsS26F4U/asr_subtitle/wavs/13GKsS26F4U_01639.wav,3.2904174,2.1036277,4.254076,4.1447577,3.7584903,NISQAv2
/data/nhandt23/Dataset/MMSData/13GKsS26F4U/asr_subtitle/wavs/13GKsS26F4U_01304.wav,3.7535183,2.232528,4.4401984,4.09522,3.8637786,NISQAv2
/data/nhandt23/Dataset/MMSData/13GKsS26F4U/asr_subtitle/wavs/13GKsS26F4U_01560.wav,3.086766,2.2317767,4.4002523,4.0983644,3.7435849,NISQAv2
/data/nhandt23/Dataset/MMSData/13GKsS26F4U/asr_subtitle/wavs/13GKsS26F4U_00481.wav,2.8928537,2.6006353,4.5193777,4.205466,3.804543,NISQAv2
/data/nhandt23/Dataset/MMSData/13GKsS26F4U/asr_subtitle/wavs/13GKsS26F4U_04115.wav,2.3146439,2.8912954,3.7479355,3.6846948,3.6928408,NISQAv2
/data/nhandt23/Dataset/MMSData/13GKsS26F4U/asr_subtitle/wavs/13GKsS26F4U_04742.wav,3.5675967,1.8917624,4.382708,4.015693,3.6694214,NISQAv2
/data/nhandt23/Dataset/MMSData/13GKsS26F4U/asr_subtitle/wavs/13GKsS26F4U_04675.wav,3.9286358,2.8483534,4.5694723,4.163551,4.0835357,NISQAv2
/data/nhandt23/Dataset/MMSData/13GKsS26F4U/asr_subtitle/wavs/13GKsS26F4U_01561.wav,3.3144524,2.27277,4.3484416,4.0724874,3.7690125,NISQAv2
/data/nhandt23/Dataset/MMSData/13GKsS26F4U/asr_subtitle/wavs/13GKsS26F4U_01621.wav,3.6193655,2.582795,4.5792193,4.282507,4.2151666,NISQAv2
/data/nhandt23/Dataset/MMSData/13GKsS26F4U/asr_subtitle/wavs/13GKsS26F4U_01069.wav,4.098411,2.764413,4.532516,4.2649217,3.9452732,NISQAv2
/data/nhandt23/Dataset/MMSData/13GKsS26F4U/asr_subtitle/wavs/13GKsS26F4U_00455.wav,2.5451367,2.5928495,3.317663,3.6989684,3.5233836,NISQAv2
/data/nhandt23/Dataset/MMSData/13GKsS26F4U/asr_subtitle/wavs/13GKsS26F4U_04545.wav,2.836531,3.073139,3.5991929,3.7932312,4.075916,NISQAv2
/data/nhandt23/Dataset/MMSData/13GKsS26F4U/asr_subtitle/wavs/13GKsS26F4U_01933.wav,4.16173,2.2605739,4.686953,4.2604346,4.1392484,NISQAv2
/data/nhandt23/Dataset/MMSData/13GKsS26F4U/asr_subtitle/wavs/13GKsS26F4U_00600.wav,2.5286052,2.4470613,3.9813843,4.004442,3.6069937,NISQAv2
/data/nhandt23/Dataset/MMSData/13GKsS26F4U/asr_subtitle/wavs/13GKsS26F4U_03024.wav,3.197736,2.5201895,4.1856313,4.020446,3.9926448,NISQAv2
/data/nhandt23/Dataset/MMSData/13GKsS26F4U/asr_subtitle/wavs/13GKsS26F4U_00383.wav,3.5638433,2.4325478,4.512112,4.014506,3.655874,NISQAv2
/data/nhandt23/Dataset/MMSData/13GKsS26F4U/asr_subtitle/wavs/13GKsS26F4U_02462.wav,3.6778586,2.1197903,4.1993904,3.7486527,4.3473887,NISQAv2
/data/nhandt23/Dataset/MMSData/13GKsS26F4U/asr_subtitle/wavs/13GKsS26F4U_03642.wav,3.037835,2.1403363,4.5162115,4.0630794,3.088267,NISQAv2
/data/nhandt23/Dataset/MMSData/13GKsS26F4U/asr_subtitle/wavs/13GKsS26F4U_01357.wav,3.64307,2.5554092,4.331055,3.8976672,3.556266,NISQAv2
/data/nhandt23/Dataset/MMSData/13GKsS26F4U/asr_subtitle/wavs/13GKsS26F4U_01666.wav,3.4570987,2.2901375,4.5418725,4.1022463,3.4337993,NISQAv2
/data/nhandt23/Dataset/MMSData/13GKsS26F4U/asr_subtitle/wavs/13GKsS26F4U_00583.wav,3.3587687,2.5437543,4.083061,3.9965174,3.6825035,NISQAv2
/data/nhandt23/Dataset/MMSData/13GKsS26F4U/asr_subtitle/wavs/13GKsS26F4U_02373.wav,3.5203774,2.7150753,4.488043,4.137922,3.5264947,NISQAv2
/data/nhandt23/Dataset/MMSData/13GKsS26F4U/asr_subtitle/wavs/13GKsS26F4U_02032.wav,3.3660157,2.4582865,4.6171837,4.3034353,3.6710951,NISQAv2
/data/nhandt23/Dataset/MMSData/13GKsS26F4U/asr_subtitle/wavs/13GKsS26F4U_03771.wav,3.1974146,2.429704,4.3260674,4.114003,3.5599027,NISQAv2
/data/nhandt23/Dataset/MMSData/13GKsS26F4U/asr_subtitle/wavs/13GKsS26F4U_04933.wav,3.7260187,2.8428333,4.5757823,4.1890106,4.0591617,NISQAv2
/data/nhandt23/Dataset/MMSData/13GKsS26F4U/asr_subtitle/wavs/13GKsS26F4U_03757.wav,3.7757998,1.8651531,4.6280985,4.4442534,4.2717366,NISQAv2
/data/nhandt23/Dataset/MMSData/13GKsS26F4U/asr_subtitle/wavs/13GKsS26F4U_00788.wav,3.4033709,2.1816633,4.057329,3.7152407,3.2867608,NISQAv2
/data/nhandt23/Dataset/MMSData/13GKsS26F4U/asr_subtitle/wavs/13GKsS26F4U_02791.wav,3.420183,2.235325,3.8873613,3.9323785,2.6455808,NISQAv2
/data/nhandt23/Dataset/MMSData/13GKsS26F4U/asr_subtitle/wavs/13GKsS26F4U_02305.wav,3.7203357,2.0882704,4.2069016,4.1615,4.2101617,NISQAv2
/data/nhandt23/Dataset/MMSData/13GKsS26F4U/asr_subtitle/wavs/13GKsS26F4U_03957.wav,3.9342706,2.1536748,4.3677597,4.2047687,4.1117463,NISQAv2
/data/nhandt23/Dataset/MMSData/13GKsS26F4U/asr_subtitle/wavs/13GKsS26F4U_04928.wav,2.1396368,1.6536331,3.8041747,3.644422,4.201343,NISQAv2
/data/nhandt23/Dataset/MMSData/13GKsS26F4U/asr_subtitle/wavs/13GKsS26F4U_02181.wav,2.407921,2.179384,3.0193121,3.5945573,3.4387953,NISQAv2
/data/nhandt23/Dataset/MMSData/13GKsS26F4U/asr_subtitle/wavs/13GKsS26F4U_04526.wav,2.803922,2.614289,3.0112543,3.6379502,3.2946756,NISQAv2
/data/nhandt23/Dataset/MMSData/13GKsS26F4U/asr_subtitle/wavs/13GKsS26F4U_00738.wav,4.230412,2.4438002,4.6393657,4.3562617,4.174005,NISQAv2
/data/nhandt23/Dataset/MMSData/13GKsS26F4U/asr_subtitle/wavs/13GKsS26F4U_04858.wav,3.8114617,2.6803067,3.6180046,3.8735764,3.9297316,NISQAv2
/data/nhandt23/Dataset/MMSData/13GKsS26F4U/asr_subtitle/wavs/13GKsS26F4U_01986.wav,2.498108,2.4515529,3.2443354,2.8338,3.6367528,NISQAv2
/data/nhandt23/Dataset/MMSData/13GKsS26F4U/asr_subtitle/wavs/13GKsS26F4U_01149.wav,3.8085973,2.198104,4.424908,4.2245274,4.122773,NISQAv2
/data/nhandt23/Dataset/MMSData/13GKsS26F4U/asr_subtitle/wavs/13GKsS26F4U_00856.wav,3.8768578,2.531667,4.4324455,4.142818,4.256603,NISQAv2
/data/nhandt23/Dataset/MMSData/13GKsS26F4U/asr_subtitle/wavs/13GKsS26F4U_03290.wav,3.3650005,2.184758,4.2920237,4.2390466,4.102214,NISQAv2
/data/nhandt23/Dataset/MMSData/13GKsS26F4U/asr_subtitle/wavs/13GKsS26F4U_02678.wav,3.1896946,2.5496004,4.553796,4.2535043,4.12546,NISQAv2
/data/nhandt23/Dataset/MMSData/13GKsS26F4U/asr_subtitle/wavs/13GKsS26F4U_01921.wav,3.813915,2.67449,4.1456556,4.0856,3.8855507,NISQAv2
/data/nhandt23/Dataset/MMSData/13GKsS26F4U/asr_subtitle/wavs/13GKsS26F4U_00016.wav,3.8962858,2.046036,4.6538754,4.346804,3.9868324,NISQAv2
/data/nhandt23/Dataset/MMSData/13GKsS26F4U/asr_subtitle/wavs/13GKsS26F4U_01042.wav,3.5851004,2.356656,4.341629,4.0928073,4.1118956,NISQAv2
/data/nhandt23/Dataset/MMSData/13GKsS26F4U/asr_subtitle/wavs/13GKsS26F4U_02130.wav,3.6004481,2.2649686,4.49455,4.000323,3.618788,NISQAv2
/data/nhandt23/Dataset/MMSData/13GKsS26F4U/asr_subtitle/wavs/13GKsS26F4U_04003.wav,3.3999908,2.270192,4.117663,3.9361615,3.5165074,NISQAv2
/data/nhandt23/Dataset/MMSData/13GKsS26F4U/asr_subtitle/wavs/13GKsS26F4U_04854.wav,3.008331,2.7509573,4.0631065,4.0083036,4.103184,NISQAv2
/data/nhandt23/Dataset/MMSData/13GKsS26F4U/asr_subtitle/wavs/13GKsS26F4U_03120.wav,3.2186706,2.1498828,4.506028,4.2196593,4.228411,NISQAv2
/data/nhandt23/Dataset/MMSData/13GKsS26F4U/asr_subtitle/wavs/13GKsS26F4U_00941.wav,3.988904,2.5883164,4.682299,4.2308974,3.761109,NISQAv2
/data/nhandt23/Dataset/MMSData/13GKsS26F4U/asr_subtitle/wavs/13GKsS26F4U_02280.wav,3.6694348,2.7217314,4.239142,4.013854,3.8479602,NISQAv2
/data/nhandt23/Dataset/MMSData/13GKsS26F4U/asr_subtitle/wavs/13GKsS26F4U_03416.wav,3.2503245,2.1863573,4.3983717,4.093519,3.506326,NISQAv2
/data/nhandt23/Dataset/MMSData/13GKsS26F4U/asr_subtitle/wavs/13GKsS26F4U_04289.wav,2.4974244,2.6032078,4.0671754,3.7371101,3.4135954,NISQAv2
/data/nhandt23/Dataset/MMSData/13GKsS26F4U/asr_subtitle/wavs/13GKsS26F4U_02753.wav,3.9685407,1.978957,4.6369505,4.0812626,3.4621403,NISQAv2
/data/nhandt23/Dataset/MMSData/13GKsS26F4U/asr_subtitle/wavs/13GKsS26F4U_00067.wav,4.1821885,2.6491535,4.563403,4.428561,4.054212,NISQAv2
/data/nhandt23/Dataset/MMSData/13GKsS26F4U/asr_subtitle/wavs/13GKsS26F4U_04919.wav,3.555473,2.576669,4.4705544,4.0068316,3.6264777,NISQAv2
/data/nhandt23/Dataset/MMSData/13GKsS26F4U/asr_subtitle/wavs/13GKsS26F4U_03450.wav,3.9613357,2.203204,4.6173444,4.2756925,3.8049905,NISQAv2
/data/nhandt23/Dataset/MMSData/13GKsS26F4U/asr_subtitle/wavs/13GKsS26F4U_00379.wav,3.9079003,2.7353272,4.340994,4.023741,3.9186468,NISQAv2
/data/nhandt23/Dataset/MMSData/13GKsS26F4U/asr_subtitle/wavs/13GKsS26F4U_02244.wav,3.6329854,2.606232,4.3417234,4.1597347,3.8330388,NISQAv2
/data/nhandt23/Dataset/MMSData/13GKsS26F4U/asr_subtitle/wavs/13GKsS26F4U_03894.wav,3.8874183,2.8548474,4.5385466,4.207271,4.184449,NISQAv2
/data/nhandt23/Dataset/MMSData/13GKsS26F4U/asr_subtitle/wavs/13GKsS26F4U_04783.wav,3.5321767,2.504711,4.266329,4.0225368,2.9705198,NISQAv2
/data/nhandt23/Dataset/MMSData/13GKsS26F4U/asr_subtitle/wavs/13GKsS26F4U_03896.wav,3.8923166,1.9134986,4.477426,4.025809,3.4612906,NISQAv2
/data/nhandt23/Dataset/MMSData/13GKsS26F4U/asr_subtitle/wavs/13GKsS26F4U_02388.wav,3.3674376,2.0412822,4.1692686,3.8057907,3.9365427,NISQAv2
/data/nhandt23/Dataset/MMSData/13GKsS26F4U/asr_subtitle/wavs/13GKsS26F4U_05085.wav,4.334041,2.9574263,4.568681,4.2431283,4.388799,NISQAv2
/data/nhandt23/Dataset/MMSData/13GKsS26F4U/asr_subtitle/wavs/13GKsS26F4U_02762.wav,2.5383394,2.011113,2.6620705,3.3364933,3.4787781,NISQAv2
/data/nhandt23/Dataset/MMSData/13GKsS26F4U/asr_subtitle/wavs/13GKsS26F4U_04668.wav,3.8290174,2.762335,4.5628347,4.2375903,3.5549612,NISQAv2
/data/nhandt23/Dataset/MMSData/13GKsS26F4U/asr_subtitle/wavs/13GKsS26F4U_02674.wav,3.0511625,2.8359473,4.3396034,4.0499806,4.038229,NISQAv2
/data/nhandt23/Dataset/MMSData/13GKsS26F4U/asr_subtitle/wavs/13GKsS26F4U_04855.wav,3.80825,2.9131448,4.209837,3.9956403,4.017364,NISQAv2
/data/nhandt23/Dataset/MMSData/13GKsS26F4U/asr_subtitle/wavs/13GKsS26F4U_01826.wav,3.4951375,2.1603107,4.2225614,3.836439,3.0719554,NISQAv2
/data/nhandt23/Dataset/MMSData/13GKsS26F4U/asr_subtitle/wavs/13GKsS26F4U_01485.wav,3.699473,2.3965225,4.373881,3.965337,4.122792,NISQAv2
/data/nhandt23/Dataset/MMSData/13GKsS26F4U/asr_subtitle/wavs/13GKsS26F4U_01233.wav,2.846785,1.9310081,4.0981574,3.7845588,3.8265064,NISQAv2
/data/nhandt23/Dataset/MMSData/13GKsS26F4U/asr_subtitle/wavs/13GKsS26F4U_02332.wav,3.4268997,2.2983673,4.198688,4.003848,3.6867733,NISQAv2
/data/nhandt23/Dataset/MMSData/13GKsS26F4U/asr_subtitle/wavs/13GKsS26F4U_02066.wav,2.3715093,2.7656975,3.1793303,3.4200273,3.3998353,NISQAv2
/data/nhandt23/Dataset/MMSData/13GKsS26F4U/asr_subtitle/wavs/13GKsS26F4U_00177.wav,3.2175684,2.7513201,4.517722,4.0669394,4.0604715,NISQAv2
/data/nhandt23/Dataset/MMSData/13GKsS26F4U/asr_subtitle/wavs/13GKsS26F4U_01381.wav,3.710244,2.368821,3.8499043,3.7661252,4.109854,NISQAv2
/data/nhandt23/Dataset/MMSData/13GKsS26F4U/asr_subtitle/wavs/13GKsS26F4U_00047.wav,3.180414,2.415628,4.274851,4.02057,2.9224033,NISQAv2
/data/nhandt23/Dataset/MMSData/13GKsS26F4U/asr_subtitle/wavs/13GKsS26F4U_01241.wav,3.5355709,2.1290407,4.5034504,4.220532,4.020182,NISQAv2
/data/nhandt23/Dataset/MMSData/13GKsS26F4U/asr_subtitle/wavs/13GKsS26F4U_01413.wav,4.011021,2.2932498,4.6957283,4.370884,4.1787724,NISQAv2
/data/nhandt23/Dataset/MMSData/13GKsS26F4U/asr_subtitle/wavs/13GKsS26F4U_02239.wav,3.5680811,2.6359558,4.5766964,4.188087,3.6830056,NISQAv2
/data/nhandt23/Dataset/MMSData/13GKsS26F4U/asr_subtitle/wavs/13GKsS26F4U_03225.wav,4.0534577,2.045341,4.6180425,4.3157015,4.292354,NISQAv2
/data/nhandt23/Dataset/MMSData/13GKsS26F4U/asr_subtitle/wavs/13GKsS26F4U_04516.wav,2.5230107,2.55764,2.563463,3.4017246,3.750184,NISQAv2
/data/nhandt23/Dataset/MMSData/13GKsS26F4U/asr_subtitle/wavs/13GKsS26F4U_01913.wav,3.3114195,2.3588033,4.2544694,3.8531,3.1914198,NISQAv2
/data/nhandt23/Dataset/MMSData/13GKsS26F4U/asr_subtitle/wavs/13GKsS26F4U_03945.wav,3.8572364,2.502723,4.3531156,4.3525033,3.767935,NISQAv2
/data/nhandt23/Dataset/MMSData/13GKsS26F4U/asr_subtitle/wavs/13GKsS26F4U_03144.wav,3.3598278,2.6302474,4.048958,4.0152893,4.0644956,NISQAv2
/data/nhandt23/Dataset/MMSData/13GKsS26F4U/asr_subtitle/wavs/13GKsS26F4U_01299.wav,3.790032,2.58766,4.5362835,4.179857,4.232878,NISQAv2
/data/nhandt23/Dataset/MMSData/13GKsS26F4U/asr_subtitle/wavs/13GKsS26F4U_00040.wav,3.4522777,2.2490819,4.4119897,4.1845584,3.6174843,NISQAv2
/data/nhandt23/Dataset/MMSData/13GKsS26F4U/asr_subtitle/wavs/13GKsS26F4U_03655.wav,2.607313,2.4182754,4.0895295,3.586449,3.9538305,NISQAv2
/data/nhandt23/Dataset/MMSData/13GKsS26F4U/asr_subtitle/wavs/13GKsS26F4U_05079.wav,3.2915242,2.2606008,3.4302862,3.6521468,4.124243,NISQAv2
/data/nhandt23/Dataset/MMSData/13GKsS26F4U/asr_subtitle/wavs/13GKsS26F4U_02156.wav,3.6095357,1.9824013,4.2774897,4.2058544,3.8389971,NISQAv2
/data/nhandt23/Dataset/MMSData/13GKsS26F4U/asr_subtitle/wavs/13GKsS26F4U_03508.wav,3.120764,2.2817054,3.4585106,3.7054667,3.8722808,NISQAv2
/data/nhandt23/Dataset/MMSData/13GKsS26F4U/asr_subtitle/wavs/13GKsS26F4U_02626.wav,3.363355,1.8782176,4.445281,4.0721164,3.9293535,NISQAv2
/data/nhandt23/Dataset/MMSData/13GKsS26F4U/asr_subtitle/wavs/13GKsS26F4U_03614.wav,2.0776134,2.4304676,3.8775172,3.5403802,3.6741207,NISQAv2
/data/nhandt23/Dataset/MMSData/13GKsS26F4U/asr_subtitle/wavs/13GKsS26F4U_04689.wav,4.2645235,2.8169506,4.634097,4.29295,4.401286,NISQAv2
/data/nhandt23/Dataset/MMSData/13GKsS26F4U/asr_subtitle/wavs/13GKsS26F4U_02907.wav,3.2825797,2.1932037,4.4987817,3.9558804,3.0609481,NISQAv2
/data/nhandt23/Dataset/MMSData/13GKsS26F4U/asr_subtitle/wavs/13GKsS26F4U_02929.wav,3.230188,2.2250235,4.1893682,4.0253305,3.709083,NISQAv2
/data/nhandt23/Dataset/MMSData/13GKsS26F4U/asr_subtitle/wavs/13GKsS26F4U_00530.wav,3.893698,2.381102,4.798619,4.3670425,4.329758,NISQAv2
/data/nhandt23/Dataset/MMSData/13GKsS26F4U/asr_subtitle/wavs/13GKsS26F4U_00442.wav,3.1180565,2.3568487,4.494375,4.1325355,3.6712883,NISQAv2
/data/nhandt23/Dataset/MMSData/13GKsS26F4U/asr_subtitle/wavs/13GKsS26F4U_00231.wav,3.2417533,2.4913597,4.3581104,4.0963626,3.9322283,NISQAv2
/data/nhandt23/Dataset/MMSData/13GKsS26F4U/asr_subtitle/wavs/13GKsS26F4U_05031.wav,2.8303525,2.352892,3.5333524,3.6233017,3.2751658,NISQAv2
/data/nhandt23/Dataset/MMSData/13GKsS26F4U/asr_subtitle/wavs/13GKsS26F4U_02696.wav,3.3899987,2.56233,4.198598,3.8725407,4.229994,NISQAv2
/data/nhandt23/Dataset/MMSData/13GKsS26F4U/asr_subtitle/wavs/13GKsS26F4U_04473.wav,3.3517826,2.593548,4.167145,3.9882104,3.9736526,NISQAv2
/data/nhandt23/Dataset/MMSData/13GKsS26F4U/asr_subtitle/wavs/13GKsS26F4U_02396.wav,3.4913013,1.8467525,4.0622306,3.7689493,3.7575102,NISQAv2
/data/nhandt23/Dataset/MMSData/13GKsS26F4U/asr_subtitle/wavs/13GKsS26F4U_05125.wav,3.5064278,2.6667717,3.534611,4.061496,4.0435543,NISQAv2
/data/nhandt23/Dataset/MMSData/13GKsS26F4U/asr_subtitle/wavs/13GKsS26F4U_03463.wav,3.986962,2.8061373,4.679906,4.1862054,4.2664933,NISQAv2
/data/nhandt23/Dataset/MMSData/13GKsS26F4U/asr_subtitle/wavs/13GKsS26F4U_00026.wav,3.6612585,1.9300286,4.3785224,4.194304,3.9813955,NISQAv2
/data/nhandt23/Dataset/MMSData/13GKsS26F4U/asr_subtitle/wavs/13GKsS26F4U_00350.wav,3.7921858,2.219587,4.5205364,4.1939716,3.9237015,NISQAv2
/data/nhandt23/Dataset/MMSData/13GKsS26F4U/asr_subtitle/wavs/13GKsS26F4U_01056.wav,3.4443545,2.7751663,4.387001,4.078628,4.0807652,NISQAv2
/data/nhandt23/Dataset/MMSData/13GKsS26F4U/asr_subtitle/wavs/13GKsS26F4U_01349.wav,3.5293324,2.097303,4.582943,4.010178,3.383747,NISQAv2
/data/nhandt23/Dataset/MMSData/13GKsS26F4U/asr_subtitle/wavs/13GKsS26F4U_01072.wav,2.6326265,2.9839473,3.3885622,3.9863548,3.8524137,NISQAv2
/data/nhandt23/Dataset/MMSData/13GKsS26F4U/asr_subtitle/wavs/13GKsS26F4U_03224.wav,3.4462924,2.2903686,4.5315084,4.2930875,3.6432047,NISQAv2
/data/nhandt23/Dataset/MMSData/13GKsS26F4U/asr_subtitle/wavs/13GKsS26F4U_04371.wav,2.940518,2.1635106,4.0696783,4.0075283,2.925521,NISQAv2
/data/nhandt23/Dataset/MMSData/13GKsS26F4U/asr_subtitle/wavs/13GKsS26F4U_01545.wav,3.992057,2.4638412,4.515223,4.061159,4.464197,NISQAv2
/data/nhandt23/Dataset/MMSData/13GKsS26F4U/asr_subtitle/wavs/13GKsS26F4U_03002.wav,2.0972953,1.972223,3.6527154,3.5291708,3.8333528,NISQAv2
/data/nhandt23/Dataset/MMSData/13GKsS26F4U/asr_subtitle/wavs/13GKsS26F4U_03877.wav,2.518847,2.1955986,3.8956676,4.009783,3.4625237,NISQAv2
/data/nhandt23/Dataset/MMSData/13GKsS26F4U/asr_subtitle/wavs/13GKsS26F4U_04830.wav,3.404893,2.6359107,4.535512,4.1589227,4.0220394,NISQAv2
/data/nhandt23/Dataset/MMSData/13GKsS26F4U/asr_subtitle/wavs/13GKsS26F4U_00716.wav,3.7172072,3.1103756,4.269788,3.9553587,4.1348557,NISQAv2
/data/nhandt23/Dataset/MMSData/13GKsS26F4U/asr_subtitle/wavs/13GKsS26F4U_00992.wav,4.0241475,2.7521594,4.509646,4.2139163,4.250102,NISQAv2
/data/nhandt23/Dataset/MMSData/13GKsS26F4U/asr_subtitle/wavs/13GKsS26F4U_02591.wav,2.829983,2.215031,3.4728224,3.711815,3.653027,NISQAv2
/data/nhandt23/Dataset/MMSData/13GKsS26F4U/asr_subtitle/wavs/13GKsS26F4U_01943.wav,3.4369547,2.349666,4.288822,4.053677,3.4709694,NISQAv2
/data/nhandt23/Dataset/MMSData/13GKsS26F4U/asr_subtitle/wavs/13GKsS26F4U_02283.wav,3.0880158,2.1439483,4.4356284,4.20445,3.9934938,NISQAv2
/data/nhandt23/Dataset/MMSData/13GKsS26F4U/asr_subtitle/wavs/13GKsS26F4U_00515.wav,2.070384,2.6383224,3.800876,3.9691856,3.8536537,NISQAv2
/data/nhandt23/Dataset/MMSData/13GKsS26F4U/asr_subtitle/wavs/13GKsS26F4U_03328.wav,2.8083305,2.381773,3.807874,3.9630375,3.5856447,NISQAv2
/data/nhandt23/Dataset/MMSData/13GKsS26F4U/asr_subtitle/wavs/13GKsS26F4U_04658.wav,3.8796413,2.6365407,4.65248,4.1925025,4.157388,NISQAv2
/data/nhandt23/Dataset/MMSData/13GKsS26F4U/asr_subtitle/wavs/13GKsS26F4U_02630.wav,3.7376583,2.6409051,4.5491123,4.1337185,4.254462,NISQAv2
/data/nhandt23/Dataset/MMSData/13GKsS26F4U/asr_subtitle/wavs/13GKsS26F4U_03961.wav,3.2966526,2.5309572,3.793218,3.506493,3.686086,NISQAv2
/data/nhandt23/Dataset/MMSData/13GKsS26F4U/asr_subtitle/wavs/13GKsS26F4U_04204.wav,3.358489,1.8229162,4.382984,4.2715282,4.3049173,NISQAv2
/data/nhandt23/Dataset/MMSData/13GKsS26F4U/asr_subtitle/wavs/13GKsS26F4U_01895.wav,3.403115,2.077022,4.2458653,3.8544207,3.6266952,NISQAv2
/data/nhandt23/Dataset/MMSData/13GKsS26F4U/asr_subtitle/wavs/13GKsS26F4U_04076.wav,3.322476,2.1853735,3.990925,3.8025658,3.2673223,NISQAv2
/data/nhandt23/Dataset/MMSData/13GKsS26F4U/asr_subtitle/wavs/13GKsS26F4U_01036.wav,3.172824,2.0015202,4.0622973,3.8041787,3.6766412,NISQAv2
/data/nhandt23/Dataset/MMSData/13GKsS26F4U/asr_subtitle/wavs/13GKsS26F4U_02887.wav,3.9550838,2.072313,4.5417037,4.27311,4.3415065,NISQAv2
/data/nhandt23/Dataset/MMSData/13GKsS26F4U/asr_subtitle/wavs/13GKsS26F4U_00850.wav,3.555332,2.7837365,4.362953,3.9908955,3.9132483,NISQAv2
/data/nhandt23/Dataset/MMSData/13GKsS26F4U/asr_subtitle/wavs/13GKsS26F4U_01192.wav,3.1127243,2.1155372,3.0928068,3.2460234,3.134309,NISQAv2
/data/nhandt23/Dataset/MMSData/13GKsS26F4U/asr_subtitle/wavs/13GKsS26F4U_03515.wav,3.5443797,2.002408,4.2933626,3.9156551,3.877434,NISQAv2
/data/nhandt23/Dataset/MMSData/13GKsS26F4U/asr_subtitle/wavs/13GKsS26F4U_00391.wav,2.8648007,1.9883984,4.0920296,3.619609,3.1608312,NISQAv2
/data/nhandt23/Dataset/MMSData/13GKsS26F4U/asr_subtitle/wavs/13GKsS26F4U_02310.wav,3.5396714,2.4289927,4.497759,4.153497,4.148193,NISQAv2
/data/nhandt23/Dataset/MMSData/13GKsS26F4U/asr_subtitle/wavs/13GKsS26F4U_01710.wav,3.4602368,2.44196,4.425657,4.0514703,3.851738,NISQAv2
/data/nhandt23/Dataset/MMSData/13GKsS26F4U/asr_subtitle/wavs/13GKsS26F4U_00554.wav,2.8154418,2.369689,3.8382883,3.4869998,2.8531735,NISQAv2
/data/nhandt23/Dataset/MMSData/13GKsS26F4U/asr_subtitle/wavs/13GKsS26F4U_04448.wav,3.8243263,2.5101688,4.5475397,4.1216507,4.0436277,NISQAv2
/data/nhandt23/Dataset/MMSData/13GKsS26F4U/asr_subtitle/wavs/13GKsS26F4U_04697.wav,4.372946,2.476518,4.776401,4.3677015,4.276612,NISQAv2
/data/nhandt23/Dataset/MMSData/13GKsS26F4U/asr_subtitle/wavs/13GKsS26F4U_04476.wav,3.6754162,2.5272872,4.7019773,4.376986,3.4940789,NISQAv2
/data/nhandt23/Dataset/MMSData/13GKsS26F4U/asr_subtitle/wavs/13GKsS26F4U_01004.wav,2.1208808,2.6410716,3.010999,3.2997105,3.509248,NISQAv2
/data/nhandt23/Dataset/MMSData/13GKsS26F4U/asr_subtitle/wavs/13GKsS26F4U_00597.wav,3.8971577,2.6574779,4.1125813,4.1169343,3.8547351,NISQAv2
/data/nhandt23/Dataset/MMSData/13GKsS26F4U/asr_subtitle/wavs/13GKsS26F4U_03389.wav,2.9995418,1.7333847,4.03839,3.5395305,3.474778,NISQAv2
/data/nhandt23/Dataset/MMSData/13GKsS26F4U/asr_subtitle/wavs/13GKsS26F4U_01524.wav,3.5815747,1.7619203,4.541781,4.202293,3.9430277,NISQAv2
/data/nhandt23/Dataset/MMSData/13GKsS26F4U/asr_subtitle/wavs/13GKsS26F4U_01094.wav,3.3211968,2.4294813,4.458826,3.9828308,3.5594108,NISQAv2
/data/nhandt23/Dataset/MMSData/13GKsS26F4U/asr_subtitle/wavs/13GKsS26F4U_04395.wav,2.5414913,2.7931285,4.0411673,3.8994296,3.4780252,NISQAv2
/data/nhandt23/Dataset/MMSData/13GKsS26F4U/asr_subtitle/wavs/13GKsS26F4U_01838.wav,3.76175,2.4874177,4.476165,4.158941,3.8753946,NISQAv2
/data/nhandt23/Dataset/MMSData/13GKsS26F4U/asr_subtitle/wavs/13GKsS26F4U_01089.wav,3.351269,2.5458548,4.243722,4.0224466,3.8255055,NISQAv2
/data/nhandt23/Dataset/MMSData/13GKsS26F4U/asr_subtitle/wavs/13GKsS26F4U_02937.wav,3.7668684,2.6927807,4.5438204,3.897909,3.528875,NISQAv2
/data/nhandt23/Dataset/MMSData/13GKsS26F4U/asr_subtitle/wavs/13GKsS26F4U_02638.wav,3.6324584,2.048286,4.2874403,3.9499404,4.2958846,NISQAv2
/data/nhandt23/Dataset/MMSData/13GKsS26F4U/asr_subtitle/wavs/13GKsS26F4U_01395.wav,3.3190851,1.782367,4.2242184,4.0950403,3.7526803,NISQAv2
/data/nhandt23/Dataset/MMSData/13GKsS26F4U/asr_subtitle/wavs/13GKsS26F4U_02001.wav,3.159733,2.498711,4.048705,3.6899424,3.3213823,NISQAv2
/data/nhandt23/Dataset/MMSData/13GKsS26F4U/asr_subtitle/wavs/13GKsS26F4U_04661.wav,3.8487518,2.5108612,4.412479,3.9554546,4.072202,NISQAv2
/data/nhandt23/Dataset/MMSData/13GKsS26F4U/asr_subtitle/wavs/13GKsS26F4U_03551.wav,3.4880233,2.896951,3.9852717,3.9383264,3.5381095,NISQAv2
/data/nhandt23/Dataset/MMSData/13GKsS26F4U/asr_subtitle/wavs/13GKsS26F4U_02910.wav,2.7764351,2.5515544,4.1204586,3.7567265,3.8529172,NISQAv2
/data/nhandt23/Dataset/MMSData/13GKsS26F4U/asr_subtitle/wavs/13GKsS26F4U_03506.wav,2.8590226,2.0217712,3.4937327,3.9867432,3.8758018,NISQAv2
/data/nhandt23/Dataset/MMSData/13GKsS26F4U/asr_subtitle/wavs/13GKsS26F4U_00303.wav,3.4651086,2.498946,4.397093,4.0716667,4.197033,NISQAv2
/data/nhandt23/Dataset/MMSData/13GKsS26F4U/asr_subtitle/wavs/13GKsS26F4U_02295.wav,3.1952388,2.2591968,4.334517,3.8032725,3.5792496,NISQAv2
/data/nhandt23/Dataset/MMSData/13GKsS26F4U/asr_subtitle/wavs/13GKsS26F4U_05096.wav,4.1754317,2.3429475,4.6734176,4.281965,4.2766585,NISQAv2
/data/nhandt23/Dataset/MMSData/13GKsS26F4U/asr_subtitle/wavs/13GKsS26F4U_02633.wav,3.9940536,2.3954139,4.6378136,4.292768,4.0678678,NISQAv2
/data/nhandt23/Dataset/MMSData/13GKsS26F4U/asr_subtitle/wavs/13GKsS26F4U_04401.wav,3.4626377,2.7421267,4.4515915,4.181645,4.101087,NISQAv2
/data/nhandt23/Dataset/MMSData/13GKsS26F4U/asr_subtitle/wavs/13GKsS26F4U_01749.wav,2.9058163,2.658905,4.1742024,4.016431,3.9486506,NISQAv2
/data/nhandt23/Dataset/MMSData/13GKsS26F4U/asr_subtitle/wavs/13GKsS26F4U_02243.wav,3.3017526,2.5036547,4.1881857,3.8729217,4.0500827,NISQAv2
/data/nhandt23/Dataset/MMSData/13GKsS26F4U/asr_subtitle/wavs/13GKsS26F4U_03728.wav,4.1176467,2.6407402,4.577547,4.200294,4.0342216,NISQAv2
/data/nhandt23/Dataset/MMSData/13GKsS26F4U/asr_subtitle/wavs/13GKsS26F4U_02447.wav,2.705056,2.4763792,3.947058,3.9844623,3.5161722,NISQAv2
/data/nhandt23/Dataset/MMSData/13GKsS26F4U/asr_subtitle/wavs/13GKsS26F4U_05115.wav,2.731663,2.7097664,3.7288637,4.0632915,3.9237177,NISQAv2
/data/nhandt23/Dataset/MMSData/13GKsS26F4U/asr_subtitle/wavs/13GKsS26F4U_01081.wav,3.6686752,2.3908296,4.3832846,4.021353,3.7210321,NISQAv2
/data/nhandt23/Dataset/MMSData/13GKsS26F4U/asr_subtitle/wavs/13GKsS26F4U_04101.wav,4.2533584,2.5173821,4.4145236,4.226633,4.0567145,NISQAv2
/data/nhandt23/Dataset/MMSData/13GKsS26F4U/asr_subtitle/wavs/13GKsS26F4U_02338.wav,2.7807279,2.0745556,3.2772772,3.6823623,3.480593,NISQAv2
/data/nhandt23/Dataset/MMSData/13GKsS26F4U/asr_subtitle/wavs/13GKsS26F4U_00340.wav,2.8902786,2.6505506,4.203249,3.980046,3.8500545,NISQAv2
/data/nhandt23/Dataset/MMSData/13GKsS26F4U/asr_subtitle/wavs/13GKsS26F4U_03491.wav,3.1241453,2.4603364,4.0081353,3.9186664,3.9371922,NISQAv2
/data/nhandt23/Dataset/MMSData/13GKsS26F4U/asr_subtitle/wavs/13GKsS26F4U_00111.wav,3.6234868,2.6012928,4.5313187,4.2990727,3.5870721,NISQAv2
/data/nhandt23/Dataset/MMSData/13GKsS26F4U/asr_subtitle/wavs/13GKsS26F4U_04699.wav,3.4806762,2.4538753,3.706712,3.8953626,3.9547641,NISQAv2
/data/nhandt23/Dataset/MMSData/13GKsS26F4U/asr_subtitle/wavs/13GKsS26F4U_00821.wav,2.720068,2.2715285,3.594098,3.6536644,3.7531652,NISQAv2
/data/nhandt23/Dataset/MMSData/13GKsS26F4U/asr_subtitle/wavs/13GKsS26F4U_01099.wav,2.8245604,2.434581,4.2115264,4.0644035,3.6891239,NISQAv2
/data/nhandt23/Dataset/MMSData/13GKsS26F4U/asr_subtitle/wavs/13GKsS26F4U_01759.wav,3.0997357,2.078365,4.116593,3.937272,3.7920969,NISQAv2
/data/nhandt23/Dataset/MMSData/13GKsS26F4U/asr_subtitle/wavs/13GKsS26F4U_04711.wav,3.481126,2.4444592,4.047394,3.8008125,3.626826,NISQAv2
/data/nhandt23/Dataset/MMSData/13GKsS26F4U/asr_subtitle/wavs/13GKsS26F4U_01021.wav,3.164878,2.4547894,4.072882,4.0286837,3.7500236,NISQAv2
/data/nhandt23/Dataset/MMSData/13GKsS26F4U/asr_subtitle/wavs/13GKsS26F4U_00397.wav,3.072605,2.6617644,4.429585,4.167315,3.2550766,NISQAv2
/data/nhandt23/Dataset/MMSData/13GKsS26F4U/asr_subtitle/wavs/13GKsS26F4U_01799.wav,4.179001,2.2480016,4.61469,4.379355,3.9294724,NISQAv2
/data/nhandt23/Dataset/MMSData/13GKsS26F4U/asr_subtitle/wavs/13GKsS26F4U_00130.wav,3.3737864,2.6623666,4.3093324,3.905749,3.4705038,NISQAv2
/data/nhandt23/Dataset/MMSData/13GKsS26F4U/asr_subtitle/wavs/13GKsS26F4U_00477.wav,2.2251832,1.9723281,3.8039143,3.7560554,3.4535904,NISQAv2
/data/nhandt23/Dataset/MMSData/13GKsS26F4U/asr_subtitle/wavs/13GKsS26F4U_04322.wav,4.087738,2.6163812,4.2793813,4.1180253,4.119001,NISQAv2
/data/nhandt23/Dataset/MMSData/13GKsS26F4U/asr_subtitle/wavs/13GKsS26F4U_01711.wav,4.133315,2.6974385,4.6771703,4.4845285,4.307919,NISQAv2
/data/nhandt23/Dataset/MMSData/13GKsS26F4U/asr_subtitle/wavs/13GKsS26F4U_04301.wav,3.632213,2.6562104,4.536286,4.0985637,3.8695,NISQAv2
/data/nhandt23/Dataset/MMSData/13GKsS26F4U/asr_subtitle/wavs/13GKsS26F4U_00197.wav,2.3708873,2.336682,2.2220333,3.2487679,3.4988356,NISQAv2
/data/nhandt23/Dataset/MMSData/13GKsS26F4U/asr_subtitle/wavs/13GKsS26F4U_01093.wav,3.2415297,2.5235498,4.3164296,3.9048865,3.7495897,NISQAv2
/data/nhandt23/Dataset/MMSData/13GKsS26F4U/asr_subtitle/wavs/13GKsS26F4U_03834.wav,2.918735,2.5342598,3.7622006,3.838594,3.8432,NISQAv2
/data/nhandt23/Dataset/MMSData/13GKsS26F4U/asr_subtitle/wavs/13GKsS26F4U_01848.wav,2.8992918,2.116707,4.038085,3.8354652,3.756354,NISQAv2
/data/nhandt23/Dataset/MMSData/13GKsS26F4U/asr_subtitle/wavs/13GKsS26F4U_00184.wav,2.844258,2.6525915,2.4970183,3.1828032,3.3748224,NISQAv2
/data/nhandt23/Dataset/MMSData/13GKsS26F4U/asr_subtitle/wavs/13GKsS26F4U_03672.wav,2.788872,2.4982288,3.6281922,4.013125,3.838189,NISQAv2
/data/nhandt23/Dataset/MMSData/13GKsS26F4U/asr_subtitle/wavs/13GKsS26F4U_04127.wav,3.8230407,2.6718946,4.618396,4.2730184,4.230597,NISQAv2
/data/nhandt23/Dataset/MMSData/13GKsS26F4U/asr_subtitle/wavs/13GKsS26F4U_01038.wav,3.4166334,2.114118,4.2809095,4.0875087,3.3258083,NISQAv2
/data/nhandt23/Dataset/MMSData/13GKsS26F4U/asr_subtitle/wavs/13GKsS26F4U_03949.wav,3.6252177,2.4840999,4.365385,3.9987624,3.4083912,NISQAv2
/data/nhandt23/Dataset/MMSData/13GKsS26F4U/asr_subtitle/wavs/13GKsS26F4U_02667.wav,3.4114897,2.3293204,2.9638107,3.6987925,3.9367907,NISQAv2
/data/nhandt23/Dataset/MMSData/13GKsS26F4U/asr_subtitle/wavs/13GKsS26F4U_02350.wav,3.548876,1.9656651,4.4681168,4.3581777,3.9891605,NISQAv2
/data/nhandt23/Dataset/MMSData/13GKsS26F4U/asr_subtitle/wavs/13GKsS26F4U_04719.wav,3.6497424,2.6992788,4.325854,4.093449,4.1462684,NISQAv2
/data/nhandt23/Dataset/MMSData/13GKsS26F4U/asr_subtitle/wavs/13GKsS26F4U_01998.wav,3.1557295,2.2412212,4.4072976,4.072541,4.17242,NISQAv2
/data/nhandt23/Dataset/MMSData/13GKsS26F4U/asr_subtitle/wavs/13GKsS26F4U_02394.wav,3.867078,2.913959,4.5620937,4.3514314,4.262675,NISQAv2
/data/nhandt23/Dataset/MMSData/13GKsS26F4U/asr_subtitle/wavs/13GKsS26F4U_03504.wav,3.0512674,2.1507986,4.2993116,4.121583,3.6625009,NISQAv2
/data/nhandt23/Dataset/MMSData/13GKsS26F4U/asr_subtitle/wavs/13GKsS26F4U_01074.wav,2.4991062,2.338143,3.894677,3.6216276,3.0493717,NISQAv2
/data/nhandt23/Dataset/MMSData/13GKsS26F4U/asr_subtitle/wavs/13GKsS26F4U_03680.wav,4.060807,2.3185937,4.3388615,3.8884509,3.8452399,NISQAv2
/data/nhandt23/Dataset/MMSData/13GKsS26F4U/asr_subtitle/wavs/13GKsS26F4U_01837.wav,3.217866,2.3684242,4.3162456,3.920692,3.7639873,NISQAv2
/data/nhandt23/Dataset/MMSData/13GKsS26F4U/asr_subtitle/wavs/13GKsS26F4U_03127.wav,2.1719925,2.463185,3.8044326,3.9798174,4.213444,NISQAv2
/data/nhandt23/Dataset/MMSData/13GKsS26F4U/asr_subtitle/wavs/13GKsS26F4U_04039.wav,2.9153643,2.5180674,3.3690224,3.5637624,3.2763848,NISQAv2
/data/nhandt23/Dataset/MMSData/13GKsS26F4U/asr_subtitle/wavs/13GKsS26F4U_04616.wav,3.718777,2.4064963,4.5297956,4.3774767,4.1464076,NISQAv2
/data/nhandt23/Dataset/MMSData/13GKsS26F4U/asr_subtitle/wavs/13GKsS26F4U_02333.wav,2.977243,2.4251482,4.3894043,4.170211,3.8515112,NISQAv2
/data/nhandt23/Dataset/MMSData/13GKsS26F4U/asr_subtitle/wavs/13GKsS26F4U_03468.wav,3.6319764,2.1484032,4.442358,4.1022673,4.2175345,NISQAv2
/data/nhandt23/Dataset/MMSData/13GKsS26F4U/asr_subtitle/wavs/13GKsS26F4U_05005.wav,3.778372,2.8890383,4.2917175,3.9343789,3.858979,NISQAv2
/data/nhandt23/Dataset/MMSData/13GKsS26F4U/asr_subtitle/wavs/13GKsS26F4U_01219.wav,3.9568274,1.4988297,4.64137,4.2302766,3.9695878,NISQAv2
/data/nhandt23/Dataset/MMSData/13GKsS26F4U/asr_subtitle/wavs/13GKsS26F4U_01142.wav,3.898826,2.641815,4.479861,4.256972,4.4541354,NISQAv2
/data/nhandt23/Dataset/MMSData/13GKsS26F4U/asr_subtitle/wavs/13GKsS26F4U_03169.wav,3.5384293,2.3464236,4.3926587,4.0502124,4.025719,NISQAv2
/data/nhandt23/Dataset/MMSData/13GKsS26F4U/asr_subtitle/wavs/13GKsS26F4U_03419.wav,3.548776,2.0307422,4.526254,4.0983663,4.0252514,NISQAv2
/data/nhandt23/Dataset/MMSData/13GKsS26F4U/asr_subtitle/wavs/13GKsS26F4U_02454.wav,2.4598238,2.5207741,3.5938542,3.6422706,3.907914,NISQAv2
/data/nhandt23/Dataset/MMSData/13GKsS26F4U/asr_subtitle/wavs/13GKsS26F4U_01690.wav,2.4124358,2.4109042,3.894767,3.7833135,3.591625,NISQAv2
/data/nhandt23/Dataset/MMSData/13GKsS26F4U/asr_subtitle/wavs/13GKsS26F4U_05121.wav,2.3742006,2.3781474,3.246237,3.8815787,3.6302285,NISQAv2
/data/nhandt23/Dataset/MMSData/13GKsS26F4U/asr_subtitle/wavs/13GKsS26F4U_03241.wav,2.9091504,2.2455423,4.3634644,4.2218356,3.9158401,NISQAv2
/data/nhandt23/Dataset/MMSData/13GKsS26F4U/asr_subtitle/wavs/13GKsS26F4U_00655.wav,4.040415,2.5345924,4.4125695,4.169066,4.166742,NISQAv2
/data/nhandt23/Dataset/MMSData/13GKsS26F4U/asr_subtitle/wavs/13GKsS26F4U_00480.wav,3.2979152,2.4372678,4.4593325,4.230589,4.232496,NISQAv2
/data/nhandt23/Dataset/MMSData/13GKsS26F4U/asr_subtitle/wavs/13GKsS26F4U_02547.wav,3.7035935,2.0980172,4.608671,4.1411934,3.7474587,NISQAv2
/data/nhandt23/Dataset/MMSData/13GKsS26F4U/asr_subtitle/wavs/13GKsS26F4U_00568.wav,2.8881567,2.5208528,4.3959885,4.145169,3.785661,NISQAv2
/data/nhandt23/Dataset/MMSData/13GKsS26F4U/asr_subtitle/wavs/13GKsS26F4U_01855.wav,3.4597223,2.4229853,4.1842623,3.7704275,3.6429086,NISQAv2
/data/nhandt23/Dataset/MMSData/13GKsS26F4U/asr_subtitle/wavs/13GKsS26F4U_02761.wav,3.6001277,2.3574848,4.551865,4.153463,3.7896943,NISQAv2
/data/nhandt23/Dataset/MMSData/13GKsS26F4U/asr_subtitle/wavs/13GKsS26F4U_01854.wav,2.86749,2.3422995,4.0787525,3.7865841,3.44649,NISQAv2
/data/nhandt23/Dataset/MMSData/13GKsS26F4U/asr_subtitle/wavs/13GKsS26F4U_00660.wav,2.7929826,2.5587687,4.3619156,4.0691,3.9808583,NISQAv2
/data/nhandt23/Dataset/MMSData/13GKsS26F4U/asr_subtitle/wavs/13GKsS26F4U_00382.wav,2.676245,2.1676257,3.9037378,3.1989858,3.6546092,NISQAv2
/data/nhandt23/Dataset/MMSData/13GKsS26F4U/asr_subtitle/wavs/13GKsS26F4U_01745.wav,3.0491464,2.4886687,4.130231,3.8852348,3.9447227,NISQAv2
/data/nhandt23/Dataset/MMSData/13GKsS26F4U/asr_subtitle/wavs/13GKsS26F4U_00740.wav,3.298813,2.408277,4.1391087,3.9267278,4.040146,NISQAv2
/data/nhandt23/Dataset/MMSData/13GKsS26F4U/asr_subtitle/wavs/13GKsS26F4U_01872.wav,3.2356763,2.197132,4.5318513,4.189189,4.0933356,NISQAv2
/data/nhandt23/Dataset/MMSData/13GKsS26F4U/asr_subtitle/wavs/13GKsS26F4U_01184.wav,2.6263056,2.1901603,4.275069,3.9167683,3.890259,NISQAv2
/data/nhandt23/Dataset/MMSData/13GKsS26F4U/asr_subtitle/wavs/13GKsS26F4U_04704.wav,3.7098272,2.2822144,4.412005,4.0227785,3.0308115,NISQAv2
/data/nhandt23/Dataset/MMSData/13GKsS26F4U/asr_subtitle/wavs/13GKsS26F4U_04455.wav,2.6829357,2.3012362,3.5740268,3.225458,2.8368273,NISQAv2
/data/nhandt23/Dataset/MMSData/13GKsS26F4U/asr_subtitle/wavs/13GKsS26F4U_01279.wav,3.7610633,2.5265293,4.4383264,4.084494,4.110724,NISQAv2
/data/nhandt23/Dataset/MMSData/13GKsS26F4U/asr_subtitle/wavs/13GKsS26F4U_02631.wav,4.2016044,3.088174,4.6500773,4.3950515,4.2960744,NISQAv2
/data/nhandt23/Dataset/MMSData/13GKsS26F4U/asr_subtitle/wavs/13GKsS26F4U_03500.wav,3.2037263,1.961442,4.2904625,4.151645,3.935716,NISQAv2
/data/nhandt23/Dataset/MMSData/13GKsS26F4U/asr_subtitle/wavs/13GKsS26F4U_03849.wav,3.2680643,2.1268392,3.9459493,3.9001985,4.029676,NISQAv2
/data/nhandt23/Dataset/MMSData/13GKsS26F4U/asr_subtitle/wavs/13GKsS26F4U_03521.wav,3.0359778,2.2755454,4.2761235,3.8186376,3.114788,NISQAv2
/data/nhandt23/Dataset/MMSData/13GKsS26F4U/asr_subtitle/wavs/13GKsS26F4U_02193.wav,3.7989323,2.6457314,3.9066849,3.5587687,4.0887423,NISQAv2
/data/nhandt23/Dataset/MMSData/13GKsS26F4U/asr_subtitle/wavs/13GKsS26F4U_01292.wav,3.1975515,2.3939984,4.288634,4.0289974,3.5360994,NISQAv2
/data/nhandt23/Dataset/MMSData/13GKsS26F4U/asr_subtitle/wavs/13GKsS26F4U_02758.wav,3.0799828,2.3336341,4.106708,3.5972304,3.4863746,NISQAv2
/data/nhandt23/Dataset/MMSData/13GKsS26F4U/asr_subtitle/wavs/13GKsS26F4U_01765.wav,2.8948662,2.2241187,4.245924,4.0825915,3.6555188,NISQAv2
/data/nhandt23/Dataset/MMSData/13GKsS26F4U/asr_subtitle/wavs/13GKsS26F4U_02314.wav,2.5987613,1.9895128,3.9796011,3.602976,3.070392,NISQAv2
/data/nhandt23/Dataset/MMSData/13GKsS26F4U/asr_subtitle/wavs/13GKsS26F4U_05124.wav,3.231464,2.5120294,4.1909475,4.025366,3.945879,NISQAv2
/data/nhandt23/Dataset/MMSData/13GKsS26F4U/asr_subtitle/wavs/13GKsS26F4U_03858.wav,3.8873749,2.8467672,4.4402223,4.0741124,3.96475,NISQAv2
/data/nhandt23/Dataset/MMSData/13GKsS26F4U/asr_subtitle/wavs/13GKsS26F4U_01207.wav,3.5625412,2.512939,4.374869,4.178869,4.240829,NISQAv2
/data/nhandt23/Dataset/MMSData/13GKsS26F4U/asr_subtitle/wavs/13GKsS26F4U_03838.wav,3.8732986,2.513767,4.3607254,4.28947,4.256632,NISQAv2
/data/nhandt23/Dataset/MMSData/13GKsS26F4U/asr_subtitle/wavs/13GKsS26F4U_02977.wav,3.502464,2.4049883,4.32742,3.9875805,4.053219,NISQAv2
/data/nhandt23/Dataset/MMSData/13GKsS26F4U/asr_subtitle/wavs/13GKsS26F4U_01060.wav,3.0251167,2.250109,4.0034,3.8512971,3.6178834,NISQAv2
/data/nhandt23/Dataset/MMSData/13GKsS26F4U/asr_subtitle/wavs/13GKsS26F4U_00396.wav,3.578417,2.145103,4.2532845,4.0026464,3.8282108,NISQAv2
/data/nhandt23/Dataset/MMSData/13GKsS26F4U/asr_subtitle/wavs/13GKsS26F4U_02451.wav,2.92137,2.6455119,3.3007514,3.6890051,4.1854024,NISQAv2
/data/nhandt23/Dataset/MMSData/13GKsS26F4U/asr_subtitle/wavs/13GKsS26F4U_03703.wav,2.5083172,2.1025496,3.5003035,3.6124692,3.511226,NISQAv2
/data/nhandt23/Dataset/MMSData/13GKsS26F4U/asr_subtitle/wavs/13GKsS26F4U_03298.wav,3.2049463,2.8752184,4.1327906,4.1345754,3.9620812,NISQAv2
/data/nhandt23/Dataset/MMSData/13GKsS26F4U/asr_subtitle/wavs/13GKsS26F4U_01536.wav,2.6997242,2.2106779,3.8627617,3.7474275,3.8130286,NISQAv2
/data/nhandt23/Dataset/MMSData/13GKsS26F4U/asr_subtitle/wavs/13GKsS26F4U_04073.wav,2.6693451,2.619059,4.155596,3.815474,3.8068438,NISQAv2
/data/nhandt23/Dataset/MMSData/13GKsS26F4U/asr_subtitle/wavs/13GKsS26F4U_01426.wav,3.4234602,2.332323,4.1511707,3.5810468,4.0580854,NISQAv2
/data/nhandt23/Dataset/MMSData/13GKsS26F4U/asr_subtitle/wavs/13GKsS26F4U_00108.wav,3.402084,2.58706,4.2913313,4.047296,3.8080854,NISQAv2
/data/nhandt23/Dataset/MMSData/13GKsS26F4U/asr_subtitle/wavs/13GKsS26F4U_01417.wav,3.341725,2.4801707,4.382005,4.127566,3.5752451,NISQAv2
/data/nhandt23/Dataset/MMSData/13GKsS26F4U/asr_subtitle/wavs/13GKsS26F4U_03531.wav,3.3185441,2.81681,4.3734627,4.087355,3.760802,NISQAv2
/data/nhandt23/Dataset/MMSData/13GKsS26F4U/asr_subtitle/wavs/13GKsS26F4U_02684.wav,4.091998,2.220913,4.6251945,4.3266926,4.346129,NISQAv2
/data/nhandt23/Dataset/MMSData/13GKsS26F4U/asr_subtitle/wavs/13GKsS26F4U_02666.wav,3.9229412,2.1307476,4.498664,4.233992,3.9816723,NISQAv2
/data/nhandt23/Dataset/MMSData/13GKsS26F4U/asr_subtitle/wavs/13GKsS26F4U_04226.wav,3.8715997,2.3259835,4.394781,4.1114135,4.1695333,NISQAv2
/data/nhandt23/Dataset/MMSData/13GKsS26F4U/asr_subtitle/wavs/13GKsS26F4U_00873.wav,3.2701569,2.6042883,4.4966917,4.2576776,4.1183934,NISQAv2
/data/nhandt23/Dataset/MMSData/13GKsS26F4U/asr_subtitle/wavs/13GKsS26F4U_02993.wav,3.1640284,2.2875555,4.400634,4.1081953,3.960649,NISQAv2
/data/nhandt23/Dataset/MMSData/13GKsS26F4U/asr_subtitle/wavs/13GKsS26F4U_00006.wav,2.9209197,2.2027185,4.2844133,3.839608,3.591868,NISQAv2
/data/nhandt23/Dataset/MMSData/13GKsS26F4U/asr_subtitle/wavs/13GKsS26F4U_00814.wav,3.7079773,2.6239178,4.3985157,4.003931,3.8926134,NISQAv2
/data/nhandt23/Dataset/MMSData/13GKsS26F4U/asr_subtitle/wavs/13GKsS26F4U_03550.wav,2.3645332,2.4011457,3.2971075,3.4802082,4.310532,NISQAv2
/data/nhandt23/Dataset/MMSData/13GKsS26F4U/asr_subtitle/wavs/13GKsS26F4U_01526.wav,2.8615167,2.2147655,4.404552,4.1712565,3.9905682,NISQAv2
/data/nhandt23/Dataset/MMSData/13GKsS26F4U/asr_subtitle/wavs/13GKsS26F4U_02095.wav,2.9499435,2.5953066,4.135594,4.029802,3.5841372,NISQAv2
/data/nhandt23/Dataset/MMSData/13GKsS26F4U/asr_subtitle/wavs/13GKsS26F4U_01188.wav,2.8871171,2.6820862,4.1098723,3.7826068,3.4489105,NISQAv2
/data/nhandt23/Dataset/MMSData/13GKsS26F4U/asr_subtitle/wavs/13GKsS26F4U_02646.wav,3.4332123,1.554484,4.1913285,4.0637474,3.09391,NISQAv2
/data/nhandt23/Dataset/MMSData/13GKsS26F4U/asr_subtitle/wavs/13GKsS26F4U_01870.wav,3.1709042,2.4474156,4.6873703,4.326326,3.693239,NISQAv2
/data/nhandt23/Dataset/MMSData/13GKsS26F4U/asr_subtitle/wavs/13GKsS26F4U_01058.wav,3.0611966,2.5766983,4.2600346,4.1143584,4.027691,NISQAv2
/data/nhandt23/Dataset/MMSData/13GKsS26F4U/asr_subtitle/wavs/13GKsS26F4U_01364.wav,2.0812929,1.9957733,2.6055248,3.5093563,3.6362314,NISQAv2
/data/nhandt23/Dataset/MMSData/13GKsS26F4U/asr_subtitle/wavs/13GKsS26F4U_02532.wav,3.013344,2.4797797,4.399104,4.172218,3.9259067,NISQAv2
/data/nhandt23/Dataset/MMSData/13GKsS26F4U/asr_subtitle/wavs/13GKsS26F4U_03263.wav,2.9377933,2.337259,4.1474867,4.0517135,3.849962,NISQAv2
/data/nhandt23/Dataset/MMSData/13GKsS26F4U/asr_subtitle/wavs/13GKsS26F4U_02188.wav,3.5401666,2.36156,4.142272,3.9014688,3.2883985,NISQAv2
/data/nhandt23/Dataset/MMSData/13GKsS26F4U/asr_subtitle/wavs/13GKsS26F4U_01517.wav,2.942973,2.285865,4.2168264,3.9634438,3.7008421,NISQAv2
/data/nhandt23/Dataset/MMSData/13GKsS26F4U/asr_subtitle/wavs/13GKsS26F4U_01405.wav,3.7391818,2.7346425,4.2176104,4.150491,4.341587,NISQAv2
/data/nhandt23/Dataset/MMSData/13GKsS26F4U/asr_subtitle/wavs/13GKsS26F4U_04838.wav,3.1537898,2.3202045,4.125041,4.0513935,3.9881942,NISQAv2
/data/nhandt23/Dataset/MMSData/13GKsS26F4U/asr_subtitle/wavs/13GKsS26F4U_05153.wav,3.6156123,2.9223342,4.500165,4.1112657,4.0600367,NISQAv2
/data/nhandt23/Dataset/MMSData/13GKsS26F4U/asr_subtitle/wavs/13GKsS26F4U_00079.wav,3.7736325,2.9146247,4.4899855,4.183828,3.9641278,NISQAv2
/data/nhandt23/Dataset/MMSData/13GKsS26F4U/asr_subtitle/wavs/13GKsS26F4U_03616.wav,3.2347195,2.3659213,2.9150825,3.9497962,4.158616,NISQAv2
/data/nhandt23/Dataset/MMSData/13GKsS26F4U/asr_subtitle/wavs/13GKsS26F4U_01098.wav,3.701082,2.5738947,4.469678,4.241136,4.096369,NISQAv2
/data/nhandt23/Dataset/MMSData/13GKsS26F4U/asr_subtitle/wavs/13GKsS26F4U_02316.wav,2.8917074,2.0573432,4.2616825,3.873387,4.2950606,NISQAv2
/data/nhandt23/Dataset/MMSData/13GKsS26F4U/asr_subtitle/wavs/13GKsS26F4U_03331.wav,4.0270724,2.445071,4.458089,4.289203,4.254968,NISQAv2
/data/nhandt23/Dataset/MMSData/13GKsS26F4U/asr_subtitle/wavs/13GKsS26F4U_03401.wav,3.768545,2.6131065,4.493755,4.2205296,4.2130466,NISQAv2
/data/nhandt23/Dataset/MMSData/13GKsS26F4U/asr_subtitle/wavs/13GKsS26F4U_00064.wav,2.6610544,1.9961973,4.2630415,4.1481795,3.3986223,NISQAv2
/data/nhandt23/Dataset/MMSData/13GKsS26F4U/asr_subtitle/wavs/13GKsS26F4U_00194.wav,3.8664944,2.1832652,4.551057,4.2532268,3.9249065,NISQAv2
/data/nhandt23/Dataset/MMSData/13GKsS26F4U/asr_subtitle/wavs/13GKsS26F4U_02291.wav,3.9662783,2.2521985,4.4404287,4.316196,3.887449,NISQAv2
/data/nhandt23/Dataset/MMSData/13GKsS26F4U/asr_subtitle/wavs/13GKsS26F4U_00041.wav,3.2167122,2.3401194,4.3061247,4.0453796,3.2670124,NISQAv2
/data/nhandt23/Dataset/MMSData/13GKsS26F4U/asr_subtitle/wavs/13GKsS26F4U_03395.wav,3.6701624,2.2764533,4.7391872,4.2088623,4.2818336,NISQAv2
/data/nhandt23/Dataset/MMSData/13GKsS26F4U/asr_subtitle/wavs/13GKsS26F4U_00045.wav,3.3650858,2.3001275,4.5460415,4.2155476,4.061491,NISQAv2
/data/nhandt23/Dataset/MMSData/13GKsS26F4U/asr_subtitle/wavs/13GKsS26F4U_04749.wav,2.7025847,2.6961524,3.5654943,3.6429098,3.5297022,NISQAv2
/data/nhandt23/Dataset/MMSData/13GKsS26F4U/asr_subtitle/wavs/13GKsS26F4U_01945.wav,2.9256237,2.0984218,4.146716,3.9993026,3.5983074,NISQAv2
/data/nhandt23/Dataset/MMSData/13GKsS26F4U/asr_subtitle/wavs/13GKsS26F4U_00144.wav,2.7452998,2.5392537,2.7159925,3.3860495,3.7318838,NISQAv2
/data/nhandt23/Dataset/MMSData/13GKsS26F4U/asr_subtitle/wavs/13GKsS26F4U_00717.wav,3.557412,2.3937871,4.446968,4.0830226,3.5210044,NISQAv2
/data/nhandt23/Dataset/MMSData/13GKsS26F4U/asr_subtitle/wavs/13GKsS26F4U_02764.wav,2.9618464,2.2346494,3.7302983,3.7251248,3.4236624,NISQAv2
/data/nhandt23/Dataset/MMSData/13GKsS26F4U/asr_subtitle/wavs/13GKsS26F4U_01250.wav,2.281913,2.4471624,3.631421,3.4448764,3.2574914,NISQAv2
/data/nhandt23/Dataset/MMSData/13GKsS26F4U/asr_subtitle/wavs/13GKsS26F4U_01178.wav,3.4298499,2.4255264,4.241089,3.5675178,3.0878413,NISQAv2
/data/nhandt23/Dataset/MMSData/13GKsS26F4U/asr_subtitle/wavs/13GKsS26F4U_04904.wav,3.2670002,2.4062574,4.331629,3.991029,3.2332199,NISQAv2
/data/nhandt23/Dataset/MMSData/13GKsS26F4U/asr_subtitle/wavs/13GKsS26F4U_04024.wav,2.6935697,2.4954422,2.8738952,3.52467,3.6686664,NISQAv2
/data/nhandt23/Dataset/MMSData/13GKsS26F4U/asr_subtitle/wavs/13GKsS26F4U_04126.wav,3.5237832,2.1777976,4.428852,4.312654,3.717272,NISQAv2
/data/nhandt23/Dataset/MMSData/13GKsS26F4U/asr_subtitle/wavs/13GKsS26F4U_01664.wav,3.6127174,2.3867857,4.132146,4.030161,3.6722016,NISQAv2
/data/nhandt23/Dataset/MMSData/13GKsS26F4U/asr_subtitle/wavs/13GKsS26F4U_03259.wav,2.3908007,2.4384964,2.8624985,3.3409832,3.818117,NISQAv2
/data/nhandt23/Dataset/MMSData/13GKsS26F4U/asr_subtitle/wavs/13GKsS26F4U_01875.wav,3.1575623,2.6872265,4.258672,4.201957,3.8983724,NISQAv2
/data/nhandt23/Dataset/MMSData/13GKsS26F4U/asr_subtitle/wavs/13GKsS26F4U_02499.wav,3.4917066,2.543884,4.438697,4.1856146,3.6932242,NISQAv2
/data/nhandt23/Dataset/MMSData/13GKsS26F4U/asr_subtitle/wavs/13GKsS26F4U_03607.wav,3.57042,2.5904346,4.233086,3.4121711,3.912288,NISQAv2
/data/nhandt23/Dataset/MMSData/13GKsS26F4U/asr_subtitle/wavs/13GKsS26F4U_02669.wav,2.5322788,2.283776,4.073833,4.050861,4.223026,NISQAv2
/data/nhandt23/Dataset/MMSData/13GKsS26F4U/asr_subtitle/wavs/13GKsS26F4U_03813.wav,2.8009398,2.7870605,2.5422838,3.4491692,3.8313184,NISQAv2
/data/nhandt23/Dataset/MMSData/13GKsS26F4U/asr_subtitle/wavs/13GKsS26F4U_04724.wav,2.7877789,2.3367808,3.32856,4.056335,4.020845,NISQAv2
/data/nhandt23/Dataset/MMSData/13GKsS26F4U/asr_subtitle/wavs/13GKsS26F4U_00138.wav,2.4830413,2.8840864,3.5993636,3.5965552,3.307744,NISQAv2
/data/nhandt23/Dataset/MMSData/13GKsS26F4U/asr_subtitle/wavs/13GKsS26F4U_00799.wav,3.665962,2.5289738,4.514269,4.056342,4.053601,NISQAv2
/data/nhandt23/Dataset/MMSData/13GKsS26F4U/asr_subtitle/wavs/13GKsS26F4U_01354.wav,3.16444,2.2643967,4.314478,4.131759,3.1698017,NISQAv2
/data/nhandt23/Dataset/MMSData/13GKsS26F4U/asr_subtitle/wavs/13GKsS26F4U_02223.wav,2.5754616,2.733822,3.6268075,3.6269608,3.7466888,NISQAv2
/data/nhandt23/Dataset/MMSData/13GKsS26F4U/asr_subtitle/wavs/13GKsS26F4U_01115.wav,3.4385004,2.333339,4.437211,4.0738792,3.8226783,NISQAv2
/data/nhandt23/Dataset/MMSData/13GKsS26F4U/asr_subtitle/wavs/13GKsS26F4U_03814.wav,3.5934596,2.3200595,4.242938,3.9869316,3.930786,NISQAv2
/data/nhandt23/Dataset/MMSData/13GKsS26F4U/asr_subtitle/wavs/13GKsS26F4U_01889.wav,3.2800555,2.1478302,4.2837553,3.8874803,3.8240159,NISQAv2
/data/nhandt23/Dataset/MMSData/13GKsS26F4U/asr_subtitle/wavs/13GKsS26F4U_02031.wav,3.0075796,1.8506895,4.273095,3.848678,3.0961072,NISQAv2
/data/nhandt23/Dataset/MMSData/13GKsS26F4U/asr_subtitle/wavs/13GKsS26F4U_00465.wav,2.9147844,2.2893355,4.0948215,3.7645183,2.7682035,NISQAv2
/data/nhandt23/Dataset/MMSData/13GKsS26F4U/asr_subtitle/wavs/13GKsS26F4U_00308.wav,3.1133237,2.473385,4.4449387,4.2402205,3.7897172,NISQAv2
/data/nhandt23/Dataset/MMSData/13GKsS26F4U/asr_subtitle/wavs/13GKsS26F4U_04598.wav,2.9511569,2.3262196,4.518173,4.1703286,3.7318208,NISQAv2
/data/nhandt23/Dataset/MMSData/13GKsS26F4U/asr_subtitle/wavs/13GKsS26F4U_00862.wav,3.8136642,2.5823162,4.3520346,4.094453,3.5152779,NISQAv2
/data/nhandt23/Dataset/MMSData/13GKsS26F4U/asr_subtitle/wavs/13GKsS26F4U_00776.wav,2.4341547,2.3435023,3.212997,3.878274,4.2077904,NISQAv2
/data/nhandt23/Dataset/MMSData/13GKsS26F4U/asr_subtitle/wavs/13GKsS26F4U_02132.wav,2.3859782,2.5720532,3.397065,3.7182274,3.8683312,NISQAv2
/data/nhandt23/Dataset/MMSData/13GKsS26F4U/asr_subtitle/wavs/13GKsS26F4U_03738.wav,3.0188696,2.4083464,4.467057,4.0924635,3.4136584,NISQAv2
/data/nhandt23/Dataset/MMSData/13GKsS26F4U/asr_subtitle/wavs/13GKsS26F4U_01182.wav,2.2607327,1.9108417,4.1759753,3.969936,3.7731445,NISQAv2
/data/nhandt23/Dataset/MMSData/13GKsS26F4U/asr_subtitle/wavs/13GKsS26F4U_02457.wav,3.145415,2.4749305,4.3362093,3.849777,3.5161717,NISQAv2
/data/nhandt23/Dataset/MMSData/13GKsS26F4U/asr_subtitle/wavs/13GKsS26F4U_00378.wav,3.6964443,2.2443998,4.433884,4.197832,4.0796523,NISQAv2
/data/nhandt23/Dataset/MMSData/13GKsS26F4U/asr_subtitle/wavs/13GKsS26F4U_00408.wav,2.4552875,2.2857542,3.5002244,3.77398,4.1172423,NISQAv2
/data/nhandt23/Dataset/MMSData/13GKsS26F4U/asr_subtitle/wavs/13GKsS26F4U_04829.wav,3.1182382,1.9259164,3.7846453,3.702921,4.342386,NISQAv2
/data/nhandt23/Dataset/MMSData/13GKsS26F4U/asr_subtitle/wavs/13GKsS26F4U_00748.wav,2.672961,2.3007858,4.194352,3.9539378,3.2135835,NISQAv2
/data/nhandt23/Dataset/MMSData/13GKsS26F4U/asr_subtitle/wavs/13GKsS26F4U_02689.wav,4.4774394,1.9809504,4.7749066,4.388799,4.1889997,NISQAv2
/data/nhandt23/Dataset/MMSData/13GKsS26F4U/asr_subtitle/wavs/13GKsS26F4U_03394.wav,2.8232863,2.4550688,4.1784496,3.8389614,3.0982268,NISQAv2
/data/nhandt23/Dataset/MMSData/13GKsS26F4U/asr_subtitle/wavs/13GKsS26F4U_03156.wav,3.0500772,2.4672008,3.7086637,3.7092338,3.787817,NISQAv2
/data/nhandt23/Dataset/MMSData/13GKsS26F4U/asr_subtitle/wavs/13GKsS26F4U_00910.wav,3.655289,2.4563406,4.309541,3.9006426,3.9326286,NISQAv2
/data/nhandt23/Dataset/MMSData/13GKsS26F4U/asr_subtitle/wavs/13GKsS26F4U_03637.wav,3.9530513,2.2553117,4.6032453,4.1835165,4.201883,NISQAv2
/data/nhandt23/Dataset/MMSData/13GKsS26F4U/asr_subtitle/wavs/13GKsS26F4U_01552.wav,3.9997418,2.2755878,4.4605484,4.217144,4.232331,NISQAv2
/data/nhandt23/Dataset/MMSData/13GKsS26F4U/asr_subtitle/wavs/13GKsS26F4U_02017.wav,3.287026,2.2260535,3.3434355,3.8085513,3.5258777,NISQAv2
/data/nhandt23/Dataset/MMSData/13GKsS26F4U/asr_subtitle/wavs/13GKsS26F4U_01643.wav,3.4049675,2.4976661,4.3429074,4.1525574,3.6557977,NISQAv2
/data/nhandt23/Dataset/MMSData/13GKsS26F4U/asr_subtitle/wavs/13GKsS26F4U_02875.wav,3.4785326,2.2842395,4.4739857,4.1698265,4.0484047,NISQAv2
/data/nhandt23/Dataset/MMSData/13GKsS26F4U/asr_subtitle/wavs/13GKsS26F4U_02071.wav,2.9341261,2.2755213,3.9829366,3.9386785,3.3691337,NISQAv2
/data/nhandt23/Dataset/MMSData/13GKsS26F4U/asr_subtitle/wavs/13GKsS26F4U_02307.wav,4.194009,2.5185313,4.6803803,4.283261,3.8926718,NISQAv2
/data/nhandt23/Dataset/MMSData/13GKsS26F4U/asr_subtitle/wavs/13GKsS26F4U_03256.wav,3.455798,2.6960733,4.654376,4.3996644,4.0530515,NISQAv2
/data/nhandt23/Dataset/MMSData/13GKsS26F4U/asr_subtitle/wavs/13GKsS26F4U_00899.wav,4.2771506,2.272932,4.5317807,4.1240306,4.1735005,NISQAv2
/data/nhandt23/Dataset/MMSData/13GKsS26F4U/asr_subtitle/wavs/13GKsS26F4U_02194.wav,3.0767488,2.0268452,4.3504457,4.01756,3.1999497,NISQAv2
/data/nhandt23/Dataset/MMSData/13GKsS26F4U/asr_subtitle/wavs/13GKsS26F4U_04522.wav,2.97146,2.3330152,3.4955647,3.6441624,3.4274833,NISQAv2
/data/nhandt23/Dataset/MMSData/13GKsS26F4U/asr_subtitle/wavs/13GKsS26F4U_00443.wav,3.471978,2.6523647,4.2244606,3.997351,3.927648,NISQAv2
/data/nhandt23/Dataset/MMSData/13GKsS26F4U/asr_subtitle/wavs/13GKsS26F4U_00784.wav,2.912235,2.3735065,4.1529064,3.701804,3.6618743,NISQAv2
/data/nhandt23/Dataset/MMSData/13GKsS26F4U/asr_subtitle/wavs/13GKsS26F4U_00266.wav,2.7972925,2.1417785,4.070855,3.639129,3.1012418,NISQAv2
/data/nhandt23/Dataset/MMSData/13GKsS26F4U/asr_subtitle/wavs/13GKsS26F4U_01337.wav,3.9925897,2.350529,4.619624,4.2108994,4.3582206,NISQAv2
/data/nhandt23/Dataset/MMSData/13GKsS26F4U/asr_subtitle/wavs/13GKsS26F4U_00021.wav,3.6119826,2.4896443,4.3856435,4.2179103,3.7615578,NISQAv2
/data/nhandt23/Dataset/MMSData/13GKsS26F4U/asr_subtitle/wavs/13GKsS26F4U_03998.wav,3.9497414,3.0538666,4.540789,4.305329,4.2566857,NISQAv2
/data/nhandt23/Dataset/MMSData/13GKsS26F4U/asr_subtitle/wavs/13GKsS26F4U_04975.wav,3.1827765,2.7980237,3.6970713,3.59154,3.9863575,NISQAv2
/data/nhandt23/Dataset/MMSData/13GKsS26F4U/asr_subtitle/wavs/13GKsS26F4U_03080.wav,3.8126407,2.195803,4.526045,4.1968427,4.0922694,NISQAv2
/data/nhandt23/Dataset/MMSData/13GKsS26F4U/asr_subtitle/wavs/13GKsS26F4U_02124.wav,2.6699755,2.2440715,2.5629761,3.0612574,4.007204,NISQAv2
/data/nhandt23/Dataset/MMSData/13GKsS26F4U/asr_subtitle/wavs/13GKsS26F4U_01274.wav,3.1236641,2.2254715,4.0094366,3.7592394,3.6081064,NISQAv2
/data/nhandt23/Dataset/MMSData/13GKsS26F4U/asr_subtitle/wavs/13GKsS26F4U_03153.wav,3.521127,2.197318,3.9903262,3.9751916,3.9128482,NISQAv2
/data/nhandt23/Dataset/MMSData/13GKsS26F4U/asr_subtitle/wavs/13GKsS26F4U_00969.wav,2.4635246,2.4744837,3.3271103,2.8250282,3.27518,NISQAv2
/data/nhandt23/Dataset/MMSData/13GKsS26F4U/asr_subtitle/wavs/13GKsS26F4U_03880.wav,2.7490466,2.348755,3.7786663,3.9079008,3.7740784,NISQAv2
/data/nhandt23/Dataset/MMSData/13GKsS26F4U/asr_subtitle/wavs/13GKsS26F4U_04375.wav,4.022525,2.903024,4.3864822,4.174931,4.111634,NISQAv2
/data/nhandt23/Dataset/MMSData/13GKsS26F4U/asr_subtitle/wavs/13GKsS26F4U_00380.wav,2.562551,2.2591777,3.8462753,3.622072,3.4361901,NISQAv2
/data/nhandt23/Dataset/MMSData/13GKsS26F4U/asr_subtitle/wavs/13GKsS26F4U_02393.wav,2.5366774,2.3498435,3.0095477,3.3226092,3.3053327,NISQAv2
/data/nhandt23/Dataset/MMSData/13GKsS26F4U/asr_subtitle/wavs/13GKsS26F4U_03372.wav,2.724957,2.2803876,3.9109557,3.9268157,3.7760258,NISQAv2
/data/nhandt23/Dataset/MMSData/13GKsS26F4U/asr_subtitle/wavs/13GKsS26F4U_04723.wav,3.4329913,2.6768053,4.350003,4.021395,4.069796,NISQAv2
/data/nhandt23/Dataset/MMSData/13GKsS26F4U/asr_subtitle/wavs/13GKsS26F4U_04147.wav,3.3924568,2.8969605,4.3699684,4.1543126,4.067194,NISQAv2
/data/nhandt23/Dataset/MMSData/13GKsS26F4U/asr_subtitle/wavs/13GKsS26F4U_04972.wav,2.7540624,2.6164043,4.3126974,3.6914937,3.8352656,NISQAv2
/data/nhandt23/Dataset/MMSData/13GKsS26F4U/asr_subtitle/wavs/13GKsS26F4U_01227.wav,2.5895016,2.5877254,3.9109085,3.456966,3.6029737,NISQAv2
/data/nhandt23/Dataset/MMSData/13GKsS26F4U/asr_subtitle/wavs/13GKsS26F4U_03711.wav,3.7940319,2.486077,4.273336,4.0414944,4.0758376,NISQAv2
/data/nhandt23/Dataset/MMSData/13GKsS26F4U/asr_subtitle/wavs/13GKsS26F4U_02660.wav,3.2753155,2.2601604,4.293486,3.677272,3.9613345,NISQAv2
/data/nhandt23/Dataset/MMSData/13GKsS26F4U/asr_subtitle/wavs/13GKsS26F4U_03396.wav,2.9374735,2.1578515,4.1553516,3.958582,3.0986814,NISQAv2
/data/nhandt23/Dataset/MMSData/13GKsS26F4U/asr_subtitle/wavs/13GKsS26F4U_00057.wav,3.3285704,2.2337284,4.278158,3.8799238,3.1709495,NISQAv2
/data/nhandt23/Dataset/MMSData/13GKsS26F4U/asr_subtitle/wavs/13GKsS26F4U_02413.wav,4.165868,2.0207915,4.660798,4.2667375,4.0511136,NISQAv2
/data/nhandt23/Dataset/MMSData/13GKsS26F4U/asr_subtitle/wavs/13GKsS26F4U_00482.wav,3.4634874,2.2753181,4.2557898,4.003983,3.962796,NISQAv2
/data/nhandt23/Dataset/MMSData/13GKsS26F4U/asr_subtitle/wavs/13GKsS26F4U_03538.wav,3.188202,2.4338787,4.3431797,4.0905414,3.2913678,NISQAv2
/data/nhandt23/Dataset/MMSData/13GKsS26F4U/asr_subtitle/wavs/13GKsS26F4U_04006.wav,3.251817,2.4665337,3.0162282,3.8186514,3.4380429,NISQAv2
/data/nhandt23/Dataset/MMSData/13GKsS26F4U/asr_subtitle/wavs/13GKsS26F4U_03355.wav,4.083999,2.864375,4.5743427,4.269582,4.2576203,NISQAv2
/data/nhandt23/Dataset/MMSData/13GKsS26F4U/asr_subtitle/wavs/13GKsS26F4U_03488.wav,3.4223206,2.2057726,4.4723263,4.2891736,4.045427,NISQAv2
/data/nhandt23/Dataset/MMSData/13GKsS26F4U/asr_subtitle/wavs/13GKsS26F4U_00988.wav,2.8379595,2.4493744,4.2872767,3.8886359,3.8645742,NISQAv2
/data/nhandt23/Dataset/MMSData/13GKsS26F4U/asr_subtitle/wavs/13GKsS26F4U_04843.wav,3.9693925,2.5386672,4.5171165,4.1690207,3.9819806,NISQAv2
/data/nhandt23/Dataset/MMSData/13GKsS26F4U/asr_subtitle/wavs/13GKsS26F4U_01764.wav,3.1487048,2.195955,4.269371,4.0478964,3.6938646,NISQAv2
/data/nhandt23/Dataset/MMSData/13GKsS26F4U/asr_subtitle/wavs/13GKsS26F4U_00519.wav,3.5337834,2.8281262,4.1983857,3.856547,4.076658,NISQAv2
/data/nhandt23/Dataset/MMSData/13GKsS26F4U/asr_subtitle/wavs/13GKsS26F4U_01051.wav,4.30643,2.1896076,4.760044,4.3710847,4.330072,NISQAv2
/data/nhandt23/Dataset/MMSData/13GKsS26F4U/asr_subtitle/wavs/13GKsS26F4U_01317.wav,3.317209,2.6685147,4.1729183,4.0511975,4.001461,NISQAv2
/data/nhandt23/Dataset/MMSData/13GKsS26F4U/asr_subtitle/wavs/13GKsS26F4U_04274.wav,3.4792318,2.361094,4.4168353,4.262105,3.9911785,NISQAv2
/data/nhandt23/Dataset/MMSData/13GKsS26F4U/asr_subtitle/wavs/13GKsS26F4U_05010.wav,3.5703104,2.440877,4.427829,4.106741,4.109032,NISQAv2
/data/nhandt23/Dataset/MMSData/13GKsS26F4U/asr_subtitle/wavs/13GKsS26F4U_01234.wav,2.5933201,2.1409855,4.227971,4.0856013,3.7516391,NISQAv2
/data/nhandt23/Dataset/MMSData/13GKsS26F4U/asr_subtitle/wavs/13GKsS26F4U_02075.wav,3.8450453,2.463772,4.5334325,4.289619,3.961604,NISQAv2
/data/nhandt23/Dataset/MMSData/13GKsS26F4U/asr_subtitle/wavs/13GKsS26F4U_01671.wav,2.854997,2.5788615,4.062395,4.10897,4.0509367,NISQAv2
/data/nhandt23/Dataset/MMSData/13GKsS26F4U/asr_subtitle/wavs/13GKsS26F4U_00343.wav,2.6998947,2.4301002,4.074346,4.0516276,3.998531,NISQAv2
/data/nhandt23/Dataset/MMSData/13GKsS26F4U/asr_subtitle/wavs/13GKsS26F4U_03816.wav,3.484863,3.035731,4.1034145,3.8834572,3.6177871,NISQAv2
/data/nhandt23/Dataset/MMSData/13GKsS26F4U/asr_subtitle/wavs/13GKsS26F4U_03104.wav,2.7801468,2.1489115,4.187063,4.0384293,3.639594,NISQAv2
/data/nhandt23/Dataset/MMSData/13GKsS26F4U/asr_subtitle/wavs/13GKsS26F4U_01343.wav,3.508537,2.440143,4.5114865,4.0393233,3.841041,NISQAv2
/data/nhandt23/Dataset/MMSData/13GKsS26F4U/asr_subtitle/wavs/13GKsS26F4U_02141.wav,2.6582673,2.4073153,4.037739,3.776682,3.437544,NISQAv2
/data/nhandt23/Dataset/MMSData/13GKsS26F4U/asr_subtitle/wavs/13GKsS26F4U_03359.wav,3.171159,2.5597918,4.2380867,3.8821127,4.042789,NISQAv2
/data/nhandt23/Dataset/MMSData/13GKsS26F4U/asr_subtitle/wavs/13GKsS26F4U_01613.wav,2.7108448,2.4404416,3.8463283,3.6992958,3.7573826,NISQAv2
/data/nhandt23/Dataset/MMSData/13GKsS26F4U/asr_subtitle/wavs/13GKsS26F4U_04637.wav,2.4960983,2.9027507,3.5685375,3.1562662,3.330901,NISQAv2
/data/nhandt23/Dataset/MMSData/13GKsS26F4U/asr_subtitle/wavs/13GKsS26F4U_03588.wav,3.6822422,2.4611528,4.514107,4.1810355,3.9042835,NISQAv2
/data/nhandt23/Dataset/MMSData/13GKsS26F4U/asr_subtitle/wavs/13GKsS26F4U_00552.wav,3.1380737,2.4428957,4.315302,4.070234,4.115765,NISQAv2
/data/nhandt23/Dataset/MMSData/13GKsS26F4U/asr_subtitle/wavs/13GKsS26F4U_03131.wav,3.754349,2.501743,4.239437,4.056405,3.4540377,NISQAv2
/data/nhandt23/Dataset/MMSData/13GKsS26F4U/asr_subtitle/wavs/13GKsS26F4U_04082.wav,2.6827304,2.223917,3.972927,3.9334009,3.4578838,NISQAv2
/data/nhandt23/Dataset/MMSData/13GKsS26F4U/asr_subtitle/wavs/13GKsS26F4U_03842.wav,3.456462,2.8775432,4.061204,4.138159,3.870025,NISQAv2
/data/nhandt23/Dataset/MMSData/13GKsS26F4U/asr_subtitle/wavs/13GKsS26F4U_02705.wav,3.6465979,2.2599242,4.478511,4.1813993,4.183047,NISQAv2
/data/nhandt23/Dataset/MMSData/13GKsS26F4U/asr_subtitle/wavs/13GKsS26F4U_00332.wav,3.6114419,1.7210138,4.414158,4.093184,3.9679892,NISQAv2
/data/nhandt23/Dataset/MMSData/13GKsS26F4U/asr_subtitle/wavs/13GKsS26F4U_04974.wav,2.7236402,3.1193135,4.020454,3.4660084,3.7135878,NISQAv2
/data/nhandt23/Dataset/MMSData/13GKsS26F4U/asr_subtitle/wavs/13GKsS26F4U_04826.wav,3.1493075,2.55015,4.5350695,4.2168403,3.8775835,NISQAv2
/data/nhandt23/Dataset/MMSData/13GKsS26F4U/asr_subtitle/wavs/13GKsS26F4U_02096.wav,3.1492329,2.0901725,4.2248983,3.9583766,3.0426168,NISQAv2
/data/nhandt23/Dataset/MMSData/13GKsS26F4U/asr_subtitle/wavs/13GKsS26F4U_03332.wav,3.131635,2.8751018,4.09108,3.7448404,3.9134223,NISQAv2
/data/nhandt23/Dataset/MMSData/13GKsS26F4U/asr_subtitle/wavs/13GKsS26F4U_02571.wav,2.9458091,2.5538223,3.8708055,4.1084847,4.034257,NISQAv2
/data/nhandt23/Dataset/MMSData/13GKsS26F4U/asr_subtitle/wavs/13GKsS26F4U_03257.wav,3.0160487,2.1446235,4.252313,4.0966296,4.1749988,NISQAv2
/data/nhandt23/Dataset/MMSData/13GKsS26F4U/asr_subtitle/wavs/13GKsS26F4U_02487.wav,2.6563118,2.3894444,3.9832356,3.4944913,3.6152103,NISQAv2
/data/nhandt23/Dataset/MMSData/13GKsS26F4U/asr_subtitle/wavs/13GKsS26F4U_02139.wav,3.2766187,2.4827569,4.240443,4.2050138,3.893616,NISQAv2
/data/nhandt23/Dataset/MMSData/13GKsS26F4U/asr_subtitle/wavs/13GKsS26F4U_03242.wav,3.7595546,3.0357895,4.414307,4.2546687,4.0706377,NISQAv2
/data/nhandt23/Dataset/MMSData/13GKsS26F4U/asr_subtitle/wavs/13GKsS26F4U_03787.wav,2.6892157,2.6214569,3.4247987,3.768235,3.5576556,NISQAv2
/data/nhandt23/Dataset/MMSData/13GKsS26F4U/asr_subtitle/wavs/13GKsS26F4U_01972.wav,3.4743602,2.6938143,4.253811,4.1528015,3.7464404,NISQAv2
/data/nhandt23/Dataset/MMSData/13GKsS26F4U/asr_subtitle/wavs/13GKsS26F4U_00151.wav,2.8483176,1.7515597,3.7668922,3.5563629,3.285513,NISQAv2
/data/nhandt23/Dataset/MMSData/13GKsS26F4U/asr_subtitle/wavs/13GKsS26F4U_00840.wav,3.0720265,2.672991,3.332985,3.8121903,3.903539,NISQAv2
/data/nhandt23/Dataset/MMSData/13GKsS26F4U/asr_subtitle/wavs/13GKsS26F4U_03752.wav,3.6189842,2.6263187,4.669911,4.482519,4.491689,NISQAv2
/data/nhandt23/Dataset/MMSData/13GKsS26F4U/asr_subtitle/wavs/13GKsS26F4U_04745.wav,2.4626858,2.399293,4.444637,4.2797246,3.8661058,NISQAv2
/data/nhandt23/Dataset/MMSData/13GKsS26F4U/asr_subtitle/wavs/13GKsS26F4U_03111.wav,3.589777,1.996978,4.2873764,3.9985976,4.262152,NISQAv2
/data/nhandt23/Dataset/MMSData/13GKsS26F4U/asr_subtitle/wavs/13GKsS26F4U_02695.wav,2.7053032,2.152899,3.165128,3.90918,3.8840373,NISQAv2
/data/nhandt23/Dataset/MMSData/13GKsS26F4U/asr_subtitle/wavs/13GKsS26F4U_02824.wav,4.083815,2.6276474,4.730359,4.4036317,4.1811604,NISQAv2
/data/nhandt23/Dataset/MMSData/13GKsS26F4U/asr_subtitle/wavs/13GKsS26F4U_03723.wav,3.1181924,2.1574578,4.050609,4.086173,3.5585902,NISQAv2
/data/nhandt23/Dataset/MMSData/13GKsS26F4U/asr_subtitle/wavs/13GKsS26F4U_03474.wav,3.4418411,2.5872507,4.306772,4.296709,4.1136723,NISQAv2
/data/nhandt23/Dataset/MMSData/13GKsS26F4U/asr_subtitle/wavs/13GKsS26F4U_02576.wav,2.520607,2.196689,4.085159,3.5737464,3.4267888,NISQAv2
/data/nhandt23/Dataset/MMSData/13GKsS26F4U/asr_subtitle/wavs/13GKsS26F4U_01642.wav,2.948097,1.989994,4.386503,4.261564,3.617931,NISQAv2
/data/nhandt23/Dataset/MMSData/13GKsS26F4U/asr_subtitle/wavs/13GKsS26F4U_00998.wav,2.792208,2.6905024,3.931647,4.0773377,3.8453472,NISQAv2
/data/nhandt23/Dataset/MMSData/13GKsS26F4U/asr_subtitle/wavs/13GKsS26F4U_02137.wav,2.437823,2.10411,2.5431142,3.136646,3.2260678,NISQAv2
/data/nhandt23/Dataset/MMSData/13GKsS26F4U/asr_subtitle/wavs/13GKsS26F4U_04318.wav,3.691949,2.4498203,4.4035616,4.0817046,4.0588546,NISQAv2
/data/nhandt23/Dataset/MMSData/13GKsS26F4U/asr_subtitle/wavs/13GKsS26F4U_01650.wav,3.5606182,2.4554746,4.0405045,4.1779203,3.4573238,NISQAv2
/data/nhandt23/Dataset/MMSData/13GKsS26F4U/asr_subtitle/wavs/13GKsS26F4U_03767.wav,2.9913852,2.0469553,3.0594049,3.7692568,3.8946416,NISQAv2
/data/nhandt23/Dataset/MMSData/13GKsS26F4U/asr_subtitle/wavs/13GKsS26F4U_04634.wav,4.096176,2.190893,4.548989,4.251057,4.1338434,NISQAv2
/data/nhandt23/Dataset/MMSData/13GKsS26F4U/asr_subtitle/wavs/13GKsS26F4U_00137.wav,3.3842196,2.5660484,4.094769,3.997647,3.7496297,NISQAv2
/data/nhandt23/Dataset/MMSData/13GKsS26F4U/asr_subtitle/wavs/13GKsS26F4U_01284.wav,3.4896615,2.348735,4.567691,4.091185,4.344025,NISQAv2
/data/nhandt23/Dataset/MMSData/13GKsS26F4U/asr_subtitle/wavs/13GKsS26F4U_04166.wav,2.6848643,2.7940018,3.8425384,3.7719734,3.2724884,NISQAv2
/data/nhandt23/Dataset/MMSData/13GKsS26F4U/asr_subtitle/wavs/13GKsS26F4U_01969.wav,3.504516,2.811225,4.00994,3.7849848,3.715503,NISQAv2
/data/nhandt23/Dataset/MMSData/13GKsS26F4U/asr_subtitle/wavs/13GKsS26F4U_04859.wav,3.0248835,2.3375585,4.3666286,4.1070113,3.9977472,NISQAv2
/data/nhandt23/Dataset/MMSData/13GKsS26F4U/asr_subtitle/wavs/13GKsS26F4U_00911.wav,3.7309449,2.6757224,4.4152484,3.9429648,4.049342,NISQAv2
/data/nhandt23/Dataset/MMSData/13GKsS26F4U/asr_subtitle/wavs/13GKsS26F4U_03379.wav,3.8705466,2.5319467,4.567663,4.4574385,4.1998405,NISQAv2
/data/nhandt23/Dataset/MMSData/13GKsS26F4U/asr_subtitle/wavs/13GKsS26F4U_01086.wav,3.1830733,2.2489502,4.049358,3.9330435,3.5421288,NISQAv2
/data/nhandt23/Dataset/MMSData/13GKsS26F4U/asr_subtitle/wavs/13GKsS26F4U_03327.wav,3.3096778,2.4949708,4.15777,3.953902,3.3695636,NISQAv2
/data/nhandt23/Dataset/MMSData/13GKsS26F4U/asr_subtitle/wavs/13GKsS26F4U_04431.wav,2.8304465,2.3347075,4.173005,3.8707843,3.9801052,NISQAv2
/data/nhandt23/Dataset/MMSData/13GKsS26F4U/asr_subtitle/wavs/13GKsS26F4U_02606.wav,2.9636934,2.256076,4.1568737,4.2501073,4.068293,NISQAv2
/data/nhandt23/Dataset/MMSData/13GKsS26F4U/asr_subtitle/wavs/13GKsS26F4U_04467.wav,3.2513292,2.5992537,4.334387,4.153305,3.998624,NISQAv2
/data/nhandt23/Dataset/MMSData/13GKsS26F4U/asr_subtitle/wavs/13GKsS26F4U_04302.wav,2.5818686,2.3583972,2.1984766,3.174579,3.185541,NISQAv2
/data/nhandt23/Dataset/MMSData/13GKsS26F4U/asr_subtitle/wavs/13GKsS26F4U_00158.wav,2.2694917,2.4941313,3.2954905,3.6906207,2.9314635,NISQAv2
/data/nhandt23/Dataset/MMSData/13GKsS26F4U/asr_subtitle/wavs/13GKsS26F4U_02849.wav,3.3901608,2.6820638,4.372205,4.207108,4.0233426,NISQAv2
/data/nhandt23/Dataset/MMSData/13GKsS26F4U/asr_subtitle/wavs/13GKsS26F4U_00539.wav,2.8085058,2.174251,4.1184454,3.9269187,3.6661015,NISQAv2
/data/nhandt23/Dataset/MMSData/13GKsS26F4U/asr_subtitle/wavs/13GKsS26F4U_04435.wav,2.81634,2.1416838,4.233455,4.087972,3.74138,NISQAv2
/data/nhandt23/Dataset/MMSData/13GKsS26F4U/asr_subtitle/wavs/13GKsS26F4U_03996.wav,3.734864,2.5157635,4.1462135,3.579385,3.2325466,NISQAv2
/data/nhandt23/Dataset/MMSData/13GKsS26F4U/asr_subtitle/wavs/13GKsS26F4U_00598.wav,2.8906488,1.9156904,3.987569,4.0076275,3.5915892,NISQAv2
/data/nhandt23/Dataset/MMSData/13GKsS26F4U/asr_subtitle/wavs/13GKsS26F4U_02168.wav,3.5894072,2.069482,4.541034,4.28727,4.0134745,NISQAv2
/data/nhandt23/Dataset/MMSData/13GKsS26F4U/asr_subtitle/wavs/13GKsS26F4U_02175.wav,3.494902,2.415735,4.486862,4.0756783,4.0449023,NISQAv2
/data/nhandt23/Dataset/MMSData/13GKsS26F4U/asr_subtitle/wavs/13GKsS26F4U_03210.wav,3.2041237,2.7799888,4.443459,4.0936947,3.9684227,NISQAv2
/data/nhandt23/Dataset/MMSData/13GKsS26F4U/asr_subtitle/wavs/13GKsS26F4U_03284.wav,3.423838,2.349141,4.5743785,4.159736,3.6380918,NISQAv2
/data/nhandt23/Dataset/MMSData/13GKsS26F4U/asr_subtitle/wavs/13GKsS26F4U_04929.wav,3.497905,2.6217782,4.4835443,4.1439953,4.1315293,NISQAv2
/data/nhandt23/Dataset/MMSData/13GKsS26F4U/asr_subtitle/wavs/13GKsS26F4U_04035.wav,3.4192202,2.6316273,3.919908,3.9887135,4.0087376,NISQAv2
/data/nhandt23/Dataset/MMSData/13GKsS26F4U/asr_subtitle/wavs/13GKsS26F4U_00114.wav,3.268798,2.4963622,3.970266,4.0229983,3.8178096,NISQAv2
/data/nhandt23/Dataset/MMSData/13GKsS26F4U/asr_subtitle/wavs/13GKsS26F4U_03179.wav,2.575647,2.4185765,3.532658,3.8734727,4.2434535,NISQAv2
/data/nhandt23/Dataset/MMSData/13GKsS26F4U/asr_subtitle/wavs/13GKsS26F4U_03132.wav,3.530109,2.4750187,4.6934032,4.3559203,4.3392673,NISQAv2
/data/nhandt23/Dataset/MMSData/13GKsS26F4U/asr_subtitle/wavs/13GKsS26F4U_03758.wav,3.2912986,1.8741643,4.432351,4.1166177,3.6285613,NISQAv2
/data/nhandt23/Dataset/MMSData/13GKsS26F4U/asr_subtitle/wavs/13GKsS26F4U_02482.wav,3.2898111,2.6525044,4.538204,3.977605,3.916533,NISQAv2
/data/nhandt23/Dataset/MMSData/13GKsS26F4U/asr_subtitle/wavs/13GKsS26F4U_01230.wav,3.5183165,2.5880778,4.3384237,4.126632,3.4486883,NISQAv2
/data/nhandt23/Dataset/MMSData/13GKsS26F4U/asr_subtitle/wavs/13GKsS26F4U_04555.wav,3.3908186,1.9070666,4.4133825,4.196945,3.8222468,NISQAv2
/data/nhandt23/Dataset/MMSData/13GKsS26F4U/asr_subtitle/wavs/13GKsS26F4U_00813.wav,2.68249,2.4742625,3.8581789,3.6802251,2.8435118,NISQAv2
/data/nhandt23/Dataset/MMSData/13GKsS26F4U/asr_subtitle/wavs/13GKsS26F4U_02918.wav,3.840419,2.2289715,4.1034184,3.8672678,3.8885076,NISQAv2
/data/nhandt23/Dataset/MMSData/13GKsS26F4U/asr_subtitle/wavs/13GKsS26F4U_02632.wav,2.0296402,2.3823931,2.9003432,3.1976027,3.5600827,NISQAv2
/data/nhandt23/Dataset/MMSData/13GKsS26F4U/asr_subtitle/wavs/13GKsS26F4U_02370.wav,3.1293142,2.7571218,4.2031355,3.8115668,3.6178124,NISQAv2
/data/nhandt23/Dataset/MMSData/13GKsS26F4U/asr_subtitle/wavs/13GKsS26F4U_01689.wav,3.6553185,2.4851966,4.3671064,4.0384455,4.0896173,NISQAv2
/data/nhandt23/Dataset/MMSData/13GKsS26F4U/asr_subtitle/wavs/13GKsS26F4U_02519.wav,3.5664153,2.145686,4.3747215,3.9329097,3.4482267,NISQAv2
/data/nhandt23/Dataset/MMSData/13GKsS26F4U/asr_subtitle/wavs/13GKsS26F4U_01326.wav,4.1419926,3.0480764,4.7524176,4.453921,4.472406,NISQAv2
/data/nhandt23/Dataset/MMSData/13GKsS26F4U/asr_subtitle/wavs/13GKsS26F4U_00958.wav,4.361642,2.1097996,4.631866,4.3780317,4.336995,NISQAv2
/data/nhandt23/Dataset/MMSData/13GKsS26F4U/asr_subtitle/wavs/13GKsS26F4U_00798.wav,2.174267,2.2087786,3.9825578,3.5013835,3.565972,NISQAv2
/data/nhandt23/Dataset/MMSData/13GKsS26F4U/asr_subtitle/wavs/13GKsS26F4U_03743.wav,3.2536018,2.527019,4.3918433,4.102945,3.4742956,NISQAv2
/data/nhandt23/Dataset/MMSData/13GKsS26F4U/asr_subtitle/wavs/13GKsS26F4U_02505.wav,3.6626031,2.4907355,4.548003,4.1728487,3.9076164,NISQAv2
/data/nhandt23/Dataset/MMSData/13GKsS26F4U/asr_subtitle/wavs/13GKsS26F4U_03009.wav,3.7763507,2.0618992,4.474263,4.2332616,3.6113522,NISQAv2
/data/nhandt23/Dataset/MMSData/13GKsS26F4U/asr_subtitle/wavs/13GKsS26F4U_00619.wav,2.3765337,2.6217847,4.200814,3.750774,3.1728795,NISQAv2
/data/nhandt23/Dataset/MMSData/13GKsS26F4U/asr_subtitle/wavs/13GKsS26F4U_00034.wav,3.2143505,2.5116127,4.2865567,3.985316,3.876357,NISQAv2
/data/nhandt23/Dataset/MMSData/13GKsS26F4U/asr_subtitle/wavs/13GKsS26F4U_04434.wav,2.941076,2.0864198,4.143189,4.0751996,3.8906825,NISQAv2
/data/nhandt23/Dataset/MMSData/13GKsS26F4U/asr_subtitle/wavs/13GKsS26F4U_04640.wav,3.6317275,2.031891,4.515644,3.9012597,4.241154,NISQAv2
/data/nhandt23/Dataset/MMSData/13GKsS26F4U/asr_subtitle/wavs/13GKsS26F4U_03695.wav,3.3880832,2.410436,4.315561,3.876464,3.9730418,NISQAv2
/data/nhandt23/Dataset/MMSData/13GKsS26F4U/asr_subtitle/wavs/13GKsS26F4U_02714.wav,3.3365002,2.3398263,3.8687518,4.173351,3.9181206,NISQAv2
/data/nhandt23/Dataset/MMSData/13GKsS26F4U/asr_subtitle/wavs/13GKsS26F4U_03593.wav,2.9934995,2.3097374,3.9939024,3.7472053,3.7012432,NISQAv2
/data/nhandt23/Dataset/MMSData/13GKsS26F4U/asr_subtitle/wavs/13GKsS26F4U_04197.wav,2.3806407,2.4950526,3.4591496,3.6872175,3.7503192,NISQAv2
/data/nhandt23/Dataset/MMSData/13GKsS26F4U/asr_subtitle/wavs/13GKsS26F4U_01145.wav,3.1869,2.6480691,4.1472006,3.8218431,3.9462485,NISQAv2
/data/nhandt23/Dataset/MMSData/13GKsS26F4U/asr_subtitle/wavs/13GKsS26F4U_03108.wav,2.588312,2.3630557,3.8482158,3.8742332,3.9126565,NISQAv2
/data/nhandt23/Dataset/MMSData/13GKsS26F4U/asr_subtitle/wavs/13GKsS26F4U_01356.wav,3.3856056,2.3183784,3.81869,3.69563,3.8644655,NISQAv2
/data/nhandt23/Dataset/MMSData/13GKsS26F4U/asr_subtitle/wavs/13GKsS26F4U_01225.wav,3.6156855,1.7841288,4.272999,4.002913,3.3831694,NISQAv2
/data/nhandt23/Dataset/MMSData/13GKsS26F4U/asr_subtitle/wavs/13GKsS26F4U_04005.wav,3.8594854,2.0653427,4.4501734,4.0905447,4.064925,NISQAv2
/data/nhandt23/Dataset/MMSData/13GKsS26F4U/asr_subtitle/wavs/13GKsS26F4U_00294.wav,2.0067692,1.9501039,3.3980038,2.9069016,2.8749278,NISQAv2
/data/nhandt23/Dataset/MMSData/13GKsS26F4U/asr_subtitle/wavs/13GKsS26F4U_01198.wav,2.491502,2.448552,3.746169,3.6167142,3.5207002,NISQAv2
/data/nhandt23/Dataset/MMSData/13GKsS26F4U/asr_subtitle/wavs/13GKsS26F4U_00701.wav,2.4578593,2.7051623,2.8243234,3.7780232,4.086758,NISQAv2
/data/nhandt23/Dataset/MMSData/13GKsS26F4U/asr_subtitle/wavs/13GKsS26F4U_03453.wav,2.9567473,2.1130233,3.7303658,3.5709214,3.314287,NISQAv2
/data/nhandt23/Dataset/MMSData/13GKsS26F4U/asr_subtitle/wavs/13GKsS26F4U_04381.wav,2.559407,2.4163888,3.9402833,3.6386025,3.6013048,NISQAv2
/data/nhandt23/Dataset/MMSData/13GKsS26F4U/asr_subtitle/wavs/13GKsS26F4U_04365.wav,3.2060852,2.0507245,3.6206744,3.133345,2.8892672,NISQAv2
/data/nhandt23/Dataset/MMSData/13GKsS26F4U/asr_subtitle/wavs/13GKsS26F4U_04611.wav,3.740848,2.8965266,4.301764,4.3612247,4.3397713,NISQAv2
/data/nhandt23/Dataset/MMSData/13GKsS26F4U/asr_subtitle/wavs/13GKsS26F4U_01707.wav,3.92187,2.5600526,4.379878,4.17659,3.9719584,NISQAv2
/data/nhandt23/Dataset/MMSData/13GKsS26F4U/asr_subtitle/wavs/13GKsS26F4U_02752.wav,2.975562,1.3816478,4.482007,3.8717494,4.080615,NISQAv2
/data/nhandt23/Dataset/MMSData/13GKsS26F4U/asr_subtitle/wavs/13GKsS26F4U_02783.wav,3.1388323,2.5159023,4.303644,4.127091,4.1877503,NISQAv2
/data/nhandt23/Dataset/MMSData/13GKsS26F4U/asr_subtitle/wavs/13GKsS26F4U_02544.wav,2.450066,2.3644052,3.79878,3.8316314,3.5171664,NISQAv2
/data/nhandt23/Dataset/MMSData/13GKsS26F4U/asr_subtitle/wavs/13GKsS26F4U_01629.wav,3.9247775,2.5266259,4.303669,4.046151,4.223109,NISQAv2
/data/nhandt23/Dataset/MMSData/13GKsS26F4U/asr_subtitle/wavs/13GKsS26F4U_03580.wav,2.6248775,2.5674632,3.4087133,3.6526558,3.9245713,NISQAv2
/data/nhandt23/Dataset/MMSData/13GKsS26F4U/asr_subtitle/wavs/13GKsS26F4U_00276.wav,2.3671827,2.4537323,3.5035884,3.550384,3.2162273,NISQAv2
