file,mos_pred,model
/data/nhandt23/Dataset/MMSData/13GKsS26F4U/asr_subtitle/wavs/13GKsS26F4U_04214.wav,3.2478692531585693,NISQA_TTS_v1
/data/nhandt23/Dataset/MMSData/13GKsS26F4U/asr_subtitle/wavs/13GKsS26F4U_01516.wav,3.051710367202759,NISQA_TTS_v1
/data/nhandt23/Dataset/MMSData/13GKsS26F4U/asr_subtitle/wavs/13GKsS26F4U_00369.wav,3.220975399017334,NISQA_TTS_v1
/data/nhandt23/Dataset/MMSData/13GKsS26F4U/asr_subtitle/wavs/13GKsS26F4U_01788.wav,3.0897152423858643,NISQA_TTS_v1
/data/nhandt23/Dataset/MMSData/13GKsS26F4U/asr_subtitle/wavs/13GKsS26F4U_01660.wav,3.0587270259857178,NISQA_TTS_v1
/data/nhandt23/Dataset/MMSData/13GKsS26F4U/asr_subtitle/wavs/13GKsS26F4U_03338.wav,3.040753126144409,NISQA_TTS_v1
/data/nhandt23/Dataset/MMSData/13GKsS26F4U/asr_subtitle/wavs/13GKsS26F4U_01391.wav,3.1473090648651123,NISQA_TTS_v1
/data/nhandt23/Dataset/MMSData/13GKsS26F4U/asr_subtitle/wavs/13GKsS26F4U_02702.wav,3.409233808517456,NISQA_TTS_v1
/data/nhandt23/Dataset/MMSData/13GKsS26F4U/asr_subtitle/wavs/13GKsS26F4U_02389.wav,3.3115129470825195,NISQA_TTS_v1
/data/nhandt23/Dataset/MMSData/13GKsS26F4U/asr_subtitle/wavs/13GKsS26F4U_03940.wav,3.122403383255005,NISQA_TTS_v1
/data/nhandt23/Dataset/MMSData/13GKsS26F4U/asr_subtitle/wavs/13GKsS26F4U_01116.wav,3.822199583053589,NISQA_TTS_v1
/data/nhandt23/Dataset/MMSData/13GKsS26F4U/asr_subtitle/wavs/13GKsS26F4U_00050.wav,2.755476236343384,NISQA_TTS_v1
/data/nhandt23/Dataset/MMSData/13GKsS26F4U/asr_subtitle/wavs/13GKsS26F4U_03717.wav,2.8966610431671143,NISQA_TTS_v1
/data/nhandt23/Dataset/MMSData/13GKsS26F4U/asr_subtitle/wavs/13GKsS26F4U_03384.wav,3.795381784439087,NISQA_TTS_v1
/data/nhandt23/Dataset/MMSData/13GKsS26F4U/asr_subtitle/wavs/13GKsS26F4U_02608.wav,3.503187894821167,NISQA_TTS_v1
/data/nhandt23/Dataset/MMSData/13GKsS26F4U/asr_subtitle/wavs/13GKsS26F4U_04764.wav,2.448887348175049,NISQA_TTS_v1
/data/nhandt23/Dataset/MMSData/13GKsS26F4U/asr_subtitle/wavs/13GKsS26F4U_04678.wav,3.4509212970733643,NISQA_TTS_v1
/data/nhandt23/Dataset/MMSData/13GKsS26F4U/asr_subtitle/wavs/13GKsS26F4U_04736.wav,3.4975497722625732,NISQA_TTS_v1
/data/nhandt23/Dataset/MMSData/13GKsS26F4U/asr_subtitle/wavs/13GKsS26F4U_01402.wav,3.1189887523651123,NISQA_TTS_v1
/data/nhandt23/Dataset/MMSData/13GKsS26F4U/asr_subtitle/wavs/13GKsS26F4U_00334.wav,2.7849788665771484,NISQA_TTS_v1
/data/nhandt23/Dataset/MMSData/13GKsS26F4U/asr_subtitle/wavs/13GKsS26F4U_00760.wav,3.5496511459350586,NISQA_TTS_v1
/data/nhandt23/Dataset/MMSData/13GKsS26F4U/asr_subtitle/wavs/13GKsS26F4U_01978.wav,2.9933559894561768,NISQA_TTS_v1
/data/nhandt23/Dataset/MMSData/13GKsS26F4U/asr_subtitle/wavs/13GKsS26F4U_05105.wav,3.4214203357696533,NISQA_TTS_v1
/data/nhandt23/Dataset/MMSData/13GKsS26F4U/asr_subtitle/wavs/13GKsS26F4U_04205.wav,3.4116952419281006,NISQA_TTS_v1
/data/nhandt23/Dataset/MMSData/13GKsS26F4U/asr_subtitle/wavs/13GKsS26F4U_02754.wav,2.6236624717712402,NISQA_TTS_v1
/data/nhandt23/Dataset/MMSData/13GKsS26F4U/asr_subtitle/wavs/13GKsS26F4U_02191.wav,3.1183605194091797,NISQA_TTS_v1
/data/nhandt23/Dataset/MMSData/13GKsS26F4U/asr_subtitle/wavs/13GKsS26F4U_02250.wav,2.6328704357147217,NISQA_TTS_v1
/data/nhandt23/Dataset/MMSData/13GKsS26F4U/asr_subtitle/wavs/13GKsS26F4U_01140.wav,3.042219877243042,NISQA_TTS_v1
/data/nhandt23/Dataset/MMSData/13GKsS26F4U/asr_subtitle/wavs/13GKsS26F4U_01770.wav,2.9354188442230225,NISQA_TTS_v1
/data/nhandt23/Dataset/MMSData/13GKsS26F4U/asr_subtitle/wavs/13GKsS26F4U_02521.wav,3.1248133182525635,NISQA_TTS_v1
/data/nhandt23/Dataset/MMSData/13GKsS26F4U/asr_subtitle/wavs/13GKsS26F4U_04475.wav,3.255250930786133,NISQA_TTS_v1
/data/nhandt23/Dataset/MMSData/13GKsS26F4U/asr_subtitle/wavs/13GKsS26F4U_03482.wav,2.512486696243286,NISQA_TTS_v1
/data/nhandt23/Dataset/MMSData/13GKsS26F4U/asr_subtitle/wavs/13GKsS26F4U_00169.wav,3.536419630050659,NISQA_TTS_v1
/data/nhandt23/Dataset/MMSData/13GKsS26F4U/asr_subtitle/wavs/13GKsS26F4U_04482.wav,3.190049886703491,NISQA_TTS_v1
/data/nhandt23/Dataset/MMSData/13GKsS26F4U/asr_subtitle/wavs/13GKsS26F4U_02431.wav,3.6694014072418213,NISQA_TTS_v1
/data/nhandt23/Dataset/MMSData/13GKsS26F4U/asr_subtitle/wavs/13GKsS26F4U_02952.wav,3.4229018688201904,NISQA_TTS_v1
/data/nhandt23/Dataset/MMSData/13GKsS26F4U/asr_subtitle/wavs/13GKsS26F4U_00029.wav,3.9085021018981934,NISQA_TTS_v1
/data/nhandt23/Dataset/MMSData/13GKsS26F4U/asr_subtitle/wavs/13GKsS26F4U_03260.wav,1.9762128591537476,NISQA_TTS_v1
/data/nhandt23/Dataset/MMSData/13GKsS26F4U/asr_subtitle/wavs/13GKsS26F4U_03650.wav,3.426654100418091,NISQA_TTS_v1
/data/nhandt23/Dataset/MMSData/13GKsS26F4U/asr_subtitle/wavs/13GKsS26F4U_02836.wav,2.657248020172119,NISQA_TTS_v1
/data/nhandt23/Dataset/MMSData/13GKsS26F4U/asr_subtitle/wavs/13GKsS26F4U_03639.wav,2.388284683227539,NISQA_TTS_v1
/data/nhandt23/Dataset/MMSData/13GKsS26F4U/asr_subtitle/wavs/13GKsS26F4U_00835.wav,3.4627649784088135,NISQA_TTS_v1
/data/nhandt23/Dataset/MMSData/13GKsS26F4U/asr_subtitle/wavs/13GKsS26F4U_01529.wav,3.5515542030334473,NISQA_TTS_v1
/data/nhandt23/Dataset/MMSData/13GKsS26F4U/asr_subtitle/wavs/13GKsS26F4U_01812.wav,3.7750537395477295,NISQA_TTS_v1
/data/nhandt23/Dataset/MMSData/13GKsS26F4U/asr_subtitle/wavs/13GKsS26F4U_01301.wav,4.117201328277588,NISQA_TTS_v1
/data/nhandt23/Dataset/MMSData/13GKsS26F4U/asr_subtitle/wavs/13GKsS26F4U_02798.wav,2.84794545173645,NISQA_TTS_v1
/data/nhandt23/Dataset/MMSData/13GKsS26F4U/asr_subtitle/wavs/13GKsS26F4U_02757.wav,2.3936266899108887,NISQA_TTS_v1
/data/nhandt23/Dataset/MMSData/13GKsS26F4U/asr_subtitle/wavs/13GKsS26F4U_04335.wav,3.451822519302368,NISQA_TTS_v1
/data/nhandt23/Dataset/MMSData/13GKsS26F4U/asr_subtitle/wavs/13GKsS26F4U_01555.wav,3.5612289905548096,NISQA_TTS_v1
/data/nhandt23/Dataset/MMSData/13GKsS26F4U/asr_subtitle/wavs/13GKsS26F4U_04550.wav,3.845828056335449,NISQA_TTS_v1
/data/nhandt23/Dataset/MMSData/13GKsS26F4U/asr_subtitle/wavs/13GKsS26F4U_03466.wav,2.235342502593994,NISQA_TTS_v1
/data/nhandt23/Dataset/MMSData/13GKsS26F4U/asr_subtitle/wavs/13GKsS26F4U_04452.wav,2.5099313259124756,NISQA_TTS_v1
/data/nhandt23/Dataset/MMSData/13GKsS26F4U/asr_subtitle/wavs/13GKsS26F4U_00202.wav,2.762890338897705,NISQA_TTS_v1
/data/nhandt23/Dataset/MMSData/13GKsS26F4U/asr_subtitle/wavs/13GKsS26F4U_01760.wav,3.624782085418701,NISQA_TTS_v1
/data/nhandt23/Dataset/MMSData/13GKsS26F4U/asr_subtitle/wavs/13GKsS26F4U_03994.wav,2.6543352603912354,NISQA_TTS_v1
/data/nhandt23/Dataset/MMSData/13GKsS26F4U/asr_subtitle/wavs/13GKsS26F4U_01543.wav,2.809893846511841,NISQA_TTS_v1
/data/nhandt23/Dataset/MMSData/13GKsS26F4U/asr_subtitle/wavs/13GKsS26F4U_01449.wav,2.2245237827301025,NISQA_TTS_v1
/data/nhandt23/Dataset/MMSData/13GKsS26F4U/asr_subtitle/wavs/13GKsS26F4U_03514.wav,3.1950716972351074,NISQA_TTS_v1
/data/nhandt23/Dataset/MMSData/13GKsS26F4U/asr_subtitle/wavs/13GKsS26F4U_04841.wav,3.0578548908233643,NISQA_TTS_v1
/data/nhandt23/Dataset/MMSData/13GKsS26F4U/asr_subtitle/wavs/13GKsS26F4U_00445.wav,3.653555393218994,NISQA_TTS_v1
/data/nhandt23/Dataset/MMSData/13GKsS26F4U/asr_subtitle/wavs/13GKsS26F4U_02381.wav,2.8977150917053223,NISQA_TTS_v1
/data/nhandt23/Dataset/MMSData/13GKsS26F4U/asr_subtitle/wavs/13GKsS26F4U_03510.wav,3.961055040359497,NISQA_TTS_v1
/data/nhandt23/Dataset/MMSData/13GKsS26F4U/asr_subtitle/wavs/13GKsS26F4U_00204.wav,3.024437427520752,NISQA_TTS_v1
/data/nhandt23/Dataset/MMSData/13GKsS26F4U/asr_subtitle/wavs/13GKsS26F4U_00146.wav,3.1253554821014404,NISQA_TTS_v1
/data/nhandt23/Dataset/MMSData/13GKsS26F4U/asr_subtitle/wavs/13GKsS26F4U_02550.wav,2.743597984313965,NISQA_TTS_v1
/data/nhandt23/Dataset/MMSData/13GKsS26F4U/asr_subtitle/wavs/13GKsS26F4U_00823.wav,2.2606818675994873,NISQA_TTS_v1
/data/nhandt23/Dataset/MMSData/13GKsS26F4U/asr_subtitle/wavs/13GKsS26F4U_01367.wav,3.1567771434783936,NISQA_TTS_v1
/data/nhandt23/Dataset/MMSData/13GKsS26F4U/asr_subtitle/wavs/13GKsS26F4U_01658.wav,2.593895673751831,NISQA_TTS_v1
/data/nhandt23/Dataset/MMSData/13GKsS26F4U/asr_subtitle/wavs/13GKsS26F4U_01989.wav,3.585906744003296,NISQA_TTS_v1
/data/nhandt23/Dataset/MMSData/13GKsS26F4U/asr_subtitle/wavs/13GKsS26F4U_00105.wav,2.471618175506592,NISQA_TTS_v1
/data/nhandt23/Dataset/MMSData/13GKsS26F4U/asr_subtitle/wavs/13GKsS26F4U_01720.wav,2.9458446502685547,NISQA_TTS_v1
/data/nhandt23/Dataset/MMSData/13GKsS26F4U/asr_subtitle/wavs/13GKsS26F4U_03899.wav,3.3272173404693604,NISQA_TTS_v1
/data/nhandt23/Dataset/MMSData/13GKsS26F4U/asr_subtitle/wavs/13GKsS26F4U_00914.wav,3.3257052898406982,NISQA_TTS_v1
/data/nhandt23/Dataset/MMSData/13GKsS26F4U/asr_subtitle/wavs/13GKsS26F4U_01054.wav,2.4849822521209717,NISQA_TTS_v1
/data/nhandt23/Dataset/MMSData/13GKsS26F4U/asr_subtitle/wavs/13GKsS26F4U_00082.wav,2.554081678390503,NISQA_TTS_v1
/data/nhandt23/Dataset/MMSData/13GKsS26F4U/asr_subtitle/wavs/13GKsS26F4U_00027.wav,2.5452346801757812,NISQA_TTS_v1
/data/nhandt23/Dataset/MMSData/13GKsS26F4U/asr_subtitle/wavs/13GKsS26F4U_03211.wav,3.0530991554260254,NISQA_TTS_v1
/data/nhandt23/Dataset/MMSData/13GKsS26F4U/asr_subtitle/wavs/13GKsS26F4U_00392.wav,2.524055004119873,NISQA_TTS_v1
/data/nhandt23/Dataset/MMSData/13GKsS26F4U/asr_subtitle/wavs/13GKsS26F4U_02916.wav,3.6128594875335693,NISQA_TTS_v1
/data/nhandt23/Dataset/MMSData/13GKsS26F4U/asr_subtitle/wavs/13GKsS26F4U_03010.wav,3.0594723224639893,NISQA_TTS_v1
/data/nhandt23/Dataset/MMSData/13GKsS26F4U/asr_subtitle/wavs/13GKsS26F4U_03393.wav,3.3138339519500732,NISQA_TTS_v1
/data/nhandt23/Dataset/MMSData/13GKsS26F4U/asr_subtitle/wavs/13GKsS26F4U_00252.wav,3.7463228702545166,NISQA_TTS_v1
/data/nhandt23/Dataset/MMSData/13GKsS26F4U/asr_subtitle/wavs/13GKsS26F4U_04646.wav,3.241394519805908,NISQA_TTS_v1
/data/nhandt23/Dataset/MMSData/13GKsS26F4U/asr_subtitle/wavs/13GKsS26F4U_03060.wav,4.027228355407715,NISQA_TTS_v1
/data/nhandt23/Dataset/MMSData/13GKsS26F4U/asr_subtitle/wavs/13GKsS26F4U_01906.wav,3.694920063018799,NISQA_TTS_v1
/data/nhandt23/Dataset/MMSData/13GKsS26F4U/asr_subtitle/wavs/13GKsS26F4U_04136.wav,3.0827219486236572,NISQA_TTS_v1
/data/nhandt23/Dataset/MMSData/13GKsS26F4U/asr_subtitle/wavs/13GKsS26F4U_02530.wav,3.0165927410125732,NISQA_TTS_v1
/data/nhandt23/Dataset/MMSData/13GKsS26F4U/asr_subtitle/wavs/13GKsS26F4U_03946.wav,3.193079710006714,NISQA_TTS_v1
/data/nhandt23/Dataset/MMSData/13GKsS26F4U/asr_subtitle/wavs/13GKsS26F4U_04155.wav,3.356269359588623,NISQA_TTS_v1
/data/nhandt23/Dataset/MMSData/13GKsS26F4U/asr_subtitle/wavs/13GKsS26F4U_01421.wav,2.4830524921417236,NISQA_TTS_v1
/data/nhandt23/Dataset/MMSData/13GKsS26F4U/asr_subtitle/wavs/13GKsS26F4U_04046.wav,2.550104856491089,NISQA_TTS_v1
/data/nhandt23/Dataset/MMSData/13GKsS26F4U/asr_subtitle/wavs/13GKsS26F4U_00628.wav,3.435084581375122,NISQA_TTS_v1
/data/nhandt23/Dataset/MMSData/13GKsS26F4U/asr_subtitle/wavs/13GKsS26F4U_02461.wav,3.15262770652771,NISQA_TTS_v1
/data/nhandt23/Dataset/MMSData/13GKsS26F4U/asr_subtitle/wavs/13GKsS26F4U_01143.wav,3.0509402751922607,NISQA_TTS_v1
/data/nhandt23/Dataset/MMSData/13GKsS26F4U/asr_subtitle/wavs/13GKsS26F4U_00193.wav,2.9637439250946045,NISQA_TTS_v1
/data/nhandt23/Dataset/MMSData/13GKsS26F4U/asr_subtitle/wavs/13GKsS26F4U_01680.wav,3.223020315170288,NISQA_TTS_v1
/data/nhandt23/Dataset/MMSData/13GKsS26F4U/asr_subtitle/wavs/13GKsS26F4U_04775.wav,2.516629457473755,NISQA_TTS_v1
/data/nhandt23/Dataset/MMSData/13GKsS26F4U/asr_subtitle/wavs/13GKsS26F4U_04853.wav,3.577840566635132,NISQA_TTS_v1
/data/nhandt23/Dataset/MMSData/13GKsS26F4U/asr_subtitle/wavs/13GKsS26F4U_00985.wav,3.319350481033325,NISQA_TTS_v1
/data/nhandt23/Dataset/MMSData/13GKsS26F4U/asr_subtitle/wavs/13GKsS26F4U_01303.wav,3.0134925842285156,NISQA_TTS_v1
/data/nhandt23/Dataset/MMSData/13GKsS26F4U/asr_subtitle/wavs/13GKsS26F4U_02915.wav,3.5052666664123535,NISQA_TTS_v1
/data/nhandt23/Dataset/MMSData/13GKsS26F4U/asr_subtitle/wavs/13GKsS26F4U_04423.wav,3.269516706466675,NISQA_TTS_v1
/data/nhandt23/Dataset/MMSData/13GKsS26F4U/asr_subtitle/wavs/13GKsS26F4U_03245.wav,2.258280038833618,NISQA_TTS_v1
/data/nhandt23/Dataset/MMSData/13GKsS26F4U/asr_subtitle/wavs/13GKsS26F4U_01662.wav,2.9186830520629883,NISQA_TTS_v1
/data/nhandt23/Dataset/MMSData/13GKsS26F4U/asr_subtitle/wavs/13GKsS26F4U_02143.wav,3.3572638034820557,NISQA_TTS_v1
/data/nhandt23/Dataset/MMSData/13GKsS26F4U/asr_subtitle/wavs/13GKsS26F4U_03746.wav,3.121626377105713,NISQA_TTS_v1
/data/nhandt23/Dataset/MMSData/13GKsS26F4U/asr_subtitle/wavs/13GKsS26F4U_01064.wav,3.086160659790039,NISQA_TTS_v1
/data/nhandt23/Dataset/MMSData/13GKsS26F4U/asr_subtitle/wavs/13GKsS26F4U_00333.wav,2.5330724716186523,NISQA_TTS_v1
/data/nhandt23/Dataset/MMSData/13GKsS26F4U/asr_subtitle/wavs/13GKsS26F4U_02255.wav,3.5957796573638916,NISQA_TTS_v1
/data/nhandt23/Dataset/MMSData/13GKsS26F4U/asr_subtitle/wavs/13GKsS26F4U_03627.wav,2.208376169204712,NISQA_TTS_v1
/data/nhandt23/Dataset/MMSData/13GKsS26F4U/asr_subtitle/wavs/13GKsS26F4U_00700.wav,3.6125969886779785,NISQA_TTS_v1
/data/nhandt23/Dataset/MMSData/13GKsS26F4U/asr_subtitle/wavs/13GKsS26F4U_03138.wav,2.714529037475586,NISQA_TTS_v1
/data/nhandt23/Dataset/MMSData/13GKsS26F4U/asr_subtitle/wavs/13GKsS26F4U_02033.wav,3.201857566833496,NISQA_TTS_v1
/data/nhandt23/Dataset/MMSData/13GKsS26F4U/asr_subtitle/wavs/13GKsS26F4U_03095.wav,2.658264398574829,NISQA_TTS_v1
/data/nhandt23/Dataset/MMSData/13GKsS26F4U/asr_subtitle/wavs/13GKsS26F4U_01468.wav,2.944276809692383,NISQA_TTS_v1
/data/nhandt23/Dataset/MMSData/13GKsS26F4U/asr_subtitle/wavs/13GKsS26F4U_02755.wav,2.30645751953125,NISQA_TTS_v1
/data/nhandt23/Dataset/MMSData/13GKsS26F4U/asr_subtitle/wavs/13GKsS26F4U_02847.wav,3.0000998973846436,NISQA_TTS_v1
/data/nhandt23/Dataset/MMSData/13GKsS26F4U/asr_subtitle/wavs/13GKsS26F4U_00065.wav,2.587083578109741,NISQA_TTS_v1
/data/nhandt23/Dataset/MMSData/13GKsS26F4U/asr_subtitle/wavs/13GKsS26F4U_04497.wav,4.372216701507568,NISQA_TTS_v1
/data/nhandt23/Dataset/MMSData/13GKsS26F4U/asr_subtitle/wavs/13GKsS26F4U_04034.wav,3.5092318058013916,NISQA_TTS_v1
/data/nhandt23/Dataset/MMSData/13GKsS26F4U/asr_subtitle/wavs/13GKsS26F4U_04991.wav,3.134347677230835,NISQA_TTS_v1
/data/nhandt23/Dataset/MMSData/13GKsS26F4U/asr_subtitle/wavs/13GKsS26F4U_04392.wav,3.6618475914001465,NISQA_TTS_v1
/data/nhandt23/Dataset/MMSData/13GKsS26F4U/asr_subtitle/wavs/13GKsS26F4U_02498.wav,3.1025192737579346,NISQA_TTS_v1
/data/nhandt23/Dataset/MMSData/13GKsS26F4U/asr_subtitle/wavs/13GKsS26F4U_01869.wav,3.7020463943481445,NISQA_TTS_v1
/data/nhandt23/Dataset/MMSData/13GKsS26F4U/asr_subtitle/wavs/13GKsS26F4U_00487.wav,3.2516491413116455,NISQA_TTS_v1
/data/nhandt23/Dataset/MMSData/13GKsS26F4U/asr_subtitle/wavs/13GKsS26F4U_01766.wav,2.6006247997283936,NISQA_TTS_v1
/data/nhandt23/Dataset/MMSData/13GKsS26F4U/asr_subtitle/wavs/13GKsS26F4U_02466.wav,3.3804662227630615,NISQA_TTS_v1
/data/nhandt23/Dataset/MMSData/13GKsS26F4U/asr_subtitle/wavs/13GKsS26F4U_04488.wav,3.3405144214630127,NISQA_TTS_v1
/data/nhandt23/Dataset/MMSData/13GKsS26F4U/asr_subtitle/wavs/13GKsS26F4U_02008.wav,3.484961986541748,NISQA_TTS_v1
/data/nhandt23/Dataset/MMSData/13GKsS26F4U/asr_subtitle/wavs/13GKsS26F4U_00954.wav,3.105231523513794,NISQA_TTS_v1
/data/nhandt23/Dataset/MMSData/13GKsS26F4U/asr_subtitle/wavs/13GKsS26F4U_00411.wav,3.9731271266937256,NISQA_TTS_v1
/data/nhandt23/Dataset/MMSData/13GKsS26F4U/asr_subtitle/wavs/13GKsS26F4U_03825.wav,3.6657464504241943,NISQA_TTS_v1
/data/nhandt23/Dataset/MMSData/13GKsS26F4U/asr_subtitle/wavs/13GKsS26F4U_01733.wav,3.056227445602417,NISQA_TTS_v1
/data/nhandt23/Dataset/MMSData/13GKsS26F4U/asr_subtitle/wavs/13GKsS26F4U_03502.wav,3.458746910095215,NISQA_TTS_v1
/data/nhandt23/Dataset/MMSData/13GKsS26F4U/asr_subtitle/wavs/13GKsS26F4U_00251.wav,3.814138174057007,NISQA_TTS_v1
/data/nhandt23/Dataset/MMSData/13GKsS26F4U/asr_subtitle/wavs/13GKsS26F4U_00616.wav,3.3968076705932617,NISQA_TTS_v1
/data/nhandt23/Dataset/MMSData/13GKsS26F4U/asr_subtitle/wavs/13GKsS26F4U_03917.wav,3.5849382877349854,NISQA_TTS_v1
/data/nhandt23/Dataset/MMSData/13GKsS26F4U/asr_subtitle/wavs/13GKsS26F4U_02430.wav,2.164807081222534,NISQA_TTS_v1
/data/nhandt23/Dataset/MMSData/13GKsS26F4U/asr_subtitle/wavs/13GKsS26F4U_02821.wav,3.1790175437927246,NISQA_TTS_v1
/data/nhandt23/Dataset/MMSData/13GKsS26F4U/asr_subtitle/wavs/13GKsS26F4U_01052.wav,3.37363862991333,NISQA_TTS_v1
/data/nhandt23/Dataset/MMSData/13GKsS26F4U/asr_subtitle/wavs/13GKsS26F4U_04771.wav,3.487901210784912,NISQA_TTS_v1
/data/nhandt23/Dataset/MMSData/13GKsS26F4U/asr_subtitle/wavs/13GKsS26F4U_04192.wav,2.8885090351104736,NISQA_TTS_v1
/data/nhandt23/Dataset/MMSData/13GKsS26F4U/asr_subtitle/wavs/13GKsS26F4U_01382.wav,3.2231109142303467,NISQA_TTS_v1
/data/nhandt23/Dataset/MMSData/13GKsS26F4U/asr_subtitle/wavs/13GKsS26F4U_03047.wav,2.5728414058685303,NISQA_TTS_v1
/data/nhandt23/Dataset/MMSData/13GKsS26F4U/asr_subtitle/wavs/13GKsS26F4U_03714.wav,2.988560914993286,NISQA_TTS_v1
/data/nhandt23/Dataset/MMSData/13GKsS26F4U/asr_subtitle/wavs/13GKsS26F4U_03239.wav,2.8411262035369873,NISQA_TTS_v1
/data/nhandt23/Dataset/MMSData/13GKsS26F4U/asr_subtitle/wavs/13GKsS26F4U_04502.wav,3.338183641433716,NISQA_TTS_v1
/data/nhandt23/Dataset/MMSData/13GKsS26F4U/asr_subtitle/wavs/13GKsS26F4U_01844.wav,2.540555715560913,NISQA_TTS_v1
/data/nhandt23/Dataset/MMSData/13GKsS26F4U/asr_subtitle/wavs/13GKsS26F4U_03078.wav,3.23362135887146,NISQA_TTS_v1
/data/nhandt23/Dataset/MMSData/13GKsS26F4U/asr_subtitle/wavs/13GKsS26F4U_01731.wav,3.243387460708618,NISQA_TTS_v1
/data/nhandt23/Dataset/MMSData/13GKsS26F4U/asr_subtitle/wavs/13GKsS26F4U_02745.wav,2.7337229251861572,NISQA_TTS_v1
/data/nhandt23/Dataset/MMSData/13GKsS26F4U/asr_subtitle/wavs/13GKsS26F4U_00269.wav,2.7572083473205566,NISQA_TTS_v1
/data/nhandt23/Dataset/MMSData/13GKsS26F4U/asr_subtitle/wavs/13GKsS26F4U_00090.wav,3.0936124324798584,NISQA_TTS_v1
/data/nhandt23/Dataset/MMSData/13GKsS26F4U/asr_subtitle/wavs/13GKsS26F4U_02301.wav,2.3950681686401367,NISQA_TTS_v1
/data/nhandt23/Dataset/MMSData/13GKsS26F4U/asr_subtitle/wavs/13GKsS26F4U_04531.wav,2.1766700744628906,NISQA_TTS_v1
/data/nhandt23/Dataset/MMSData/13GKsS26F4U/asr_subtitle/wavs/13GKsS26F4U_03377.wav,3.5138094425201416,NISQA_TTS_v1
/data/nhandt23/Dataset/MMSData/13GKsS26F4U/asr_subtitle/wavs/13GKsS26F4U_00593.wav,4.287357330322266,NISQA_TTS_v1
/data/nhandt23/Dataset/MMSData/13GKsS26F4U/asr_subtitle/wavs/13GKsS26F4U_03907.wav,3.1835033893585205,NISQA_TTS_v1
/data/nhandt23/Dataset/MMSData/13GKsS26F4U/asr_subtitle/wavs/13GKsS26F4U_01670.wav,3.3668782711029053,NISQA_TTS_v1
/data/nhandt23/Dataset/MMSData/13GKsS26F4U/asr_subtitle/wavs/13GKsS26F4U_02019.wav,3.9086430072784424,NISQA_TTS_v1
/data/nhandt23/Dataset/MMSData/13GKsS26F4U/asr_subtitle/wavs/13GKsS26F4U_01725.wav,2.771981954574585,NISQA_TTS_v1
/data/nhandt23/Dataset/MMSData/13GKsS26F4U/asr_subtitle/wavs/13GKsS26F4U_00218.wav,3.6714375019073486,NISQA_TTS_v1
/data/nhandt23/Dataset/MMSData/13GKsS26F4U/asr_subtitle/wavs/13GKsS26F4U_05053.wav,2.4560470581054688,NISQA_TTS_v1
/data/nhandt23/Dataset/MMSData/13GKsS26F4U/asr_subtitle/wavs/13GKsS26F4U_02649.wav,2.4752044677734375,NISQA_TTS_v1
/data/nhandt23/Dataset/MMSData/13GKsS26F4U/asr_subtitle/wavs/13GKsS26F4U_02728.wav,3.4559953212738037,NISQA_TTS_v1
/data/nhandt23/Dataset/MMSData/13GKsS26F4U/asr_subtitle/wavs/13GKsS26F4U_00018.wav,3.796283721923828,NISQA_TTS_v1
/data/nhandt23/Dataset/MMSData/13GKsS26F4U/asr_subtitle/wavs/13GKsS26F4U_03360.wav,3.4357035160064697,NISQA_TTS_v1
/data/nhandt23/Dataset/MMSData/13GKsS26F4U/asr_subtitle/wavs/13GKsS26F4U_01607.wav,3.1998016834259033,NISQA_TTS_v1
/data/nhandt23/Dataset/MMSData/13GKsS26F4U/asr_subtitle/wavs/13GKsS26F4U_04382.wav,2.428049325942993,NISQA_TTS_v1
/data/nhandt23/Dataset/MMSData/13GKsS26F4U/asr_subtitle/wavs/13GKsS26F4U_00310.wav,3.177656650543213,NISQA_TTS_v1
/data/nhandt23/Dataset/MMSData/13GKsS26F4U/asr_subtitle/wavs/13GKsS26F4U_03812.wav,3.8055977821350098,NISQA_TTS_v1
/data/nhandt23/Dataset/MMSData/13GKsS26F4U/asr_subtitle/wavs/13GKsS26F4U_00372.wav,2.257523536682129,NISQA_TTS_v1
/data/nhandt23/Dataset/MMSData/13GKsS26F4U/asr_subtitle/wavs/13GKsS26F4U_01864.wav,2.912362575531006,NISQA_TTS_v1
/data/nhandt23/Dataset/MMSData/13GKsS26F4U/asr_subtitle/wavs/13GKsS26F4U_00651.wav,3.675663709640503,NISQA_TTS_v1
/data/nhandt23/Dataset/MMSData/13GKsS26F4U/asr_subtitle/wavs/13GKsS26F4U_02354.wav,3.4840657711029053,NISQA_TTS_v1
/data/nhandt23/Dataset/MMSData/13GKsS26F4U/asr_subtitle/wavs/13GKsS26F4U_02228.wav,3.378897190093994,NISQA_TTS_v1
/data/nhandt23/Dataset/MMSData/13GKsS26F4U/asr_subtitle/wavs/13GKsS26F4U_02082.wav,3.111867904663086,NISQA_TTS_v1
/data/nhandt23/Dataset/MMSData/13GKsS26F4U/asr_subtitle/wavs/13GKsS26F4U_00864.wav,3.1450276374816895,NISQA_TTS_v1
/data/nhandt23/Dataset/MMSData/13GKsS26F4U/asr_subtitle/wavs/13GKsS26F4U_02395.wav,3.6812503337860107,NISQA_TTS_v1
/data/nhandt23/Dataset/MMSData/13GKsS26F4U/asr_subtitle/wavs/13GKsS26F4U_00248.wav,3.15545916557312,NISQA_TTS_v1
/data/nhandt23/Dataset/MMSData/13GKsS26F4U/asr_subtitle/wavs/13GKsS26F4U_03536.wav,3.002711296081543,NISQA_TTS_v1
/data/nhandt23/Dataset/MMSData/13GKsS26F4U/asr_subtitle/wavs/13GKsS26F4U_03649.wav,3.0589377880096436,NISQA_TTS_v1
/data/nhandt23/Dataset/MMSData/13GKsS26F4U/asr_subtitle/wavs/13GKsS26F4U_02885.wav,3.3599917888641357,NISQA_TTS_v1
/data/nhandt23/Dataset/MMSData/13GKsS26F4U/asr_subtitle/wavs/13GKsS26F4U_03859.wav,3.9920437335968018,NISQA_TTS_v1
/data/nhandt23/Dataset/MMSData/13GKsS26F4U/asr_subtitle/wavs/13GKsS26F4U_04962.wav,3.233386278152466,NISQA_TTS_v1
/data/nhandt23/Dataset/MMSData/13GKsS26F4U/asr_subtitle/wavs/13GKsS26F4U_03090.wav,2.198634624481201,NISQA_TTS_v1
/data/nhandt23/Dataset/MMSData/13GKsS26F4U/asr_subtitle/wavs/13GKsS26F4U_03786.wav,2.550762414932251,NISQA_TTS_v1
/data/nhandt23/Dataset/MMSData/13GKsS26F4U/asr_subtitle/wavs/13GKsS26F4U_00573.wav,3.5952770709991455,NISQA_TTS_v1
/data/nhandt23/Dataset/MMSData/13GKsS26F4U/asr_subtitle/wavs/13GKsS26F4U_02219.wav,2.0002801418304443,NISQA_TTS_v1
/data/nhandt23/Dataset/MMSData/13GKsS26F4U/asr_subtitle/wavs/13GKsS26F4U_01011.wav,3.7005279064178467,NISQA_TTS_v1
/data/nhandt23/Dataset/MMSData/13GKsS26F4U/asr_subtitle/wavs/13GKsS26F4U_01952.wav,3.689833641052246,NISQA_TTS_v1
/data/nhandt23/Dataset/MMSData/13GKsS26F4U/asr_subtitle/wavs/13GKsS26F4U_01600.wav,3.553013324737549,NISQA_TTS_v1
/data/nhandt23/Dataset/MMSData/13GKsS26F4U/asr_subtitle/wavs/13GKsS26F4U_01048.wav,3.7441344261169434,NISQA_TTS_v1
/data/nhandt23/Dataset/MMSData/13GKsS26F4U/asr_subtitle/wavs/13GKsS26F4U_00361.wav,2.974980115890503,NISQA_TTS_v1
/data/nhandt23/Dataset/MMSData/13GKsS26F4U/asr_subtitle/wavs/13GKsS26F4U_01992.wav,2.915424346923828,NISQA_TTS_v1
/data/nhandt23/Dataset/MMSData/13GKsS26F4U/asr_subtitle/wavs/13GKsS26F4U_04309.wav,3.0386922359466553,NISQA_TTS_v1
/data/nhandt23/Dataset/MMSData/13GKsS26F4U/asr_subtitle/wavs/13GKsS26F4U_01763.wav,3.058743476867676,NISQA_TTS_v1
/data/nhandt23/Dataset/MMSData/13GKsS26F4U/asr_subtitle/wavs/13GKsS26F4U_00883.wav,3.1523795127868652,NISQA_TTS_v1
/data/nhandt23/Dataset/MMSData/13GKsS26F4U/asr_subtitle/wavs/13GKsS26F4U_02336.wav,3.443558931350708,NISQA_TTS_v1
/data/nhandt23/Dataset/MMSData/13GKsS26F4U/asr_subtitle/wavs/13GKsS26F4U_04447.wav,4.302572250366211,NISQA_TTS_v1
/data/nhandt23/Dataset/MMSData/13GKsS26F4U/asr_subtitle/wavs/13GKsS26F4U_04493.wav,3.4847147464752197,NISQA_TTS_v1
/data/nhandt23/Dataset/MMSData/13GKsS26F4U/asr_subtitle/wavs/13GKsS26F4U_02069.wav,2.4874980449676514,NISQA_TTS_v1
/data/nhandt23/Dataset/MMSData/13GKsS26F4U/asr_subtitle/wavs/13GKsS26F4U_05122.wav,3.231536626815796,NISQA_TTS_v1
/data/nhandt23/Dataset/MMSData/13GKsS26F4U/asr_subtitle/wavs/13GKsS26F4U_02647.wav,3.55216383934021,NISQA_TTS_v1
/data/nhandt23/Dataset/MMSData/13GKsS26F4U/asr_subtitle/wavs/13GKsS26F4U_01221.wav,3.4273951053619385,NISQA_TTS_v1
/data/nhandt23/Dataset/MMSData/13GKsS26F4U/asr_subtitle/wavs/13GKsS26F4U_00119.wav,2.9293782711029053,NISQA_TTS_v1
/data/nhandt23/Dataset/MMSData/13GKsS26F4U/asr_subtitle/wavs/13GKsS26F4U_02405.wav,3.1019277572631836,NISQA_TTS_v1
/data/nhandt23/Dataset/MMSData/13GKsS26F4U/asr_subtitle/wavs/13GKsS26F4U_03914.wav,3.539905548095703,NISQA_TTS_v1
/data/nhandt23/Dataset/MMSData/13GKsS26F4U/asr_subtitle/wavs/13GKsS26F4U_02763.wav,2.6787643432617188,NISQA_TTS_v1
/data/nhandt23/Dataset/MMSData/13GKsS26F4U/asr_subtitle/wavs/13GKsS26F4U_01931.wav,3.1166512966156006,NISQA_TTS_v1
/data/nhandt23/Dataset/MMSData/13GKsS26F4U/asr_subtitle/wavs/13GKsS26F4U_01930.wav,3.7797000408172607,NISQA_TTS_v1
/data/nhandt23/Dataset/MMSData/13GKsS26F4U/asr_subtitle/wavs/13GKsS26F4U_02098.wav,2.848365068435669,NISQA_TTS_v1
/data/nhandt23/Dataset/MMSData/13GKsS26F4U/asr_subtitle/wavs/13GKsS26F4U_00931.wav,3.420511245727539,NISQA_TTS_v1
/data/nhandt23/Dataset/MMSData/13GKsS26F4U/asr_subtitle/wavs/13GKsS26F4U_01936.wav,2.643821954727173,NISQA_TTS_v1
/data/nhandt23/Dataset/MMSData/13GKsS26F4U/asr_subtitle/wavs/13GKsS26F4U_00354.wav,3.5961053371429443,NISQA_TTS_v1
/data/nhandt23/Dataset/MMSData/13GKsS26F4U/asr_subtitle/wavs/13GKsS26F4U_02709.wav,3.1564571857452393,NISQA_TTS_v1
/data/nhandt23/Dataset/MMSData/13GKsS26F4U/asr_subtitle/wavs/13GKsS26F4U_02115.wav,3.0167644023895264,NISQA_TTS_v1
/data/nhandt23/Dataset/MMSData/13GKsS26F4U/asr_subtitle/wavs/13GKsS26F4U_05075.wav,2.4373984336853027,NISQA_TTS_v1
/data/nhandt23/Dataset/MMSData/13GKsS26F4U/asr_subtitle/wavs/13GKsS26F4U_00426.wav,3.545398473739624,NISQA_TTS_v1
/data/nhandt23/Dataset/MMSData/13GKsS26F4U/asr_subtitle/wavs/13GKsS26F4U_00898.wav,3.960256338119507,NISQA_TTS_v1
/data/nhandt23/Dataset/MMSData/13GKsS26F4U/asr_subtitle/wavs/13GKsS26F4U_01940.wav,3.190404176712036,NISQA_TTS_v1
/data/nhandt23/Dataset/MMSData/13GKsS26F4U/asr_subtitle/wavs/13GKsS26F4U_04393.wav,3.133631467819214,NISQA_TTS_v1
/data/nhandt23/Dataset/MMSData/13GKsS26F4U/asr_subtitle/wavs/13GKsS26F4U_03833.wav,2.7370054721832275,NISQA_TTS_v1
/data/nhandt23/Dataset/MMSData/13GKsS26F4U/asr_subtitle/wavs/13GKsS26F4U_03915.wav,3.1166324615478516,NISQA_TTS_v1
/data/nhandt23/Dataset/MMSData/13GKsS26F4U/asr_subtitle/wavs/13GKsS26F4U_05035.wav,4.020369052886963,NISQA_TTS_v1
/data/nhandt23/Dataset/MMSData/13GKsS26F4U/asr_subtitle/wavs/13GKsS26F4U_02704.wav,2.8477046489715576,NISQA_TTS_v1
/data/nhandt23/Dataset/MMSData/13GKsS26F4U/asr_subtitle/wavs/13GKsS26F4U_02200.wav,3.4476630687713623,NISQA_TTS_v1
/data/nhandt23/Dataset/MMSData/13GKsS26F4U/asr_subtitle/wavs/13GKsS26F4U_05060.wav,2.5996768474578857,NISQA_TTS_v1
/data/nhandt23/Dataset/MMSData/13GKsS26F4U/asr_subtitle/wavs/13GKsS26F4U_00048.wav,3.5263519287109375,NISQA_TTS_v1
/data/nhandt23/Dataset/MMSData/13GKsS26F4U/asr_subtitle/wavs/13GKsS26F4U_02272.wav,3.4289662837982178,NISQA_TTS_v1
/data/nhandt23/Dataset/MMSData/13GKsS26F4U/asr_subtitle/wavs/13GKsS26F4U_01006.wav,3.734341621398926,NISQA_TTS_v1
/data/nhandt23/Dataset/MMSData/13GKsS26F4U/asr_subtitle/wavs/13GKsS26F4U_02787.wav,3.2746336460113525,NISQA_TTS_v1
/data/nhandt23/Dataset/MMSData/13GKsS26F4U/asr_subtitle/wavs/13GKsS26F4U_02734.wav,2.8335697650909424,NISQA_TTS_v1
/data/nhandt23/Dataset/MMSData/13GKsS26F4U/asr_subtitle/wavs/13GKsS26F4U_04873.wav,3.479649066925049,NISQA_TTS_v1
/data/nhandt23/Dataset/MMSData/13GKsS26F4U/asr_subtitle/wavs/13GKsS26F4U_00173.wav,2.8204009532928467,NISQA_TTS_v1
/data/nhandt23/Dataset/MMSData/13GKsS26F4U/asr_subtitle/wavs/13GKsS26F4U_03736.wav,3.1199941635131836,NISQA_TTS_v1
/data/nhandt23/Dataset/MMSData/13GKsS26F4U/asr_subtitle/wavs/13GKsS26F4U_00071.wav,3.2026050090789795,NISQA_TTS_v1
/data/nhandt23/Dataset/MMSData/13GKsS26F4U/asr_subtitle/wavs/13GKsS26F4U_02663.wav,3.095120668411255,NISQA_TTS_v1
/data/nhandt23/Dataset/MMSData/13GKsS26F4U/asr_subtitle/wavs/13GKsS26F4U_01758.wav,2.925029754638672,NISQA_TTS_v1
/data/nhandt23/Dataset/MMSData/13GKsS26F4U/asr_subtitle/wavs/13GKsS26F4U_03304.wav,3.9280292987823486,NISQA_TTS_v1
/data/nhandt23/Dataset/MMSData/13GKsS26F4U/asr_subtitle/wavs/13GKsS26F4U_05138.wav,3.308619737625122,NISQA_TTS_v1
/data/nhandt23/Dataset/MMSData/13GKsS26F4U/asr_subtitle/wavs/13GKsS26F4U_03374.wav,3.4140372276306152,NISQA_TTS_v1
/data/nhandt23/Dataset/MMSData/13GKsS26F4U/asr_subtitle/wavs/13GKsS26F4U_05152.wav,2.8336679935455322,NISQA_TTS_v1
/data/nhandt23/Dataset/MMSData/13GKsS26F4U/asr_subtitle/wavs/13GKsS26F4U_00727.wav,3.6011803150177,NISQA_TTS_v1
/data/nhandt23/Dataset/MMSData/13GKsS26F4U/asr_subtitle/wavs/13GKsS26F4U_03718.wav,3.085181713104248,NISQA_TTS_v1
/data/nhandt23/Dataset/MMSData/13GKsS26F4U/asr_subtitle/wavs/13GKsS26F4U_00296.wav,3.1169259548187256,NISQA_TTS_v1
/data/nhandt23/Dataset/MMSData/13GKsS26F4U/asr_subtitle/wavs/13GKsS26F4U_01544.wav,2.864487886428833,NISQA_TTS_v1
/data/nhandt23/Dataset/MMSData/13GKsS26F4U/asr_subtitle/wavs/13GKsS26F4U_04542.wav,3.7506048679351807,NISQA_TTS_v1
/data/nhandt23/Dataset/MMSData/13GKsS26F4U/asr_subtitle/wavs/13GKsS26F4U_00817.wav,3.4085795879364014,NISQA_TTS_v1
/data/nhandt23/Dataset/MMSData/13GKsS26F4U/asr_subtitle/wavs/13GKsS26F4U_00511.wav,3.0800697803497314,NISQA_TTS_v1
/data/nhandt23/Dataset/MMSData/13GKsS26F4U/asr_subtitle/wavs/13GKsS26F4U_00533.wav,3.092540740966797,NISQA_TTS_v1
/data/nhandt23/Dataset/MMSData/13GKsS26F4U/asr_subtitle/wavs/13GKsS26F4U_00982.wav,2.7713348865509033,NISQA_TTS_v1
/data/nhandt23/Dataset/MMSData/13GKsS26F4U/asr_subtitle/wavs/13GKsS26F4U_04813.wav,2.7943994998931885,NISQA_TTS_v1
/data/nhandt23/Dataset/MMSData/13GKsS26F4U/asr_subtitle/wavs/13GKsS26F4U_03470.wav,2.9846603870391846,NISQA_TTS_v1
/data/nhandt23/Dataset/MMSData/13GKsS26F4U/asr_subtitle/wavs/13GKsS26F4U_01433.wav,2.811542272567749,NISQA_TTS_v1
/data/nhandt23/Dataset/MMSData/13GKsS26F4U/asr_subtitle/wavs/13GKsS26F4U_00989.wav,2.8887574672698975,NISQA_TTS_v1
/data/nhandt23/Dataset/MMSData/13GKsS26F4U/asr_subtitle/wavs/13GKsS26F4U_03888.wav,3.9591736793518066,NISQA_TTS_v1
/data/nhandt23/Dataset/MMSData/13GKsS26F4U/asr_subtitle/wavs/13GKsS26F4U_02429.wav,2.900380849838257,NISQA_TTS_v1
/data/nhandt23/Dataset/MMSData/13GKsS26F4U/asr_subtitle/wavs/13GKsS26F4U_03487.wav,2.9076201915740967,NISQA_TTS_v1
/data/nhandt23/Dataset/MMSData/13GKsS26F4U/asr_subtitle/wavs/13GKsS26F4U_03053.wav,2.8746535778045654,NISQA_TTS_v1
/data/nhandt23/Dataset/MMSData/13GKsS26F4U/asr_subtitle/wavs/13GKsS26F4U_04157.wav,2.665454626083374,NISQA_TTS_v1
/data/nhandt23/Dataset/MMSData/13GKsS26F4U/asr_subtitle/wavs/13GKsS26F4U_04665.wav,3.125784158706665,NISQA_TTS_v1
/data/nhandt23/Dataset/MMSData/13GKsS26F4U/asr_subtitle/wavs/13GKsS26F4U_02253.wav,2.526892900466919,NISQA_TTS_v1
/data/nhandt23/Dataset/MMSData/13GKsS26F4U/asr_subtitle/wavs/13GKsS26F4U_03597.wav,3.469165802001953,NISQA_TTS_v1
/data/nhandt23/Dataset/MMSData/13GKsS26F4U/asr_subtitle/wavs/13GKsS26F4U_01147.wav,3.521456718444824,NISQA_TTS_v1
/data/nhandt23/Dataset/MMSData/13GKsS26F4U/asr_subtitle/wavs/13GKsS26F4U_02537.wav,3.5060312747955322,NISQA_TTS_v1
/data/nhandt23/Dataset/MMSData/13GKsS26F4U/asr_subtitle/wavs/13GKsS26F4U_05065.wav,3.1974189281463623,NISQA_TTS_v1
/data/nhandt23/Dataset/MMSData/13GKsS26F4U/asr_subtitle/wavs/13GKsS26F4U_00804.wav,2.722219228744507,NISQA_TTS_v1
/data/nhandt23/Dataset/MMSData/13GKsS26F4U/asr_subtitle/wavs/13GKsS26F4U_01423.wav,2.628481149673462,NISQA_TTS_v1
/data/nhandt23/Dataset/MMSData/13GKsS26F4U/asr_subtitle/wavs/13GKsS26F4U_01511.wav,3.4760096073150635,NISQA_TTS_v1
/data/nhandt23/Dataset/MMSData/13GKsS26F4U/asr_subtitle/wavs/13GKsS26F4U_04957.wav,3.3348846435546875,NISQA_TTS_v1
/data/nhandt23/Dataset/MMSData/13GKsS26F4U/asr_subtitle/wavs/13GKsS26F4U_02292.wav,3.6466875076293945,NISQA_TTS_v1
/data/nhandt23/Dataset/MMSData/13GKsS26F4U/asr_subtitle/wavs/13GKsS26F4U_02956.wav,3.0379719734191895,NISQA_TTS_v1
/data/nhandt23/Dataset/MMSData/13GKsS26F4U/asr_subtitle/wavs/13GKsS26F4U_00101.wav,3.489422559738159,NISQA_TTS_v1
/data/nhandt23/Dataset/MMSData/13GKsS26F4U/asr_subtitle/wavs/13GKsS26F4U_00509.wav,3.019456386566162,NISQA_TTS_v1
/data/nhandt23/Dataset/MMSData/13GKsS26F4U/asr_subtitle/wavs/13GKsS26F4U_04414.wav,3.4158425331115723,NISQA_TTS_v1
/data/nhandt23/Dataset/MMSData/13GKsS26F4U/asr_subtitle/wavs/13GKsS26F4U_04484.wav,3.25791335105896,NISQA_TTS_v1
/data/nhandt23/Dataset/MMSData/13GKsS26F4U/asr_subtitle/wavs/13GKsS26F4U_04057.wav,3.0617642402648926,NISQA_TTS_v1
/data/nhandt23/Dataset/MMSData/13GKsS26F4U/asr_subtitle/wavs/13GKsS26F4U_04182.wav,3.7658579349517822,NISQA_TTS_v1
/data/nhandt23/Dataset/MMSData/13GKsS26F4U/asr_subtitle/wavs/13GKsS26F4U_00148.wav,3.5728824138641357,NISQA_TTS_v1
/data/nhandt23/Dataset/MMSData/13GKsS26F4U/asr_subtitle/wavs/13GKsS26F4U_04108.wav,3.47525954246521,NISQA_TTS_v1
/data/nhandt23/Dataset/MMSData/13GKsS26F4U/asr_subtitle/wavs/13GKsS26F4U_00802.wav,3.3492910861968994,NISQA_TTS_v1
/data/nhandt23/Dataset/MMSData/13GKsS26F4U/asr_subtitle/wavs/13GKsS26F4U_02034.wav,2.2467286586761475,NISQA_TTS_v1
/data/nhandt23/Dataset/MMSData/13GKsS26F4U/asr_subtitle/wavs/13GKsS26F4U_02775.wav,3.0144894123077393,NISQA_TTS_v1
/data/nhandt23/Dataset/MMSData/13GKsS26F4U/asr_subtitle/wavs/13GKsS26F4U_01858.wav,3.066807270050049,NISQA_TTS_v1
/data/nhandt23/Dataset/MMSData/13GKsS26F4U/asr_subtitle/wavs/13GKsS26F4U_01135.wav,2.197260618209839,NISQA_TTS_v1
/data/nhandt23/Dataset/MMSData/13GKsS26F4U/asr_subtitle/wavs/13GKsS26F4U_02212.wav,2.195247173309326,NISQA_TTS_v1
/data/nhandt23/Dataset/MMSData/13GKsS26F4U/asr_subtitle/wavs/13GKsS26F4U_04576.wav,4.275839328765869,NISQA_TTS_v1
/data/nhandt23/Dataset/MMSData/13GKsS26F4U/asr_subtitle/wavs/13GKsS26F4U_04701.wav,3.8480849266052246,NISQA_TTS_v1
/data/nhandt23/Dataset/MMSData/13GKsS26F4U/asr_subtitle/wavs/13GKsS26F4U_03745.wav,3.309788703918457,NISQA_TTS_v1
/data/nhandt23/Dataset/MMSData/13GKsS26F4U/asr_subtitle/wavs/13GKsS26F4U_00577.wav,3.1328556537628174,NISQA_TTS_v1
/data/nhandt23/Dataset/MMSData/13GKsS26F4U/asr_subtitle/wavs/13GKsS26F4U_04540.wav,3.7365479469299316,NISQA_TTS_v1
/data/nhandt23/Dataset/MMSData/13GKsS26F4U/asr_subtitle/wavs/13GKsS26F4U_03159.wav,1.8878668546676636,NISQA_TTS_v1
/data/nhandt23/Dataset/MMSData/13GKsS26F4U/asr_subtitle/wavs/13GKsS26F4U_04914.wav,4.335938930511475,NISQA_TTS_v1
/data/nhandt23/Dataset/MMSData/13GKsS26F4U/asr_subtitle/wavs/13GKsS26F4U_03281.wav,2.9197165966033936,NISQA_TTS_v1
/data/nhandt23/Dataset/MMSData/13GKsS26F4U/asr_subtitle/wavs/13GKsS26F4U_01557.wav,2.856137990951538,NISQA_TTS_v1
/data/nhandt23/Dataset/MMSData/13GKsS26F4U/asr_subtitle/wavs/13GKsS26F4U_00328.wav,3.200068712234497,NISQA_TTS_v1
/data/nhandt23/Dataset/MMSData/13GKsS26F4U/asr_subtitle/wavs/13GKsS26F4U_03596.wav,2.7962613105773926,NISQA_TTS_v1
/data/nhandt23/Dataset/MMSData/13GKsS26F4U/asr_subtitle/wavs/13GKsS26F4U_04087.wav,2.8230998516082764,NISQA_TTS_v1
/data/nhandt23/Dataset/MMSData/13GKsS26F4U/asr_subtitle/wavs/13GKsS26F4U_02158.wav,3.3670129776000977,NISQA_TTS_v1
/data/nhandt23/Dataset/MMSData/13GKsS26F4U/asr_subtitle/wavs/13GKsS26F4U_03356.wav,3.3200414180755615,NISQA_TTS_v1
/data/nhandt23/Dataset/MMSData/13GKsS26F4U/asr_subtitle/wavs/13GKsS26F4U_00261.wav,3.197089910507202,NISQA_TTS_v1
/data/nhandt23/Dataset/MMSData/13GKsS26F4U/asr_subtitle/wavs/13GKsS26F4U_04229.wav,2.8079254627227783,NISQA_TTS_v1
/data/nhandt23/Dataset/MMSData/13GKsS26F4U/asr_subtitle/wavs/13GKsS26F4U_03407.wav,2.963188886642456,NISQA_TTS_v1
/data/nhandt23/Dataset/MMSData/13GKsS26F4U/asr_subtitle/wavs/13GKsS26F4U_01399.wav,3.595811605453491,NISQA_TTS_v1
/data/nhandt23/Dataset/MMSData/13GKsS26F4U/asr_subtitle/wavs/13GKsS26F4U_00324.wav,3.9000518321990967,NISQA_TTS_v1
/data/nhandt23/Dataset/MMSData/13GKsS26F4U/asr_subtitle/wavs/13GKsS26F4U_03093.wav,3.1696131229400635,NISQA_TTS_v1
/data/nhandt23/Dataset/MMSData/13GKsS26F4U/asr_subtitle/wavs/13GKsS26F4U_00089.wav,2.772710084915161,NISQA_TTS_v1
/data/nhandt23/Dataset/MMSData/13GKsS26F4U/asr_subtitle/wavs/13GKsS26F4U_01179.wav,3.123084783554077,NISQA_TTS_v1
/data/nhandt23/Dataset/MMSData/13GKsS26F4U/asr_subtitle/wavs/13GKsS26F4U_03792.wav,2.5429630279541016,NISQA_TTS_v1
/data/nhandt23/Dataset/MMSData/13GKsS26F4U/asr_subtitle/wavs/13GKsS26F4U_03489.wav,3.080664873123169,NISQA_TTS_v1
/data/nhandt23/Dataset/MMSData/13GKsS26F4U/asr_subtitle/wavs/13GKsS26F4U_03268.wav,3.5506174564361572,NISQA_TTS_v1
/data/nhandt23/Dataset/MMSData/13GKsS26F4U/asr_subtitle/wavs/13GKsS26F4U_01559.wav,3.1298739910125732,NISQA_TTS_v1
/data/nhandt23/Dataset/MMSData/13GKsS26F4U/asr_subtitle/wavs/13GKsS26F4U_01512.wav,2.887185573577881,NISQA_TTS_v1
/data/nhandt23/Dataset/MMSData/13GKsS26F4U/asr_subtitle/wavs/13GKsS26F4U_04100.wav,3.5099377632141113,NISQA_TTS_v1
/data/nhandt23/Dataset/MMSData/13GKsS26F4U/asr_subtitle/wavs/13GKsS26F4U_01164.wav,3.1972944736480713,NISQA_TTS_v1
/data/nhandt23/Dataset/MMSData/13GKsS26F4U/asr_subtitle/wavs/13GKsS26F4U_03539.wav,1.8054941892623901,NISQA_TTS_v1
/data/nhandt23/Dataset/MMSData/13GKsS26F4U/asr_subtitle/wavs/13GKsS26F4U_01049.wav,2.3207414150238037,NISQA_TTS_v1
/data/nhandt23/Dataset/MMSData/13GKsS26F4U/asr_subtitle/wavs/13GKsS26F4U_01139.wav,3.557896852493286,NISQA_TTS_v1
/data/nhandt23/Dataset/MMSData/13GKsS26F4U/asr_subtitle/wavs/13GKsS26F4U_01232.wav,2.604055166244507,NISQA_TTS_v1
/data/nhandt23/Dataset/MMSData/13GKsS26F4U/asr_subtitle/wavs/13GKsS26F4U_02103.wav,4.003849029541016,NISQA_TTS_v1
/data/nhandt23/Dataset/MMSData/13GKsS26F4U/asr_subtitle/wavs/13GKsS26F4U_00932.wav,4.138600826263428,NISQA_TTS_v1
/data/nhandt23/Dataset/MMSData/13GKsS26F4U/asr_subtitle/wavs/13GKsS26F4U_04695.wav,3.558626890182495,NISQA_TTS_v1
/data/nhandt23/Dataset/MMSData/13GKsS26F4U/asr_subtitle/wavs/13GKsS26F4U_02433.wav,2.9264018535614014,NISQA_TTS_v1
/data/nhandt23/Dataset/MMSData/13GKsS26F4U/asr_subtitle/wavs/13GKsS26F4U_03012.wav,2.800459861755371,NISQA_TTS_v1
/data/nhandt23/Dataset/MMSData/13GKsS26F4U/asr_subtitle/wavs/13GKsS26F4U_03369.wav,2.705836057662964,NISQA_TTS_v1
/data/nhandt23/Dataset/MMSData/13GKsS26F4U/asr_subtitle/wavs/13GKsS26F4U_02780.wav,3.2020397186279297,NISQA_TTS_v1
/data/nhandt23/Dataset/MMSData/13GKsS26F4U/asr_subtitle/wavs/13GKsS26F4U_00086.wav,3.250152826309204,NISQA_TTS_v1
/data/nhandt23/Dataset/MMSData/13GKsS26F4U/asr_subtitle/wavs/13GKsS26F4U_00629.wav,2.8749470710754395,NISQA_TTS_v1
/data/nhandt23/Dataset/MMSData/13GKsS26F4U/asr_subtitle/wavs/13GKsS26F4U_04780.wav,2.5417890548706055,NISQA_TTS_v1
/data/nhandt23/Dataset/MMSData/13GKsS26F4U/asr_subtitle/wavs/13GKsS26F4U_01622.wav,3.2853448390960693,NISQA_TTS_v1
/data/nhandt23/Dataset/MMSData/13GKsS26F4U/asr_subtitle/wavs/13GKsS26F4U_02226.wav,2.7433547973632812,NISQA_TTS_v1
/data/nhandt23/Dataset/MMSData/13GKsS26F4U/asr_subtitle/wavs/13GKsS26F4U_00217.wav,3.8519396781921387,NISQA_TTS_v1
/data/nhandt23/Dataset/MMSData/13GKsS26F4U/asr_subtitle/wavs/13GKsS26F4U_02637.wav,3.0869882106781006,NISQA_TTS_v1
/data/nhandt23/Dataset/MMSData/13GKsS26F4U/asr_subtitle/wavs/13GKsS26F4U_03879.wav,2.9552927017211914,NISQA_TTS_v1
/data/nhandt23/Dataset/MMSData/13GKsS26F4U/asr_subtitle/wavs/13GKsS26F4U_00680.wav,3.50372052192688,NISQA_TTS_v1
/data/nhandt23/Dataset/MMSData/13GKsS26F4U/asr_subtitle/wavs/13GKsS26F4U_01896.wav,3.3524224758148193,NISQA_TTS_v1
/data/nhandt23/Dataset/MMSData/13GKsS26F4U/asr_subtitle/wavs/13GKsS26F4U_03810.wav,3.4648940563201904,NISQA_TTS_v1
/data/nhandt23/Dataset/MMSData/13GKsS26F4U/asr_subtitle/wavs/13GKsS26F4U_01235.wav,2.0764429569244385,NISQA_TTS_v1
/data/nhandt23/Dataset/MMSData/13GKsS26F4U/asr_subtitle/wavs/13GKsS26F4U_01901.wav,2.875861883163452,NISQA_TTS_v1
/data/nhandt23/Dataset/MMSData/13GKsS26F4U/asr_subtitle/wavs/13GKsS26F4U_00277.wav,3.8765079975128174,NISQA_TTS_v1
/data/nhandt23/Dataset/MMSData/13GKsS26F4U/asr_subtitle/wavs/13GKsS26F4U_04068.wav,3.3622918128967285,NISQA_TTS_v1
/data/nhandt23/Dataset/MMSData/13GKsS26F4U/asr_subtitle/wavs/13GKsS26F4U_04617.wav,2.9054157733917236,NISQA_TTS_v1
/data/nhandt23/Dataset/MMSData/13GKsS26F4U/asr_subtitle/wavs/13GKsS26F4U_04910.wav,2.439877986907959,NISQA_TTS_v1
/data/nhandt23/Dataset/MMSData/13GKsS26F4U/asr_subtitle/wavs/13GKsS26F4U_03433.wav,3.622789144515991,NISQA_TTS_v1
/data/nhandt23/Dataset/MMSData/13GKsS26F4U/asr_subtitle/wavs/13GKsS26F4U_01073.wav,2.544786214828491,NISQA_TTS_v1
/data/nhandt23/Dataset/MMSData/13GKsS26F4U/asr_subtitle/wavs/13GKsS26F4U_02011.wav,3.5820791721343994,NISQA_TTS_v1
/data/nhandt23/Dataset/MMSData/13GKsS26F4U/asr_subtitle/wavs/13GKsS26F4U_03774.wav,2.5613646507263184,NISQA_TTS_v1
/data/nhandt23/Dataset/MMSData/13GKsS26F4U/asr_subtitle/wavs/13GKsS26F4U_04432.wav,3.380882501602173,NISQA_TTS_v1
/data/nhandt23/Dataset/MMSData/13GKsS26F4U/asr_subtitle/wavs/13GKsS26F4U_00708.wav,2.829298734664917,NISQA_TTS_v1
/data/nhandt23/Dataset/MMSData/13GKsS26F4U/asr_subtitle/wavs/13GKsS26F4U_04491.wav,3.115351915359497,NISQA_TTS_v1
/data/nhandt23/Dataset/MMSData/13GKsS26F4U/asr_subtitle/wavs/13GKsS26F4U_01860.wav,3.2204182147979736,NISQA_TTS_v1
/data/nhandt23/Dataset/MMSData/13GKsS26F4U/asr_subtitle/wavs/13GKsS26F4U_01954.wav,3.5833191871643066,NISQA_TTS_v1
/data/nhandt23/Dataset/MMSData/13GKsS26F4U/asr_subtitle/wavs/13GKsS26F4U_00010.wav,3.1835968494415283,NISQA_TTS_v1
/data/nhandt23/Dataset/MMSData/13GKsS26F4U/asr_subtitle/wavs/13GKsS26F4U_03604.wav,3.0954134464263916,NISQA_TTS_v1
/data/nhandt23/Dataset/MMSData/13GKsS26F4U/asr_subtitle/wavs/13GKsS26F4U_04422.wav,3.3107151985168457,NISQA_TTS_v1
/data/nhandt23/Dataset/MMSData/13GKsS26F4U/asr_subtitle/wavs/13GKsS26F4U_01677.wav,3.523347854614258,NISQA_TTS_v1
/data/nhandt23/Dataset/MMSData/13GKsS26F4U/asr_subtitle/wavs/13GKsS26F4U_04936.wav,3.911651611328125,NISQA_TTS_v1
/data/nhandt23/Dataset/MMSData/13GKsS26F4U/asr_subtitle/wavs/13GKsS26F4U_01514.wav,3.0223147869110107,NISQA_TTS_v1
/data/nhandt23/Dataset/MMSData/13GKsS26F4U/asr_subtitle/wavs/13GKsS26F4U_02495.wav,3.1125171184539795,NISQA_TTS_v1
/data/nhandt23/Dataset/MMSData/13GKsS26F4U/asr_subtitle/wavs/13GKsS26F4U_03671.wav,2.8033132553100586,NISQA_TTS_v1
/data/nhandt23/Dataset/MMSData/13GKsS26F4U/asr_subtitle/wavs/13GKsS26F4U_02234.wav,2.1577906608581543,NISQA_TTS_v1
/data/nhandt23/Dataset/MMSData/13GKsS26F4U/asr_subtitle/wavs/13GKsS26F4U_03595.wav,3.325515031814575,NISQA_TTS_v1
/data/nhandt23/Dataset/MMSData/13GKsS26F4U/asr_subtitle/wavs/13GKsS26F4U_04955.wav,2.492330551147461,NISQA_TTS_v1
/data/nhandt23/Dataset/MMSData/13GKsS26F4U/asr_subtitle/wavs/13GKsS26F4U_01144.wav,3.6809141635894775,NISQA_TTS_v1
/data/nhandt23/Dataset/MMSData/13GKsS26F4U/asr_subtitle/wavs/13GKsS26F4U_02596.wav,2.6387431621551514,NISQA_TTS_v1
/data/nhandt23/Dataset/MMSData/13GKsS26F4U/asr_subtitle/wavs/13GKsS26F4U_02838.wav,2.709399700164795,NISQA_TTS_v1
/data/nhandt23/Dataset/MMSData/13GKsS26F4U/asr_subtitle/wavs/13GKsS26F4U_03054.wav,3.8060760498046875,NISQA_TTS_v1
/data/nhandt23/Dataset/MMSData/13GKsS26F4U/asr_subtitle/wavs/13GKsS26F4U_03044.wav,3.098503351211548,NISQA_TTS_v1
/data/nhandt23/Dataset/MMSData/13GKsS26F4U/asr_subtitle/wavs/13GKsS26F4U_04586.wav,2.930854082107544,NISQA_TTS_v1
/data/nhandt23/Dataset/MMSData/13GKsS26F4U/asr_subtitle/wavs/13GKsS26F4U_00282.wav,2.876448392868042,NISQA_TTS_v1
/data/nhandt23/Dataset/MMSData/13GKsS26F4U/asr_subtitle/wavs/13GKsS26F4U_01174.wav,2.9668798446655273,NISQA_TTS_v1
/data/nhandt23/Dataset/MMSData/13GKsS26F4U/asr_subtitle/wavs/13GKsS26F4U_00707.wav,2.8960258960723877,NISQA_TTS_v1
/data/nhandt23/Dataset/MMSData/13GKsS26F4U/asr_subtitle/wavs/13GKsS26F4U_01401.wav,2.217012643814087,NISQA_TTS_v1
/data/nhandt23/Dataset/MMSData/13GKsS26F4U/asr_subtitle/wavs/13GKsS26F4U_01564.wav,3.011747121810913,NISQA_TTS_v1
/data/nhandt23/Dataset/MMSData/13GKsS26F4U/asr_subtitle/wavs/13GKsS26F4U_00031.wav,3.0050456523895264,NISQA_TTS_v1
/data/nhandt23/Dataset/MMSData/13GKsS26F4U/asr_subtitle/wavs/13GKsS26F4U_05090.wav,3.5237691402435303,NISQA_TTS_v1
/data/nhandt23/Dataset/MMSData/13GKsS26F4U/asr_subtitle/wavs/13GKsS26F4U_03035.wav,2.545788049697876,NISQA_TTS_v1
/data/nhandt23/Dataset/MMSData/13GKsS26F4U/asr_subtitle/wavs/13GKsS26F4U_02876.wav,3.0473382472991943,NISQA_TTS_v1
/data/nhandt23/Dataset/MMSData/13GKsS26F4U/asr_subtitle/wavs/13GKsS26F4U_02888.wav,3.0793590545654297,NISQA_TTS_v1
/data/nhandt23/Dataset/MMSData/13GKsS26F4U/asr_subtitle/wavs/13GKsS26F4U_03049.wav,3.025937795639038,NISQA_TTS_v1
/data/nhandt23/Dataset/MMSData/13GKsS26F4U/asr_subtitle/wavs/13GKsS26F4U_00191.wav,2.4470362663269043,NISQA_TTS_v1
/data/nhandt23/Dataset/MMSData/13GKsS26F4U/asr_subtitle/wavs/13GKsS26F4U_02083.wav,2.3862106800079346,NISQA_TTS_v1
/data/nhandt23/Dataset/MMSData/13GKsS26F4U/asr_subtitle/wavs/13GKsS26F4U_04379.wav,3.6141293048858643,NISQA_TTS_v1
/data/nhandt23/Dataset/MMSData/13GKsS26F4U/asr_subtitle/wavs/13GKsS26F4U_03101.wav,4.248743534088135,NISQA_TTS_v1
/data/nhandt23/Dataset/MMSData/13GKsS26F4U/asr_subtitle/wavs/13GKsS26F4U_04748.wav,3.3303568363189697,NISQA_TTS_v1
/data/nhandt23/Dataset/MMSData/13GKsS26F4U/asr_subtitle/wavs/13GKsS26F4U_01218.wav,3.206770181655884,NISQA_TTS_v1
/data/nhandt23/Dataset/MMSData/13GKsS26F4U/asr_subtitle/wavs/13GKsS26F4U_03591.wav,3.308875322341919,NISQA_TTS_v1
/data/nhandt23/Dataset/MMSData/13GKsS26F4U/asr_subtitle/wavs/13GKsS26F4U_01236.wav,3.2208876609802246,NISQA_TTS_v1
/data/nhandt23/Dataset/MMSData/13GKsS26F4U/asr_subtitle/wavs/13GKsS26F4U_02415.wav,3.168182611465454,NISQA_TTS_v1
/data/nhandt23/Dataset/MMSData/13GKsS26F4U/asr_subtitle/wavs/13GKsS26F4U_03014.wav,2.9739506244659424,NISQA_TTS_v1
/data/nhandt23/Dataset/MMSData/13GKsS26F4U/asr_subtitle/wavs/13GKsS26F4U_00337.wav,3.5582380294799805,NISQA_TTS_v1
/data/nhandt23/Dataset/MMSData/13GKsS26F4U/asr_subtitle/wavs/13GKsS26F4U_04568.wav,3.09207820892334,NISQA_TTS_v1
/data/nhandt23/Dataset/MMSData/13GKsS26F4U/asr_subtitle/wavs/13GKsS26F4U_00092.wav,3.9312522411346436,NISQA_TTS_v1
/data/nhandt23/Dataset/MMSData/13GKsS26F4U/asr_subtitle/wavs/13GKsS26F4U_04364.wav,2.8734548091888428,NISQA_TTS_v1
/data/nhandt23/Dataset/MMSData/13GKsS26F4U/asr_subtitle/wavs/13GKsS26F4U_02559.wav,3.7654049396514893,NISQA_TTS_v1
/data/nhandt23/Dataset/MMSData/13GKsS26F4U/asr_subtitle/wavs/13GKsS26F4U_03188.wav,3.1547152996063232,NISQA_TTS_v1
/data/nhandt23/Dataset/MMSData/13GKsS26F4U/asr_subtitle/wavs/13GKsS26F4U_03005.wav,3.115989923477173,NISQA_TTS_v1
/data/nhandt23/Dataset/MMSData/13GKsS26F4U/asr_subtitle/wavs/13GKsS26F4U_04937.wav,2.0948987007141113,NISQA_TTS_v1
/data/nhandt23/Dataset/MMSData/13GKsS26F4U/asr_subtitle/wavs/13GKsS26F4U_03815.wav,3.078908681869507,NISQA_TTS_v1
/data/nhandt23/Dataset/MMSData/13GKsS26F4U/asr_subtitle/wavs/13GKsS26F4U_04827.wav,3.2654201984405518,NISQA_TTS_v1
/data/nhandt23/Dataset/MMSData/13GKsS26F4U/asr_subtitle/wavs/13GKsS26F4U_02738.wav,2.0652472972869873,NISQA_TTS_v1
/data/nhandt23/Dataset/MMSData/13GKsS26F4U/asr_subtitle/wavs/13GKsS26F4U_01877.wav,2.9802234172821045,NISQA_TTS_v1
/data/nhandt23/Dataset/MMSData/13GKsS26F4U/asr_subtitle/wavs/13GKsS26F4U_01361.wav,4.148653984069824,NISQA_TTS_v1
/data/nhandt23/Dataset/MMSData/13GKsS26F4U/asr_subtitle/wavs/13GKsS26F4U_02525.wav,2.6272714138031006,NISQA_TTS_v1
/data/nhandt23/Dataset/MMSData/13GKsS26F4U/asr_subtitle/wavs/13GKsS26F4U_01242.wav,3.3143491744995117,NISQA_TTS_v1
/data/nhandt23/Dataset/MMSData/13GKsS26F4U/asr_subtitle/wavs/13GKsS26F4U_00395.wav,3.2219760417938232,NISQA_TTS_v1
/data/nhandt23/Dataset/MMSData/13GKsS26F4U/asr_subtitle/wavs/13GKsS26F4U_03944.wav,2.8682162761688232,NISQA_TTS_v1
/data/nhandt23/Dataset/MMSData/13GKsS26F4U/asr_subtitle/wavs/13GKsS26F4U_02951.wav,2.5697238445281982,NISQA_TTS_v1
/data/nhandt23/Dataset/MMSData/13GKsS26F4U/asr_subtitle/wavs/13GKsS26F4U_04038.wav,3.6295788288116455,NISQA_TTS_v1
/data/nhandt23/Dataset/MMSData/13GKsS26F4U/asr_subtitle/wavs/13GKsS26F4U_01681.wav,3.413271903991699,NISQA_TTS_v1
/data/nhandt23/Dataset/MMSData/13GKsS26F4U/asr_subtitle/wavs/13GKsS26F4U_00559.wav,3.255763530731201,NISQA_TTS_v1
/data/nhandt23/Dataset/MMSData/13GKsS26F4U/asr_subtitle/wavs/13GKsS26F4U_05033.wav,3.891188621520996,NISQA_TTS_v1
/data/nhandt23/Dataset/MMSData/13GKsS26F4U/asr_subtitle/wavs/13GKsS26F4U_03411.wav,2.856584310531616,NISQA_TTS_v1
/data/nhandt23/Dataset/MMSData/13GKsS26F4U/asr_subtitle/wavs/13GKsS26F4U_03297.wav,3.729219436645508,NISQA_TTS_v1
/data/nhandt23/Dataset/MMSData/13GKsS26F4U/asr_subtitle/wavs/13GKsS26F4U_03085.wav,2.91247820854187,NISQA_TTS_v1
/data/nhandt23/Dataset/MMSData/13GKsS26F4U/asr_subtitle/wavs/13GKsS26F4U_04152.wav,2.3812403678894043,NISQA_TTS_v1
/data/nhandt23/Dataset/MMSData/13GKsS26F4U/asr_subtitle/wavs/13GKsS26F4U_05094.wav,3.6391944885253906,NISQA_TTS_v1
/data/nhandt23/Dataset/MMSData/13GKsS26F4U/asr_subtitle/wavs/13GKsS26F4U_00775.wav,2.889922618865967,NISQA_TTS_v1
/data/nhandt23/Dataset/MMSData/13GKsS26F4U/asr_subtitle/wavs/13GKsS26F4U_04822.wav,2.77673602104187,NISQA_TTS_v1
/data/nhandt23/Dataset/MMSData/13GKsS26F4U/asr_subtitle/wavs/13GKsS26F4U_02947.wav,2.993154525756836,NISQA_TTS_v1
/data/nhandt23/Dataset/MMSData/13GKsS26F4U/asr_subtitle/wavs/13GKsS26F4U_02402.wav,2.5186331272125244,NISQA_TTS_v1
/data/nhandt23/Dataset/MMSData/13GKsS26F4U/asr_subtitle/wavs/13GKsS26F4U_03608.wav,3.6330771446228027,NISQA_TTS_v1
/data/nhandt23/Dataset/MMSData/13GKsS26F4U/asr_subtitle/wavs/13GKsS26F4U_02963.wav,3.2909910678863525,NISQA_TTS_v1
/data/nhandt23/Dataset/MMSData/13GKsS26F4U/asr_subtitle/wavs/13GKsS26F4U_01309.wav,3.266209602355957,NISQA_TTS_v1
/data/nhandt23/Dataset/MMSData/13GKsS26F4U/asr_subtitle/wavs/13GKsS26F4U_00241.wav,3.4482262134552,NISQA_TTS_v1
/data/nhandt23/Dataset/MMSData/13GKsS26F4U/asr_subtitle/wavs/13GKsS26F4U_02800.wav,2.1314525604248047,NISQA_TTS_v1
/data/nhandt23/Dataset/MMSData/13GKsS26F4U/asr_subtitle/wavs/13GKsS26F4U_02254.wav,3.018181085586548,NISQA_TTS_v1
/data/nhandt23/Dataset/MMSData/13GKsS26F4U/asr_subtitle/wavs/13GKsS26F4U_05071.wav,2.8529741764068604,NISQA_TTS_v1
/data/nhandt23/Dataset/MMSData/13GKsS26F4U/asr_subtitle/wavs/13GKsS26F4U_04694.wav,3.9284448623657227,NISQA_TTS_v1
/data/nhandt23/Dataset/MMSData/13GKsS26F4U/asr_subtitle/wavs/13GKsS26F4U_04976.wav,3.285844564437866,NISQA_TTS_v1
/data/nhandt23/Dataset/MMSData/13GKsS26F4U/asr_subtitle/wavs/13GKsS26F4U_02185.wav,3.5941708087921143,NISQA_TTS_v1
/data/nhandt23/Dataset/MMSData/13GKsS26F4U/asr_subtitle/wavs/13GKsS26F4U_04946.wav,2.19258713722229,NISQA_TTS_v1
/data/nhandt23/Dataset/MMSData/13GKsS26F4U/asr_subtitle/wavs/13GKsS26F4U_01821.wav,3.494652509689331,NISQA_TTS_v1
/data/nhandt23/Dataset/MMSData/13GKsS26F4U/asr_subtitle/wavs/13GKsS26F4U_00357.wav,3.2588438987731934,NISQA_TTS_v1
/data/nhandt23/Dataset/MMSData/13GKsS26F4U/asr_subtitle/wavs/13GKsS26F4U_03942.wav,3.80020809173584,NISQA_TTS_v1
/data/nhandt23/Dataset/MMSData/13GKsS26F4U/asr_subtitle/wavs/13GKsS26F4U_04984.wav,2.454533100128174,NISQA_TTS_v1
/data/nhandt23/Dataset/MMSData/13GKsS26F4U/asr_subtitle/wavs/13GKsS26F4U_03566.wav,3.231544256210327,NISQA_TTS_v1
/data/nhandt23/Dataset/MMSData/13GKsS26F4U/asr_subtitle/wavs/13GKsS26F4U_02284.wav,3.0266125202178955,NISQA_TTS_v1
/data/nhandt23/Dataset/MMSData/13GKsS26F4U/asr_subtitle/wavs/13GKsS26F4U_04085.wav,3.3450710773468018,NISQA_TTS_v1
/data/nhandt23/Dataset/MMSData/13GKsS26F4U/asr_subtitle/wavs/13GKsS26F4U_03454.wav,3.704249382019043,NISQA_TTS_v1
/data/nhandt23/Dataset/MMSData/13GKsS26F4U/asr_subtitle/wavs/13GKsS26F4U_03660.wav,2.833648443222046,NISQA_TTS_v1
/data/nhandt23/Dataset/MMSData/13GKsS26F4U/asr_subtitle/wavs/13GKsS26F4U_01478.wav,2.85837984085083,NISQA_TTS_v1
/data/nhandt23/Dataset/MMSData/13GKsS26F4U/asr_subtitle/wavs/13GKsS26F4U_01589.wav,2.6953561305999756,NISQA_TTS_v1
/data/nhandt23/Dataset/MMSData/13GKsS26F4U/asr_subtitle/wavs/13GKsS26F4U_02349.wav,2.7511961460113525,NISQA_TTS_v1
/data/nhandt23/Dataset/MMSData/13GKsS26F4U/asr_subtitle/wavs/13GKsS26F4U_00578.wav,2.8496928215026855,NISQA_TTS_v1
/data/nhandt23/Dataset/MMSData/13GKsS26F4U/asr_subtitle/wavs/13GKsS26F4U_04790.wav,1.7493680715560913,NISQA_TTS_v1
/data/nhandt23/Dataset/MMSData/13GKsS26F4U/asr_subtitle/wavs/13GKsS26F4U_01253.wav,2.753539800643921,NISQA_TTS_v1
/data/nhandt23/Dataset/MMSData/13GKsS26F4U/asr_subtitle/wavs/13GKsS26F4U_03501.wav,2.962895393371582,NISQA_TTS_v1
/data/nhandt23/Dataset/MMSData/13GKsS26F4U/asr_subtitle/wavs/13GKsS26F4U_01586.wav,2.7817389965057373,NISQA_TTS_v1
/data/nhandt23/Dataset/MMSData/13GKsS26F4U/asr_subtitle/wavs/13GKsS26F4U_02817.wav,3.6233298778533936,NISQA_TTS_v1
/data/nhandt23/Dataset/MMSData/13GKsS26F4U/asr_subtitle/wavs/13GKsS26F4U_03185.wav,3.25034499168396,NISQA_TTS_v1
/data/nhandt23/Dataset/MMSData/13GKsS26F4U/asr_subtitle/wavs/13GKsS26F4U_04387.wav,3.0934550762176514,NISQA_TTS_v1
/data/nhandt23/Dataset/MMSData/13GKsS26F4U/asr_subtitle/wavs/13GKsS26F4U_01925.wav,3.4553349018096924,NISQA_TTS_v1
/data/nhandt23/Dataset/MMSData/13GKsS26F4U/asr_subtitle/wavs/13GKsS26F4U_01796.wav,2.921825885772705,NISQA_TTS_v1
/data/nhandt23/Dataset/MMSData/13GKsS26F4U/asr_subtitle/wavs/13GKsS26F4U_03498.wav,2.624115228652954,NISQA_TTS_v1
/data/nhandt23/Dataset/MMSData/13GKsS26F4U/asr_subtitle/wavs/13GKsS26F4U_02950.wav,2.4320294857025146,NISQA_TTS_v1
/data/nhandt23/Dataset/MMSData/13GKsS26F4U/asr_subtitle/wavs/13GKsS26F4U_04007.wav,2.707622766494751,NISQA_TTS_v1
/data/nhandt23/Dataset/MMSData/13GKsS26F4U/asr_subtitle/wavs/13GKsS26F4U_04524.wav,3.2528955936431885,NISQA_TTS_v1
/data/nhandt23/Dataset/MMSData/13GKsS26F4U/asr_subtitle/wavs/13GKsS26F4U_01809.wav,3.3145554065704346,NISQA_TTS_v1
/data/nhandt23/Dataset/MMSData/13GKsS26F4U/asr_subtitle/wavs/13GKsS26F4U_01957.wav,3.041440963745117,NISQA_TTS_v1
/data/nhandt23/Dataset/MMSData/13GKsS26F4U/asr_subtitle/wavs/13GKsS26F4U_02960.wav,2.6419715881347656,NISQA_TTS_v1
/data/nhandt23/Dataset/MMSData/13GKsS26F4U/asr_subtitle/wavs/13GKsS26F4U_05026.wav,2.8652422428131104,NISQA_TTS_v1
/data/nhandt23/Dataset/MMSData/13GKsS26F4U/asr_subtitle/wavs/13GKsS26F4U_04094.wav,2.312105894088745,NISQA_TTS_v1
/data/nhandt23/Dataset/MMSData/13GKsS26F4U/asr_subtitle/wavs/13GKsS26F4U_02080.wav,2.765859842300415,NISQA_TTS_v1
/data/nhandt23/Dataset/MMSData/13GKsS26F4U/asr_subtitle/wavs/13GKsS26F4U_01090.wav,2.509087085723877,NISQA_TTS_v1
/data/nhandt23/Dataset/MMSData/13GKsS26F4U/asr_subtitle/wavs/13GKsS26F4U_02322.wav,2.787987470626831,NISQA_TTS_v1
/data/nhandt23/Dataset/MMSData/13GKsS26F4U/asr_subtitle/wavs/13GKsS26F4U_01067.wav,2.6035592555999756,NISQA_TTS_v1
/data/nhandt23/Dataset/MMSData/13GKsS26F4U/asr_subtitle/wavs/13GKsS26F4U_00672.wav,4.025282859802246,NISQA_TTS_v1
/data/nhandt23/Dataset/MMSData/13GKsS26F4U/asr_subtitle/wavs/13GKsS26F4U_04084.wav,2.9674675464630127,NISQA_TTS_v1
/data/nhandt23/Dataset/MMSData/13GKsS26F4U/asr_subtitle/wavs/13GKsS26F4U_02010.wav,3.6976125240325928,NISQA_TTS_v1
/data/nhandt23/Dataset/MMSData/13GKsS26F4U/asr_subtitle/wavs/13GKsS26F4U_00439.wav,3.198983907699585,NISQA_TTS_v1
/data/nhandt23/Dataset/MMSData/13GKsS26F4U/asr_subtitle/wavs/13GKsS26F4U_01999.wav,3.5191245079040527,NISQA_TTS_v1
/data/nhandt23/Dataset/MMSData/13GKsS26F4U/asr_subtitle/wavs/13GKsS26F4U_04031.wav,3.814613103866577,NISQA_TTS_v1
/data/nhandt23/Dataset/MMSData/13GKsS26F4U/asr_subtitle/wavs/13GKsS26F4U_03076.wav,3.1271355152130127,NISQA_TTS_v1
/data/nhandt23/Dataset/MMSData/13GKsS26F4U/asr_subtitle/wavs/13GKsS26F4U_04019.wav,2.954359292984009,NISQA_TTS_v1
/data/nhandt23/Dataset/MMSData/13GKsS26F4U/asr_subtitle/wavs/13GKsS26F4U_01387.wav,2.65643572807312,NISQA_TTS_v1
/data/nhandt23/Dataset/MMSData/13GKsS26F4U/asr_subtitle/wavs/13GKsS26F4U_04958.wav,3.435175895690918,NISQA_TTS_v1
/data/nhandt23/Dataset/MMSData/13GKsS26F4U/asr_subtitle/wavs/13GKsS26F4U_02770.wav,3.1491472721099854,NISQA_TTS_v1
/data/nhandt23/Dataset/MMSData/13GKsS26F4U/asr_subtitle/wavs/13GKsS26F4U_04272.wav,3.0311954021453857,NISQA_TTS_v1
/data/nhandt23/Dataset/MMSData/13GKsS26F4U/asr_subtitle/wavs/13GKsS26F4U_02911.wav,3.507871627807617,NISQA_TTS_v1
/data/nhandt23/Dataset/MMSData/13GKsS26F4U/asr_subtitle/wavs/13GKsS26F4U_01275.wav,2.5633347034454346,NISQA_TTS_v1
/data/nhandt23/Dataset/MMSData/13GKsS26F4U/asr_subtitle/wavs/13GKsS26F4U_04063.wav,3.3197484016418457,NISQA_TTS_v1
/data/nhandt23/Dataset/MMSData/13GKsS26F4U/asr_subtitle/wavs/13GKsS26F4U_04135.wav,2.2248694896698,NISQA_TTS_v1
/data/nhandt23/Dataset/MMSData/13GKsS26F4U/asr_subtitle/wavs/13GKsS26F4U_01695.wav,2.947483777999878,NISQA_TTS_v1
/data/nhandt23/Dataset/MMSData/13GKsS26F4U/asr_subtitle/wavs/13GKsS26F4U_00145.wav,4.24931001663208,NISQA_TTS_v1
/data/nhandt23/Dataset/MMSData/13GKsS26F4U/asr_subtitle/wavs/13GKsS26F4U_03727.wav,3.110450029373169,NISQA_TTS_v1
/data/nhandt23/Dataset/MMSData/13GKsS26F4U/asr_subtitle/wavs/13GKsS26F4U_04107.wav,3.49157452583313,NISQA_TTS_v1
/data/nhandt23/Dataset/MMSData/13GKsS26F4U/asr_subtitle/wavs/13GKsS26F4U_02270.wav,1.6889121532440186,NISQA_TTS_v1
/data/nhandt23/Dataset/MMSData/13GKsS26F4U/asr_subtitle/wavs/13GKsS26F4U_02945.wav,3.616628408432007,NISQA_TTS_v1
/data/nhandt23/Dataset/MMSData/13GKsS26F4U/asr_subtitle/wavs/13GKsS26F4U_02959.wav,3.153759717941284,NISQA_TTS_v1
/data/nhandt23/Dataset/MMSData/13GKsS26F4U/asr_subtitle/wavs/13GKsS26F4U_03552.wav,2.923835277557373,NISQA_TTS_v1
/data/nhandt23/Dataset/MMSData/13GKsS26F4U/asr_subtitle/wavs/13GKsS26F4U_02099.wav,3.15629243850708,NISQA_TTS_v1
/data/nhandt23/Dataset/MMSData/13GKsS26F4U/asr_subtitle/wavs/13GKsS26F4U_02502.wav,2.441293954849243,NISQA_TTS_v1
/data/nhandt23/Dataset/MMSData/13GKsS26F4U/asr_subtitle/wavs/13GKsS26F4U_02358.wav,2.5757229328155518,NISQA_TTS_v1
/data/nhandt23/Dataset/MMSData/13GKsS26F4U/asr_subtitle/wavs/13GKsS26F4U_03820.wav,3.003765344619751,NISQA_TTS_v1
/data/nhandt23/Dataset/MMSData/13GKsS26F4U/asr_subtitle/wavs/13GKsS26F4U_00944.wav,2.881169557571411,NISQA_TTS_v1
/data/nhandt23/Dataset/MMSData/13GKsS26F4U/asr_subtitle/wavs/13GKsS26F4U_00298.wav,3.7824933528900146,NISQA_TTS_v1
/data/nhandt23/Dataset/MMSData/13GKsS26F4U/asr_subtitle/wavs/13GKsS26F4U_01947.wav,3.2987782955169678,NISQA_TTS_v1
/data/nhandt23/Dataset/MMSData/13GKsS26F4U/asr_subtitle/wavs/13GKsS26F4U_04342.wav,4.139241695404053,NISQA_TTS_v1
/data/nhandt23/Dataset/MMSData/13GKsS26F4U/asr_subtitle/wavs/13GKsS26F4U_01185.wav,3.7721705436706543,NISQA_TTS_v1
/data/nhandt23/Dataset/MMSData/13GKsS26F4U/asr_subtitle/wavs/13GKsS26F4U_00977.wav,2.783176898956299,NISQA_TTS_v1
/data/nhandt23/Dataset/MMSData/13GKsS26F4U/asr_subtitle/wavs/13GKsS26F4U_04774.wav,3.104684591293335,NISQA_TTS_v1
/data/nhandt23/Dataset/MMSData/13GKsS26F4U/asr_subtitle/wavs/13GKsS26F4U_02830.wav,3.4730887413024902,NISQA_TTS_v1
/data/nhandt23/Dataset/MMSData/13GKsS26F4U/asr_subtitle/wavs/13GKsS26F4U_04921.wav,2.6463825702667236,NISQA_TTS_v1
/data/nhandt23/Dataset/MMSData/13GKsS26F4U/asr_subtitle/wavs/13GKsS26F4U_01578.wav,2.8745949268341064,NISQA_TTS_v1
/data/nhandt23/Dataset/MMSData/13GKsS26F4U/asr_subtitle/wavs/13GKsS26F4U_02769.wav,2.840562582015991,NISQA_TTS_v1
/data/nhandt23/Dataset/MMSData/13GKsS26F4U/asr_subtitle/wavs/13GKsS26F4U_03223.wav,2.2929952144622803,NISQA_TTS_v1
/data/nhandt23/Dataset/MMSData/13GKsS26F4U/asr_subtitle/wavs/13GKsS26F4U_04486.wav,2.601142168045044,NISQA_TTS_v1
/data/nhandt23/Dataset/MMSData/13GKsS26F4U/asr_subtitle/wavs/13GKsS26F4U_03939.wav,3.7120416164398193,NISQA_TTS_v1
/data/nhandt23/Dataset/MMSData/13GKsS26F4U/asr_subtitle/wavs/13GKsS26F4U_01444.wav,3.5092034339904785,NISQA_TTS_v1
/data/nhandt23/Dataset/MMSData/13GKsS26F4U/asr_subtitle/wavs/13GKsS26F4U_02687.wav,3.290422201156616,NISQA_TTS_v1
/data/nhandt23/Dataset/MMSData/13GKsS26F4U/asr_subtitle/wavs/13GKsS26F4U_03772.wav,3.0557072162628174,NISQA_TTS_v1
/data/nhandt23/Dataset/MMSData/13GKsS26F4U/asr_subtitle/wavs/13GKsS26F4U_03145.wav,2.5685718059539795,NISQA_TTS_v1
/data/nhandt23/Dataset/MMSData/13GKsS26F4U/asr_subtitle/wavs/13GKsS26F4U_02889.wav,2.730391025543213,NISQA_TTS_v1
/data/nhandt23/Dataset/MMSData/13GKsS26F4U/asr_subtitle/wavs/13GKsS26F4U_00965.wav,3.9116029739379883,NISQA_TTS_v1
/data/nhandt23/Dataset/MMSData/13GKsS26F4U/asr_subtitle/wavs/13GKsS26F4U_02015.wav,2.9116945266723633,NISQA_TTS_v1
/data/nhandt23/Dataset/MMSData/13GKsS26F4U/asr_subtitle/wavs/13GKsS26F4U_01015.wav,3.7253124713897705,NISQA_TTS_v1
/data/nhandt23/Dataset/MMSData/13GKsS26F4U/asr_subtitle/wavs/13GKsS26F4U_00183.wav,3.4100561141967773,NISQA_TTS_v1
/data/nhandt23/Dataset/MMSData/13GKsS26F4U/asr_subtitle/wavs/13GKsS26F4U_01603.wav,2.2358968257904053,NISQA_TTS_v1
/data/nhandt23/Dataset/MMSData/13GKsS26F4U/asr_subtitle/wavs/13GKsS26F4U_04025.wav,3.262266159057617,NISQA_TTS_v1
/data/nhandt23/Dataset/MMSData/13GKsS26F4U/asr_subtitle/wavs/13GKsS26F4U_00831.wav,3.154924154281616,NISQA_TTS_v1
/data/nhandt23/Dataset/MMSData/13GKsS26F4U/asr_subtitle/wavs/13GKsS26F4U_04978.wav,2.3763327598571777,NISQA_TTS_v1
/data/nhandt23/Dataset/MMSData/13GKsS26F4U/asr_subtitle/wavs/13GKsS26F4U_03430.wav,2.0800247192382812,NISQA_TTS_v1
/data/nhandt23/Dataset/MMSData/13GKsS26F4U/asr_subtitle/wavs/13GKsS26F4U_01580.wav,2.9988291263580322,NISQA_TTS_v1
/data/nhandt23/Dataset/MMSData/13GKsS26F4U/asr_subtitle/wavs/13GKsS26F4U_01675.wav,2.8330788612365723,NISQA_TTS_v1
/data/nhandt23/Dataset/MMSData/13GKsS26F4U/asr_subtitle/wavs/13GKsS26F4U_00987.wav,3.2791049480438232,NISQA_TTS_v1
/data/nhandt23/Dataset/MMSData/13GKsS26F4U/asr_subtitle/wavs/13GKsS26F4U_01104.wav,3.7422966957092285,NISQA_TTS_v1
/data/nhandt23/Dataset/MMSData/13GKsS26F4U/asr_subtitle/wavs/13GKsS26F4U_03507.wav,2.5825417041778564,NISQA_TTS_v1
/data/nhandt23/Dataset/MMSData/13GKsS26F4U/asr_subtitle/wavs/13GKsS26F4U_03495.wav,2.972229242324829,NISQA_TTS_v1
/data/nhandt23/Dataset/MMSData/13GKsS26F4U/asr_subtitle/wavs/13GKsS26F4U_04819.wav,3.8174798488616943,NISQA_TTS_v1
/data/nhandt23/Dataset/MMSData/13GKsS26F4U/asr_subtitle/wavs/13GKsS26F4U_01394.wav,3.205296516418457,NISQA_TTS_v1
/data/nhandt23/Dataset/MMSData/13GKsS26F4U/asr_subtitle/wavs/13GKsS26F4U_03967.wav,2.5168097019195557,NISQA_TTS_v1
/data/nhandt23/Dataset/MMSData/13GKsS26F4U/asr_subtitle/wavs/13GKsS26F4U_03918.wav,3.4658901691436768,NISQA_TTS_v1
/data/nhandt23/Dataset/MMSData/13GKsS26F4U/asr_subtitle/wavs/13GKsS26F4U_03347.wav,2.2668707370758057,NISQA_TTS_v1
/data/nhandt23/Dataset/MMSData/13GKsS26F4U/asr_subtitle/wavs/13GKsS26F4U_00281.wav,3.521568536758423,NISQA_TTS_v1
/data/nhandt23/Dataset/MMSData/13GKsS26F4U/asr_subtitle/wavs/13GKsS26F4U_02022.wav,3.155695915222168,NISQA_TTS_v1
/data/nhandt23/Dataset/MMSData/13GKsS26F4U/asr_subtitle/wavs/13GKsS26F4U_01729.wav,2.3219029903411865,NISQA_TTS_v1
/data/nhandt23/Dataset/MMSData/13GKsS26F4U/asr_subtitle/wavs/13GKsS26F4U_03801.wav,2.996617078781128,NISQA_TTS_v1
/data/nhandt23/Dataset/MMSData/13GKsS26F4U/asr_subtitle/wavs/13GKsS26F4U_02995.wav,3.4494214057922363,NISQA_TTS_v1
/data/nhandt23/Dataset/MMSData/13GKsS26F4U/asr_subtitle/wavs/13GKsS26F4U_00008.wav,3.3926217555999756,NISQA_TTS_v1
/data/nhandt23/Dataset/MMSData/13GKsS26F4U/asr_subtitle/wavs/13GKsS26F4U_00547.wav,2.933034658432007,NISQA_TTS_v1
/data/nhandt23/Dataset/MMSData/13GKsS26F4U/asr_subtitle/wavs/13GKsS26F4U_03586.wav,2.157074451446533,NISQA_TTS_v1
/data/nhandt23/Dataset/MMSData/13GKsS26F4U/asr_subtitle/wavs/13GKsS26F4U_00952.wav,3.432661294937134,NISQA_TTS_v1
/data/nhandt23/Dataset/MMSData/13GKsS26F4U/asr_subtitle/wavs/13GKsS26F4U_00688.wav,3.6078524589538574,NISQA_TTS_v1
/data/nhandt23/Dataset/MMSData/13GKsS26F4U/asr_subtitle/wavs/13GKsS26F4U_00884.wav,3.0442771911621094,NISQA_TTS_v1
/data/nhandt23/Dataset/MMSData/13GKsS26F4U/asr_subtitle/wavs/13GKsS26F4U_04940.wav,3.160963535308838,NISQA_TTS_v1
/data/nhandt23/Dataset/MMSData/13GKsS26F4U/asr_subtitle/wavs/13GKsS26F4U_04442.wav,3.1495845317840576,NISQA_TTS_v1
/data/nhandt23/Dataset/MMSData/13GKsS26F4U/asr_subtitle/wavs/13GKsS26F4U_02196.wav,3.03253436088562,NISQA_TTS_v1
/data/nhandt23/Dataset/MMSData/13GKsS26F4U/asr_subtitle/wavs/13GKsS26F4U_03910.wav,3.0311572551727295,NISQA_TTS_v1
/data/nhandt23/Dataset/MMSData/13GKsS26F4U/asr_subtitle/wavs/13GKsS26F4U_04897.wav,2.4919464588165283,NISQA_TTS_v1
/data/nhandt23/Dataset/MMSData/13GKsS26F4U/asr_subtitle/wavs/13GKsS26F4U_05036.wav,3.4452626705169678,NISQA_TTS_v1
/data/nhandt23/Dataset/MMSData/13GKsS26F4U/asr_subtitle/wavs/13GKsS26F4U_01096.wav,3.060833692550659,NISQA_TTS_v1
/data/nhandt23/Dataset/MMSData/13GKsS26F4U/asr_subtitle/wavs/13GKsS26F4U_04328.wav,3.300218343734741,NISQA_TTS_v1
/data/nhandt23/Dataset/MMSData/13GKsS26F4U/asr_subtitle/wavs/13GKsS26F4U_00433.wav,2.8012261390686035,NISQA_TTS_v1
/data/nhandt23/Dataset/MMSData/13GKsS26F4U/asr_subtitle/wavs/13GKsS26F4U_00522.wav,2.420828104019165,NISQA_TTS_v1
/data/nhandt23/Dataset/MMSData/13GKsS26F4U/asr_subtitle/wavs/13GKsS26F4U_03770.wav,3.2202541828155518,NISQA_TTS_v1
/data/nhandt23/Dataset/MMSData/13GKsS26F4U/asr_subtitle/wavs/13GKsS26F4U_01900.wav,2.74418568611145,NISQA_TTS_v1
/data/nhandt23/Dataset/MMSData/13GKsS26F4U/asr_subtitle/wavs/13GKsS26F4U_03782.wav,3.6213197708129883,NISQA_TTS_v1
/data/nhandt23/Dataset/MMSData/13GKsS26F4U/asr_subtitle/wavs/13GKsS26F4U_04160.wav,2.541266679763794,NISQA_TTS_v1
/data/nhandt23/Dataset/MMSData/13GKsS26F4U/asr_subtitle/wavs/13GKsS26F4U_01217.wav,2.421757459640503,NISQA_TTS_v1
/data/nhandt23/Dataset/MMSData/13GKsS26F4U/asr_subtitle/wavs/13GKsS26F4U_01832.wav,3.5874316692352295,NISQA_TTS_v1
/data/nhandt23/Dataset/MMSData/13GKsS26F4U/asr_subtitle/wavs/13GKsS26F4U_01570.wav,2.1710684299468994,NISQA_TTS_v1
/data/nhandt23/Dataset/MMSData/13GKsS26F4U/asr_subtitle/wavs/13GKsS26F4U_00857.wav,3.0798745155334473,NISQA_TTS_v1
/data/nhandt23/Dataset/MMSData/13GKsS26F4U/asr_subtitle/wavs/13GKsS26F4U_00211.wav,3.069753408432007,NISQA_TTS_v1
/data/nhandt23/Dataset/MMSData/13GKsS26F4U/asr_subtitle/wavs/13GKsS26F4U_00245.wav,2.996263265609741,NISQA_TTS_v1
/data/nhandt23/Dataset/MMSData/13GKsS26F4U/asr_subtitle/wavs/13GKsS26F4U_01318.wav,3.5552978515625,NISQA_TTS_v1
/data/nhandt23/Dataset/MMSData/13GKsS26F4U/asr_subtitle/wavs/13GKsS26F4U_01445.wav,3.302527666091919,NISQA_TTS_v1
/data/nhandt23/Dataset/MMSData/13GKsS26F4U/asr_subtitle/wavs/13GKsS26F4U_04234.wav,3.826775074005127,NISQA_TTS_v1
/data/nhandt23/Dataset/MMSData/13GKsS26F4U/asr_subtitle/wavs/13GKsS26F4U_01384.wav,3.1875905990600586,NISQA_TTS_v1
/data/nhandt23/Dataset/MMSData/13GKsS26F4U/asr_subtitle/wavs/13GKsS26F4U_01882.wav,2.9775354862213135,NISQA_TTS_v1
/data/nhandt23/Dataset/MMSData/13GKsS26F4U/asr_subtitle/wavs/13GKsS26F4U_01816.wav,3.2277286052703857,NISQA_TTS_v1
/data/nhandt23/Dataset/MMSData/13GKsS26F4U/asr_subtitle/wavs/13GKsS26F4U_01435.wav,3.363640069961548,NISQA_TTS_v1
/data/nhandt23/Dataset/MMSData/13GKsS26F4U/asr_subtitle/wavs/13GKsS26F4U_04710.wav,2.6136527061462402,NISQA_TTS_v1
/data/nhandt23/Dataset/MMSData/13GKsS26F4U/asr_subtitle/wavs/13GKsS26F4U_01102.wav,2.5977063179016113,NISQA_TTS_v1
/data/nhandt23/Dataset/MMSData/13GKsS26F4U/asr_subtitle/wavs/13GKsS26F4U_00263.wav,3.20088267326355,NISQA_TTS_v1
/data/nhandt23/Dataset/MMSData/13GKsS26F4U/asr_subtitle/wavs/13GKsS26F4U_03423.wav,3.580193281173706,NISQA_TTS_v1
/data/nhandt23/Dataset/MMSData/13GKsS26F4U/asr_subtitle/wavs/13GKsS26F4U_03619.wav,2.955622911453247,NISQA_TTS_v1
/data/nhandt23/Dataset/MMSData/13GKsS26F4U/asr_subtitle/wavs/13GKsS26F4U_02914.wav,2.760166883468628,NISQA_TTS_v1
/data/nhandt23/Dataset/MMSData/13GKsS26F4U/asr_subtitle/wavs/13GKsS26F4U_00117.wav,2.829143762588501,NISQA_TTS_v1
/data/nhandt23/Dataset/MMSData/13GKsS26F4U/asr_subtitle/wavs/13GKsS26F4U_02616.wav,3.018054723739624,NISQA_TTS_v1
/data/nhandt23/Dataset/MMSData/13GKsS26F4U/asr_subtitle/wavs/13GKsS26F4U_02517.wav,3.3432295322418213,NISQA_TTS_v1
/data/nhandt23/Dataset/MMSData/13GKsS26F4U/asr_subtitle/wavs/13GKsS26F4U_03249.wav,2.1927847862243652,NISQA_TTS_v1
/data/nhandt23/Dataset/MMSData/13GKsS26F4U/asr_subtitle/wavs/13GKsS26F4U_00055.wav,3.914175271987915,NISQA_TTS_v1
/data/nhandt23/Dataset/MMSData/13GKsS26F4U/asr_subtitle/wavs/13GKsS26F4U_00479.wav,2.739835500717163,NISQA_TTS_v1
/data/nhandt23/Dataset/MMSData/13GKsS26F4U/asr_subtitle/wavs/13GKsS26F4U_01953.wav,3.1741080284118652,NISQA_TTS_v1
/data/nhandt23/Dataset/MMSData/13GKsS26F4U/asr_subtitle/wavs/13GKsS26F4U_00214.wav,3.251206636428833,NISQA_TTS_v1
/data/nhandt23/Dataset/MMSData/13GKsS26F4U/asr_subtitle/wavs/13GKsS26F4U_03739.wav,3.623473882675171,NISQA_TTS_v1
/data/nhandt23/Dataset/MMSData/13GKsS26F4U/asr_subtitle/wavs/13GKsS26F4U_03808.wav,2.9315764904022217,NISQA_TTS_v1
/data/nhandt23/Dataset/MMSData/13GKsS26F4U/asr_subtitle/wavs/13GKsS26F4U_03212.wav,2.9273104667663574,NISQA_TTS_v1
/data/nhandt23/Dataset/MMSData/13GKsS26F4U/asr_subtitle/wavs/13GKsS26F4U_01482.wav,3.4975271224975586,NISQA_TTS_v1
/data/nhandt23/Dataset/MMSData/13GKsS26F4U/asr_subtitle/wavs/13GKsS26F4U_03729.wav,2.9651081562042236,NISQA_TTS_v1
/data/nhandt23/Dataset/MMSData/13GKsS26F4U/asr_subtitle/wavs/13GKsS26F4U_00991.wav,3.326479434967041,NISQA_TTS_v1
/data/nhandt23/Dataset/MMSData/13GKsS26F4U/asr_subtitle/wavs/13GKsS26F4U_01686.wav,2.5477616786956787,NISQA_TTS_v1
/data/nhandt23/Dataset/MMSData/13GKsS26F4U/asr_subtitle/wavs/13GKsS26F4U_03045.wav,2.4907634258270264,NISQA_TTS_v1
/data/nhandt23/Dataset/MMSData/13GKsS26F4U/asr_subtitle/wavs/13GKsS26F4U_04628.wav,2.5710456371307373,NISQA_TTS_v1
/data/nhandt23/Dataset/MMSData/13GKsS26F4U/asr_subtitle/wavs/13GKsS26F4U_02802.wav,2.636915445327759,NISQA_TTS_v1
/data/nhandt23/Dataset/MMSData/13GKsS26F4U/asr_subtitle/wavs/13GKsS26F4U_03447.wav,3.553077459335327,NISQA_TTS_v1
/data/nhandt23/Dataset/MMSData/13GKsS26F4U/asr_subtitle/wavs/13GKsS26F4U_03050.wav,3.225346565246582,NISQA_TTS_v1
/data/nhandt23/Dataset/MMSData/13GKsS26F4U/asr_subtitle/wavs/13GKsS26F4U_04016.wav,2.9872381687164307,NISQA_TTS_v1
/data/nhandt23/Dataset/MMSData/13GKsS26F4U/asr_subtitle/wavs/13GKsS26F4U_01062.wav,2.7582199573516846,NISQA_TTS_v1
/data/nhandt23/Dataset/MMSData/13GKsS26F4U/asr_subtitle/wavs/13GKsS26F4U_03021.wav,3.080249547958374,NISQA_TTS_v1
/data/nhandt23/Dataset/MMSData/13GKsS26F4U/asr_subtitle/wavs/13GKsS26F4U_03410.wav,2.2371602058410645,NISQA_TTS_v1
/data/nhandt23/Dataset/MMSData/13GKsS26F4U/asr_subtitle/wavs/13GKsS26F4U_05132.wav,2.068305015563965,NISQA_TTS_v1
/data/nhandt23/Dataset/MMSData/13GKsS26F4U/asr_subtitle/wavs/13GKsS26F4U_03962.wav,2.758139133453369,NISQA_TTS_v1
/data/nhandt23/Dataset/MMSData/13GKsS26F4U/asr_subtitle/wavs/13GKsS26F4U_04222.wav,3.274101495742798,NISQA_TTS_v1
/data/nhandt23/Dataset/MMSData/13GKsS26F4U/asr_subtitle/wavs/13GKsS26F4U_04969.wav,3.3744771480560303,NISQA_TTS_v1
/data/nhandt23/Dataset/MMSData/13GKsS26F4U/asr_subtitle/wavs/13GKsS26F4U_02736.wav,2.8108866214752197,NISQA_TTS_v1
/data/nhandt23/Dataset/MMSData/13GKsS26F4U/asr_subtitle/wavs/13GKsS26F4U_01495.wav,2.410369634628296,NISQA_TTS_v1
/data/nhandt23/Dataset/MMSData/13GKsS26F4U/asr_subtitle/wavs/13GKsS26F4U_03287.wav,3.329864263534546,NISQA_TTS_v1
/data/nhandt23/Dataset/MMSData/13GKsS26F4U/asr_subtitle/wavs/13GKsS26F4U_04445.wav,3.351362466812134,NISQA_TTS_v1
/data/nhandt23/Dataset/MMSData/13GKsS26F4U/asr_subtitle/wavs/13GKsS26F4U_02173.wav,2.6849944591522217,NISQA_TTS_v1
/data/nhandt23/Dataset/MMSData/13GKsS26F4U/asr_subtitle/wavs/13GKsS26F4U_01616.wav,3.802656650543213,NISQA_TTS_v1
/data/nhandt23/Dataset/MMSData/13GKsS26F4U/asr_subtitle/wavs/13GKsS26F4U_03519.wav,3.64133882522583,NISQA_TTS_v1
/data/nhandt23/Dataset/MMSData/13GKsS26F4U/asr_subtitle/wavs/13GKsS26F4U_02406.wav,2.6410939693450928,NISQA_TTS_v1
/data/nhandt23/Dataset/MMSData/13GKsS26F4U/asr_subtitle/wavs/13GKsS26F4U_02012.wav,3.272583246231079,NISQA_TTS_v1
/data/nhandt23/Dataset/MMSData/13GKsS26F4U/asr_subtitle/wavs/13GKsS26F4U_00150.wav,3.105626344680786,NISQA_TTS_v1
/data/nhandt23/Dataset/MMSData/13GKsS26F4U/asr_subtitle/wavs/13GKsS26F4U_03657.wav,3.3281943798065186,NISQA_TTS_v1
/data/nhandt23/Dataset/MMSData/13GKsS26F4U/asr_subtitle/wavs/13GKsS26F4U_05158.wav,2.497119903564453,NISQA_TTS_v1
/data/nhandt23/Dataset/MMSData/13GKsS26F4U/asr_subtitle/wavs/13GKsS26F4U_02659.wav,2.884390354156494,NISQA_TTS_v1
/data/nhandt23/Dataset/MMSData/13GKsS26F4U/asr_subtitle/wavs/13GKsS26F4U_01271.wav,3.5568082332611084,NISQA_TTS_v1
/data/nhandt23/Dataset/MMSData/13GKsS26F4U/asr_subtitle/wavs/13GKsS26F4U_00413.wav,3.1948049068450928,NISQA_TTS_v1
/data/nhandt23/Dataset/MMSData/13GKsS26F4U/asr_subtitle/wavs/13GKsS26F4U_04026.wav,3.6862130165100098,NISQA_TTS_v1
/data/nhandt23/Dataset/MMSData/13GKsS26F4U/asr_subtitle/wavs/13GKsS26F4U_00845.wav,3.1198244094848633,NISQA_TTS_v1
/data/nhandt23/Dataset/MMSData/13GKsS26F4U/asr_subtitle/wavs/13GKsS26F4U_04861.wav,2.898475408554077,NISQA_TTS_v1
/data/nhandt23/Dataset/MMSData/13GKsS26F4U/asr_subtitle/wavs/13GKsS26F4U_03638.wav,1.9905179738998413,NISQA_TTS_v1
/data/nhandt23/Dataset/MMSData/13GKsS26F4U/asr_subtitle/wavs/13GKsS26F4U_02092.wav,2.994563341140747,NISQA_TTS_v1
/data/nhandt23/Dataset/MMSData/13GKsS26F4U/asr_subtitle/wavs/13GKsS26F4U_03829.wav,3.423922300338745,NISQA_TTS_v1
/data/nhandt23/Dataset/MMSData/13GKsS26F4U/asr_subtitle/wavs/13GKsS26F4U_01905.wav,2.764068365097046,NISQA_TTS_v1
/data/nhandt23/Dataset/MMSData/13GKsS26F4U/asr_subtitle/wavs/13GKsS26F4U_04000.wav,2.9939351081848145,NISQA_TTS_v1
/data/nhandt23/Dataset/MMSData/13GKsS26F4U/asr_subtitle/wavs/13GKsS26F4U_01839.wav,3.171917200088501,NISQA_TTS_v1
/data/nhandt23/Dataset/MMSData/13GKsS26F4U/asr_subtitle/wavs/13GKsS26F4U_04770.wav,2.7395331859588623,NISQA_TTS_v1
/data/nhandt23/Dataset/MMSData/13GKsS26F4U/asr_subtitle/wavs/13GKsS26F4U_00326.wav,3.4142887592315674,NISQA_TTS_v1
/data/nhandt23/Dataset/MMSData/13GKsS26F4U/asr_subtitle/wavs/13GKsS26F4U_03107.wav,2.842841625213623,NISQA_TTS_v1
/data/nhandt23/Dataset/MMSData/13GKsS26F4U/asr_subtitle/wavs/13GKsS26F4U_04310.wav,3.0914461612701416,NISQA_TTS_v1
/data/nhandt23/Dataset/MMSData/13GKsS26F4U/asr_subtitle/wavs/13GKsS26F4U_01097.wav,2.2535400390625,NISQA_TTS_v1
/data/nhandt23/Dataset/MMSData/13GKsS26F4U/asr_subtitle/wavs/13GKsS26F4U_04378.wav,3.748596668243408,NISQA_TTS_v1
/data/nhandt23/Dataset/MMSData/13GKsS26F4U/asr_subtitle/wavs/13GKsS26F4U_01472.wav,2.6622047424316406,NISQA_TTS_v1
/data/nhandt23/Dataset/MMSData/13GKsS26F4U/asr_subtitle/wavs/13GKsS26F4U_01840.wav,3.062143325805664,NISQA_TTS_v1
/data/nhandt23/Dataset/MMSData/13GKsS26F4U/asr_subtitle/wavs/13GKsS26F4U_02261.wav,3.1681880950927734,NISQA_TTS_v1
/data/nhandt23/Dataset/MMSData/13GKsS26F4U/asr_subtitle/wavs/13GKsS26F4U_05056.wav,3.478411912918091,NISQA_TTS_v1
/data/nhandt23/Dataset/MMSData/13GKsS26F4U/asr_subtitle/wavs/13GKsS26F4U_02337.wav,3.6439948081970215,NISQA_TTS_v1
/data/nhandt23/Dataset/MMSData/13GKsS26F4U/asr_subtitle/wavs/13GKsS26F4U_01951.wav,2.7576687335968018,NISQA_TTS_v1
/data/nhandt23/Dataset/MMSData/13GKsS26F4U/asr_subtitle/wavs/13GKsS26F4U_00614.wav,3.7902681827545166,NISQA_TTS_v1
/data/nhandt23/Dataset/MMSData/13GKsS26F4U/asr_subtitle/wavs/13GKsS26F4U_01018.wav,2.695457696914673,NISQA_TTS_v1
/data/nhandt23/Dataset/MMSData/13GKsS26F4U/asr_subtitle/wavs/13GKsS26F4U_04408.wav,2.4790327548980713,NISQA_TTS_v1
/data/nhandt23/Dataset/MMSData/13GKsS26F4U/asr_subtitle/wavs/13GKsS26F4U_03938.wav,3.3964645862579346,NISQA_TTS_v1
/data/nhandt23/Dataset/MMSData/13GKsS26F4U/asr_subtitle/wavs/13GKsS26F4U_02788.wav,3.422156572341919,NISQA_TTS_v1
/data/nhandt23/Dataset/MMSData/13GKsS26F4U/asr_subtitle/wavs/13GKsS26F4U_03455.wav,3.0352187156677246,NISQA_TTS_v1
/data/nhandt23/Dataset/MMSData/13GKsS26F4U/asr_subtitle/wavs/13GKsS26F4U_01137.wav,2.6461825370788574,NISQA_TTS_v1
/data/nhandt23/Dataset/MMSData/13GKsS26F4U/asr_subtitle/wavs/13GKsS26F4U_02872.wav,3.0579581260681152,NISQA_TTS_v1
/data/nhandt23/Dataset/MMSData/13GKsS26F4U/asr_subtitle/wavs/13GKsS26F4U_04175.wav,3.6986403465270996,NISQA_TTS_v1
/data/nhandt23/Dataset/MMSData/13GKsS26F4U/asr_subtitle/wavs/13GKsS26F4U_02930.wav,3.0707085132598877,NISQA_TTS_v1
/data/nhandt23/Dataset/MMSData/13GKsS26F4U/asr_subtitle/wavs/13GKsS26F4U_01633.wav,3.0834696292877197,NISQA_TTS_v1
/data/nhandt23/Dataset/MMSData/13GKsS26F4U/asr_subtitle/wavs/13GKsS26F4U_03029.wav,2.837512969970703,NISQA_TTS_v1
/data/nhandt23/Dataset/MMSData/13GKsS26F4U/asr_subtitle/wavs/13GKsS26F4U_01173.wav,3.143420934677124,NISQA_TTS_v1
/data/nhandt23/Dataset/MMSData/13GKsS26F4U/asr_subtitle/wavs/13GKsS26F4U_03847.wav,3.3609726428985596,NISQA_TTS_v1
/data/nhandt23/Dataset/MMSData/13GKsS26F4U/asr_subtitle/wavs/13GKsS26F4U_03329.wav,2.2921316623687744,NISQA_TTS_v1
/data/nhandt23/Dataset/MMSData/13GKsS26F4U/asr_subtitle/wavs/13GKsS26F4U_01342.wav,2.9102022647857666,NISQA_TTS_v1
/data/nhandt23/Dataset/MMSData/13GKsS26F4U/asr_subtitle/wavs/13GKsS26F4U_03073.wav,3.682741403579712,NISQA_TTS_v1
/data/nhandt23/Dataset/MMSData/13GKsS26F4U/asr_subtitle/wavs/13GKsS26F4U_00376.wav,3.022604465484619,NISQA_TTS_v1
/data/nhandt23/Dataset/MMSData/13GKsS26F4U/asr_subtitle/wavs/13GKsS26F4U_00735.wav,3.0518383979797363,NISQA_TTS_v1
/data/nhandt23/Dataset/MMSData/13GKsS26F4U/asr_subtitle/wavs/13GKsS26F4U_04179.wav,3.4055678844451904,NISQA_TTS_v1
/data/nhandt23/Dataset/MMSData/13GKsS26F4U/asr_subtitle/wavs/13GKsS26F4U_01979.wav,2.585919141769409,NISQA_TTS_v1
/data/nhandt23/Dataset/MMSData/13GKsS26F4U/asr_subtitle/wavs/13GKsS26F4U_01553.wav,2.6166632175445557,NISQA_TTS_v1
/data/nhandt23/Dataset/MMSData/13GKsS26F4U/asr_subtitle/wavs/13GKsS26F4U_02829.wav,2.8403208255767822,NISQA_TTS_v1
/data/nhandt23/Dataset/MMSData/13GKsS26F4U/asr_subtitle/wavs/13GKsS26F4U_02003.wav,3.5792295932769775,NISQA_TTS_v1
/data/nhandt23/Dataset/MMSData/13GKsS26F4U/asr_subtitle/wavs/13GKsS26F4U_00417.wav,3.122314214706421,NISQA_TTS_v1
/data/nhandt23/Dataset/MMSData/13GKsS26F4U/asr_subtitle/wavs/13GKsS26F4U_04884.wav,4.56834602355957,NISQA_TTS_v1
/data/nhandt23/Dataset/MMSData/13GKsS26F4U/asr_subtitle/wavs/13GKsS26F4U_01017.wav,3.5018928050994873,NISQA_TTS_v1
/data/nhandt23/Dataset/MMSData/13GKsS26F4U/asr_subtitle/wavs/13GKsS26F4U_00909.wav,2.7495436668395996,NISQA_TTS_v1
/data/nhandt23/Dataset/MMSData/13GKsS26F4U/asr_subtitle/wavs/13GKsS26F4U_00460.wav,3.2734577655792236,NISQA_TTS_v1
/data/nhandt23/Dataset/MMSData/13GKsS26F4U/asr_subtitle/wavs/13GKsS26F4U_01861.wav,2.9236879348754883,NISQA_TTS_v1
/data/nhandt23/Dataset/MMSData/13GKsS26F4U/asr_subtitle/wavs/13GKsS26F4U_03749.wav,2.6285860538482666,NISQA_TTS_v1
/data/nhandt23/Dataset/MMSData/13GKsS26F4U/asr_subtitle/wavs/13GKsS26F4U_04802.wav,3.428351640701294,NISQA_TTS_v1
/data/nhandt23/Dataset/MMSData/13GKsS26F4U/asr_subtitle/wavs/13GKsS26F4U_02242.wav,2.874174118041992,NISQA_TTS_v1
/data/nhandt23/Dataset/MMSData/13GKsS26F4U/asr_subtitle/wavs/13GKsS26F4U_00458.wav,3.049434185028076,NISQA_TTS_v1
/data/nhandt23/Dataset/MMSData/13GKsS26F4U/asr_subtitle/wavs/13GKsS26F4U_03456.wav,3.741189479827881,NISQA_TTS_v1
/data/nhandt23/Dataset/MMSData/13GKsS26F4U/asr_subtitle/wavs/13GKsS26F4U_04965.wav,2.633859634399414,NISQA_TTS_v1
/data/nhandt23/Dataset/MMSData/13GKsS26F4U/asr_subtitle/wavs/13GKsS26F4U_03121.wav,3.230332136154175,NISQA_TTS_v1
/data/nhandt23/Dataset/MMSData/13GKsS26F4U/asr_subtitle/wavs/13GKsS26F4U_01926.wav,3.5635929107666016,NISQA_TTS_v1
/data/nhandt23/Dataset/MMSData/13GKsS26F4U/asr_subtitle/wavs/13GKsS26F4U_00641.wav,3.417886972427368,NISQA_TTS_v1
/data/nhandt23/Dataset/MMSData/13GKsS26F4U/asr_subtitle/wavs/13GKsS26F4U_02220.wav,2.8169026374816895,NISQA_TTS_v1
/data/nhandt23/Dataset/MMSData/13GKsS26F4U/asr_subtitle/wavs/13GKsS26F4U_03218.wav,3.7178478240966797,NISQA_TTS_v1
/data/nhandt23/Dataset/MMSData/13GKsS26F4U/asr_subtitle/wavs/13GKsS26F4U_05034.wav,2.9696671962738037,NISQA_TTS_v1
/data/nhandt23/Dataset/MMSData/13GKsS26F4U/asr_subtitle/wavs/13GKsS26F4U_01156.wav,2.5665738582611084,NISQA_TTS_v1
/data/nhandt23/Dataset/MMSData/13GKsS26F4U/asr_subtitle/wavs/13GKsS26F4U_00702.wav,3.2542355060577393,NISQA_TTS_v1
/data/nhandt23/Dataset/MMSData/13GKsS26F4U/asr_subtitle/wavs/13GKsS26F4U_02509.wav,3.1111626625061035,NISQA_TTS_v1
/data/nhandt23/Dataset/MMSData/13GKsS26F4U/asr_subtitle/wavs/13GKsS26F4U_03984.wav,3.03072190284729,NISQA_TTS_v1
/data/nhandt23/Dataset/MMSData/13GKsS26F4U/asr_subtitle/wavs/13GKsS26F4U_00260.wav,3.9573652744293213,NISQA_TTS_v1
/data/nhandt23/Dataset/MMSData/13GKsS26F4U/asr_subtitle/wavs/13GKsS26F4U_00474.wav,3.150963068008423,NISQA_TTS_v1
/data/nhandt23/Dataset/MMSData/13GKsS26F4U/asr_subtitle/wavs/13GKsS26F4U_00693.wav,3.3879711627960205,NISQA_TTS_v1
/data/nhandt23/Dataset/MMSData/13GKsS26F4U/asr_subtitle/wavs/13GKsS26F4U_01912.wav,3.3887741565704346,NISQA_TTS_v1
/data/nhandt23/Dataset/MMSData/13GKsS26F4U/asr_subtitle/wavs/13GKsS26F4U_02479.wav,3.937398910522461,NISQA_TTS_v1
/data/nhandt23/Dataset/MMSData/13GKsS26F4U/asr_subtitle/wavs/13GKsS26F4U_02256.wav,2.9431076049804688,NISQA_TTS_v1
/data/nhandt23/Dataset/MMSData/13GKsS26F4U/asr_subtitle/wavs/13GKsS26F4U_00199.wav,3.659228801727295,NISQA_TTS_v1
/data/nhandt23/Dataset/MMSData/13GKsS26F4U/asr_subtitle/wavs/13GKsS26F4U_03760.wav,2.591989755630493,NISQA_TTS_v1
/data/nhandt23/Dataset/MMSData/13GKsS26F4U/asr_subtitle/wavs/13GKsS26F4U_02089.wav,3.3826425075531006,NISQA_TTS_v1
/data/nhandt23/Dataset/MMSData/13GKsS26F4U/asr_subtitle/wavs/13GKsS26F4U_01347.wav,2.748868227005005,NISQA_TTS_v1
/data/nhandt23/Dataset/MMSData/13GKsS26F4U/asr_subtitle/wavs/13GKsS26F4U_03798.wav,3.106393814086914,NISQA_TTS_v1
/data/nhandt23/Dataset/MMSData/13GKsS26F4U/asr_subtitle/wavs/13GKsS26F4U_00013.wav,3.627987861633301,NISQA_TTS_v1
/data/nhandt23/Dataset/MMSData/13GKsS26F4U/asr_subtitle/wavs/13GKsS26F4U_04088.wav,2.6274588108062744,NISQA_TTS_v1
/data/nhandt23/Dataset/MMSData/13GKsS26F4U/asr_subtitle/wavs/13GKsS26F4U_02511.wav,3.2342212200164795,NISQA_TTS_v1
/data/nhandt23/Dataset/MMSData/13GKsS26F4U/asr_subtitle/wavs/13GKsS26F4U_01716.wav,2.970573902130127,NISQA_TTS_v1
/data/nhandt23/Dataset/MMSData/13GKsS26F4U/asr_subtitle/wavs/13GKsS26F4U_02545.wav,3.287645101547241,NISQA_TTS_v1
/data/nhandt23/Dataset/MMSData/13GKsS26F4U/asr_subtitle/wavs/13GKsS26F4U_00289.wav,3.3971121311187744,NISQA_TTS_v1
/data/nhandt23/Dataset/MMSData/13GKsS26F4U/asr_subtitle/wavs/13GKsS26F4U_04789.wav,2.920713186264038,NISQA_TTS_v1
/data/nhandt23/Dataset/MMSData/13GKsS26F4U/asr_subtitle/wavs/13GKsS26F4U_02214.wav,2.910388708114624,NISQA_TTS_v1
/data/nhandt23/Dataset/MMSData/13GKsS26F4U/asr_subtitle/wavs/13GKsS26F4U_04030.wav,3.247321844100952,NISQA_TTS_v1
/data/nhandt23/Dataset/MMSData/13GKsS26F4U/asr_subtitle/wavs/13GKsS26F4U_02163.wav,3.9496052265167236,NISQA_TTS_v1
/data/nhandt23/Dataset/MMSData/13GKsS26F4U/asr_subtitle/wavs/13GKsS26F4U_04948.wav,2.227567434310913,NISQA_TTS_v1
/data/nhandt23/Dataset/MMSData/13GKsS26F4U/asr_subtitle/wavs/13GKsS26F4U_00930.wav,3.178166627883911,NISQA_TTS_v1
/data/nhandt23/Dataset/MMSData/13GKsS26F4U/asr_subtitle/wavs/13GKsS26F4U_00781.wav,3.5901072025299072,NISQA_TTS_v1
/data/nhandt23/Dataset/MMSData/13GKsS26F4U/asr_subtitle/wavs/13GKsS26F4U_02883.wav,3.753631353378296,NISQA_TTS_v1
/data/nhandt23/Dataset/MMSData/13GKsS26F4U/asr_subtitle/wavs/13GKsS26F4U_04730.wav,3.3031857013702393,NISQA_TTS_v1
/data/nhandt23/Dataset/MMSData/13GKsS26F4U/asr_subtitle/wavs/13GKsS26F4U_00321.wav,2.404574155807495,NISQA_TTS_v1
/data/nhandt23/Dataset/MMSData/13GKsS26F4U/asr_subtitle/wavs/13GKsS26F4U_04171.wav,3.3464291095733643,NISQA_TTS_v1
/data/nhandt23/Dataset/MMSData/13GKsS26F4U/asr_subtitle/wavs/13GKsS26F4U_03690.wav,3.7740375995635986,NISQA_TTS_v1
/data/nhandt23/Dataset/MMSData/13GKsS26F4U/asr_subtitle/wavs/13GKsS26F4U_00104.wav,2.3591957092285156,NISQA_TTS_v1
/data/nhandt23/Dataset/MMSData/13GKsS26F4U/asr_subtitle/wavs/13GKsS26F4U_03851.wav,3.3092455863952637,NISQA_TTS_v1
/data/nhandt23/Dataset/MMSData/13GKsS26F4U/asr_subtitle/wavs/13GKsS26F4U_04734.wav,2.967844009399414,NISQA_TTS_v1
/data/nhandt23/Dataset/MMSData/13GKsS26F4U/asr_subtitle/wavs/13GKsS26F4U_00464.wav,3.1796669960021973,NISQA_TTS_v1
/data/nhandt23/Dataset/MMSData/13GKsS26F4U/asr_subtitle/wavs/13GKsS26F4U_02781.wav,3.645411729812622,NISQA_TTS_v1
/data/nhandt23/Dataset/MMSData/13GKsS26F4U/asr_subtitle/wavs/13GKsS26F4U_00472.wav,2.964266538619995,NISQA_TTS_v1
/data/nhandt23/Dataset/MMSData/13GKsS26F4U/asr_subtitle/wavs/13GKsS26F4U_00668.wav,3.2637178897857666,NISQA_TTS_v1
/data/nhandt23/Dataset/MMSData/13GKsS26F4U/asr_subtitle/wavs/13GKsS26F4U_02142.wav,3.372382402420044,NISQA_TTS_v1
/data/nhandt23/Dataset/MMSData/13GKsS26F4U/asr_subtitle/wavs/13GKsS26F4U_03003.wav,2.849261522293091,NISQA_TTS_v1
/data/nhandt23/Dataset/MMSData/13GKsS26F4U/asr_subtitle/wavs/13GKsS26F4U_04093.wav,3.581105947494507,NISQA_TTS_v1
/data/nhandt23/Dataset/MMSData/13GKsS26F4U/asr_subtitle/wavs/13GKsS26F4U_04320.wav,3.111521005630493,NISQA_TTS_v1
/data/nhandt23/Dataset/MMSData/13GKsS26F4U/asr_subtitle/wavs/13GKsS26F4U_00113.wav,3.0261728763580322,NISQA_TTS_v1
/data/nhandt23/Dataset/MMSData/13GKsS26F4U/asr_subtitle/wavs/13GKsS26F4U_04232.wav,3.7518060207366943,NISQA_TTS_v1
/data/nhandt23/Dataset/MMSData/13GKsS26F4U/asr_subtitle/wavs/13GKsS26F4U_01808.wav,3.161456346511841,NISQA_TTS_v1
/data/nhandt23/Dataset/MMSData/13GKsS26F4U/asr_subtitle/wavs/13GKsS26F4U_03921.wav,2.991838216781616,NISQA_TTS_v1
/data/nhandt23/Dataset/MMSData/13GKsS26F4U/asr_subtitle/wavs/13GKsS26F4U_00257.wav,3.2918217182159424,NISQA_TTS_v1
/data/nhandt23/Dataset/MMSData/13GKsS26F4U/asr_subtitle/wavs/13GKsS26F4U_02968.wav,1.9566868543624878,NISQA_TTS_v1
/data/nhandt23/Dataset/MMSData/13GKsS26F4U/asr_subtitle/wavs/13GKsS26F4U_01789.wav,1.9624119997024536,NISQA_TTS_v1
/data/nhandt23/Dataset/MMSData/13GKsS26F4U/asr_subtitle/wavs/13GKsS26F4U_04464.wav,2.800297498703003,NISQA_TTS_v1
/data/nhandt23/Dataset/MMSData/13GKsS26F4U/asr_subtitle/wavs/13GKsS26F4U_04888.wav,3.037998914718628,NISQA_TTS_v1
/data/nhandt23/Dataset/MMSData/13GKsS26F4U/asr_subtitle/wavs/13GKsS26F4U_04259.wav,2.9581258296966553,NISQA_TTS_v1
/data/nhandt23/Dataset/MMSData/13GKsS26F4U/asr_subtitle/wavs/13GKsS26F4U_00505.wav,2.941687822341919,NISQA_TTS_v1
/data/nhandt23/Dataset/MMSData/13GKsS26F4U/asr_subtitle/wavs/13GKsS26F4U_00967.wav,3.613891363143921,NISQA_TTS_v1
/data/nhandt23/Dataset/MMSData/13GKsS26F4U/asr_subtitle/wavs/13GKsS26F4U_02330.wav,3.968681812286377,NISQA_TTS_v1
/data/nhandt23/Dataset/MMSData/13GKsS26F4U/asr_subtitle/wavs/13GKsS26F4U_01059.wav,2.632359743118286,NISQA_TTS_v1
/data/nhandt23/Dataset/MMSData/13GKsS26F4U/asr_subtitle/wavs/13GKsS26F4U_01721.wav,3.0005042552948,NISQA_TTS_v1
/data/nhandt23/Dataset/MMSData/13GKsS26F4U/asr_subtitle/wavs/13GKsS26F4U_04500.wav,3.2593834400177,NISQA_TTS_v1
/data/nhandt23/Dataset/MMSData/13GKsS26F4U/asr_subtitle/wavs/13GKsS26F4U_02346.wav,3.2400293350219727,NISQA_TTS_v1
/data/nhandt23/Dataset/MMSData/13GKsS26F4U/asr_subtitle/wavs/13GKsS26F4U_05077.wav,3.474757194519043,NISQA_TTS_v1
/data/nhandt23/Dataset/MMSData/13GKsS26F4U/asr_subtitle/wavs/13GKsS26F4U_03037.wav,2.750673770904541,NISQA_TTS_v1
/data/nhandt23/Dataset/MMSData/13GKsS26F4U/asr_subtitle/wavs/13GKsS26F4U_01948.wav,3.0549492835998535,NISQA_TTS_v1
/data/nhandt23/Dataset/MMSData/13GKsS26F4U/asr_subtitle/wavs/13GKsS26F4U_04988.wav,2.751023769378662,NISQA_TTS_v1
/data/nhandt23/Dataset/MMSData/13GKsS26F4U/asr_subtitle/wavs/13GKsS26F4U_03209.wav,3.2892026901245117,NISQA_TTS_v1
/data/nhandt23/Dataset/MMSData/13GKsS26F4U/asr_subtitle/wavs/13GKsS26F4U_00254.wav,3.7687559127807617,NISQA_TTS_v1
/data/nhandt23/Dataset/MMSData/13GKsS26F4U/asr_subtitle/wavs/13GKsS26F4U_04480.wav,2.591724157333374,NISQA_TTS_v1
/data/nhandt23/Dataset/MMSData/13GKsS26F4U/asr_subtitle/wavs/13GKsS26F4U_01732.wav,3.198394536972046,NISQA_TTS_v1
/data/nhandt23/Dataset/MMSData/13GKsS26F4U/asr_subtitle/wavs/13GKsS26F4U_04690.wav,3.844245195388794,NISQA_TTS_v1
/data/nhandt23/Dataset/MMSData/13GKsS26F4U/asr_subtitle/wavs/13GKsS26F4U_04207.wav,1.9436031579971313,NISQA_TTS_v1
/data/nhandt23/Dataset/MMSData/13GKsS26F4U/asr_subtitle/wavs/13GKsS26F4U_02440.wav,3.389345169067383,NISQA_TTS_v1
/data/nhandt23/Dataset/MMSData/13GKsS26F4U/asr_subtitle/wavs/13GKsS26F4U_04305.wav,2.7608273029327393,NISQA_TTS_v1
/data/nhandt23/Dataset/MMSData/13GKsS26F4U/asr_subtitle/wavs/13GKsS26F4U_00246.wav,2.2386186122894287,NISQA_TTS_v1
/data/nhandt23/Dataset/MMSData/13GKsS26F4U/asr_subtitle/wavs/13GKsS26F4U_03871.wav,2.7987265586853027,NISQA_TTS_v1
/data/nhandt23/Dataset/MMSData/13GKsS26F4U/asr_subtitle/wavs/13GKsS26F4U_00330.wav,3.7966392040252686,NISQA_TTS_v1
/data/nhandt23/Dataset/MMSData/13GKsS26F4U/asr_subtitle/wavs/13GKsS26F4U_02771.wav,2.9412319660186768,NISQA_TTS_v1
/data/nhandt23/Dataset/MMSData/13GKsS26F4U/asr_subtitle/wavs/13GKsS26F4U_04021.wav,3.3074405193328857,NISQA_TTS_v1
/data/nhandt23/Dataset/MMSData/13GKsS26F4U/asr_subtitle/wavs/13GKsS26F4U_01991.wav,3.551649570465088,NISQA_TTS_v1
/data/nhandt23/Dataset/MMSData/13GKsS26F4U/asr_subtitle/wavs/13GKsS26F4U_01157.wav,3.5823233127593994,NISQA_TTS_v1
/data/nhandt23/Dataset/MMSData/13GKsS26F4U/asr_subtitle/wavs/13GKsS26F4U_04429.wav,3.1734306812286377,NISQA_TTS_v1
/data/nhandt23/Dataset/MMSData/13GKsS26F4U/asr_subtitle/wavs/13GKsS26F4U_04370.wav,2.947354555130005,NISQA_TTS_v1
/data/nhandt23/Dataset/MMSData/13GKsS26F4U/asr_subtitle/wavs/13GKsS26F4U_03892.wav,3.5540120601654053,NISQA_TTS_v1
/data/nhandt23/Dataset/MMSData/13GKsS26F4U/asr_subtitle/wavs/13GKsS26F4U_01416.wav,3.95487904548645,NISQA_TTS_v1
/data/nhandt23/Dataset/MMSData/13GKsS26F4U/asr_subtitle/wavs/13GKsS26F4U_00743.wav,3.1898088455200195,NISQA_TTS_v1
/data/nhandt23/Dataset/MMSData/13GKsS26F4U/asr_subtitle/wavs/13GKsS26F4U_01078.wav,2.514810800552368,NISQA_TTS_v1
/data/nhandt23/Dataset/MMSData/13GKsS26F4U/asr_subtitle/wavs/13GKsS26F4U_02967.wav,2.495739698410034,NISQA_TTS_v1
/data/nhandt23/Dataset/MMSData/13GKsS26F4U/asr_subtitle/wavs/13GKsS26F4U_00450.wav,3.3781158924102783,NISQA_TTS_v1
/data/nhandt23/Dataset/MMSData/13GKsS26F4U/asr_subtitle/wavs/13GKsS26F4U_04329.wav,3.347027063369751,NISQA_TTS_v1
/data/nhandt23/Dataset/MMSData/13GKsS26F4U/asr_subtitle/wavs/13GKsS26F4U_01573.wav,3.0566723346710205,NISQA_TTS_v1
/data/nhandt23/Dataset/MMSData/13GKsS26F4U/asr_subtitle/wavs/13GKsS26F4U_04613.wav,2.7230639457702637,NISQA_TTS_v1
/data/nhandt23/Dataset/MMSData/13GKsS26F4U/asr_subtitle/wavs/13GKsS26F4U_01428.wav,3.0122907161712646,NISQA_TTS_v1
/data/nhandt23/Dataset/MMSData/13GKsS26F4U/asr_subtitle/wavs/13GKsS26F4U_03432.wav,2.969862699508667,NISQA_TTS_v1
/data/nhandt23/Dataset/MMSData/13GKsS26F4U/asr_subtitle/wavs/13GKsS26F4U_02149.wav,3.1063907146453857,NISQA_TTS_v1
/data/nhandt23/Dataset/MMSData/13GKsS26F4U/asr_subtitle/wavs/13GKsS26F4U_02730.wav,2.8883655071258545,NISQA_TTS_v1
/data/nhandt23/Dataset/MMSData/13GKsS26F4U/asr_subtitle/wavs/13GKsS26F4U_03836.wav,2.5441644191741943,NISQA_TTS_v1
/data/nhandt23/Dataset/MMSData/13GKsS26F4U/asr_subtitle/wavs/13GKsS26F4U_00790.wav,2.3821942806243896,NISQA_TTS_v1
/data/nhandt23/Dataset/MMSData/13GKsS26F4U/asr_subtitle/wavs/13GKsS26F4U_00607.wav,3.3427398204803467,NISQA_TTS_v1
/data/nhandt23/Dataset/MMSData/13GKsS26F4U/asr_subtitle/wavs/13GKsS26F4U_04722.wav,2.9233815670013428,NISQA_TTS_v1
/data/nhandt23/Dataset/MMSData/13GKsS26F4U/asr_subtitle/wavs/13GKsS26F4U_01588.wav,3.4711415767669678,NISQA_TTS_v1
/data/nhandt23/Dataset/MMSData/13GKsS26F4U/asr_subtitle/wavs/13GKsS26F4U_04696.wav,3.1370608806610107,NISQA_TTS_v1
/data/nhandt23/Dataset/MMSData/13GKsS26F4U/asr_subtitle/wavs/13GKsS26F4U_01863.wav,3.126399517059326,NISQA_TTS_v1
/data/nhandt23/Dataset/MMSData/13GKsS26F4U/asr_subtitle/wavs/13GKsS26F4U_01937.wav,3.2359769344329834,NISQA_TTS_v1
/data/nhandt23/Dataset/MMSData/13GKsS26F4U/asr_subtitle/wavs/13GKsS26F4U_02102.wav,2.682077646255493,NISQA_TTS_v1
/data/nhandt23/Dataset/MMSData/13GKsS26F4U/asr_subtitle/wavs/13GKsS26F4U_01942.wav,3.3601276874542236,NISQA_TTS_v1
/data/nhandt23/Dataset/MMSData/13GKsS26F4U/asr_subtitle/wavs/13GKsS26F4U_00386.wav,2.573072910308838,NISQA_TTS_v1
/data/nhandt23/Dataset/MMSData/13GKsS26F4U/asr_subtitle/wavs/13GKsS26F4U_00792.wav,3.5018017292022705,NISQA_TTS_v1
/data/nhandt23/Dataset/MMSData/13GKsS26F4U/asr_subtitle/wavs/13GKsS26F4U_00353.wav,3.6348655223846436,NISQA_TTS_v1
/data/nhandt23/Dataset/MMSData/13GKsS26F4U/asr_subtitle/wavs/13GKsS26F4U_03413.wav,3.1907799243927,NISQA_TTS_v1
/data/nhandt23/Dataset/MMSData/13GKsS26F4U/asr_subtitle/wavs/13GKsS26F4U_01484.wav,2.527845621109009,NISQA_TTS_v1
/data/nhandt23/Dataset/MMSData/13GKsS26F4U/asr_subtitle/wavs/13GKsS26F4U_01351.wav,4.065901756286621,NISQA_TTS_v1
/data/nhandt23/Dataset/MMSData/13GKsS26F4U/asr_subtitle/wavs/13GKsS26F4U_02739.wav,2.775420904159546,NISQA_TTS_v1
/data/nhandt23/Dataset/MMSData/13GKsS26F4U/asr_subtitle/wavs/13GKsS26F4U_00627.wav,2.2758100032806396,NISQA_TTS_v1
/data/nhandt23/Dataset/MMSData/13GKsS26F4U/asr_subtitle/wavs/13GKsS26F4U_02037.wav,3.8092286586761475,NISQA_TTS_v1
/data/nhandt23/Dataset/MMSData/13GKsS26F4U/asr_subtitle/wavs/13GKsS26F4U_04641.wav,3.662912130355835,NISQA_TTS_v1
/data/nhandt23/Dataset/MMSData/13GKsS26F4U/asr_subtitle/wavs/13GKsS26F4U_00009.wav,3.2556488513946533,NISQA_TTS_v1
/data/nhandt23/Dataset/MMSData/13GKsS26F4U/asr_subtitle/wavs/13GKsS26F4U_00565.wav,3.151183843612671,NISQA_TTS_v1
/data/nhandt23/Dataset/MMSData/13GKsS26F4U/asr_subtitle/wavs/13GKsS26F4U_00675.wav,3.4087765216827393,NISQA_TTS_v1
/data/nhandt23/Dataset/MMSData/13GKsS26F4U/asr_subtitle/wavs/13GKsS26F4U_00162.wav,1.9705712795257568,NISQA_TTS_v1
/data/nhandt23/Dataset/MMSData/13GKsS26F4U/asr_subtitle/wavs/13GKsS26F4U_02407.wav,2.765094041824341,NISQA_TTS_v1
/data/nhandt23/Dataset/MMSData/13GKsS26F4U/asr_subtitle/wavs/13GKsS26F4U_00438.wav,4.045721530914307,NISQA_TTS_v1
/data/nhandt23/Dataset/MMSData/13GKsS26F4U/asr_subtitle/wavs/13GKsS26F4U_01685.wav,2.6951262950897217,NISQA_TTS_v1
/data/nhandt23/Dataset/MMSData/13GKsS26F4U/asr_subtitle/wavs/13GKsS26F4U_01506.wav,3.6135082244873047,NISQA_TTS_v1
/data/nhandt23/Dataset/MMSData/13GKsS26F4U/asr_subtitle/wavs/13GKsS26F4U_01085.wav,2.8809092044830322,NISQA_TTS_v1
/data/nhandt23/Dataset/MMSData/13GKsS26F4U/asr_subtitle/wavs/13GKsS26F4U_03191.wav,2.4693684577941895,NISQA_TTS_v1
/data/nhandt23/Dataset/MMSData/13GKsS26F4U/asr_subtitle/wavs/13GKsS26F4U_04227.wav,2.9861953258514404,NISQA_TTS_v1
/data/nhandt23/Dataset/MMSData/13GKsS26F4U/asr_subtitle/wavs/13GKsS26F4U_03898.wav,3.0970709323883057,NISQA_TTS_v1
/data/nhandt23/Dataset/MMSData/13GKsS26F4U/asr_subtitle/wavs/13GKsS26F4U_00584.wav,4.497386932373047,NISQA_TTS_v1
/data/nhandt23/Dataset/MMSData/13GKsS26F4U/asr_subtitle/wavs/13GKsS26F4U_00666.wav,4.5797505378723145,NISQA_TTS_v1
/data/nhandt23/Dataset/MMSData/13GKsS26F4U/asr_subtitle/wavs/13GKsS26F4U_02351.wav,2.995166540145874,NISQA_TTS_v1
/data/nhandt23/Dataset/MMSData/13GKsS26F4U/asr_subtitle/wavs/13GKsS26F4U_00364.wav,3.2999861240386963,NISQA_TTS_v1
/data/nhandt23/Dataset/MMSData/13GKsS26F4U/asr_subtitle/wavs/13GKsS26F4U_04761.wav,3.3002965450286865,NISQA_TTS_v1
/data/nhandt23/Dataset/MMSData/13GKsS26F4U/asr_subtitle/wavs/13GKsS26F4U_01684.wav,2.317263603210449,NISQA_TTS_v1
/data/nhandt23/Dataset/MMSData/13GKsS26F4U/asr_subtitle/wavs/13GKsS26F4U_00596.wav,4.044430732727051,NISQA_TTS_v1
/data/nhandt23/Dataset/MMSData/13GKsS26F4U/asr_subtitle/wavs/13GKsS26F4U_05069.wav,3.1384241580963135,NISQA_TTS_v1
/data/nhandt23/Dataset/MMSData/13GKsS26F4U/asr_subtitle/wavs/13GKsS26F4U_02136.wav,2.325486421585083,NISQA_TTS_v1
/data/nhandt23/Dataset/MMSData/13GKsS26F4U/asr_subtitle/wavs/13GKsS26F4U_04460.wav,2.4214541912078857,NISQA_TTS_v1
/data/nhandt23/Dataset/MMSData/13GKsS26F4U/asr_subtitle/wavs/13GKsS26F4U_02087.wav,3.3627970218658447,NISQA_TTS_v1
/data/nhandt23/Dataset/MMSData/13GKsS26F4U/asr_subtitle/wavs/13GKsS26F4U_04562.wav,2.8915557861328125,NISQA_TTS_v1
/data/nhandt23/Dataset/MMSData/13GKsS26F4U/asr_subtitle/wavs/13GKsS26F4U_02021.wav,3.085005760192871,NISQA_TTS_v1
/data/nhandt23/Dataset/MMSData/13GKsS26F4U/asr_subtitle/wavs/13GKsS26F4U_02230.wav,2.6174979209899902,NISQA_TTS_v1
/data/nhandt23/Dataset/MMSData/13GKsS26F4U/asr_subtitle/wavs/13GKsS26F4U_04588.wav,3.479321241378784,NISQA_TTS_v1
/data/nhandt23/Dataset/MMSData/13GKsS26F4U/asr_subtitle/wavs/13GKsS26F4U_02699.wav,3.214714527130127,NISQA_TTS_v1
/data/nhandt23/Dataset/MMSData/13GKsS26F4U/asr_subtitle/wavs/13GKsS26F4U_00198.wav,2.2417850494384766,NISQA_TTS_v1
/data/nhandt23/Dataset/MMSData/13GKsS26F4U/asr_subtitle/wavs/13GKsS26F4U_00737.wav,2.8717823028564453,NISQA_TTS_v1
/data/nhandt23/Dataset/MMSData/13GKsS26F4U/asr_subtitle/wavs/13GKsS26F4U_01576.wav,2.4486331939697266,NISQA_TTS_v1
/data/nhandt23/Dataset/MMSData/13GKsS26F4U/asr_subtitle/wavs/13GKsS26F4U_01420.wav,3.127807855606079,NISQA_TTS_v1
/data/nhandt23/Dataset/MMSData/13GKsS26F4U/asr_subtitle/wavs/13GKsS26F4U_04985.wav,3.515063524246216,NISQA_TTS_v1
/data/nhandt23/Dataset/MMSData/13GKsS26F4U/asr_subtitle/wavs/13GKsS26F4U_00653.wav,3.264434337615967,NISQA_TTS_v1
/data/nhandt23/Dataset/MMSData/13GKsS26F4U/asr_subtitle/wavs/13GKsS26F4U_01551.wav,3.7527964115142822,NISQA_TTS_v1
/data/nhandt23/Dataset/MMSData/13GKsS26F4U/asr_subtitle/wavs/13GKsS26F4U_03125.wav,1.7907034158706665,NISQA_TTS_v1
/data/nhandt23/Dataset/MMSData/13GKsS26F4U/asr_subtitle/wavs/13GKsS26F4U_01197.wav,3.1233508586883545,NISQA_TTS_v1
/data/nhandt23/Dataset/MMSData/13GKsS26F4U/asr_subtitle/wavs/13GKsS26F4U_03247.wav,2.8104677200317383,NISQA_TTS_v1
/data/nhandt23/Dataset/MMSData/13GKsS26F4U/asr_subtitle/wavs/13GKsS26F4U_02144.wav,2.7104151248931885,NISQA_TTS_v1
/data/nhandt23/Dataset/MMSData/13GKsS26F4U/asr_subtitle/wavs/13GKsS26F4U_02335.wav,2.640047311782837,NISQA_TTS_v1
/data/nhandt23/Dataset/MMSData/13GKsS26F4U/asr_subtitle/wavs/13GKsS26F4U_04549.wav,3.756183624267578,NISQA_TTS_v1
/data/nhandt23/Dataset/MMSData/13GKsS26F4U/asr_subtitle/wavs/13GKsS26F4U_02957.wav,2.913534641265869,NISQA_TTS_v1
/data/nhandt23/Dataset/MMSData/13GKsS26F4U/asr_subtitle/wavs/13GKsS26F4U_02288.wav,3.1896655559539795,NISQA_TTS_v1
/data/nhandt23/Dataset/MMSData/13GKsS26F4U/asr_subtitle/wavs/13GKsS26F4U_01915.wav,2.658841371536255,NISQA_TTS_v1
/data/nhandt23/Dataset/MMSData/13GKsS26F4U/asr_subtitle/wavs/13GKsS26F4U_03623.wav,3.432392120361328,NISQA_TTS_v1
/data/nhandt23/Dataset/MMSData/13GKsS26F4U/asr_subtitle/wavs/13GKsS26F4U_04297.wav,2.723510503768921,NISQA_TTS_v1
/data/nhandt23/Dataset/MMSData/13GKsS26F4U/asr_subtitle/wavs/13GKsS26F4U_04154.wav,4.004415035247803,NISQA_TTS_v1
/data/nhandt23/Dataset/MMSData/13GKsS26F4U/asr_subtitle/wavs/13GKsS26F4U_01434.wav,3.868981122970581,NISQA_TTS_v1
/data/nhandt23/Dataset/MMSData/13GKsS26F4U/asr_subtitle/wavs/13GKsS26F4U_02041.wav,3.0678257942199707,NISQA_TTS_v1
/data/nhandt23/Dataset/MMSData/13GKsS26F4U/asr_subtitle/wavs/13GKsS26F4U_00824.wav,2.9850070476531982,NISQA_TTS_v1
/data/nhandt23/Dataset/MMSData/13GKsS26F4U/asr_subtitle/wavs/13GKsS26F4U_03524.wav,2.7702462673187256,NISQA_TTS_v1
/data/nhandt23/Dataset/MMSData/13GKsS26F4U/asr_subtitle/wavs/13GKsS26F4U_04415.wav,2.446438789367676,NISQA_TTS_v1
/data/nhandt23/Dataset/MMSData/13GKsS26F4U/asr_subtitle/wavs/13GKsS26F4U_00188.wav,3.3880691528320312,NISQA_TTS_v1
/data/nhandt23/Dataset/MMSData/13GKsS26F4U/asr_subtitle/wavs/13GKsS26F4U_00133.wav,2.8148717880249023,NISQA_TTS_v1
/data/nhandt23/Dataset/MMSData/13GKsS26F4U/asr_subtitle/wavs/13GKsS26F4U_00098.wav,3.2998149394989014,NISQA_TTS_v1
/data/nhandt23/Dataset/MMSData/13GKsS26F4U/asr_subtitle/wavs/13GKsS26F4U_03805.wav,3.209233522415161,NISQA_TTS_v1
/data/nhandt23/Dataset/MMSData/13GKsS26F4U/asr_subtitle/wavs/13GKsS26F4U_00234.wav,2.8033902645111084,NISQA_TTS_v1
/data/nhandt23/Dataset/MMSData/13GKsS26F4U/asr_subtitle/wavs/13GKsS26F4U_03424.wav,2.8078458309173584,NISQA_TTS_v1
/data/nhandt23/Dataset/MMSData/13GKsS26F4U/asr_subtitle/wavs/13GKsS26F4U_03664.wav,2.463491916656494,NISQA_TTS_v1
/data/nhandt23/Dataset/MMSData/13GKsS26F4U/asr_subtitle/wavs/13GKsS26F4U_00926.wav,3.5604913234710693,NISQA_TTS_v1
/data/nhandt23/Dataset/MMSData/13GKsS26F4U/asr_subtitle/wavs/13GKsS26F4U_05093.wav,3.3261492252349854,NISQA_TTS_v1
/data/nhandt23/Dataset/MMSData/13GKsS26F4U/asr_subtitle/wavs/13GKsS26F4U_02729.wav,3.561660051345825,NISQA_TTS_v1
/data/nhandt23/Dataset/MMSData/13GKsS26F4U/asr_subtitle/wavs/13GKsS26F4U_01984.wav,2.845388412475586,NISQA_TTS_v1
/data/nhandt23/Dataset/MMSData/13GKsS26F4U/asr_subtitle/wavs/13GKsS26F4U_01311.wav,3.440704107284546,NISQA_TTS_v1
/data/nhandt23/Dataset/MMSData/13GKsS26F4U/asr_subtitle/wavs/13GKsS26F4U_04224.wav,3.075162172317505,NISQA_TTS_v1
/data/nhandt23/Dataset/MMSData/13GKsS26F4U/asr_subtitle/wavs/13GKsS26F4U_01348.wav,3.054783582687378,NISQA_TTS_v1
/data/nhandt23/Dataset/MMSData/13GKsS26F4U/asr_subtitle/wavs/13GKsS26F4U_04018.wav,2.5153141021728516,NISQA_TTS_v1
/data/nhandt23/Dataset/MMSData/13GKsS26F4U/asr_subtitle/wavs/13GKsS26F4U_02512.wav,3.970852851867676,NISQA_TTS_v1
/data/nhandt23/Dataset/MMSData/13GKsS26F4U/asr_subtitle/wavs/13GKsS26F4U_00548.wav,2.832765817642212,NISQA_TTS_v1
/data/nhandt23/Dataset/MMSData/13GKsS26F4U/asr_subtitle/wavs/13GKsS26F4U_04896.wav,3.717092275619507,NISQA_TTS_v1
/data/nhandt23/Dataset/MMSData/13GKsS26F4U/asr_subtitle/wavs/13GKsS26F4U_01039.wav,2.940446138381958,NISQA_TTS_v1
/data/nhandt23/Dataset/MMSData/13GKsS26F4U/asr_subtitle/wavs/13GKsS26F4U_01976.wav,2.77565598487854,NISQA_TTS_v1
/data/nhandt23/Dataset/MMSData/13GKsS26F4U/asr_subtitle/wavs/13GKsS26F4U_01852.wav,3.2377045154571533,NISQA_TTS_v1
/data/nhandt23/Dataset/MMSData/13GKsS26F4U/asr_subtitle/wavs/13GKsS26F4U_00140.wav,2.4592416286468506,NISQA_TTS_v1
/data/nhandt23/Dataset/MMSData/13GKsS26F4U/asr_subtitle/wavs/13GKsS26F4U_02811.wav,2.5408506393432617,NISQA_TTS_v1
/data/nhandt23/Dataset/MMSData/13GKsS26F4U/asr_subtitle/wavs/13GKsS26F4U_00356.wav,3.3475863933563232,NISQA_TTS_v1
/data/nhandt23/Dataset/MMSData/13GKsS26F4U/asr_subtitle/wavs/13GKsS26F4U_03103.wav,2.4337449073791504,NISQA_TTS_v1
/data/nhandt23/Dataset/MMSData/13GKsS26F4U/asr_subtitle/wavs/13GKsS26F4U_04744.wav,2.2212347984313965,NISQA_TTS_v1
/data/nhandt23/Dataset/MMSData/13GKsS26F4U/asr_subtitle/wavs/13GKsS26F4U_04560.wav,3.1346046924591064,NISQA_TTS_v1
/data/nhandt23/Dataset/MMSData/13GKsS26F4U/asr_subtitle/wavs/13GKsS26F4U_04963.wav,3.9801135063171387,NISQA_TTS_v1
/data/nhandt23/Dataset/MMSData/13GKsS26F4U/asr_subtitle/wavs/13GKsS26F4U_02806.wav,1.9597793817520142,NISQA_TTS_v1
/data/nhandt23/Dataset/MMSData/13GKsS26F4U/asr_subtitle/wavs/13GKsS26F4U_00358.wav,3.15874981880188,NISQA_TTS_v1
/data/nhandt23/Dataset/MMSData/13GKsS26F4U/asr_subtitle/wavs/13GKsS26F4U_01522.wav,3.1411914825439453,NISQA_TTS_v1
/data/nhandt23/Dataset/MMSData/13GKsS26F4U/asr_subtitle/wavs/13GKsS26F4U_00094.wav,3.1297266483306885,NISQA_TTS_v1
/data/nhandt23/Dataset/MMSData/13GKsS26F4U/asr_subtitle/wavs/13GKsS26F4U_02246.wav,2.4553215503692627,NISQA_TTS_v1
/data/nhandt23/Dataset/MMSData/13GKsS26F4U/asr_subtitle/wavs/13GKsS26F4U_04056.wav,3.375436305999756,NISQA_TTS_v1
/data/nhandt23/Dataset/MMSData/13GKsS26F4U/asr_subtitle/wavs/13GKsS26F4U_04890.wav,3.58056902885437,NISQA_TTS_v1
/data/nhandt23/Dataset/MMSData/13GKsS26F4U/asr_subtitle/wavs/13GKsS26F4U_01772.wav,3.4158809185028076,NISQA_TTS_v1
/data/nhandt23/Dataset/MMSData/13GKsS26F4U/asr_subtitle/wavs/13GKsS26F4U_00923.wav,3.1417319774627686,NISQA_TTS_v1
/data/nhandt23/Dataset/MMSData/13GKsS26F4U/asr_subtitle/wavs/13GKsS26F4U_00833.wav,3.1272075176239014,NISQA_TTS_v1
/data/nhandt23/Dataset/MMSData/13GKsS26F4U/asr_subtitle/wavs/13GKsS26F4U_00854.wav,2.438361883163452,NISQA_TTS_v1
/data/nhandt23/Dataset/MMSData/13GKsS26F4U/asr_subtitle/wavs/13GKsS26F4U_04091.wav,2.9272964000701904,NISQA_TTS_v1
/data/nhandt23/Dataset/MMSData/13GKsS26F4U/asr_subtitle/wavs/13GKsS26F4U_03827.wav,3.6777923107147217,NISQA_TTS_v1
/data/nhandt23/Dataset/MMSData/13GKsS26F4U/asr_subtitle/wavs/13GKsS26F4U_01908.wav,3.1842520236968994,NISQA_TTS_v1
/data/nhandt23/Dataset/MMSData/13GKsS26F4U/asr_subtitle/wavs/13GKsS26F4U_00228.wav,3.131739854812622,NISQA_TTS_v1
/data/nhandt23/Dataset/MMSData/13GKsS26F4U/asr_subtitle/wavs/13GKsS26F4U_00676.wav,3.389000177383423,NISQA_TTS_v1
/data/nhandt23/Dataset/MMSData/13GKsS26F4U/asr_subtitle/wavs/13GKsS26F4U_04172.wav,3.1703367233276367,NISQA_TTS_v1
/data/nhandt23/Dataset/MMSData/13GKsS26F4U/asr_subtitle/wavs/13GKsS26F4U_02401.wav,2.622347593307495,NISQA_TTS_v1
/data/nhandt23/Dataset/MMSData/13GKsS26F4U/asr_subtitle/wavs/13GKsS26F4U_03115.wav,2.662407636642456,NISQA_TTS_v1
/data/nhandt23/Dataset/MMSData/13GKsS26F4U/asr_subtitle/wavs/13GKsS26F4U_04168.wav,2.3769381046295166,NISQA_TTS_v1
/data/nhandt23/Dataset/MMSData/13GKsS26F4U/asr_subtitle/wavs/13GKsS26F4U_00696.wav,3.830284833908081,NISQA_TTS_v1
/data/nhandt23/Dataset/MMSData/13GKsS26F4U/asr_subtitle/wavs/13GKsS26F4U_02518.wav,3.6297569274902344,NISQA_TTS_v1
/data/nhandt23/Dataset/MMSData/13GKsS26F4U/asr_subtitle/wavs/13GKsS26F4U_02737.wav,3.0623834133148193,NISQA_TTS_v1
/data/nhandt23/Dataset/MMSData/13GKsS26F4U/asr_subtitle/wavs/13GKsS26F4U_00886.wav,3.2512896060943604,NISQA_TTS_v1
/data/nhandt23/Dataset/MMSData/13GKsS26F4U/asr_subtitle/wavs/13GKsS26F4U_02994.wav,3.010375738143921,NISQA_TTS_v1
/data/nhandt23/Dataset/MMSData/13GKsS26F4U/asr_subtitle/wavs/13GKsS26F4U_05095.wav,2.686506748199463,NISQA_TTS_v1
/data/nhandt23/Dataset/MMSData/13GKsS26F4U/asr_subtitle/wavs/13GKsS26F4U_03700.wav,3.242396593093872,NISQA_TTS_v1
/data/nhandt23/Dataset/MMSData/13GKsS26F4U/asr_subtitle/wavs/13GKsS26F4U_03546.wav,2.7320544719696045,NISQA_TTS_v1
/data/nhandt23/Dataset/MMSData/13GKsS26F4U/asr_subtitle/wavs/13GKsS26F4U_02927.wav,2.632033586502075,NISQA_TTS_v1
/data/nhandt23/Dataset/MMSData/13GKsS26F4U/asr_subtitle/wavs/13GKsS26F4U_00035.wav,3.0894947052001953,NISQA_TTS_v1
/data/nhandt23/Dataset/MMSData/13GKsS26F4U/asr_subtitle/wavs/13GKsS26F4U_00441.wav,2.9660422801971436,NISQA_TTS_v1
/data/nhandt23/Dataset/MMSData/13GKsS26F4U/asr_subtitle/wavs/13GKsS26F4U_01492.wav,3.4439120292663574,NISQA_TTS_v1
/data/nhandt23/Dataset/MMSData/13GKsS26F4U/asr_subtitle/wavs/13GKsS26F4U_05150.wav,2.5479094982147217,NISQA_TTS_v1
/data/nhandt23/Dataset/MMSData/13GKsS26F4U/asr_subtitle/wavs/13GKsS26F4U_02774.wav,2.2576773166656494,NISQA_TTS_v1
/data/nhandt23/Dataset/MMSData/13GKsS26F4U/asr_subtitle/wavs/13GKsS26F4U_03785.wav,3.0692861080169678,NISQA_TTS_v1
/data/nhandt23/Dataset/MMSData/13GKsS26F4U/asr_subtitle/wavs/13GKsS26F4U_03562.wav,3.4378955364227295,NISQA_TTS_v1
/data/nhandt23/Dataset/MMSData/13GKsS26F4U/asr_subtitle/wavs/13GKsS26F4U_02382.wav,2.745638132095337,NISQA_TTS_v1
/data/nhandt23/Dataset/MMSData/13GKsS26F4U/asr_subtitle/wavs/13GKsS26F4U_02777.wav,2.98038387298584,NISQA_TTS_v1
/data/nhandt23/Dataset/MMSData/13GKsS26F4U/asr_subtitle/wavs/13GKsS26F4U_00636.wav,3.4386401176452637,NISQA_TTS_v1
/data/nhandt23/Dataset/MMSData/13GKsS26F4U/asr_subtitle/wavs/13GKsS26F4U_03950.wav,2.829439401626587,NISQA_TTS_v1
/data/nhandt23/Dataset/MMSData/13GKsS26F4U/asr_subtitle/wavs/13GKsS26F4U_00227.wav,2.9823710918426514,NISQA_TTS_v1
/data/nhandt23/Dataset/MMSData/13GKsS26F4U/asr_subtitle/wavs/13GKsS26F4U_03216.wav,3.776716470718384,NISQA_TTS_v1
/data/nhandt23/Dataset/MMSData/13GKsS26F4U/asr_subtitle/wavs/13GKsS26F4U_01556.wav,3.620163917541504,NISQA_TTS_v1
/data/nhandt23/Dataset/MMSData/13GKsS26F4U/asr_subtitle/wavs/13GKsS26F4U_03465.wav,3.4094388484954834,NISQA_TTS_v1
/data/nhandt23/Dataset/MMSData/13GKsS26F4U/asr_subtitle/wavs/13GKsS26F4U_04763.wav,3.0765140056610107,NISQA_TTS_v1
/data/nhandt23/Dataset/MMSData/13GKsS26F4U/asr_subtitle/wavs/13GKsS26F4U_00283.wav,3.2522661685943604,NISQA_TTS_v1
/data/nhandt23/Dataset/MMSData/13GKsS26F4U/asr_subtitle/wavs/13GKsS26F4U_04148.wav,4.213388919830322,NISQA_TTS_v1
/data/nhandt23/Dataset/MMSData/13GKsS26F4U/asr_subtitle/wavs/13GKsS26F4U_00973.wav,3.8515307903289795,NISQA_TTS_v1
/data/nhandt23/Dataset/MMSData/13GKsS26F4U/asr_subtitle/wavs/13GKsS26F4U_03587.wav,3.5249242782592773,NISQA_TTS_v1
/data/nhandt23/Dataset/MMSData/13GKsS26F4U/asr_subtitle/wavs/13GKsS26F4U_04051.wav,3.3071625232696533,NISQA_TTS_v1
/data/nhandt23/Dataset/MMSData/13GKsS26F4U/asr_subtitle/wavs/13GKsS26F4U_01288.wav,2.824037790298462,NISQA_TTS_v1
/data/nhandt23/Dataset/MMSData/13GKsS26F4U/asr_subtitle/wavs/13GKsS26F4U_00907.wav,3.3508524894714355,NISQA_TTS_v1
/data/nhandt23/Dataset/MMSData/13GKsS26F4U/asr_subtitle/wavs/13GKsS26F4U_03438.wav,3.7392313480377197,NISQA_TTS_v1
/data/nhandt23/Dataset/MMSData/13GKsS26F4U/asr_subtitle/wavs/13GKsS26F4U_02866.wav,2.4614782333374023,NISQA_TTS_v1
/data/nhandt23/Dataset/MMSData/13GKsS26F4U/asr_subtitle/wavs/13GKsS26F4U_01446.wav,2.0588011741638184,NISQA_TTS_v1
/data/nhandt23/Dataset/MMSData/13GKsS26F4U/asr_subtitle/wavs/13GKsS26F4U_00061.wav,2.779151201248169,NISQA_TTS_v1
/data/nhandt23/Dataset/MMSData/13GKsS26F4U/asr_subtitle/wavs/13GKsS26F4U_00960.wav,3.4098196029663086,NISQA_TTS_v1
/data/nhandt23/Dataset/MMSData/13GKsS26F4U/asr_subtitle/wavs/13GKsS26F4U_02981.wav,2.8250572681427,NISQA_TTS_v1
/data/nhandt23/Dataset/MMSData/13GKsS26F4U/asr_subtitle/wavs/13GKsS26F4U_02441.wav,3.025103807449341,NISQA_TTS_v1
/data/nhandt23/Dataset/MMSData/13GKsS26F4U/asr_subtitle/wavs/13GKsS26F4U_01432.wav,2.0540292263031006,NISQA_TTS_v1
/data/nhandt23/Dataset/MMSData/13GKsS26F4U/asr_subtitle/wavs/13GKsS26F4U_03912.wav,3.376929521560669,NISQA_TTS_v1
/data/nhandt23/Dataset/MMSData/13GKsS26F4U/asr_subtitle/wavs/13GKsS26F4U_02652.wav,2.065107583999634,NISQA_TTS_v1
/data/nhandt23/Dataset/MMSData/13GKsS26F4U/asr_subtitle/wavs/13GKsS26F4U_00997.wav,2.20941424369812,NISQA_TTS_v1
/data/nhandt23/Dataset/MMSData/13GKsS26F4U/asr_subtitle/wavs/13GKsS26F4U_03350.wav,2.691718816757202,NISQA_TTS_v1
/data/nhandt23/Dataset/MMSData/13GKsS26F4U/asr_subtitle/wavs/13GKsS26F4U_03269.wav,3.162843942642212,NISQA_TTS_v1
/data/nhandt23/Dataset/MMSData/13GKsS26F4U/asr_subtitle/wavs/13GKsS26F4U_00115.wav,3.249051094055176,NISQA_TTS_v1
/data/nhandt23/Dataset/MMSData/13GKsS26F4U/asr_subtitle/wavs/13GKsS26F4U_04245.wav,3.0470614433288574,NISQA_TTS_v1
/data/nhandt23/Dataset/MMSData/13GKsS26F4U/asr_subtitle/wavs/13GKsS26F4U_02504.wav,2.523902177810669,NISQA_TTS_v1
/data/nhandt23/Dataset/MMSData/13GKsS26F4U/asr_subtitle/wavs/13GKsS26F4U_03777.wav,3.3725650310516357,NISQA_TTS_v1
/data/nhandt23/Dataset/MMSData/13GKsS26F4U/asr_subtitle/wavs/13GKsS26F4U_01717.wav,2.1706740856170654,NISQA_TTS_v1
/data/nhandt23/Dataset/MMSData/13GKsS26F4U/asr_subtitle/wavs/13GKsS26F4U_04541.wav,3.3577992916107178,NISQA_TTS_v1
/data/nhandt23/Dataset/MMSData/13GKsS26F4U/asr_subtitle/wavs/13GKsS26F4U_00983.wav,3.4041523933410645,NISQA_TTS_v1
/data/nhandt23/Dataset/MMSData/13GKsS26F4U/asr_subtitle/wavs/13GKsS26F4U_03006.wav,2.9482743740081787,NISQA_TTS_v1
/data/nhandt23/Dataset/MMSData/13GKsS26F4U/asr_subtitle/wavs/13GKsS26F4U_04809.wav,2.7452304363250732,NISQA_TTS_v1
/data/nhandt23/Dataset/MMSData/13GKsS26F4U/asr_subtitle/wavs/13GKsS26F4U_00640.wav,3.7012434005737305,NISQA_TTS_v1
/data/nhandt23/Dataset/MMSData/13GKsS26F4U/asr_subtitle/wavs/13GKsS26F4U_01916.wav,2.8990142345428467,NISQA_TTS_v1
/data/nhandt23/Dataset/MMSData/13GKsS26F4U/asr_subtitle/wavs/13GKsS26F4U_02500.wav,2.9398863315582275,NISQA_TTS_v1
/data/nhandt23/Dataset/MMSData/13GKsS26F4U/asr_subtitle/wavs/13GKsS26F4U_01035.wav,2.5783023834228516,NISQA_TTS_v1
/data/nhandt23/Dataset/MMSData/13GKsS26F4U/asr_subtitle/wavs/13GKsS26F4U_00867.wav,2.1630752086639404,NISQA_TTS_v1
/data/nhandt23/Dataset/MMSData/13GKsS26F4U/asr_subtitle/wavs/13GKsS26F4U_02215.wav,3.0091753005981445,NISQA_TTS_v1
/data/nhandt23/Dataset/MMSData/13GKsS26F4U/asr_subtitle/wavs/13GKsS26F4U_04931.wav,4.007517337799072,NISQA_TTS_v1
/data/nhandt23/Dataset/MMSData/13GKsS26F4U/asr_subtitle/wavs/13GKsS26F4U_04673.wav,2.2039167881011963,NISQA_TTS_v1
/data/nhandt23/Dataset/MMSData/13GKsS26F4U/asr_subtitle/wavs/13GKsS26F4U_03564.wav,3.097468852996826,NISQA_TTS_v1
/data/nhandt23/Dataset/MMSData/13GKsS26F4U/asr_subtitle/wavs/13GKsS26F4U_02759.wav,2.9343385696411133,NISQA_TTS_v1
/data/nhandt23/Dataset/MMSData/13GKsS26F4U/asr_subtitle/wavs/13GKsS26F4U_00154.wav,3.567777156829834,NISQA_TTS_v1
/data/nhandt23/Dataset/MMSData/13GKsS26F4U/asr_subtitle/wavs/13GKsS26F4U_01963.wav,2.0663962364196777,NISQA_TTS_v1
/data/nhandt23/Dataset/MMSData/13GKsS26F4U/asr_subtitle/wavs/13GKsS26F4U_00915.wav,3.094503879547119,NISQA_TTS_v1
/data/nhandt23/Dataset/MMSData/13GKsS26F4U/asr_subtitle/wavs/13GKsS26F4U_03726.wav,3.193664312362671,NISQA_TTS_v1
/data/nhandt23/Dataset/MMSData/13GKsS26F4U/asr_subtitle/wavs/13GKsS26F4U_02925.wav,3.499878168106079,NISQA_TTS_v1
/data/nhandt23/Dataset/MMSData/13GKsS26F4U/asr_subtitle/wavs/13GKsS26F4U_00564.wav,2.76118803024292,NISQA_TTS_v1
/data/nhandt23/Dataset/MMSData/13GKsS26F4U/asr_subtitle/wavs/13GKsS26F4U_00829.wav,2.7348053455352783,NISQA_TTS_v1
/data/nhandt23/Dataset/MMSData/13GKsS26F4U/asr_subtitle/wavs/13GKsS26F4U_03891.wav,3.207826852798462,NISQA_TTS_v1
/data/nhandt23/Dataset/MMSData/13GKsS26F4U/asr_subtitle/wavs/13GKsS26F4U_04191.wav,2.8806679248809814,NISQA_TTS_v1
/data/nhandt23/Dataset/MMSData/13GKsS26F4U/asr_subtitle/wavs/13GKsS26F4U_01740.wav,3.6290218830108643,NISQA_TTS_v1
/data/nhandt23/Dataset/MMSData/13GKsS26F4U/asr_subtitle/wavs/13GKsS26F4U_00620.wav,3.3820972442626953,NISQA_TTS_v1
/data/nhandt23/Dataset/MMSData/13GKsS26F4U/asr_subtitle/wavs/13GKsS26F4U_03059.wav,2.6042091846466064,NISQA_TTS_v1
/data/nhandt23/Dataset/MMSData/13GKsS26F4U/asr_subtitle/wavs/13GKsS26F4U_01237.wav,2.6789987087249756,NISQA_TTS_v1
/data/nhandt23/Dataset/MMSData/13GKsS26F4U/asr_subtitle/wavs/13GKsS26F4U_03843.wav,4.474932670593262,NISQA_TTS_v1
/data/nhandt23/Dataset/MMSData/13GKsS26F4U/asr_subtitle/wavs/13GKsS26F4U_01340.wav,2.6266677379608154,NISQA_TTS_v1
/data/nhandt23/Dataset/MMSData/13GKsS26F4U/asr_subtitle/wavs/13GKsS26F4U_03176.wav,2.8933002948760986,NISQA_TTS_v1
/data/nhandt23/Dataset/MMSData/13GKsS26F4U/asr_subtitle/wavs/13GKsS26F4U_00582.wav,3.904430627822876,NISQA_TTS_v1
/data/nhandt23/Dataset/MMSData/13GKsS26F4U/asr_subtitle/wavs/13GKsS26F4U_02886.wav,3.018717050552368,NISQA_TTS_v1
/data/nhandt23/Dataset/MMSData/13GKsS26F4U/asr_subtitle/wavs/13GKsS26F4U_00768.wav,3.3614299297332764,NISQA_TTS_v1
/data/nhandt23/Dataset/MMSData/13GKsS26F4U/asr_subtitle/wavs/13GKsS26F4U_00405.wav,3.6684231758117676,NISQA_TTS_v1
/data/nhandt23/Dataset/MMSData/13GKsS26F4U/asr_subtitle/wavs/13GKsS26F4U_02442.wav,2.645134210586548,NISQA_TTS_v1
/data/nhandt23/Dataset/MMSData/13GKsS26F4U/asr_subtitle/wavs/13GKsS26F4U_01982.wav,4.017212867736816,NISQA_TTS_v1
/data/nhandt23/Dataset/MMSData/13GKsS26F4U/asr_subtitle/wavs/13GKsS26F4U_00746.wav,3.79831600189209,NISQA_TTS_v1
/data/nhandt23/Dataset/MMSData/13GKsS26F4U/asr_subtitle/wavs/13GKsS26F4U_02077.wav,3.2706315517425537,NISQA_TTS_v1
/data/nhandt23/Dataset/MMSData/13GKsS26F4U/asr_subtitle/wavs/13GKsS26F4U_03602.wav,4.0896687507629395,NISQA_TTS_v1
/data/nhandt23/Dataset/MMSData/13GKsS26F4U/asr_subtitle/wavs/13GKsS26F4U_04594.wav,3.499305009841919,NISQA_TTS_v1
/data/nhandt23/Dataset/MMSData/13GKsS26F4U/asr_subtitle/wavs/13GKsS26F4U_02229.wav,2.72603440284729,NISQA_TTS_v1
/data/nhandt23/Dataset/MMSData/13GKsS26F4U/asr_subtitle/wavs/13GKsS26F4U_00650.wav,3.092114210128784,NISQA_TTS_v1
/data/nhandt23/Dataset/MMSData/13GKsS26F4U/asr_subtitle/wavs/13GKsS26F4U_02611.wav,2.42566180229187,NISQA_TTS_v1
/data/nhandt23/Dataset/MMSData/13GKsS26F4U/asr_subtitle/wavs/13GKsS26F4U_03087.wav,3.187779664993286,NISQA_TTS_v1
/data/nhandt23/Dataset/MMSData/13GKsS26F4U/asr_subtitle/wavs/13GKsS26F4U_01669.wav,2.7099382877349854,NISQA_TTS_v1
/data/nhandt23/Dataset/MMSData/13GKsS26F4U/asr_subtitle/wavs/13GKsS26F4U_04398.wav,2.38273549079895,NISQA_TTS_v1
/data/nhandt23/Dataset/MMSData/13GKsS26F4U/asr_subtitle/wavs/13GKsS26F4U_02680.wav,3.402801990509033,NISQA_TTS_v1
/data/nhandt23/Dataset/MMSData/13GKsS26F4U/asr_subtitle/wavs/13GKsS26F4U_00796.wav,2.9496896266937256,NISQA_TTS_v1
/data/nhandt23/Dataset/MMSData/13GKsS26F4U/asr_subtitle/wavs/13GKsS26F4U_03673.wav,3.6530346870422363,NISQA_TTS_v1
/data/nhandt23/Dataset/MMSData/13GKsS26F4U/asr_subtitle/wavs/13GKsS26F4U_01053.wav,3.1049885749816895,NISQA_TTS_v1
/data/nhandt23/Dataset/MMSData/13GKsS26F4U/asr_subtitle/wavs/13GKsS26F4U_04444.wav,2.8558051586151123,NISQA_TTS_v1
/data/nhandt23/Dataset/MMSData/13GKsS26F4U/asr_subtitle/wavs/13GKsS26F4U_03183.wav,3.7044060230255127,NISQA_TTS_v1
/data/nhandt23/Dataset/MMSData/13GKsS26F4U/asr_subtitle/wavs/13GKsS26F4U_02210.wav,2.8874499797821045,NISQA_TTS_v1
/data/nhandt23/Dataset/MMSData/13GKsS26F4U/asr_subtitle/wavs/13GKsS26F4U_02352.wav,3.458928346633911,NISQA_TTS_v1
/data/nhandt23/Dataset/MMSData/13GKsS26F4U/asr_subtitle/wavs/13GKsS26F4U_02989.wav,2.6487419605255127,NISQA_TTS_v1
/data/nhandt23/Dataset/MMSData/13GKsS26F4U/asr_subtitle/wavs/13GKsS26F4U_00471.wav,3.6540887355804443,NISQA_TTS_v1
/data/nhandt23/Dataset/MMSData/13GKsS26F4U/asr_subtitle/wavs/13GKsS26F4U_03046.wav,3.131248950958252,NISQA_TTS_v1
/data/nhandt23/Dataset/MMSData/13GKsS26F4U/asr_subtitle/wavs/13GKsS26F4U_00879.wav,3.2333827018737793,NISQA_TTS_v1
/data/nhandt23/Dataset/MMSData/13GKsS26F4U/asr_subtitle/wavs/13GKsS26F4U_01602.wav,4.298452854156494,NISQA_TTS_v1
/data/nhandt23/Dataset/MMSData/13GKsS26F4U/asr_subtitle/wavs/13GKsS26F4U_04956.wav,3.0002007484436035,NISQA_TTS_v1
/data/nhandt23/Dataset/MMSData/13GKsS26F4U/asr_subtitle/wavs/13GKsS26F4U_02975.wav,3.343317747116089,NISQA_TTS_v1
/data/nhandt23/Dataset/MMSData/13GKsS26F4U/asr_subtitle/wavs/13GKsS26F4U_01249.wav,2.33564829826355,NISQA_TTS_v1
/data/nhandt23/Dataset/MMSData/13GKsS26F4U/asr_subtitle/wavs/13GKsS26F4U_00859.wav,3.271885633468628,NISQA_TTS_v1
/data/nhandt23/Dataset/MMSData/13GKsS26F4U/asr_subtitle/wavs/13GKsS26F4U_03336.wav,2.598379373550415,NISQA_TTS_v1
/data/nhandt23/Dataset/MMSData/13GKsS26F4U/asr_subtitle/wavs/13GKsS26F4U_03486.wav,2.6131908893585205,NISQA_TTS_v1
/data/nhandt23/Dataset/MMSData/13GKsS26F4U/asr_subtitle/wavs/13GKsS26F4U_00920.wav,2.4890997409820557,NISQA_TTS_v1
/data/nhandt23/Dataset/MMSData/13GKsS26F4U/asr_subtitle/wavs/13GKsS26F4U_01655.wav,3.091198682785034,NISQA_TTS_v1
/data/nhandt23/Dataset/MMSData/13GKsS26F4U/asr_subtitle/wavs/13GKsS26F4U_00971.wav,4.056471824645996,NISQA_TTS_v1
/data/nhandt23/Dataset/MMSData/13GKsS26F4U/asr_subtitle/wavs/13GKsS26F4U_03437.wav,2.8415839672088623,NISQA_TTS_v1
/data/nhandt23/Dataset/MMSData/13GKsS26F4U/asr_subtitle/wavs/13GKsS26F4U_05147.wav,2.7557404041290283,NISQA_TTS_v1
/data/nhandt23/Dataset/MMSData/13GKsS26F4U/asr_subtitle/wavs/13GKsS26F4U_02268.wav,3.5260229110717773,NISQA_TTS_v1
/data/nhandt23/Dataset/MMSData/13GKsS26F4U/asr_subtitle/wavs/13GKsS26F4U_02793.wav,2.9007856845855713,NISQA_TTS_v1
/data/nhandt23/Dataset/MMSData/13GKsS26F4U/asr_subtitle/wavs/13GKsS26F4U_01867.wav,3.1275808811187744,NISQA_TTS_v1
/data/nhandt23/Dataset/MMSData/13GKsS26F4U/asr_subtitle/wavs/13GKsS26F4U_00615.wav,3.769367218017578,NISQA_TTS_v1
/data/nhandt23/Dataset/MMSData/13GKsS26F4U/asr_subtitle/wavs/13GKsS26F4U_02586.wav,2.6498489379882812,NISQA_TTS_v1
/data/nhandt23/Dataset/MMSData/13GKsS26F4U/asr_subtitle/wavs/13GKsS26F4U_04011.wav,2.7793309688568115,NISQA_TTS_v1
/data/nhandt23/Dataset/MMSData/13GKsS26F4U/asr_subtitle/wavs/13GKsS26F4U_02789.wav,3.4333293437957764,NISQA_TTS_v1
/data/nhandt23/Dataset/MMSData/13GKsS26F4U/asr_subtitle/wavs/13GKsS26F4U_04945.wav,3.201817274093628,NISQA_TTS_v1
/data/nhandt23/Dataset/MMSData/13GKsS26F4U/asr_subtitle/wavs/13GKsS26F4U_04015.wav,3.621445894241333,NISQA_TTS_v1
/data/nhandt23/Dataset/MMSData/13GKsS26F4U/asr_subtitle/wavs/13GKsS26F4U_01722.wav,2.097398281097412,NISQA_TTS_v1
/data/nhandt23/Dataset/MMSData/13GKsS26F4U/asr_subtitle/wavs/13GKsS26F4U_04731.wav,3.1763553619384766,NISQA_TTS_v1
/data/nhandt23/Dataset/MMSData/13GKsS26F4U/asr_subtitle/wavs/13GKsS26F4U_01007.wav,3.4203877449035645,NISQA_TTS_v1
/data/nhandt23/Dataset/MMSData/13GKsS26F4U/asr_subtitle/wavs/13GKsS26F4U_02747.wav,2.6876354217529297,NISQA_TTS_v1
/data/nhandt23/Dataset/MMSData/13GKsS26F4U/asr_subtitle/wavs/13GKsS26F4U_04867.wav,3.395678997039795,NISQA_TTS_v1
/data/nhandt23/Dataset/MMSData/13GKsS26F4U/asr_subtitle/wavs/13GKsS26F4U_03123.wav,2.687939167022705,NISQA_TTS_v1
/data/nhandt23/Dataset/MMSData/13GKsS26F4U/asr_subtitle/wavs/13GKsS26F4U_02249.wav,2.9457881450653076,NISQA_TTS_v1
/data/nhandt23/Dataset/MMSData/13GKsS26F4U/asr_subtitle/wavs/13GKsS26F4U_02094.wav,3.729292392730713,NISQA_TTS_v1
/data/nhandt23/Dataset/MMSData/13GKsS26F4U/asr_subtitle/wavs/13GKsS26F4U_03018.wav,3.551865577697754,NISQA_TTS_v1
/data/nhandt23/Dataset/MMSData/13GKsS26F4U/asr_subtitle/wavs/13GKsS26F4U_03926.wav,2.548902988433838,NISQA_TTS_v1
/data/nhandt23/Dataset/MMSData/13GKsS26F4U/asr_subtitle/wavs/13GKsS26F4U_05030.wav,3.216750383377075,NISQA_TTS_v1
/data/nhandt23/Dataset/MMSData/13GKsS26F4U/asr_subtitle/wavs/13GKsS26F4U_03992.wav,3.1938250064849854,NISQA_TTS_v1
/data/nhandt23/Dataset/MMSData/13GKsS26F4U/asr_subtitle/wavs/13GKsS26F4U_03173.wav,2.7513487339019775,NISQA_TTS_v1
/data/nhandt23/Dataset/MMSData/13GKsS26F4U/asr_subtitle/wavs/13GKsS26F4U_03354.wav,2.708516836166382,NISQA_TTS_v1
/data/nhandt23/Dataset/MMSData/13GKsS26F4U/asr_subtitle/wavs/13GKsS26F4U_03708.wav,2.717039108276367,NISQA_TTS_v1
/data/nhandt23/Dataset/MMSData/13GKsS26F4U/asr_subtitle/wavs/13GKsS26F4U_03520.wav,3.6888344287872314,NISQA_TTS_v1
/data/nhandt23/Dataset/MMSData/13GKsS26F4U/asr_subtitle/wavs/13GKsS26F4U_01715.wav,2.790658473968506,NISQA_TTS_v1
/data/nhandt23/Dataset/MMSData/13GKsS26F4U/asr_subtitle/wavs/13GKsS26F4U_01183.wav,2.7038509845733643,NISQA_TTS_v1
/data/nhandt23/Dataset/MMSData/13GKsS26F4U/asr_subtitle/wavs/13GKsS26F4U_04188.wav,1.9720063209533691,NISQA_TTS_v1
/data/nhandt23/Dataset/MMSData/13GKsS26F4U/asr_subtitle/wavs/13GKsS26F4U_01823.wav,3.2532362937927246,NISQA_TTS_v1
/data/nhandt23/Dataset/MMSData/13GKsS26F4U/asr_subtitle/wavs/13GKsS26F4U_00580.wav,3.6161882877349854,NISQA_TTS_v1
/data/nhandt23/Dataset/MMSData/13GKsS26F4U/asr_subtitle/wavs/13GKsS26F4U_03513.wav,2.37524676322937,NISQA_TTS_v1
/data/nhandt23/Dataset/MMSData/13GKsS26F4U/asr_subtitle/wavs/13GKsS26F4U_04999.wav,3.133059024810791,NISQA_TTS_v1
/data/nhandt23/Dataset/MMSData/13GKsS26F4U/asr_subtitle/wavs/13GKsS26F4U_02036.wav,2.8871066570281982,NISQA_TTS_v1
/data/nhandt23/Dataset/MMSData/13GKsS26F4U/asr_subtitle/wavs/13GKsS26F4U_00290.wav,2.9164345264434814,NISQA_TTS_v1
/data/nhandt23/Dataset/MMSData/13GKsS26F4U/asr_subtitle/wavs/13GKsS26F4U_02520.wav,3.0736567974090576,NISQA_TTS_v1
/data/nhandt23/Dataset/MMSData/13GKsS26F4U/asr_subtitle/wavs/13GKsS26F4U_01919.wav,3.049779176712036,NISQA_TTS_v1
/data/nhandt23/Dataset/MMSData/13GKsS26F4U/asr_subtitle/wavs/13GKsS26F4U_00005.wav,2.3071627616882324,NISQA_TTS_v1
/data/nhandt23/Dataset/MMSData/13GKsS26F4U/asr_subtitle/wavs/13GKsS26F4U_03342.wav,3.8693063259124756,NISQA_TTS_v1
/data/nhandt23/Dataset/MMSData/13GKsS26F4U/asr_subtitle/wavs/13GKsS26F4U_01631.wav,3.7452585697174072,NISQA_TTS_v1
/data/nhandt23/Dataset/MMSData/13GKsS26F4U/asr_subtitle/wavs/13GKsS26F4U_01911.wav,3.133798360824585,NISQA_TTS_v1
/data/nhandt23/Dataset/MMSData/13GKsS26F4U/asr_subtitle/wavs/13GKsS26F4U_04150.wav,3.66693377494812,NISQA_TTS_v1
/data/nhandt23/Dataset/MMSData/13GKsS26F4U/asr_subtitle/wavs/13GKsS26F4U_04610.wav,2.2731566429138184,NISQA_TTS_v1
/data/nhandt23/Dataset/MMSData/13GKsS26F4U/asr_subtitle/wavs/13GKsS26F4U_02643.wav,2.733790159225464,NISQA_TTS_v1
/data/nhandt23/Dataset/MMSData/13GKsS26F4U/asr_subtitle/wavs/13GKsS26F4U_05086.wav,3.276167631149292,NISQA_TTS_v1
/data/nhandt23/Dataset/MMSData/13GKsS26F4U/asr_subtitle/wavs/13GKsS26F4U_03775.wav,2.2092082500457764,NISQA_TTS_v1
/data/nhandt23/Dataset/MMSData/13GKsS26F4U/asr_subtitle/wavs/13GKsS26F4U_01929.wav,3.577781915664673,NISQA_TTS_v1
/data/nhandt23/Dataset/MMSData/13GKsS26F4U/asr_subtitle/wavs/13GKsS26F4U_03345.wav,3.0704596042633057,NISQA_TTS_v1
/data/nhandt23/Dataset/MMSData/13GKsS26F4U/asr_subtitle/wavs/13GKsS26F4U_02016.wav,2.743748903274536,NISQA_TTS_v1
/data/nhandt23/Dataset/MMSData/13GKsS26F4U/asr_subtitle/wavs/13GKsS26F4U_03446.wav,2.6229889392852783,NISQA_TTS_v1
/data/nhandt23/Dataset/MMSData/13GKsS26F4U/asr_subtitle/wavs/13GKsS26F4U_04027.wav,2.9821815490722656,NISQA_TTS_v1
/data/nhandt23/Dataset/MMSData/13GKsS26F4U/asr_subtitle/wavs/13GKsS26F4U_00095.wav,3.3483831882476807,NISQA_TTS_v1
/data/nhandt23/Dataset/MMSData/13GKsS26F4U/asr_subtitle/wavs/13GKsS26F4U_03064.wav,3.1724133491516113,NISQA_TTS_v1
/data/nhandt23/Dataset/MMSData/13GKsS26F4U/asr_subtitle/wavs/13GKsS26F4U_02218.wav,3.327345132827759,NISQA_TTS_v1
/data/nhandt23/Dataset/MMSData/13GKsS26F4U/asr_subtitle/wavs/13GKsS26F4U_00110.wav,3.3262381553649902,NISQA_TTS_v1
/data/nhandt23/Dataset/MMSData/13GKsS26F4U/asr_subtitle/wavs/13GKsS26F4U_04337.wav,3.5504069328308105,NISQA_TTS_v1
/data/nhandt23/Dataset/MMSData/13GKsS26F4U/asr_subtitle/wavs/13GKsS26F4U_01888.wav,3.545776128768921,NISQA_TTS_v1
/data/nhandt23/Dataset/MMSData/13GKsS26F4U/asr_subtitle/wavs/13GKsS26F4U_01307.wav,2.9364936351776123,NISQA_TTS_v1
/data/nhandt23/Dataset/MMSData/13GKsS26F4U/asr_subtitle/wavs/13GKsS26F4U_02076.wav,3.2409894466400146,NISQA_TTS_v1
/data/nhandt23/Dataset/MMSData/13GKsS26F4U/asr_subtitle/wavs/13GKsS26F4U_00053.wav,2.7937450408935547,NISQA_TTS_v1
/data/nhandt23/Dataset/MMSData/13GKsS26F4U/asr_subtitle/wavs/13GKsS26F4U_02721.wav,2.688351631164551,NISQA_TTS_v1
/data/nhandt23/Dataset/MMSData/13GKsS26F4U/asr_subtitle/wavs/13GKsS26F4U_01238.wav,3.4343173503875732,NISQA_TTS_v1
/data/nhandt23/Dataset/MMSData/13GKsS26F4U/asr_subtitle/wavs/13GKsS26F4U_02187.wav,2.8041296005249023,NISQA_TTS_v1
/data/nhandt23/Dataset/MMSData/13GKsS26F4U/asr_subtitle/wavs/13GKsS26F4U_00904.wav,3.1452674865722656,NISQA_TTS_v1
/data/nhandt23/Dataset/MMSData/13GKsS26F4U/asr_subtitle/wavs/13GKsS26F4U_00825.wav,2.5090558528900146,NISQA_TTS_v1
/data/nhandt23/Dataset/MMSData/13GKsS26F4U/asr_subtitle/wavs/13GKsS26F4U_02693.wav,3.1531803607940674,NISQA_TTS_v1
/data/nhandt23/Dataset/MMSData/13GKsS26F4U/asr_subtitle/wavs/13GKsS26F4U_04608.wav,4.2226033210754395,NISQA_TTS_v1
/data/nhandt23/Dataset/MMSData/13GKsS26F4U/asr_subtitle/wavs/13GKsS26F4U_00015.wav,4.470296859741211,NISQA_TTS_v1
/data/nhandt23/Dataset/MMSData/13GKsS26F4U/asr_subtitle/wavs/13GKsS26F4U_04340.wav,2.565286874771118,NISQA_TTS_v1
/data/nhandt23/Dataset/MMSData/13GKsS26F4U/asr_subtitle/wavs/13GKsS26F4U_01291.wav,2.607497453689575,NISQA_TTS_v1
/data/nhandt23/Dataset/MMSData/13GKsS26F4U/asr_subtitle/wavs/13GKsS26F4U_04705.wav,2.6461589336395264,NISQA_TTS_v1
/data/nhandt23/Dataset/MMSData/13GKsS26F4U/asr_subtitle/wavs/13GKsS26F4U_04863.wav,1.7210731506347656,NISQA_TTS_v1
/data/nhandt23/Dataset/MMSData/13GKsS26F4U/asr_subtitle/wavs/13GKsS26F4U_02644.wav,3.2126219272613525,NISQA_TTS_v1
/data/nhandt23/Dataset/MMSData/13GKsS26F4U/asr_subtitle/wavs/13GKsS26F4U_00959.wav,3.417893409729004,NISQA_TTS_v1
/data/nhandt23/Dataset/MMSData/13GKsS26F4U/asr_subtitle/wavs/13GKsS26F4U_00622.wav,3.484597682952881,NISQA_TTS_v1
/data/nhandt23/Dataset/MMSData/13GKsS26F4U/asr_subtitle/wavs/13GKsS26F4U_05112.wav,2.945462942123413,NISQA_TTS_v1
/data/nhandt23/Dataset/MMSData/13GKsS26F4U/asr_subtitle/wavs/13GKsS26F4U_02167.wav,3.0903160572052,NISQA_TTS_v1
/data/nhandt23/Dataset/MMSData/13GKsS26F4U/asr_subtitle/wavs/13GKsS26F4U_00671.wav,2.5681824684143066,NISQA_TTS_v1
/data/nhandt23/Dataset/MMSData/13GKsS26F4U/asr_subtitle/wavs/13GKsS26F4U_03380.wav,3.442878484725952,NISQA_TTS_v1
/data/nhandt23/Dataset/MMSData/13GKsS26F4U/asr_subtitle/wavs/13GKsS26F4U_01457.wav,3.253326416015625,NISQA_TTS_v1
/data/nhandt23/Dataset/MMSData/13GKsS26F4U/asr_subtitle/wavs/13GKsS26F4U_03367.wav,3.2317581176757812,NISQA_TTS_v1
/data/nhandt23/Dataset/MMSData/13GKsS26F4U/asr_subtitle/wavs/13GKsS26F4U_02195.wav,2.6758716106414795,NISQA_TTS_v1
/data/nhandt23/Dataset/MMSData/13GKsS26F4U/asr_subtitle/wavs/13GKsS26F4U_02682.wav,3.4291915893554688,NISQA_TTS_v1
/data/nhandt23/Dataset/MMSData/13GKsS26F4U/asr_subtitle/wavs/13GKsS26F4U_02465.wav,3.345957040786743,NISQA_TTS_v1
/data/nhandt23/Dataset/MMSData/13GKsS26F4U/asr_subtitle/wavs/13GKsS26F4U_04979.wav,3.4718544483184814,NISQA_TTS_v1
/data/nhandt23/Dataset/MMSData/13GKsS26F4U/asr_subtitle/wavs/13GKsS26F4U_01121.wav,2.3924343585968018,NISQA_TTS_v1
/data/nhandt23/Dataset/MMSData/13GKsS26F4U/asr_subtitle/wavs/13GKsS26F4U_01467.wav,2.5350615978240967,NISQA_TTS_v1
/data/nhandt23/Dataset/MMSData/13GKsS26F4U/asr_subtitle/wavs/13GKsS26F4U_04391.wav,2.788863182067871,NISQA_TTS_v1
/data/nhandt23/Dataset/MMSData/13GKsS26F4U/asr_subtitle/wavs/13GKsS26F4U_00534.wav,1.0776249170303345,NISQA_TTS_v1
/data/nhandt23/Dataset/MMSData/13GKsS26F4U/asr_subtitle/wavs/13GKsS26F4U_02807.wav,3.6705076694488525,NISQA_TTS_v1
/data/nhandt23/Dataset/MMSData/13GKsS26F4U/asr_subtitle/wavs/13GKsS26F4U_03497.wav,3.708859920501709,NISQA_TTS_v1
/data/nhandt23/Dataset/MMSData/13GKsS26F4U/asr_subtitle/wavs/13GKsS26F4U_03732.wav,2.2277040481567383,NISQA_TTS_v1
/data/nhandt23/Dataset/MMSData/13GKsS26F4U/asr_subtitle/wavs/13GKsS26F4U_03464.wav,2.86164927482605,NISQA_TTS_v1
/data/nhandt23/Dataset/MMSData/13GKsS26F4U/asr_subtitle/wavs/13GKsS26F4U_02002.wav,3.159498929977417,NISQA_TTS_v1
/data/nhandt23/Dataset/MMSData/13GKsS26F4U/asr_subtitle/wavs/13GKsS26F4U_03128.wav,3.66105055809021,NISQA_TTS_v1
/data/nhandt23/Dataset/MMSData/13GKsS26F4U/asr_subtitle/wavs/13GKsS26F4U_01261.wav,3.0599846839904785,NISQA_TTS_v1
/data/nhandt23/Dataset/MMSData/13GKsS26F4U/asr_subtitle/wavs/13GKsS26F4U_04787.wav,2.2775375843048096,NISQA_TTS_v1
/data/nhandt23/Dataset/MMSData/13GKsS26F4U/asr_subtitle/wavs/13GKsS26F4U_01782.wav,2.9672763347625732,NISQA_TTS_v1
/data/nhandt23/Dataset/MMSData/13GKsS26F4U/asr_subtitle/wavs/13GKsS26F4U_05042.wav,3.3745064735412598,NISQA_TTS_v1
/data/nhandt23/Dataset/MMSData/13GKsS26F4U/asr_subtitle/wavs/13GKsS26F4U_00670.wav,3.294572114944458,NISQA_TTS_v1
/data/nhandt23/Dataset/MMSData/13GKsS26F4U/asr_subtitle/wavs/13GKsS26F4U_02958.wav,3.3160111904144287,NISQA_TTS_v1
/data/nhandt23/Dataset/MMSData/13GKsS26F4U/asr_subtitle/wavs/13GKsS26F4U_00753.wav,2.7458889484405518,NISQA_TTS_v1
/data/nhandt23/Dataset/MMSData/13GKsS26F4U/asr_subtitle/wavs/13GKsS26F4U_01430.wav,3.6252410411834717,NISQA_TTS_v1
/data/nhandt23/Dataset/MMSData/13GKsS26F4U/asr_subtitle/wavs/13GKsS26F4U_00309.wav,2.4720499515533447,NISQA_TTS_v1
/data/nhandt23/Dataset/MMSData/13GKsS26F4U/asr_subtitle/wavs/13GKsS26F4U_03558.wav,2.9011213779449463,NISQA_TTS_v1
/data/nhandt23/Dataset/MMSData/13GKsS26F4U/asr_subtitle/wavs/13GKsS26F4U_00494.wav,3.3334782123565674,NISQA_TTS_v1
/data/nhandt23/Dataset/MMSData/13GKsS26F4U/asr_subtitle/wavs/13GKsS26F4U_01668.wav,2.5218746662139893,NISQA_TTS_v1
/data/nhandt23/Dataset/MMSData/13GKsS26F4U/asr_subtitle/wavs/13GKsS26F4U_02575.wav,3.3331596851348877,NISQA_TTS_v1
/data/nhandt23/Dataset/MMSData/13GKsS26F4U/asr_subtitle/wavs/13GKsS26F4U_04565.wav,2.780635118484497,NISQA_TTS_v1
/data/nhandt23/Dataset/MMSData/13GKsS26F4U/asr_subtitle/wavs/13GKsS26F4U_01520.wav,3.7174999713897705,NISQA_TTS_v1
/data/nhandt23/Dataset/MMSData/13GKsS26F4U/asr_subtitle/wavs/13GKsS26F4U_00929.wav,3.514402389526367,NISQA_TTS_v1
/data/nhandt23/Dataset/MMSData/13GKsS26F4U/asr_subtitle/wavs/13GKsS26F4U_03584.wav,2.9520230293273926,NISQA_TTS_v1
/data/nhandt23/Dataset/MMSData/13GKsS26F4U/asr_subtitle/wavs/13GKsS26F4U_03243.wav,3.954148054122925,NISQA_TTS_v1
/data/nhandt23/Dataset/MMSData/13GKsS26F4U/asr_subtitle/wavs/13GKsS26F4U_05089.wav,3.7301602363586426,NISQA_TTS_v1
/data/nhandt23/Dataset/MMSData/13GKsS26F4U/asr_subtitle/wavs/13GKsS26F4U_04249.wav,3.205235004425049,NISQA_TTS_v1
/data/nhandt23/Dataset/MMSData/13GKsS26F4U/asr_subtitle/wavs/13GKsS26F4U_03299.wav,2.9955508708953857,NISQA_TTS_v1
/data/nhandt23/Dataset/MMSData/13GKsS26F4U/asr_subtitle/wavs/13GKsS26F4U_00052.wav,4.271366596221924,NISQA_TTS_v1
/data/nhandt23/Dataset/MMSData/13GKsS26F4U/asr_subtitle/wavs/13GKsS26F4U_05109.wav,3.20950984954834,NISQA_TTS_v1
/data/nhandt23/Dataset/MMSData/13GKsS26F4U/asr_subtitle/wavs/13GKsS26F4U_00667.wav,3.977351427078247,NISQA_TTS_v1
/data/nhandt23/Dataset/MMSData/13GKsS26F4U/asr_subtitle/wavs/13GKsS26F4U_04144.wav,2.301377296447754,NISQA_TTS_v1
/data/nhandt23/Dataset/MMSData/13GKsS26F4U/asr_subtitle/wavs/13GKsS26F4U_03505.wav,2.5593507289886475,NISQA_TTS_v1
/data/nhandt23/Dataset/MMSData/13GKsS26F4U/asr_subtitle/wavs/13GKsS26F4U_05072.wav,2.988948106765747,NISQA_TTS_v1
/data/nhandt23/Dataset/MMSData/13GKsS26F4U/asr_subtitle/wavs/13GKsS26F4U_04386.wav,2.9433798789978027,NISQA_TTS_v1
/data/nhandt23/Dataset/MMSData/13GKsS26F4U/asr_subtitle/wavs/13GKsS26F4U_00287.wav,2.9026219844818115,NISQA_TTS_v1
/data/nhandt23/Dataset/MMSData/13GKsS26F4U/asr_subtitle/wavs/13GKsS26F4U_00070.wav,3.4230988025665283,NISQA_TTS_v1
/data/nhandt23/Dataset/MMSData/13GKsS26F4U/asr_subtitle/wavs/13GKsS26F4U_03678.wav,2.964519739151001,NISQA_TTS_v1
/data/nhandt23/Dataset/MMSData/13GKsS26F4U/asr_subtitle/wavs/13GKsS26F4U_03139.wav,2.9752118587493896,NISQA_TTS_v1
/data/nhandt23/Dataset/MMSData/13GKsS26F4U/asr_subtitle/wavs/13GKsS26F4U_04769.wav,3.555938720703125,NISQA_TTS_v1
/data/nhandt23/Dataset/MMSData/13GKsS26F4U/asr_subtitle/wavs/13GKsS26F4U_02417.wav,3.187042474746704,NISQA_TTS_v1
/data/nhandt23/Dataset/MMSData/13GKsS26F4U/asr_subtitle/wavs/13GKsS26F4U_04338.wav,3.760108470916748,NISQA_TTS_v1
/data/nhandt23/Dataset/MMSData/13GKsS26F4U/asr_subtitle/wavs/13GKsS26F4U_03516.wav,3.490070104598999,NISQA_TTS_v1
/data/nhandt23/Dataset/MMSData/13GKsS26F4U/asr_subtitle/wavs/13GKsS26F4U_00258.wav,3.2200870513916016,NISQA_TTS_v1
/data/nhandt23/Dataset/MMSData/13GKsS26F4U/asr_subtitle/wavs/13GKsS26F4U_02176.wav,2.7539660930633545,NISQA_TTS_v1
/data/nhandt23/Dataset/MMSData/13GKsS26F4U/asr_subtitle/wavs/13GKsS26F4U_01779.wav,3.262341260910034,NISQA_TTS_v1
/data/nhandt23/Dataset/MMSData/13GKsS26F4U/asr_subtitle/wavs/13GKsS26F4U_02271.wav,3.548250675201416,NISQA_TTS_v1
/data/nhandt23/Dataset/MMSData/13GKsS26F4U/asr_subtitle/wavs/13GKsS26F4U_04373.wav,2.7977564334869385,NISQA_TTS_v1
/data/nhandt23/Dataset/MMSData/13GKsS26F4U/asr_subtitle/wavs/13GKsS26F4U_04206.wav,3.2961318492889404,NISQA_TTS_v1
/data/nhandt23/Dataset/MMSData/13GKsS26F4U/asr_subtitle/wavs/13GKsS26F4U_02879.wav,3.5458199977874756,NISQA_TTS_v1
/data/nhandt23/Dataset/MMSData/13GKsS26F4U/asr_subtitle/wavs/13GKsS26F4U_01412.wav,3.140159845352173,NISQA_TTS_v1
/data/nhandt23/Dataset/MMSData/13GKsS26F4U/asr_subtitle/wavs/13GKsS26F4U_03324.wav,4.430686950683594,NISQA_TTS_v1
/data/nhandt23/Dataset/MMSData/13GKsS26F4U/asr_subtitle/wavs/13GKsS26F4U_03807.wav,3.0650475025177,NISQA_TTS_v1
/data/nhandt23/Dataset/MMSData/13GKsS26F4U/asr_subtitle/wavs/13GKsS26F4U_00984.wav,2.8727242946624756,NISQA_TTS_v1
/data/nhandt23/Dataset/MMSData/13GKsS26F4U/asr_subtitle/wavs/13GKsS26F4U_02207.wav,4.339979648590088,NISQA_TTS_v1
/data/nhandt23/Dataset/MMSData/13GKsS26F4U/asr_subtitle/wavs/13GKsS26F4U_01297.wav,3.0809590816497803,NISQA_TTS_v1
/data/nhandt23/Dataset/MMSData/13GKsS26F4U/asr_subtitle/wavs/13GKsS26F4U_02199.wav,3.5443594455718994,NISQA_TTS_v1
/data/nhandt23/Dataset/MMSData/13GKsS26F4U/asr_subtitle/wavs/13GKsS26F4U_05088.wav,2.6325533390045166,NISQA_TTS_v1
/data/nhandt23/Dataset/MMSData/13GKsS26F4U/asr_subtitle/wavs/13GKsS26F4U_01804.wav,3.3534762859344482,NISQA_TTS_v1
/data/nhandt23/Dataset/MMSData/13GKsS26F4U/asr_subtitle/wavs/13GKsS26F4U_01667.wav,2.968810796737671,NISQA_TTS_v1
/data/nhandt23/Dataset/MMSData/13GKsS26F4U/asr_subtitle/wavs/13GKsS26F4U_00545.wav,3.471237897872925,NISQA_TTS_v1
/data/nhandt23/Dataset/MMSData/13GKsS26F4U/asr_subtitle/wavs/13GKsS26F4U_01941.wav,3.1487624645233154,NISQA_TTS_v1
/data/nhandt23/Dataset/MMSData/13GKsS26F4U/asr_subtitle/wavs/13GKsS26F4U_04681.wav,3.126918077468872,NISQA_TTS_v1
/data/nhandt23/Dataset/MMSData/13GKsS26F4U/asr_subtitle/wavs/13GKsS26F4U_01360.wav,3.166287660598755,NISQA_TTS_v1
/data/nhandt23/Dataset/MMSData/13GKsS26F4U/asr_subtitle/wavs/13GKsS26F4U_00121.wav,4.561807155609131,NISQA_TTS_v1
/data/nhandt23/Dataset/MMSData/13GKsS26F4U/asr_subtitle/wavs/13GKsS26F4U_00917.wav,2.9982750415802,NISQA_TTS_v1
/data/nhandt23/Dataset/MMSData/13GKsS26F4U/asr_subtitle/wavs/13GKsS26F4U_01209.wav,3.4550552368164062,NISQA_TTS_v1
/data/nhandt23/Dataset/MMSData/13GKsS26F4U/asr_subtitle/wavs/13GKsS26F4U_02097.wav,2.6609623432159424,NISQA_TTS_v1
/data/nhandt23/Dataset/MMSData/13GKsS26F4U/asr_subtitle/wavs/13GKsS26F4U_04055.wav,3.282961368560791,NISQA_TTS_v1
/data/nhandt23/Dataset/MMSData/13GKsS26F4U/asr_subtitle/wavs/13GKsS26F4U_05078.wav,3.138023614883423,NISQA_TTS_v1
/data/nhandt23/Dataset/MMSData/13GKsS26F4U/asr_subtitle/wavs/13GKsS26F4U_04283.wav,3.0716469287872314,NISQA_TTS_v1
/data/nhandt23/Dataset/MMSData/13GKsS26F4U/asr_subtitle/wavs/13GKsS26F4U_01874.wav,3.007248640060425,NISQA_TTS_v1
/data/nhandt23/Dataset/MMSData/13GKsS26F4U/asr_subtitle/wavs/13GKsS26F4U_04180.wav,2.8494231700897217,NISQA_TTS_v1
/data/nhandt23/Dataset/MMSData/13GKsS26F4U/asr_subtitle/wavs/13GKsS26F4U_05080.wav,3.746316432952881,NISQA_TTS_v1
/data/nhandt23/Dataset/MMSData/13GKsS26F4U/asr_subtitle/wavs/13GKsS26F4U_00349.wav,2.738537073135376,NISQA_TTS_v1
/data/nhandt23/Dataset/MMSData/13GKsS26F4U/asr_subtitle/wavs/13GKsS26F4U_00270.wav,2.7340171337127686,NISQA_TTS_v1
/data/nhandt23/Dataset/MMSData/13GKsS26F4U/asr_subtitle/wavs/13GKsS26F4U_01657.wav,3.2937824726104736,NISQA_TTS_v1
/data/nhandt23/Dataset/MMSData/13GKsS26F4U/asr_subtitle/wavs/13GKsS26F4U_04050.wav,2.7774882316589355,NISQA_TTS_v1
/data/nhandt23/Dataset/MMSData/13GKsS26F4U/asr_subtitle/wavs/13GKsS26F4U_02527.wav,3.5828733444213867,NISQA_TTS_v1
/data/nhandt23/Dataset/MMSData/13GKsS26F4U/asr_subtitle/wavs/13GKsS26F4U_04563.wav,3.598522186279297,NISQA_TTS_v1
/data/nhandt23/Dataset/MMSData/13GKsS26F4U/asr_subtitle/wavs/13GKsS26F4U_05127.wav,3.2843663692474365,NISQA_TTS_v1
/data/nhandt23/Dataset/MMSData/13GKsS26F4U/asr_subtitle/wavs/13GKsS26F4U_02079.wav,2.642991304397583,NISQA_TTS_v1
/data/nhandt23/Dataset/MMSData/13GKsS26F4U/asr_subtitle/wavs/13GKsS26F4U_00808.wav,2.9004013538360596,NISQA_TTS_v1
/data/nhandt23/Dataset/MMSData/13GKsS26F4U/asr_subtitle/wavs/13GKsS26F4U_01887.wav,3.593421220779419,NISQA_TTS_v1
/data/nhandt23/Dataset/MMSData/13GKsS26F4U/asr_subtitle/wavs/13GKsS26F4U_00555.wav,4.145369052886963,NISQA_TTS_v1
/data/nhandt23/Dataset/MMSData/13GKsS26F4U/asr_subtitle/wavs/13GKsS26F4U_01647.wav,3.4509499073028564,NISQA_TTS_v1
/data/nhandt23/Dataset/MMSData/13GKsS26F4U/asr_subtitle/wavs/13GKsS26F4U_01846.wav,2.52004337310791,NISQA_TTS_v1
/data/nhandt23/Dataset/MMSData/13GKsS26F4U/asr_subtitle/wavs/13GKsS26F4U_02024.wav,3.486248016357422,NISQA_TTS_v1
/data/nhandt23/Dataset/MMSData/13GKsS26F4U/asr_subtitle/wavs/13GKsS26F4U_03000.wav,2.764317035675049,NISQA_TTS_v1
/data/nhandt23/Dataset/MMSData/13GKsS26F4U/asr_subtitle/wavs/13GKsS26F4U_04433.wav,3.631174087524414,NISQA_TTS_v1
/data/nhandt23/Dataset/MMSData/13GKsS26F4U/asr_subtitle/wavs/13GKsS26F4U_01856.wav,3.1137335300445557,NISQA_TTS_v1
/data/nhandt23/Dataset/MMSData/13GKsS26F4U/asr_subtitle/wavs/13GKsS26F4U_01638.wav,2.8666133880615234,NISQA_TTS_v1
/data/nhandt23/Dataset/MMSData/13GKsS26F4U/asr_subtitle/wavs/13GKsS26F4U_01781.wav,3.542221784591675,NISQA_TTS_v1
/data/nhandt23/Dataset/MMSData/13GKsS26F4U/asr_subtitle/wavs/13GKsS26F4U_00423.wav,3.070965528488159,NISQA_TTS_v1
/data/nhandt23/Dataset/MMSData/13GKsS26F4U/asr_subtitle/wavs/13GKsS26F4U_04741.wav,2.5791680812835693,NISQA_TTS_v1
/data/nhandt23/Dataset/MMSData/13GKsS26F4U/asr_subtitle/wavs/13GKsS26F4U_02432.wav,3.542570114135742,NISQA_TTS_v1
/data/nhandt23/Dataset/MMSData/13GKsS26F4U/asr_subtitle/wavs/13GKsS26F4U_03099.wav,2.622354745864868,NISQA_TTS_v1
/data/nhandt23/Dataset/MMSData/13GKsS26F4U/asr_subtitle/wavs/13GKsS26F4U_02304.wav,3.869882345199585,NISQA_TTS_v1
/data/nhandt23/Dataset/MMSData/13GKsS26F4U/asr_subtitle/wavs/13GKsS26F4U_04845.wav,3.1475937366485596,NISQA_TTS_v1
/data/nhandt23/Dataset/MMSData/13GKsS26F4U/asr_subtitle/wavs/13GKsS26F4U_01619.wav,3.764256715774536,NISQA_TTS_v1
/data/nhandt23/Dataset/MMSData/13GKsS26F4U/asr_subtitle/wavs/13GKsS26F4U_02435.wav,3.922832727432251,NISQA_TTS_v1
/data/nhandt23/Dataset/MMSData/13GKsS26F4U/asr_subtitle/wavs/13GKsS26F4U_02366.wav,2.6282169818878174,NISQA_TTS_v1
/data/nhandt23/Dataset/MMSData/13GKsS26F4U/asr_subtitle/wavs/13GKsS26F4U_04199.wav,3.599322557449341,NISQA_TTS_v1
/data/nhandt23/Dataset/MMSData/13GKsS26F4U/asr_subtitle/wavs/13GKsS26F4U_01152.wav,2.898160457611084,NISQA_TTS_v1
/data/nhandt23/Dataset/MMSData/13GKsS26F4U/asr_subtitle/wavs/13GKsS26F4U_02548.wav,3.0529606342315674,NISQA_TTS_v1
/data/nhandt23/Dataset/MMSData/13GKsS26F4U/asr_subtitle/wavs/13GKsS26F4U_02257.wav,2.9098966121673584,NISQA_TTS_v1
/data/nhandt23/Dataset/MMSData/13GKsS26F4U/asr_subtitle/wavs/13GKsS26F4U_04428.wav,3.4191224575042725,NISQA_TTS_v1
/data/nhandt23/Dataset/MMSData/13GKsS26F4U/asr_subtitle/wavs/13GKsS26F4U_04996.wav,2.923640727996826,NISQA_TTS_v1
/data/nhandt23/Dataset/MMSData/13GKsS26F4U/asr_subtitle/wavs/13GKsS26F4U_03615.wav,2.7659449577331543,NISQA_TTS_v1
/data/nhandt23/Dataset/MMSData/13GKsS26F4U/asr_subtitle/wavs/13GKsS26F4U_02507.wav,2.312082052230835,NISQA_TTS_v1
/data/nhandt23/Dataset/MMSData/13GKsS26F4U/asr_subtitle/wavs/13GKsS26F4U_03030.wav,3.306605100631714,NISQA_TTS_v1
/data/nhandt23/Dataset/MMSData/13GKsS26F4U/asr_subtitle/wavs/13GKsS26F4U_00190.wav,2.9289968013763428,NISQA_TTS_v1
/data/nhandt23/Dataset/MMSData/13GKsS26F4U/asr_subtitle/wavs/13GKsS26F4U_01229.wav,3.0842182636260986,NISQA_TTS_v1
/data/nhandt23/Dataset/MMSData/13GKsS26F4U/asr_subtitle/wavs/13GKsS26F4U_02600.wav,3.1820266246795654,NISQA_TTS_v1
/data/nhandt23/Dataset/MMSData/13GKsS26F4U/asr_subtitle/wavs/13GKsS26F4U_00778.wav,2.950951337814331,NISQA_TTS_v1
/data/nhandt23/Dataset/MMSData/13GKsS26F4U/asr_subtitle/wavs/13GKsS26F4U_01503.wav,3.36995530128479,NISQA_TTS_v1
/data/nhandt23/Dataset/MMSData/13GKsS26F4U/asr_subtitle/wavs/13GKsS26F4U_05120.wav,3.1747114658355713,NISQA_TTS_v1
/data/nhandt23/Dataset/MMSData/13GKsS26F4U/asr_subtitle/wavs/13GKsS26F4U_04333.wav,2.650554895401001,NISQA_TTS_v1
/data/nhandt23/Dataset/MMSData/13GKsS26F4U/asr_subtitle/wavs/13GKsS26F4U_01532.wav,3.2590057849884033,NISQA_TTS_v1
/data/nhandt23/Dataset/MMSData/13GKsS26F4U/asr_subtitle/wavs/13GKsS26F4U_00039.wav,4.1287760734558105,NISQA_TTS_v1
/data/nhandt23/Dataset/MMSData/13GKsS26F4U/asr_subtitle/wavs/13GKsS26F4U_02584.wav,3.1055307388305664,NISQA_TTS_v1
/data/nhandt23/Dataset/MMSData/13GKsS26F4U/asr_subtitle/wavs/13GKsS26F4U_02376.wav,2.4932687282562256,NISQA_TTS_v1
/data/nhandt23/Dataset/MMSData/13GKsS26F4U/asr_subtitle/wavs/13GKsS26F4U_02580.wav,2.6927664279937744,NISQA_TTS_v1
/data/nhandt23/Dataset/MMSData/13GKsS26F4U/asr_subtitle/wavs/13GKsS26F4U_02593.wav,2.577115297317505,NISQA_TTS_v1
/data/nhandt23/Dataset/MMSData/13GKsS26F4U/asr_subtitle/wavs/13GKsS26F4U_03599.wav,2.5847184658050537,NISQA_TTS_v1
/data/nhandt23/Dataset/MMSData/13GKsS26F4U/asr_subtitle/wavs/13GKsS26F4U_01614.wav,3.08760142326355,NISQA_TTS_v1
/data/nhandt23/Dataset/MMSData/13GKsS26F4U/asr_subtitle/wavs/13GKsS26F4U_03140.wav,2.8595426082611084,NISQA_TTS_v1
/data/nhandt23/Dataset/MMSData/13GKsS26F4U/asr_subtitle/wavs/13GKsS26F4U_02719.wav,2.411815881729126,NISQA_TTS_v1
/data/nhandt23/Dataset/MMSData/13GKsS26F4U/asr_subtitle/wavs/13GKsS26F4U_04071.wav,2.71266508102417,NISQA_TTS_v1
/data/nhandt23/Dataset/MMSData/13GKsS26F4U/asr_subtitle/wavs/13GKsS26F4U_03203.wav,3.787820816040039,NISQA_TTS_v1
/data/nhandt23/Dataset/MMSData/13GKsS26F4U/asr_subtitle/wavs/13GKsS26F4U_02920.wav,3.2294697761535645,NISQA_TTS_v1
/data/nhandt23/Dataset/MMSData/13GKsS26F4U/asr_subtitle/wavs/13GKsS26F4U_00060.wav,4.144361972808838,NISQA_TTS_v1
/data/nhandt23/Dataset/MMSData/13GKsS26F4U/asr_subtitle/wavs/13GKsS26F4U_05107.wav,2.1410977840423584,NISQA_TTS_v1
/data/nhandt23/Dataset/MMSData/13GKsS26F4U/asr_subtitle/wavs/13GKsS26F4U_00265.wav,3.462446928024292,NISQA_TTS_v1
/data/nhandt23/Dataset/MMSData/13GKsS26F4U/asr_subtitle/wavs/13GKsS26F4U_04181.wav,2.737982988357544,NISQA_TTS_v1
/data/nhandt23/Dataset/MMSData/13GKsS26F4U/asr_subtitle/wavs/13GKsS26F4U_03116.wav,2.9769129753112793,NISQA_TTS_v1
/data/nhandt23/Dataset/MMSData/13GKsS26F4U/asr_subtitle/wavs/13GKsS26F4U_00905.wav,2.8315930366516113,NISQA_TTS_v1
/data/nhandt23/Dataset/MMSData/13GKsS26F4U/asr_subtitle/wavs/13GKsS26F4U_04798.wav,2.9029266834259033,NISQA_TTS_v1
/data/nhandt23/Dataset/MMSData/13GKsS26F4U/asr_subtitle/wavs/13GKsS26F4U_01108.wav,3.0549771785736084,NISQA_TTS_v1
/data/nhandt23/Dataset/MMSData/13GKsS26F4U/asr_subtitle/wavs/13GKsS26F4U_01148.wav,3.3840534687042236,NISQA_TTS_v1
/data/nhandt23/Dataset/MMSData/13GKsS26F4U/asr_subtitle/wavs/13GKsS26F4U_00882.wav,3.4950451850891113,NISQA_TTS_v1
/data/nhandt23/Dataset/MMSData/13GKsS26F4U/asr_subtitle/wavs/13GKsS26F4U_03544.wav,2.3029611110687256,NISQA_TTS_v1
/data/nhandt23/Dataset/MMSData/13GKsS26F4U/asr_subtitle/wavs/13GKsS26F4U_04231.wav,2.4225661754608154,NISQA_TTS_v1
/data/nhandt23/Dataset/MMSData/13GKsS26F4U/asr_subtitle/wavs/13GKsS26F4U_04871.wav,4.307202339172363,NISQA_TTS_v1
/data/nhandt23/Dataset/MMSData/13GKsS26F4U/asr_subtitle/wavs/13GKsS26F4U_02634.wav,2.838913917541504,NISQA_TTS_v1
/data/nhandt23/Dataset/MMSData/13GKsS26F4U/asr_subtitle/wavs/13GKsS26F4U_04129.wav,3.9320178031921387,NISQA_TTS_v1
/data/nhandt23/Dataset/MMSData/13GKsS26F4U/asr_subtitle/wavs/13GKsS26F4U_04698.wav,3.802321672439575,NISQA_TTS_v1
/data/nhandt23/Dataset/MMSData/13GKsS26F4U/asr_subtitle/wavs/13GKsS26F4U_00043.wav,3.580174684524536,NISQA_TTS_v1
/data/nhandt23/Dataset/MMSData/13GKsS26F4U/asr_subtitle/wavs/13GKsS26F4U_03840.wav,3.54630446434021,NISQA_TTS_v1
/data/nhandt23/Dataset/MMSData/13GKsS26F4U/asr_subtitle/wavs/13GKsS26F4U_03351.wav,2.785352945327759,NISQA_TTS_v1
/data/nhandt23/Dataset/MMSData/13GKsS26F4U/asr_subtitle/wavs/13GKsS26F4U_01505.wav,2.7206177711486816,NISQA_TTS_v1
/data/nhandt23/Dataset/MMSData/13GKsS26F4U/asr_subtitle/wavs/13GKsS26F4U_02990.wav,3.6438424587249756,NISQA_TTS_v1
/data/nhandt23/Dataset/MMSData/13GKsS26F4U/asr_subtitle/wavs/13GKsS26F4U_03640.wav,3.44753098487854,NISQA_TTS_v1
/data/nhandt23/Dataset/MMSData/13GKsS26F4U/asr_subtitle/wavs/13GKsS26F4U_04804.wav,3.9677467346191406,NISQA_TTS_v1
/data/nhandt23/Dataset/MMSData/13GKsS26F4U/asr_subtitle/wavs/13GKsS26F4U_00012.wav,2.5933279991149902,NISQA_TTS_v1
/data/nhandt23/Dataset/MMSData/13GKsS26F4U/asr_subtitle/wavs/13GKsS26F4U_02368.wav,3.5076377391815186,NISQA_TTS_v1
/data/nhandt23/Dataset/MMSData/13GKsS26F4U/asr_subtitle/wavs/13GKsS26F4U_01264.wav,3.3888258934020996,NISQA_TTS_v1
/data/nhandt23/Dataset/MMSData/13GKsS26F4U/asr_subtitle/wavs/13GKsS26F4U_03636.wav,1.6235289573669434,NISQA_TTS_v1
/data/nhandt23/Dataset/MMSData/13GKsS26F4U/asr_subtitle/wavs/13GKsS26F4U_00624.wav,2.620851755142212,NISQA_TTS_v1
/data/nhandt23/Dataset/MMSData/13GKsS26F4U/asr_subtitle/wavs/13GKsS26F4U_01358.wav,3.1171247959136963,NISQA_TTS_v1
/data/nhandt23/Dataset/MMSData/13GKsS26F4U/asr_subtitle/wavs/13GKsS26F4U_02262.wav,3.260484457015991,NISQA_TTS_v1
/data/nhandt23/Dataset/MMSData/13GKsS26F4U/asr_subtitle/wavs/13GKsS26F4U_03662.wav,2.642930269241333,NISQA_TTS_v1
/data/nhandt23/Dataset/MMSData/13GKsS26F4U/asr_subtitle/wavs/13GKsS26F4U_00301.wav,3.0381886959075928,NISQA_TTS_v1
/data/nhandt23/Dataset/MMSData/13GKsS26F4U/asr_subtitle/wavs/13GKsS26F4U_01265.wav,2.120295524597168,NISQA_TTS_v1
/data/nhandt23/Dataset/MMSData/13GKsS26F4U/asr_subtitle/wavs/13GKsS26F4U_00329.wav,2.9740962982177734,NISQA_TTS_v1
/data/nhandt23/Dataset/MMSData/13GKsS26F4U/asr_subtitle/wavs/13GKsS26F4U_01243.wav,2.228801727294922,NISQA_TTS_v1
/data/nhandt23/Dataset/MMSData/13GKsS26F4U/asr_subtitle/wavs/13GKsS26F4U_04750.wav,3.081134796142578,NISQA_TTS_v1
/data/nhandt23/Dataset/MMSData/13GKsS26F4U/asr_subtitle/wavs/13GKsS26F4U_01252.wav,3.2135441303253174,NISQA_TTS_v1
/data/nhandt23/Dataset/MMSData/13GKsS26F4U/asr_subtitle/wavs/13GKsS26F4U_02197.wav,3.1607625484466553,NISQA_TTS_v1
/data/nhandt23/Dataset/MMSData/13GKsS26F4U/asr_subtitle/wavs/13GKsS26F4U_04095.wav,1.7980250120162964,NISQA_TTS_v1
/data/nhandt23/Dataset/MMSData/13GKsS26F4U/asr_subtitle/wavs/13GKsS26F4U_01566.wav,3.2790422439575195,NISQA_TTS_v1
/data/nhandt23/Dataset/MMSData/13GKsS26F4U/asr_subtitle/wavs/13GKsS26F4U_01519.wav,3.3520796298980713,NISQA_TTS_v1
/data/nhandt23/Dataset/MMSData/13GKsS26F4U/asr_subtitle/wavs/13GKsS26F4U_03908.wav,2.873851776123047,NISQA_TTS_v1
/data/nhandt23/Dataset/MMSData/13GKsS26F4U/asr_subtitle/wavs/13GKsS26F4U_03493.wav,3.071978807449341,NISQA_TTS_v1
/data/nhandt23/Dataset/MMSData/13GKsS26F4U/asr_subtitle/wavs/13GKsS26F4U_01627.wav,3.020421266555786,NISQA_TTS_v1
/data/nhandt23/Dataset/MMSData/13GKsS26F4U/asr_subtitle/wavs/13GKsS26F4U_02513.wav,3.4618585109710693,NISQA_TTS_v1
/data/nhandt23/Dataset/MMSData/13GKsS26F4U/asr_subtitle/wavs/13GKsS26F4U_02312.wav,3.7141926288604736,NISQA_TTS_v1
/data/nhandt23/Dataset/MMSData/13GKsS26F4U/asr_subtitle/wavs/13GKsS26F4U_01320.wav,2.7791707515716553,NISQA_TTS_v1
/data/nhandt23/Dataset/MMSData/13GKsS26F4U/asr_subtitle/wavs/13GKsS26F4U_03873.wav,3.5174877643585205,NISQA_TTS_v1
/data/nhandt23/Dataset/MMSData/13GKsS26F4U/asr_subtitle/wavs/13GKsS26F4U_02860.wav,2.940136194229126,NISQA_TTS_v1
/data/nhandt23/Dataset/MMSData/13GKsS26F4U/asr_subtitle/wavs/13GKsS26F4U_02000.wav,3.120433807373047,NISQA_TTS_v1
/data/nhandt23/Dataset/MMSData/13GKsS26F4U/asr_subtitle/wavs/13GKsS26F4U_01325.wav,4.066378116607666,NISQA_TTS_v1
/data/nhandt23/Dataset/MMSData/13GKsS26F4U/asr_subtitle/wavs/13GKsS26F4U_03750.wav,2.790724992752075,NISQA_TTS_v1
/data/nhandt23/Dataset/MMSData/13GKsS26F4U/asr_subtitle/wavs/13GKsS26F4U_02717.wav,3.17679762840271,NISQA_TTS_v1
/data/nhandt23/Dataset/MMSData/13GKsS26F4U/asr_subtitle/wavs/13GKsS26F4U_00157.wav,3.5031023025512695,NISQA_TTS_v1
/data/nhandt23/Dataset/MMSData/13GKsS26F4U/asr_subtitle/wavs/13GKsS26F4U_01169.wav,2.573244333267212,NISQA_TTS_v1
/data/nhandt23/Dataset/MMSData/13GKsS26F4U/asr_subtitle/wavs/13GKsS26F4U_00017.wav,2.942404270172119,NISQA_TTS_v1
/data/nhandt23/Dataset/MMSData/13GKsS26F4U/asr_subtitle/wavs/13GKsS26F4U_01057.wav,2.963409185409546,NISQA_TTS_v1
/data/nhandt23/Dataset/MMSData/13GKsS26F4U/asr_subtitle/wavs/13GKsS26F4U_01587.wav,3.456066608428955,NISQA_TTS_v1
/data/nhandt23/Dataset/MMSData/13GKsS26F4U/asr_subtitle/wavs/13GKsS26F4U_00128.wav,3.0836031436920166,NISQA_TTS_v1
/data/nhandt23/Dataset/MMSData/13GKsS26F4U/asr_subtitle/wavs/13GKsS26F4U_01240.wav,3.0165414810180664,NISQA_TTS_v1
/data/nhandt23/Dataset/MMSData/13GKsS26F4U/asr_subtitle/wavs/13GKsS26F4U_01883.wav,2.670241117477417,NISQA_TTS_v1
/data/nhandt23/Dataset/MMSData/13GKsS26F4U/asr_subtitle/wavs/13GKsS26F4U_01612.wav,3.1995699405670166,NISQA_TTS_v1
/data/nhandt23/Dataset/MMSData/13GKsS26F4U/asr_subtitle/wavs/13GKsS26F4U_04591.wav,3.1402642726898193,NISQA_TTS_v1
/data/nhandt23/Dataset/MMSData/13GKsS26F4U/asr_subtitle/wavs/13GKsS26F4U_02166.wav,2.3893587589263916,NISQA_TTS_v1
/data/nhandt23/Dataset/MMSData/13GKsS26F4U/asr_subtitle/wavs/13GKsS26F4U_05110.wav,3.0815682411193848,NISQA_TTS_v1
/data/nhandt23/Dataset/MMSData/13GKsS26F4U/asr_subtitle/wavs/13GKsS26F4U_01214.wav,3.7972397804260254,NISQA_TTS_v1
/data/nhandt23/Dataset/MMSData/13GKsS26F4U/asr_subtitle/wavs/13GKsS26F4U_00927.wav,2.4668829441070557,NISQA_TTS_v1
/data/nhandt23/Dataset/MMSData/13GKsS26F4U/asr_subtitle/wavs/13GKsS26F4U_05004.wav,1.8030019998550415,NISQA_TTS_v1
/data/nhandt23/Dataset/MMSData/13GKsS26F4U/asr_subtitle/wavs/13GKsS26F4U_01009.wav,2.4873859882354736,NISQA_TTS_v1
/data/nhandt23/Dataset/MMSData/13GKsS26F4U/asr_subtitle/wavs/13GKsS26F4U_04714.wav,3.6560795307159424,NISQA_TTS_v1
/data/nhandt23/Dataset/MMSData/13GKsS26F4U/asr_subtitle/wavs/13GKsS26F4U_03658.wav,2.897435188293457,NISQA_TTS_v1
/data/nhandt23/Dataset/MMSData/13GKsS26F4U/asr_subtitle/wavs/13GKsS26F4U_04449.wav,2.9788849353790283,NISQA_TTS_v1
/data/nhandt23/Dataset/MMSData/13GKsS26F4U/asr_subtitle/wavs/13GKsS26F4U_00851.wav,3.5322043895721436,NISQA_TTS_v1
/data/nhandt23/Dataset/MMSData/13GKsS26F4U/asr_subtitle/wavs/13GKsS26F4U_04339.wav,3.120027780532837,NISQA_TTS_v1
/data/nhandt23/Dataset/MMSData/13GKsS26F4U/asr_subtitle/wavs/13GKsS26F4U_01220.wav,3.403212785720825,NISQA_TTS_v1
/data/nhandt23/Dataset/MMSData/13GKsS26F4U/asr_subtitle/wavs/13GKsS26F4U_01827.wav,3.1232964992523193,NISQA_TTS_v1
/data/nhandt23/Dataset/MMSData/13GKsS26F4U/asr_subtitle/wavs/13GKsS26F4U_00635.wav,3.4013493061065674,NISQA_TTS_v1
/data/nhandt23/Dataset/MMSData/13GKsS26F4U/asr_subtitle/wavs/13GKsS26F4U_03778.wav,3.113307237625122,NISQA_TTS_v1
/data/nhandt23/Dataset/MMSData/13GKsS26F4U/asr_subtitle/wavs/13GKsS26F4U_01868.wav,3.17219614982605,NISQA_TTS_v1
/data/nhandt23/Dataset/MMSData/13GKsS26F4U/asr_subtitle/wavs/13GKsS26F4U_04508.wav,3.781984329223633,NISQA_TTS_v1
/data/nhandt23/Dataset/MMSData/13GKsS26F4U/asr_subtitle/wavs/13GKsS26F4U_03381.wav,2.9660115242004395,NISQA_TTS_v1
/data/nhandt23/Dataset/MMSData/13GKsS26F4U/asr_subtitle/wavs/13GKsS26F4U_02224.wav,2.42895770072937,NISQA_TTS_v1
/data/nhandt23/Dataset/MMSData/13GKsS26F4U/asr_subtitle/wavs/13GKsS26F4U_00163.wav,3.000605821609497,NISQA_TTS_v1
/data/nhandt23/Dataset/MMSData/13GKsS26F4U/asr_subtitle/wavs/13GKsS26F4U_03366.wav,2.833197832107544,NISQA_TTS_v1
/data/nhandt23/Dataset/MMSData/13GKsS26F4U/asr_subtitle/wavs/13GKsS26F4U_03383.wav,2.6979305744171143,NISQA_TTS_v1
/data/nhandt23/Dataset/MMSData/13GKsS26F4U/asr_subtitle/wavs/13GKsS26F4U_01194.wav,3.2585790157318115,NISQA_TTS_v1
/data/nhandt23/Dataset/MMSData/13GKsS26F4U/asr_subtitle/wavs/13GKsS26F4U_02110.wav,2.3165221214294434,NISQA_TTS_v1
/data/nhandt23/Dataset/MMSData/13GKsS26F4U/asr_subtitle/wavs/13GKsS26F4U_02536.wav,3.0992653369903564,NISQA_TTS_v1
/data/nhandt23/Dataset/MMSData/13GKsS26F4U/asr_subtitle/wavs/13GKsS26F4U_02237.wav,2.8277204036712646,NISQA_TTS_v1
/data/nhandt23/Dataset/MMSData/13GKsS26F4U/asr_subtitle/wavs/13GKsS26F4U_01201.wav,2.6874613761901855,NISQA_TTS_v1
/data/nhandt23/Dataset/MMSData/13GKsS26F4U/asr_subtitle/wavs/13GKsS26F4U_01687.wav,3.239858865737915,NISQA_TTS_v1
/data/nhandt23/Dataset/MMSData/13GKsS26F4U/asr_subtitle/wavs/13GKsS26F4U_03590.wav,2.831554651260376,NISQA_TTS_v1
/data/nhandt23/Dataset/MMSData/13GKsS26F4U/asr_subtitle/wavs/13GKsS26F4U_00390.wav,4.035981178283691,NISQA_TTS_v1
/data/nhandt23/Dataset/MMSData/13GKsS26F4U/asr_subtitle/wavs/13GKsS26F4U_01518.wav,3.2159316539764404,NISQA_TTS_v1
/data/nhandt23/Dataset/MMSData/13GKsS26F4U/asr_subtitle/wavs/13GKsS26F4U_01623.wav,2.6532323360443115,NISQA_TTS_v1
/data/nhandt23/Dataset/MMSData/13GKsS26F4U/asr_subtitle/wavs/13GKsS26F4U_04033.wav,2.514378786087036,NISQA_TTS_v1
/data/nhandt23/Dataset/MMSData/13GKsS26F4U/asr_subtitle/wavs/13GKsS26F4U_01308.wav,3.0665974617004395,NISQA_TTS_v1
/data/nhandt23/Dataset/MMSData/13GKsS26F4U/asr_subtitle/wavs/13GKsS26F4U_03633.wav,2.768127202987671,NISQA_TTS_v1
/data/nhandt23/Dataset/MMSData/13GKsS26F4U/asr_subtitle/wavs/13GKsS26F4U_05119.wav,2.7350950241088867,NISQA_TTS_v1
/data/nhandt23/Dataset/MMSData/13GKsS26F4U/asr_subtitle/wavs/13GKsS26F4U_02750.wav,2.900414228439331,NISQA_TTS_v1
/data/nhandt23/Dataset/MMSData/13GKsS26F4U/asr_subtitle/wavs/13GKsS26F4U_00754.wav,2.9041640758514404,NISQA_TTS_v1
/data/nhandt23/Dataset/MMSData/13GKsS26F4U/asr_subtitle/wavs/13GKsS26F4U_03286.wav,2.717322826385498,NISQA_TTS_v1
/data/nhandt23/Dataset/MMSData/13GKsS26F4U/asr_subtitle/wavs/13GKsS26F4U_01993.wav,3.323655366897583,NISQA_TTS_v1
/data/nhandt23/Dataset/MMSData/13GKsS26F4U/asr_subtitle/wavs/13GKsS26F4U_04396.wav,3.1882126331329346,NISQA_TTS_v1
/data/nhandt23/Dataset/MMSData/13GKsS26F4U/asr_subtitle/wavs/13GKsS26F4U_04124.wav,2.6512868404388428,NISQA_TTS_v1
/data/nhandt23/Dataset/MMSData/13GKsS26F4U/asr_subtitle/wavs/13GKsS26F4U_04102.wav,2.392226457595825,NISQA_TTS_v1
/data/nhandt23/Dataset/MMSData/13GKsS26F4U/asr_subtitle/wavs/13GKsS26F4U_04740.wav,3.3886919021606445,NISQA_TTS_v1
/data/nhandt23/Dataset/MMSData/13GKsS26F4U/asr_subtitle/wavs/13GKsS26F4U_04869.wav,3.15539813041687,NISQA_TTS_v1
/data/nhandt23/Dataset/MMSData/13GKsS26F4U/asr_subtitle/wavs/13GKsS26F4U_01335.wav,2.995493173599243,NISQA_TTS_v1
/data/nhandt23/Dataset/MMSData/13GKsS26F4U/asr_subtitle/wavs/13GKsS26F4U_00014.wav,3.643386125564575,NISQA_TTS_v1
/data/nhandt23/Dataset/MMSData/13GKsS26F4U/asr_subtitle/wavs/13GKsS26F4U_02744.wav,2.9762167930603027,NISQA_TTS_v1
/data/nhandt23/Dataset/MMSData/13GKsS26F4U/asr_subtitle/wavs/13GKsS26F4U_01636.wav,3.647989273071289,NISQA_TTS_v1
/data/nhandt23/Dataset/MMSData/13GKsS26F4U/asr_subtitle/wavs/13GKsS26F4U_01988.wav,2.9234344959259033,NISQA_TTS_v1
/data/nhandt23/Dataset/MMSData/13GKsS26F4U/asr_subtitle/wavs/13GKsS26F4U_01447.wav,3.3316774368286133,NISQA_TTS_v1
/data/nhandt23/Dataset/MMSData/13GKsS26F4U/asr_subtitle/wavs/13GKsS26F4U_00279.wav,3.7423207759857178,NISQA_TTS_v1
/data/nhandt23/Dataset/MMSData/13GKsS26F4U/asr_subtitle/wavs/13GKsS26F4U_02186.wav,2.699582815170288,NISQA_TTS_v1
/data/nhandt23/Dataset/MMSData/13GKsS26F4U/asr_subtitle/wavs/13GKsS26F4U_02290.wav,2.6936910152435303,NISQA_TTS_v1
/data/nhandt23/Dataset/MMSData/13GKsS26F4U/asr_subtitle/wavs/13GKsS26F4U_04664.wav,3.2351012229919434,NISQA_TTS_v1
/data/nhandt23/Dataset/MMSData/13GKsS26F4U/asr_subtitle/wavs/13GKsS26F4U_04720.wav,3.3337996006011963,NISQA_TTS_v1
/data/nhandt23/Dataset/MMSData/13GKsS26F4U/asr_subtitle/wavs/13GKsS26F4U_01061.wav,3.4219138622283936,NISQA_TTS_v1
/data/nhandt23/Dataset/MMSData/13GKsS26F4U/asr_subtitle/wavs/13GKsS26F4U_00611.wav,2.8848249912261963,NISQA_TTS_v1
/data/nhandt23/Dataset/MMSData/13GKsS26F4U/asr_subtitle/wavs/13GKsS26F4U_02528.wav,2.908259630203247,NISQA_TTS_v1
/data/nhandt23/Dataset/MMSData/13GKsS26F4U/asr_subtitle/wavs/13GKsS26F4U_02933.wav,2.8152267932891846,NISQA_TTS_v1
/data/nhandt23/Dataset/MMSData/13GKsS26F4U/asr_subtitle/wavs/13GKsS26F4U_03392.wav,2.8325133323669434,NISQA_TTS_v1
/data/nhandt23/Dataset/MMSData/13GKsS26F4U/asr_subtitle/wavs/13GKsS26F4U_02650.wav,2.93595290184021,NISQA_TTS_v1
/data/nhandt23/Dataset/MMSData/13GKsS26F4U/asr_subtitle/wavs/13GKsS26F4U_02138.wav,3.5110673904418945,NISQA_TTS_v1
/data/nhandt23/Dataset/MMSData/13GKsS26F4U/asr_subtitle/wavs/13GKsS26F4U_01774.wav,3.2046313285827637,NISQA_TTS_v1
/data/nhandt23/Dataset/MMSData/13GKsS26F4U/asr_subtitle/wavs/13GKsS26F4U_04654.wav,2.4898860454559326,NISQA_TTS_v1
/data/nhandt23/Dataset/MMSData/13GKsS26F4U/asr_subtitle/wavs/13GKsS26F4U_01488.wav,3.128918170928955,NISQA_TTS_v1
/data/nhandt23/Dataset/MMSData/13GKsS26F4U/asr_subtitle/wavs/13GKsS26F4U_03554.wav,2.9340012073516846,NISQA_TTS_v1
/data/nhandt23/Dataset/MMSData/13GKsS26F4U/asr_subtitle/wavs/13GKsS26F4U_01862.wav,3.824585437774658,NISQA_TTS_v1
/data/nhandt23/Dataset/MMSData/13GKsS26F4U/asr_subtitle/wavs/13GKsS26F4U_00925.wav,3.3502607345581055,NISQA_TTS_v1
/data/nhandt23/Dataset/MMSData/13GKsS26F4U/asr_subtitle/wavs/13GKsS26F4U_03248.wav,2.95642352104187,NISQA_TTS_v1
/data/nhandt23/Dataset/MMSData/13GKsS26F4U/asr_subtitle/wavs/13GKsS26F4U_04504.wav,3.5469248294830322,NISQA_TTS_v1
/data/nhandt23/Dataset/MMSData/13GKsS26F4U/asr_subtitle/wavs/13GKsS26F4U_01476.wav,2.563093900680542,NISQA_TTS_v1
/data/nhandt23/Dataset/MMSData/13GKsS26F4U/asr_subtitle/wavs/13GKsS26F4U_01652.wav,2.597364902496338,NISQA_TTS_v1
/data/nhandt23/Dataset/MMSData/13GKsS26F4U/asr_subtitle/wavs/13GKsS26F4U_03895.wav,3.6012229919433594,NISQA_TTS_v1
/data/nhandt23/Dataset/MMSData/13GKsS26F4U/asr_subtitle/wavs/13GKsS26F4U_00841.wav,3.804591178894043,NISQA_TTS_v1
/data/nhandt23/Dataset/MMSData/13GKsS26F4U/asr_subtitle/wavs/13GKsS26F4U_01634.wav,4.287356853485107,NISQA_TTS_v1
/data/nhandt23/Dataset/MMSData/13GKsS26F4U/asr_subtitle/wavs/13GKsS26F4U_03412.wav,2.9652163982391357,NISQA_TTS_v1
/data/nhandt23/Dataset/MMSData/13GKsS26F4U/asr_subtitle/wavs/13GKsS26F4U_04800.wav,3.429917573928833,NISQA_TTS_v1
/data/nhandt23/Dataset/MMSData/13GKsS26F4U/asr_subtitle/wavs/13GKsS26F4U_03157.wav,3.302255153656006,NISQA_TTS_v1
/data/nhandt23/Dataset/MMSData/13GKsS26F4U/asr_subtitle/wavs/13GKsS26F4U_03585.wav,2.377770185470581,NISQA_TTS_v1
/data/nhandt23/Dataset/MMSData/13GKsS26F4U/asr_subtitle/wavs/13GKsS26F4U_03280.wav,3.0493545532226562,NISQA_TTS_v1
/data/nhandt23/Dataset/MMSData/13GKsS26F4U/asr_subtitle/wavs/13GKsS26F4U_00293.wav,3.0211994647979736,NISQA_TTS_v1
/data/nhandt23/Dataset/MMSData/13GKsS26F4U/asr_subtitle/wavs/13GKsS26F4U_00320.wav,2.2740283012390137,NISQA_TTS_v1
/data/nhandt23/Dataset/MMSData/13GKsS26F4U/asr_subtitle/wavs/13GKsS26F4U_05159.wav,2.7098541259765625,NISQA_TTS_v1
/data/nhandt23/Dataset/MMSData/13GKsS26F4U/asr_subtitle/wavs/13GKsS26F4U_01141.wav,2.8011157512664795,NISQA_TTS_v1
/data/nhandt23/Dataset/MMSData/13GKsS26F4U/asr_subtitle/wavs/13GKsS26F4U_00542.wav,3.78639554977417,NISQA_TTS_v1
/data/nhandt23/Dataset/MMSData/13GKsS26F4U/asr_subtitle/wavs/13GKsS26F4U_01202.wav,3.4680964946746826,NISQA_TTS_v1
/data/nhandt23/Dataset/MMSData/13GKsS26F4U/asr_subtitle/wavs/13GKsS26F4U_04240.wav,3.0153656005859375,NISQA_TTS_v1
/data/nhandt23/Dataset/MMSData/13GKsS26F4U/asr_subtitle/wavs/13GKsS26F4U_00617.wav,3.8984696865081787,NISQA_TTS_v1
/data/nhandt23/Dataset/MMSData/13GKsS26F4U/asr_subtitle/wavs/13GKsS26F4U_05043.wav,3.756944417953491,NISQA_TTS_v1
/data/nhandt23/Dataset/MMSData/13GKsS26F4U/asr_subtitle/wavs/13GKsS26F4U_02844.wav,3.3376824855804443,NISQA_TTS_v1
/data/nhandt23/Dataset/MMSData/13GKsS26F4U/asr_subtitle/wavs/13GKsS26F4U_02837.wav,2.597426652908325,NISQA_TTS_v1
/data/nhandt23/Dataset/MMSData/13GKsS26F4U/asr_subtitle/wavs/13GKsS26F4U_04638.wav,2.5111677646636963,NISQA_TTS_v1
/data/nhandt23/Dataset/MMSData/13GKsS26F4U/asr_subtitle/wavs/13GKsS26F4U_03867.wav,4.079957962036133,NISQA_TTS_v1
/data/nhandt23/Dataset/MMSData/13GKsS26F4U/asr_subtitle/wavs/13GKsS26F4U_00446.wav,3.666949987411499,NISQA_TTS_v1
/data/nhandt23/Dataset/MMSData/13GKsS26F4U/asr_subtitle/wavs/13GKsS26F4U_01063.wav,3.319140672683716,NISQA_TTS_v1
/data/nhandt23/Dataset/MMSData/13GKsS26F4U/asr_subtitle/wavs/13GKsS26F4U_01031.wav,3.567101240158081,NISQA_TTS_v1
/data/nhandt23/Dataset/MMSData/13GKsS26F4U/asr_subtitle/wavs/13GKsS26F4U_01398.wav,3.584566593170166,NISQA_TTS_v1
/data/nhandt23/Dataset/MMSData/13GKsS26F4U/asr_subtitle/wavs/13GKsS26F4U_00317.wav,4.337843418121338,NISQA_TTS_v1
/data/nhandt23/Dataset/MMSData/13GKsS26F4U/asr_subtitle/wavs/13GKsS26F4U_03790.wav,2.5363879203796387,NISQA_TTS_v1
/data/nhandt23/Dataset/MMSData/13GKsS26F4U/asr_subtitle/wavs/13GKsS26F4U_00476.wav,2.633532762527466,NISQA_TTS_v1
/data/nhandt23/Dataset/MMSData/13GKsS26F4U/asr_subtitle/wavs/13GKsS26F4U_03734.wav,4.176515102386475,NISQA_TTS_v1
/data/nhandt23/Dataset/MMSData/13GKsS26F4U/asr_subtitle/wavs/13GKsS26F4U_03276.wav,2.7082266807556152,NISQA_TTS_v1
/data/nhandt23/Dataset/MMSData/13GKsS26F4U/asr_subtitle/wavs/13GKsS26F4U_01195.wav,2.6013545989990234,NISQA_TTS_v1
/data/nhandt23/Dataset/MMSData/13GKsS26F4U/asr_subtitle/wavs/13GKsS26F4U_02553.wav,3.440171480178833,NISQA_TTS_v1
/data/nhandt23/Dataset/MMSData/13GKsS26F4U/asr_subtitle/wavs/13GKsS26F4U_03822.wav,3.191246271133423,NISQA_TTS_v1
/data/nhandt23/Dataset/MMSData/13GKsS26F4U/asr_subtitle/wavs/13GKsS26F4U_02007.wav,3.310957670211792,NISQA_TTS_v1
/data/nhandt23/Dataset/MMSData/13GKsS26F4U/asr_subtitle/wavs/13GKsS26F4U_04674.wav,2.74057936668396,NISQA_TTS_v1
/data/nhandt23/Dataset/MMSData/13GKsS26F4U/asr_subtitle/wavs/13GKsS26F4U_03011.wav,2.6536474227905273,NISQA_TTS_v1
/data/nhandt23/Dataset/MMSData/13GKsS26F4U/asr_subtitle/wavs/13GKsS26F4U_03799.wav,3.2108852863311768,NISQA_TTS_v1
/data/nhandt23/Dataset/MMSData/13GKsS26F4U/asr_subtitle/wavs/13GKsS26F4U_02106.wav,3.917531728744507,NISQA_TTS_v1
/data/nhandt23/Dataset/MMSData/13GKsS26F4U/asr_subtitle/wavs/13GKsS26F4U_00019.wav,2.7901742458343506,NISQA_TTS_v1
/data/nhandt23/Dataset/MMSData/13GKsS26F4U/asr_subtitle/wavs/13GKsS26F4U_04657.wav,3.697683811187744,NISQA_TTS_v1
/data/nhandt23/Dataset/MMSData/13GKsS26F4U/asr_subtitle/wavs/13GKsS26F4U_04525.wav,3.189037561416626,NISQA_TTS_v1
/data/nhandt23/Dataset/MMSData/13GKsS26F4U/asr_subtitle/wavs/13GKsS26F4U_00244.wav,3.121849298477173,NISQA_TTS_v1
/data/nhandt23/Dataset/MMSData/13GKsS26F4U/asr_subtitle/wavs/13GKsS26F4U_02248.wav,2.7161731719970703,NISQA_TTS_v1
/data/nhandt23/Dataset/MMSData/13GKsS26F4U/asr_subtitle/wavs/13GKsS26F4U_04327.wav,3.4555838108062744,NISQA_TTS_v1
/data/nhandt23/Dataset/MMSData/13GKsS26F4U/asr_subtitle/wavs/13GKsS26F4U_02081.wav,2.9917995929718018,NISQA_TTS_v1
/data/nhandt23/Dataset/MMSData/13GKsS26F4U/asr_subtitle/wavs/13GKsS26F4U_01193.wav,3.536184787750244,NISQA_TTS_v1
/data/nhandt23/Dataset/MMSData/13GKsS26F4U/asr_subtitle/wavs/13GKsS26F4U_00587.wav,2.540031671524048,NISQA_TTS_v1
/data/nhandt23/Dataset/MMSData/13GKsS26F4U/asr_subtitle/wavs/13GKsS26F4U_04280.wav,3.104879140853882,NISQA_TTS_v1
/data/nhandt23/Dataset/MMSData/13GKsS26F4U/asr_subtitle/wavs/13GKsS26F4U_00632.wav,3.7698535919189453,NISQA_TTS_v1
/data/nhandt23/Dataset/MMSData/13GKsS26F4U/asr_subtitle/wavs/13GKsS26F4U_00485.wav,3.3224551677703857,NISQA_TTS_v1
/data/nhandt23/Dataset/MMSData/13GKsS26F4U/asr_subtitle/wavs/13GKsS26F4U_01949.wav,3.342916488647461,NISQA_TTS_v1
/data/nhandt23/Dataset/MMSData/13GKsS26F4U/asr_subtitle/wavs/13GKsS26F4U_03796.wav,1.9602608680725098,NISQA_TTS_v1
/data/nhandt23/Dataset/MMSData/13GKsS26F4U/asr_subtitle/wavs/13GKsS26F4U_03560.wav,2.4194681644439697,NISQA_TTS_v1
/data/nhandt23/Dataset/MMSData/13GKsS26F4U/asr_subtitle/wavs/13GKsS26F4U_00639.wav,2.1223456859588623,NISQA_TTS_v1
/data/nhandt23/Dataset/MMSData/13GKsS26F4U/asr_subtitle/wavs/13GKsS26F4U_02966.wav,2.696495294570923,NISQA_TTS_v1
/data/nhandt23/Dataset/MMSData/13GKsS26F4U/asr_subtitle/wavs/13GKsS26F4U_04635.wav,3.298837423324585,NISQA_TTS_v1
/data/nhandt23/Dataset/MMSData/13GKsS26F4U/asr_subtitle/wavs/13GKsS26F4U_04307.wav,3.3927910327911377,NISQA_TTS_v1
/data/nhandt23/Dataset/MMSData/13GKsS26F4U/asr_subtitle/wavs/13GKsS26F4U_03874.wav,2.9412100315093994,NISQA_TTS_v1
/data/nhandt23/Dataset/MMSData/13GKsS26F4U/asr_subtitle/wavs/13GKsS26F4U_02542.wav,2.465467929840088,NISQA_TTS_v1
/data/nhandt23/Dataset/MMSData/13GKsS26F4U/asr_subtitle/wavs/13GKsS26F4U_01829.wav,3.0596940517425537,NISQA_TTS_v1
/data/nhandt23/Dataset/MMSData/13GKsS26F4U/asr_subtitle/wavs/13GKsS26F4U_04754.wav,3.410507917404175,NISQA_TTS_v1
/data/nhandt23/Dataset/MMSData/13GKsS26F4U/asr_subtitle/wavs/13GKsS26F4U_01024.wav,2.3046233654022217,NISQA_TTS_v1
/data/nhandt23/Dataset/MMSData/13GKsS26F4U/asr_subtitle/wavs/13GKsS26F4U_00068.wav,3.356250286102295,NISQA_TTS_v1
/data/nhandt23/Dataset/MMSData/13GKsS26F4U/asr_subtitle/wavs/13GKsS26F4U_00033.wav,3.8444526195526123,NISQA_TTS_v1
/data/nhandt23/Dataset/MMSData/13GKsS26F4U/asr_subtitle/wavs/13GKsS26F4U_00526.wav,3.220473527908325,NISQA_TTS_v1
/data/nhandt23/Dataset/MMSData/13GKsS26F4U/asr_subtitle/wavs/13GKsS26F4U_04058.wav,4.111069202423096,NISQA_TTS_v1
/data/nhandt23/Dataset/MMSData/13GKsS26F4U/asr_subtitle/wavs/13GKsS26F4U_03594.wav,3.6677310466766357,NISQA_TTS_v1
/data/nhandt23/Dataset/MMSData/13GKsS26F4U/asr_subtitle/wavs/13GKsS26F4U_00794.wav,2.6096484661102295,NISQA_TTS_v1
/data/nhandt23/Dataset/MMSData/13GKsS26F4U/asr_subtitle/wavs/13GKsS26F4U_04870.wav,4.465147018432617,NISQA_TTS_v1
/data/nhandt23/Dataset/MMSData/13GKsS26F4U/asr_subtitle/wavs/13GKsS26F4U_00634.wav,3.9681904315948486,NISQA_TTS_v1
/data/nhandt23/Dataset/MMSData/13GKsS26F4U/asr_subtitle/wavs/13GKsS26F4U_05131.wav,3.1740329265594482,NISQA_TTS_v1
/data/nhandt23/Dataset/MMSData/13GKsS26F4U/asr_subtitle/wavs/13GKsS26F4U_01814.wav,3.2771360874176025,NISQA_TTS_v1
/data/nhandt23/Dataset/MMSData/13GKsS26F4U/asr_subtitle/wavs/13GKsS26F4U_02227.wav,2.6246604919433594,NISQA_TTS_v1
/data/nhandt23/Dataset/MMSData/13GKsS26F4U/asr_subtitle/wavs/13GKsS26F4U_03227.wav,3.4750330448150635,NISQA_TTS_v1
/data/nhandt23/Dataset/MMSData/13GKsS26F4U/asr_subtitle/wavs/13GKsS26F4U_02805.wav,3.808462381362915,NISQA_TTS_v1
/data/nhandt23/Dataset/MMSData/13GKsS26F4U/asr_subtitle/wavs/13GKsS26F4U_00543.wav,3.8302385807037354,NISQA_TTS_v1
/data/nhandt23/Dataset/MMSData/13GKsS26F4U/asr_subtitle/wavs/13GKsS26F4U_03105.wav,2.921157121658325,NISQA_TTS_v1
/data/nhandt23/Dataset/MMSData/13GKsS26F4U/asr_subtitle/wavs/13GKsS26F4U_01270.wav,3.031264066696167,NISQA_TTS_v1
/data/nhandt23/Dataset/MMSData/13GKsS26F4U/asr_subtitle/wavs/13GKsS26F4U_02050.wav,4.267014026641846,NISQA_TTS_v1
/data/nhandt23/Dataset/MMSData/13GKsS26F4U/asr_subtitle/wavs/13GKsS26F4U_03893.wav,2.847944974899292,NISQA_TTS_v1
/data/nhandt23/Dataset/MMSData/13GKsS26F4U/asr_subtitle/wavs/13GKsS26F4U_04359.wav,2.666562080383301,NISQA_TTS_v1
/data/nhandt23/Dataset/MMSData/13GKsS26F4U/asr_subtitle/wavs/13GKsS26F4U_00724.wav,3.517033100128174,NISQA_TTS_v1
/data/nhandt23/Dataset/MMSData/13GKsS26F4U/asr_subtitle/wavs/13GKsS26F4U_03791.wav,3.338700532913208,NISQA_TTS_v1
/data/nhandt23/Dataset/MMSData/13GKsS26F4U/asr_subtitle/wavs/13GKsS26F4U_02508.wav,3.1214044094085693,NISQA_TTS_v1
/data/nhandt23/Dataset/MMSData/13GKsS26F4U/asr_subtitle/wavs/13GKsS26F4U_03462.wav,2.8007943630218506,NISQA_TTS_v1
/data/nhandt23/Dataset/MMSData/13GKsS26F4U/asr_subtitle/wavs/13GKsS26F4U_00812.wav,3.7378671169281006,NISQA_TTS_v1
/data/nhandt23/Dataset/MMSData/13GKsS26F4U/asr_subtitle/wavs/13GKsS26F4U_04932.wav,2.6639745235443115,NISQA_TTS_v1
/data/nhandt23/Dataset/MMSData/13GKsS26F4U/asr_subtitle/wavs/13GKsS26F4U_02582.wav,3.1307294368743896,NISQA_TTS_v1
/data/nhandt23/Dataset/MMSData/13GKsS26F4U/asr_subtitle/wavs/13GKsS26F4U_01646.wav,2.8275277614593506,NISQA_TTS_v1
/data/nhandt23/Dataset/MMSData/13GKsS26F4U/asr_subtitle/wavs/13GKsS26F4U_02881.wav,3.0108752250671387,NISQA_TTS_v1
/data/nhandt23/Dataset/MMSData/13GKsS26F4U/asr_subtitle/wavs/13GKsS26F4U_03323.wav,1.3801093101501465,NISQA_TTS_v1
/data/nhandt23/Dataset/MMSData/13GKsS26F4U/asr_subtitle/wavs/13GKsS26F4U_01353.wav,3.341862440109253,NISQA_TTS_v1
/data/nhandt23/Dataset/MMSData/13GKsS26F4U/asr_subtitle/wavs/13GKsS26F4U_01180.wav,3.045314311981201,NISQA_TTS_v1
/data/nhandt23/Dataset/MMSData/13GKsS26F4U/asr_subtitle/wavs/13GKsS26F4U_00537.wav,2.6422247886657715,NISQA_TTS_v1
/data/nhandt23/Dataset/MMSData/13GKsS26F4U/asr_subtitle/wavs/13GKsS26F4U_02014.wav,3.4708163738250732,NISQA_TTS_v1
/data/nhandt23/Dataset/MMSData/13GKsS26F4U/asr_subtitle/wavs/13GKsS26F4U_01871.wav,2.7122018337249756,NISQA_TTS_v1
/data/nhandt23/Dataset/MMSData/13GKsS26F4U/asr_subtitle/wavs/13GKsS26F4U_00550.wav,3.0411465167999268,NISQA_TTS_v1
/data/nhandt23/Dataset/MMSData/13GKsS26F4U/asr_subtitle/wavs/13GKsS26F4U_00046.wav,2.8058111667633057,NISQA_TTS_v1
/data/nhandt23/Dataset/MMSData/13GKsS26F4U/asr_subtitle/wavs/13GKsS26F4U_04208.wav,3.235159397125244,NISQA_TTS_v1
/data/nhandt23/Dataset/MMSData/13GKsS26F4U/asr_subtitle/wavs/13GKsS26F4U_04158.wav,2.6819655895233154,NISQA_TTS_v1
/data/nhandt23/Dataset/MMSData/13GKsS26F4U/asr_subtitle/wavs/13GKsS26F4U_04487.wav,4.100676536560059,NISQA_TTS_v1
/data/nhandt23/Dataset/MMSData/13GKsS26F4U/asr_subtitle/wavs/13GKsS26F4U_03028.wav,2.929034948348999,NISQA_TTS_v1
/data/nhandt23/Dataset/MMSData/13GKsS26F4U/asr_subtitle/wavs/13GKsS26F4U_03903.wav,2.7751576900482178,NISQA_TTS_v1
/data/nhandt23/Dataset/MMSData/13GKsS26F4U/asr_subtitle/wavs/13GKsS26F4U_03641.wav,4.290660381317139,NISQA_TTS_v1
/data/nhandt23/Dataset/MMSData/13GKsS26F4U/asr_subtitle/wavs/13GKsS26F4U_00142.wav,3.3685834407806396,NISQA_TTS_v1
/data/nhandt23/Dataset/MMSData/13GKsS26F4U/asr_subtitle/wavs/13GKsS26F4U_03364.wav,2.6602203845977783,NISQA_TTS_v1
/data/nhandt23/Dataset/MMSData/13GKsS26F4U/asr_subtitle/wavs/13GKsS26F4U_01504.wav,3.058217763900757,NISQA_TTS_v1
/data/nhandt23/Dataset/MMSData/13GKsS26F4U/asr_subtitle/wavs/13GKsS26F4U_03931.wav,3.3855772018432617,NISQA_TTS_v1
/data/nhandt23/Dataset/MMSData/13GKsS26F4U/asr_subtitle/wavs/13GKsS26F4U_00728.wav,3.795205593109131,NISQA_TTS_v1
/data/nhandt23/Dataset/MMSData/13GKsS26F4U/asr_subtitle/wavs/13GKsS26F4U_01615.wav,3.580152750015259,NISQA_TTS_v1
/data/nhandt23/Dataset/MMSData/13GKsS26F4U/asr_subtitle/wavs/13GKsS26F4U_05009.wav,3.08746600151062,NISQA_TTS_v1
/data/nhandt23/Dataset/MMSData/13GKsS26F4U/asr_subtitle/wavs/13GKsS26F4U_00892.wav,3.2476327419281006,NISQA_TTS_v1
/data/nhandt23/Dataset/MMSData/13GKsS26F4U/asr_subtitle/wavs/13GKsS26F4U_00327.wav,3.908013105392456,NISQA_TTS_v1
/data/nhandt23/Dataset/MMSData/13GKsS26F4U/asr_subtitle/wavs/13GKsS26F4U_02656.wav,2.566838026046753,NISQA_TTS_v1
/data/nhandt23/Dataset/MMSData/13GKsS26F4U/asr_subtitle/wavs/13GKsS26F4U_04285.wav,2.8928897380828857,NISQA_TTS_v1
/data/nhandt23/Dataset/MMSData/13GKsS26F4U/asr_subtitle/wavs/13GKsS26F4U_02792.wav,3.323528528213501,NISQA_TTS_v1
/data/nhandt23/Dataset/MMSData/13GKsS26F4U/asr_subtitle/wavs/13GKsS26F4U_01708.wav,3.00382399559021,NISQA_TTS_v1
/data/nhandt23/Dataset/MMSData/13GKsS26F4U/asr_subtitle/wavs/13GKsS26F4U_02128.wav,2.9647862911224365,NISQA_TTS_v1
/data/nhandt23/Dataset/MMSData/13GKsS26F4U/asr_subtitle/wavs/13GKsS26F4U_03253.wav,2.9778831005096436,NISQA_TTS_v1
/data/nhandt23/Dataset/MMSData/13GKsS26F4U/asr_subtitle/wavs/13GKsS26F4U_02510.wav,3.069965124130249,NISQA_TTS_v1
/data/nhandt23/Dataset/MMSData/13GKsS26F4U/asr_subtitle/wavs/13GKsS26F4U_02694.wav,2.3568787574768066,NISQA_TTS_v1
/data/nhandt23/Dataset/MMSData/13GKsS26F4U/asr_subtitle/wavs/13GKsS26F4U_02607.wav,2.927384853363037,NISQA_TTS_v1
/data/nhandt23/Dataset/MMSData/13GKsS26F4U/asr_subtitle/wavs/13GKsS26F4U_05142.wav,3.2406256198883057,NISQA_TTS_v1
/data/nhandt23/Dataset/MMSData/13GKsS26F4U/asr_subtitle/wavs/13GKsS26F4U_04578.wav,2.565777540206909,NISQA_TTS_v1
/data/nhandt23/Dataset/MMSData/13GKsS26F4U/asr_subtitle/wavs/13GKsS26F4U_01215.wav,2.8587169647216797,NISQA_TTS_v1
/data/nhandt23/Dataset/MMSData/13GKsS26F4U/asr_subtitle/wavs/13GKsS26F4U_04959.wav,3.170320987701416,NISQA_TTS_v1
/data/nhandt23/Dataset/MMSData/13GKsS26F4U/asr_subtitle/wavs/13GKsS26F4U_04174.wav,3.486186981201172,NISQA_TTS_v1
/data/nhandt23/Dataset/MMSData/13GKsS26F4U/asr_subtitle/wavs/13GKsS26F4U_03422.wav,3.261998176574707,NISQA_TTS_v1
/data/nhandt23/Dataset/MMSData/13GKsS26F4U/asr_subtitle/wavs/13GKsS26F4U_05006.wav,3.075009346008301,NISQA_TTS_v1
/data/nhandt23/Dataset/MMSData/13GKsS26F4U/asr_subtitle/wavs/13GKsS26F4U_02294.wav,3.6007723808288574,NISQA_TTS_v1
/data/nhandt23/Dataset/MMSData/13GKsS26F4U/asr_subtitle/wavs/13GKsS26F4U_00563.wav,3.157658576965332,NISQA_TTS_v1
/data/nhandt23/Dataset/MMSData/13GKsS26F4U/asr_subtitle/wavs/13GKsS26F4U_02348.wav,2.8465497493743896,NISQA_TTS_v1
/data/nhandt23/Dataset/MMSData/13GKsS26F4U/asr_subtitle/wavs/13GKsS26F4U_02118.wav,3.8971331119537354,NISQA_TTS_v1
/data/nhandt23/Dataset/MMSData/13GKsS26F4U/asr_subtitle/wavs/13GKsS26F4U_05106.wav,3.8424859046936035,NISQA_TTS_v1
/data/nhandt23/Dataset/MMSData/13GKsS26F4U/asr_subtitle/wavs/13GKsS26F4U_01375.wav,3.1145670413970947,NISQA_TTS_v1
/data/nhandt23/Dataset/MMSData/13GKsS26F4U/asr_subtitle/wavs/13GKsS26F4U_03661.wav,2.841733694076538,NISQA_TTS_v1
/data/nhandt23/Dataset/MMSData/13GKsS26F4U/asr_subtitle/wavs/13GKsS26F4U_03643.wav,3.318498373031616,NISQA_TTS_v1
/data/nhandt23/Dataset/MMSData/13GKsS26F4U/asr_subtitle/wavs/13GKsS26F4U_01112.wav,3.474637746810913,NISQA_TTS_v1
/data/nhandt23/Dataset/MMSData/13GKsS26F4U/asr_subtitle/wavs/13GKsS26F4U_00124.wav,2.1689083576202393,NISQA_TTS_v1
/data/nhandt23/Dataset/MMSData/13GKsS26F4U/asr_subtitle/wavs/13GKsS26F4U_02420.wav,2.962999105453491,NISQA_TTS_v1
/data/nhandt23/Dataset/MMSData/13GKsS26F4U/asr_subtitle/wavs/13GKsS26F4U_01730.wav,2.8527815341949463,NISQA_TTS_v1
/data/nhandt23/Dataset/MMSData/13GKsS26F4U/asr_subtitle/wavs/13GKsS26F4U_04503.wav,3.0090110301971436,NISQA_TTS_v1
/data/nhandt23/Dataset/MMSData/13GKsS26F4U/asr_subtitle/wavs/13GKsS26F4U_01155.wav,3.41911244392395,NISQA_TTS_v1
/data/nhandt23/Dataset/MMSData/13GKsS26F4U/asr_subtitle/wavs/13GKsS26F4U_03398.wav,2.2643420696258545,NISQA_TTS_v1
/data/nhandt23/Dataset/MMSData/13GKsS26F4U/asr_subtitle/wavs/13GKsS26F4U_01282.wav,2.897517681121826,NISQA_TTS_v1
/data/nhandt23/Dataset/MMSData/13GKsS26F4U/asr_subtitle/wavs/13GKsS26F4U_00192.wav,3.615673065185547,NISQA_TTS_v1
/data/nhandt23/Dataset/MMSData/13GKsS26F4U/asr_subtitle/wavs/13GKsS26F4U_01260.wav,3.3365533351898193,NISQA_TTS_v1
/data/nhandt23/Dataset/MMSData/13GKsS26F4U/asr_subtitle/wavs/13GKsS26F4U_03113.wav,2.8036351203918457,NISQA_TTS_v1
/data/nhandt23/Dataset/MMSData/13GKsS26F4U/asr_subtitle/wavs/13GKsS26F4U_05104.wav,3.1039607524871826,NISQA_TTS_v1
/data/nhandt23/Dataset/MMSData/13GKsS26F4U/asr_subtitle/wavs/13GKsS26F4U_01101.wav,3.158385753631592,NISQA_TTS_v1
/data/nhandt23/Dataset/MMSData/13GKsS26F4U/asr_subtitle/wavs/13GKsS26F4U_03704.wav,3.294633626937866,NISQA_TTS_v1
/data/nhandt23/Dataset/MMSData/13GKsS26F4U/asr_subtitle/wavs/13GKsS26F4U_01582.wav,3.286329746246338,NISQA_TTS_v1
/data/nhandt23/Dataset/MMSData/13GKsS26F4U/asr_subtitle/wavs/13GKsS26F4U_01255.wav,2.8482391834259033,NISQA_TTS_v1
/data/nhandt23/Dataset/MMSData/13GKsS26F4U/asr_subtitle/wavs/13GKsS26F4U_03043.wav,3.15112566947937,NISQA_TTS_v1
/data/nhandt23/Dataset/MMSData/13GKsS26F4U/asr_subtitle/wavs/13GKsS26F4U_02422.wav,3.597243070602417,NISQA_TTS_v1
/data/nhandt23/Dataset/MMSData/13GKsS26F4U/asr_subtitle/wavs/13GKsS26F4U_00072.wav,3.0006444454193115,NISQA_TTS_v1
/data/nhandt23/Dataset/MMSData/13GKsS26F4U/asr_subtitle/wavs/13GKsS26F4U_01390.wav,2.926722288131714,NISQA_TTS_v1
/data/nhandt23/Dataset/MMSData/13GKsS26F4U/asr_subtitle/wavs/13GKsS26F4U_03275.wav,2.728764772415161,NISQA_TTS_v1
/data/nhandt23/Dataset/MMSData/13GKsS26F4U/asr_subtitle/wavs/13GKsS26F4U_01456.wav,3.057642936706543,NISQA_TTS_v1
/data/nhandt23/Dataset/MMSData/13GKsS26F4U/asr_subtitle/wavs/13GKsS26F4U_02086.wav,2.6530678272247314,NISQA_TTS_v1
/data/nhandt23/Dataset/MMSData/13GKsS26F4U/asr_subtitle/wavs/13GKsS26F4U_03751.wav,3.59238600730896,NISQA_TTS_v1
/data/nhandt23/Dataset/MMSData/13GKsS26F4U/asr_subtitle/wavs/13GKsS26F4U_02151.wav,2.7989161014556885,NISQA_TTS_v1
/data/nhandt23/Dataset/MMSData/13GKsS26F4U/asr_subtitle/wavs/13GKsS26F4U_03066.wav,3.456768274307251,NISQA_TTS_v1
/data/nhandt23/Dataset/MMSData/13GKsS26F4U/asr_subtitle/wavs/13GKsS26F4U_04459.wav,2.7100565433502197,NISQA_TTS_v1
/data/nhandt23/Dataset/MMSData/13GKsS26F4U/asr_subtitle/wavs/13GKsS26F4U_01927.wav,2.5687735080718994,NISQA_TTS_v1
/data/nhandt23/Dataset/MMSData/13GKsS26F4U/asr_subtitle/wavs/13GKsS26F4U_04660.wav,2.8938252925872803,NISQA_TTS_v1
/data/nhandt23/Dataset/MMSData/13GKsS26F4U/asr_subtitle/wavs/13GKsS26F4U_02334.wav,3.2237966060638428,NISQA_TTS_v1
/data/nhandt23/Dataset/MMSData/13GKsS26F4U/asr_subtitle/wavs/13GKsS26F4U_03611.wav,2.8834221363067627,NISQA_TTS_v1
/data/nhandt23/Dataset/MMSData/13GKsS26F4U/asr_subtitle/wavs/13GKsS26F4U_01246.wav,2.988952875137329,NISQA_TTS_v1
/data/nhandt23/Dataset/MMSData/13GKsS26F4U/asr_subtitle/wavs/13GKsS26F4U_00558.wav,2.617889881134033,NISQA_TTS_v1
/data/nhandt23/Dataset/MMSData/13GKsS26F4U/asr_subtitle/wavs/13GKsS26F4U_02169.wav,2.8921329975128174,NISQA_TTS_v1
/data/nhandt23/Dataset/MMSData/13GKsS26F4U/asr_subtitle/wavs/13GKsS26F4U_04040.wav,3.4651901721954346,NISQA_TTS_v1
/data/nhandt23/Dataset/MMSData/13GKsS26F4U/asr_subtitle/wavs/13GKsS26F4U_00363.wav,3.516242265701294,NISQA_TTS_v1
/data/nhandt23/Dataset/MMSData/13GKsS26F4U/asr_subtitle/wavs/13GKsS26F4U_00777.wav,3.833876371383667,NISQA_TTS_v1
/data/nhandt23/Dataset/MMSData/13GKsS26F4U/asr_subtitle/wavs/13GKsS26F4U_03473.wav,3.851571798324585,NISQA_TTS_v1
/data/nhandt23/Dataset/MMSData/13GKsS26F4U/asr_subtitle/wavs/13GKsS26F4U_03795.wav,2.50854754447937,NISQA_TTS_v1
/data/nhandt23/Dataset/MMSData/13GKsS26F4U/asr_subtitle/wavs/13GKsS26F4U_00674.wav,3.278945207595825,NISQA_TTS_v1
/data/nhandt23/Dataset/MMSData/13GKsS26F4U/asr_subtitle/wavs/13GKsS26F4U_00953.wav,3.0718390941619873,NISQA_TTS_v1
/data/nhandt23/Dataset/MMSData/13GKsS26F4U/asr_subtitle/wavs/13GKsS26F4U_02501.wav,2.79282808303833,NISQA_TTS_v1
/data/nhandt23/Dataset/MMSData/13GKsS26F4U/asr_subtitle/wavs/13GKsS26F4U_03100.wav,3.098889112472534,NISQA_TTS_v1
/data/nhandt23/Dataset/MMSData/13GKsS26F4U/asr_subtitle/wavs/13GKsS26F4U_00848.wav,3.2469866275787354,NISQA_TTS_v1
/data/nhandt23/Dataset/MMSData/13GKsS26F4U/asr_subtitle/wavs/13GKsS26F4U_04934.wav,3.8236587047576904,NISQA_TTS_v1
/data/nhandt23/Dataset/MMSData/13GKsS26F4U/asr_subtitle/wavs/13GKsS26F4U_01306.wav,3.255380868911743,NISQA_TTS_v1
/data/nhandt23/Dataset/MMSData/13GKsS26F4U/asr_subtitle/wavs/13GKsS26F4U_03206.wav,2.0852649211883545,NISQA_TTS_v1
/data/nhandt23/Dataset/MMSData/13GKsS26F4U/asr_subtitle/wavs/13GKsS26F4U_03600.wav,3.5275027751922607,NISQA_TTS_v1
/data/nhandt23/Dataset/MMSData/13GKsS26F4U/asr_subtitle/wavs/13GKsS26F4U_00590.wav,3.2169883251190186,NISQA_TTS_v1
/data/nhandt23/Dataset/MMSData/13GKsS26F4U/asr_subtitle/wavs/13GKsS26F4U_04758.wav,2.8638346195220947,NISQA_TTS_v1
/data/nhandt23/Dataset/MMSData/13GKsS26F4U/asr_subtitle/wavs/13GKsS26F4U_02867.wav,3.336623430252075,NISQA_TTS_v1
/data/nhandt23/Dataset/MMSData/13GKsS26F4U/asr_subtitle/wavs/13GKsS26F4U_03317.wav,3.1697418689727783,NISQA_TTS_v1
/data/nhandt23/Dataset/MMSData/13GKsS26F4U/asr_subtitle/wavs/13GKsS26F4U_02890.wav,3.742849588394165,NISQA_TTS_v1
/data/nhandt23/Dataset/MMSData/13GKsS26F4U/asr_subtitle/wavs/13GKsS26F4U_04122.wav,2.7701194286346436,NISQA_TTS_v1
/data/nhandt23/Dataset/MMSData/13GKsS26F4U/asr_subtitle/wavs/13GKsS26F4U_01107.wav,3.2770395278930664,NISQA_TTS_v1
/data/nhandt23/Dataset/MMSData/13GKsS26F4U/asr_subtitle/wavs/13GKsS26F4U_04215.wav,2.9007174968719482,NISQA_TTS_v1
/data/nhandt23/Dataset/MMSData/13GKsS26F4U/asr_subtitle/wavs/13GKsS26F4U_02100.wav,3.552237033843994,NISQA_TTS_v1
/data/nhandt23/Dataset/MMSData/13GKsS26F4U/asr_subtitle/wavs/13GKsS26F4U_00828.wav,2.955977201461792,NISQA_TTS_v1
/data/nhandt23/Dataset/MMSData/13GKsS26F4U/asr_subtitle/wavs/13GKsS26F4U_05137.wav,3.2895214557647705,NISQA_TTS_v1
/data/nhandt23/Dataset/MMSData/13GKsS26F4U/asr_subtitle/wavs/13GKsS26F4U_02921.wav,3.487990140914917,NISQA_TTS_v1
/data/nhandt23/Dataset/MMSData/13GKsS26F4U/asr_subtitle/wavs/13GKsS26F4U_03189.wav,2.783095598220825,NISQA_TTS_v1
/data/nhandt23/Dataset/MMSData/13GKsS26F4U/asr_subtitle/wavs/13GKsS26F4U_01212.wav,2.8417067527770996,NISQA_TTS_v1
/data/nhandt23/Dataset/MMSData/13GKsS26F4U/asr_subtitle/wavs/13GKsS26F4U_01322.wav,2.96471905708313,NISQA_TTS_v1
/data/nhandt23/Dataset/MMSData/13GKsS26F4U/asr_subtitle/wavs/13GKsS26F4U_04812.wav,3.8610169887542725,NISQA_TTS_v1
/data/nhandt23/Dataset/MMSData/13GKsS26F4U/asr_subtitle/wavs/13GKsS26F4U_03685.wav,2.7643611431121826,NISQA_TTS_v1
/data/nhandt23/Dataset/MMSData/13GKsS26F4U/asr_subtitle/wavs/13GKsS26F4U_05118.wav,3.5022616386413574,NISQA_TTS_v1
/data/nhandt23/Dataset/MMSData/13GKsS26F4U/asr_subtitle/wavs/13GKsS26F4U_05044.wav,2.9496517181396484,NISQA_TTS_v1
/data/nhandt23/Dataset/MMSData/13GKsS26F4U/asr_subtitle/wavs/13GKsS26F4U_04605.wav,3.846874713897705,NISQA_TTS_v1
/data/nhandt23/Dataset/MMSData/13GKsS26F4U/asr_subtitle/wavs/13GKsS26F4U_02692.wav,3.5737783908843994,NISQA_TTS_v1
/data/nhandt23/Dataset/MMSData/13GKsS26F4U/asr_subtitle/wavs/13GKsS26F4U_02051.wav,2.4718616008758545,NISQA_TTS_v1
/data/nhandt23/Dataset/MMSData/13GKsS26F4U/asr_subtitle/wavs/13GKsS26F4U_04688.wav,2.8009397983551025,NISQA_TTS_v1
/data/nhandt23/Dataset/MMSData/13GKsS26F4U/asr_subtitle/wavs/13GKsS26F4U_00233.wav,3.7822024822235107,NISQA_TTS_v1
/data/nhandt23/Dataset/MMSData/13GKsS26F4U/asr_subtitle/wavs/13GKsS26F4U_00506.wav,3.8434574604034424,NISQA_TTS_v1
/data/nhandt23/Dataset/MMSData/13GKsS26F4U/asr_subtitle/wavs/13GKsS26F4U_02843.wav,2.6049118041992188,NISQA_TTS_v1
/data/nhandt23/Dataset/MMSData/13GKsS26F4U/asr_subtitle/wavs/13GKsS26F4U_04864.wav,3.5995934009552,NISQA_TTS_v1
/data/nhandt23/Dataset/MMSData/13GKsS26F4U/asr_subtitle/wavs/13GKsS26F4U_03875.wav,3.5854389667510986,NISQA_TTS_v1
/data/nhandt23/Dataset/MMSData/13GKsS26F4U/asr_subtitle/wavs/13GKsS26F4U_01850.wav,3.0904958248138428,NISQA_TTS_v1
/data/nhandt23/Dataset/MMSData/13GKsS26F4U/asr_subtitle/wavs/13GKsS26F4U_02661.wav,3.291529893875122,NISQA_TTS_v1
/data/nhandt23/Dataset/MMSData/13GKsS26F4U/asr_subtitle/wavs/13GKsS26F4U_00100.wav,2.874995470046997,NISQA_TTS_v1
/data/nhandt23/Dataset/MMSData/13GKsS26F4U/asr_subtitle/wavs/13GKsS26F4U_00656.wav,3.528313636779785,NISQA_TTS_v1
/data/nhandt23/Dataset/MMSData/13GKsS26F4U/asr_subtitle/wavs/13GKsS26F4U_04345.wav,3.369544267654419,NISQA_TTS_v1
/data/nhandt23/Dataset/MMSData/13GKsS26F4U/asr_subtitle/wavs/13GKsS26F4U_01289.wav,2.644681453704834,NISQA_TTS_v1
/data/nhandt23/Dataset/MMSData/13GKsS26F4U/asr_subtitle/wavs/13GKsS26F4U_03598.wav,2.443241834640503,NISQA_TTS_v1
/data/nhandt23/Dataset/MMSData/13GKsS26F4U/asr_subtitle/wavs/13GKsS26F4U_04551.wav,2.568310260772705,NISQA_TTS_v1
/data/nhandt23/Dataset/MMSData/13GKsS26F4U/asr_subtitle/wavs/13GKsS26F4U_04430.wav,3.8615567684173584,NISQA_TTS_v1
/data/nhandt23/Dataset/MMSData/13GKsS26F4U/asr_subtitle/wavs/13GKsS26F4U_03186.wav,2.7894959449768066,NISQA_TTS_v1
/data/nhandt23/Dataset/MMSData/13GKsS26F4U/asr_subtitle/wavs/13GKsS26F4U_01608.wav,2.671382188796997,NISQA_TTS_v1
/data/nhandt23/Dataset/MMSData/13GKsS26F4U/asr_subtitle/wavs/13GKsS26F4U_00398.wav,2.8396389484405518,NISQA_TTS_v1
/data/nhandt23/Dataset/MMSData/13GKsS26F4U/asr_subtitle/wavs/13GKsS26F4U_05039.wav,2.9681642055511475,NISQA_TTS_v1
/data/nhandt23/Dataset/MMSData/13GKsS26F4U/asr_subtitle/wavs/13GKsS26F4U_03397.wav,2.8344132900238037,NISQA_TTS_v1
/data/nhandt23/Dataset/MMSData/13GKsS26F4U/asr_subtitle/wavs/13GKsS26F4U_00630.wav,3.0608532428741455,NISQA_TTS_v1
/data/nhandt23/Dataset/MMSData/13GKsS26F4U/asr_subtitle/wavs/13GKsS26F4U_01820.wav,3.1586573123931885,NISQA_TTS_v1
/data/nhandt23/Dataset/MMSData/13GKsS26F4U/asr_subtitle/wavs/13GKsS26F4U_04825.wav,4.011439800262451,NISQA_TTS_v1
/data/nhandt23/Dataset/MMSData/13GKsS26F4U/asr_subtitle/wavs/13GKsS26F4U_02871.wav,2.840388536453247,NISQA_TTS_v1
/data/nhandt23/Dataset/MMSData/13GKsS26F4U/asr_subtitle/wavs/13GKsS26F4U_04495.wav,2.782832145690918,NISQA_TTS_v1
/data/nhandt23/Dataset/MMSData/13GKsS26F4U/asr_subtitle/wavs/13GKsS26F4U_04887.wav,3.568434715270996,NISQA_TTS_v1
/data/nhandt23/Dataset/MMSData/13GKsS26F4U/asr_subtitle/wavs/13GKsS26F4U_04468.wav,4.375672817230225,NISQA_TTS_v1
/data/nhandt23/Dataset/MMSData/13GKsS26F4U/asr_subtitle/wavs/13GKsS26F4U_03929.wav,3.0957906246185303,NISQA_TTS_v1
/data/nhandt23/Dataset/MMSData/13GKsS26F4U/asr_subtitle/wavs/13GKsS26F4U_00756.wav,3.817728042602539,NISQA_TTS_v1
/data/nhandt23/Dataset/MMSData/13GKsS26F4U/asr_subtitle/wavs/13GKsS26F4U_01609.wav,3.1245241165161133,NISQA_TTS_v1
/data/nhandt23/Dataset/MMSData/13GKsS26F4U/asr_subtitle/wavs/13GKsS26F4U_04672.wav,2.3708274364471436,NISQA_TTS_v1
/data/nhandt23/Dataset/MMSData/13GKsS26F4U/asr_subtitle/wavs/13GKsS26F4U_00742.wav,2.664665460586548,NISQA_TTS_v1
/data/nhandt23/Dataset/MMSData/13GKsS26F4U/asr_subtitle/wavs/13GKsS26F4U_01761.wav,3.28523325920105,NISQA_TTS_v1
/data/nhandt23/Dataset/MMSData/13GKsS26F4U/asr_subtitle/wavs/13GKsS26F4U_04134.wav,3.023348093032837,NISQA_TTS_v1
/data/nhandt23/Dataset/MMSData/13GKsS26F4U/asr_subtitle/wavs/13GKsS26F4U_02319.wav,2.4155642986297607,NISQA_TTS_v1
/data/nhandt23/Dataset/MMSData/13GKsS26F4U/asr_subtitle/wavs/13GKsS26F4U_00267.wav,3.5584845542907715,NISQA_TTS_v1
/data/nhandt23/Dataset/MMSData/13GKsS26F4U/asr_subtitle/wavs/13GKsS26F4U_04114.wav,3.3961517810821533,NISQA_TTS_v1
/data/nhandt23/Dataset/MMSData/13GKsS26F4U/asr_subtitle/wavs/13GKsS26F4U_01651.wav,2.5416154861450195,NISQA_TTS_v1
/data/nhandt23/Dataset/MMSData/13GKsS26F4U/asr_subtitle/wavs/13GKsS26F4U_02363.wav,3.427022933959961,NISQA_TTS_v1
/data/nhandt23/Dataset/MMSData/13GKsS26F4U/asr_subtitle/wavs/13GKsS26F4U_03240.wav,2.755181074142456,NISQA_TTS_v1
/data/nhandt23/Dataset/MMSData/13GKsS26F4U/asr_subtitle/wavs/13GKsS26F4U_03656.wav,2.563689947128296,NISQA_TTS_v1
/data/nhandt23/Dataset/MMSData/13GKsS26F4U/asr_subtitle/wavs/13GKsS26F4U_04400.wav,3.0315635204315186,NISQA_TTS_v1
/data/nhandt23/Dataset/MMSData/13GKsS26F4U/asr_subtitle/wavs/13GKsS26F4U_02468.wav,3.449030637741089,NISQA_TTS_v1
/data/nhandt23/Dataset/MMSData/13GKsS26F4U/asr_subtitle/wavs/13GKsS26F4U_02202.wav,2.301044225692749,NISQA_TTS_v1
/data/nhandt23/Dataset/MMSData/13GKsS26F4U/asr_subtitle/wavs/13GKsS26F4U_04647.wav,2.4726290702819824,NISQA_TTS_v1
/data/nhandt23/Dataset/MMSData/13GKsS26F4U/asr_subtitle/wavs/13GKsS26F4U_04543.wav,2.368630886077881,NISQA_TTS_v1
/data/nhandt23/Dataset/MMSData/13GKsS26F4U/asr_subtitle/wavs/13GKsS26F4U_00091.wav,2.6873490810394287,NISQA_TTS_v1
/data/nhandt23/Dataset/MMSData/13GKsS26F4U/asr_subtitle/wavs/13GKsS26F4U_02343.wav,3.6352572441101074,NISQA_TTS_v1
/data/nhandt23/Dataset/MMSData/13GKsS26F4U/asr_subtitle/wavs/13GKsS26F4U_01726.wav,2.959000825881958,NISQA_TTS_v1
/data/nhandt23/Dataset/MMSData/13GKsS26F4U/asr_subtitle/wavs/13GKsS26F4U_02624.wav,2.8909573554992676,NISQA_TTS_v1
/data/nhandt23/Dataset/MMSData/13GKsS26F4U/asr_subtitle/wavs/13GKsS26F4U_03061.wav,3.0216922760009766,NISQA_TTS_v1
/data/nhandt23/Dataset/MMSData/13GKsS26F4U/asr_subtitle/wavs/13GKsS26F4U_03252.wav,3.0470964908599854,NISQA_TTS_v1
/data/nhandt23/Dataset/MMSData/13GKsS26F4U/asr_subtitle/wavs/13GKsS26F4U_04517.wav,2.7479405403137207,NISQA_TTS_v1
/data/nhandt23/Dataset/MMSData/13GKsS26F4U/asr_subtitle/wavs/13GKsS26F4U_03911.wav,2.9087953567504883,NISQA_TTS_v1
/data/nhandt23/Dataset/MMSData/13GKsS26F4U/asr_subtitle/wavs/13GKsS26F4U_04784.wav,3.1496479511260986,NISQA_TTS_v1
/data/nhandt23/Dataset/MMSData/13GKsS26F4U/asr_subtitle/wavs/13GKsS26F4U_00107.wav,3.598003387451172,NISQA_TTS_v1
/data/nhandt23/Dataset/MMSData/13GKsS26F4U/asr_subtitle/wavs/13GKsS26F4U_00186.wav,3.37219500541687,NISQA_TTS_v1
/data/nhandt23/Dataset/MMSData/13GKsS26F4U/asr_subtitle/wavs/13GKsS26F4U_01785.wav,3.4382455348968506,NISQA_TTS_v1
/data/nhandt23/Dataset/MMSData/13GKsS26F4U/asr_subtitle/wavs/13GKsS26F4U_04513.wav,3.082070827484131,NISQA_TTS_v1
/data/nhandt23/Dataset/MMSData/13GKsS26F4U/asr_subtitle/wavs/13GKsS26F4U_04842.wav,3.320096254348755,NISQA_TTS_v1
/data/nhandt23/Dataset/MMSData/13GKsS26F4U/asr_subtitle/wavs/13GKsS26F4U_02049.wav,3.648859739303589,NISQA_TTS_v1
/data/nhandt23/Dataset/MMSData/13GKsS26F4U/asr_subtitle/wavs/13GKsS26F4U_01811.wav,2.962754487991333,NISQA_TTS_v1
/data/nhandt23/Dataset/MMSData/13GKsS26F4U/asr_subtitle/wavs/13GKsS26F4U_02009.wav,3.3062241077423096,NISQA_TTS_v1
/data/nhandt23/Dataset/MMSData/13GKsS26F4U/asr_subtitle/wavs/13GKsS26F4U_00024.wav,3.3338160514831543,NISQA_TTS_v1
/data/nhandt23/Dataset/MMSData/13GKsS26F4U/asr_subtitle/wavs/13GKsS26F4U_02988.wav,3.7282602787017822,NISQA_TTS_v1
/data/nhandt23/Dataset/MMSData/13GKsS26F4U/asr_subtitle/wavs/13GKsS26F4U_02341.wav,2.3694722652435303,NISQA_TTS_v1
/data/nhandt23/Dataset/MMSData/13GKsS26F4U/asr_subtitle/wavs/13GKsS26F4U_01110.wav,3.1691901683807373,NISQA_TTS_v1
/data/nhandt23/Dataset/MMSData/13GKsS26F4U/asr_subtitle/wavs/13GKsS26F4U_00212.wav,3.160757303237915,NISQA_TTS_v1
/data/nhandt23/Dataset/MMSData/13GKsS26F4U/asr_subtitle/wavs/13GKsS26F4U_01540.wav,4.34866189956665,NISQA_TTS_v1
/data/nhandt23/Dataset/MMSData/13GKsS26F4U/asr_subtitle/wavs/13GKsS26F4U_01346.wav,2.552888870239258,NISQA_TTS_v1
/data/nhandt23/Dataset/MMSData/13GKsS26F4U/asr_subtitle/wavs/13GKsS26F4U_01762.wav,3.3715879917144775,NISQA_TTS_v1
/data/nhandt23/Dataset/MMSData/13GKsS26F4U/asr_subtitle/wavs/13GKsS26F4U_04209.wav,2.3801891803741455,NISQA_TTS_v1
/data/nhandt23/Dataset/MMSData/13GKsS26F4U/asr_subtitle/wavs/13GKsS26F4U_04397.wav,2.4957597255706787,NISQA_TTS_v1
/data/nhandt23/Dataset/MMSData/13GKsS26F4U/asr_subtitle/wavs/13GKsS26F4U_00371.wav,3.804111957550049,NISQA_TTS_v1
/data/nhandt23/Dataset/MMSData/13GKsS26F4U/asr_subtitle/wavs/13GKsS26F4U_00156.wav,2.342470645904541,NISQA_TTS_v1
/data/nhandt23/Dataset/MMSData/13GKsS26F4U/asr_subtitle/wavs/13GKsS26F4U_03409.wav,4.196398735046387,NISQA_TTS_v1
/data/nhandt23/Dataset/MMSData/13GKsS26F4U/asr_subtitle/wavs/13GKsS26F4U_03415.wav,3.146496534347534,NISQA_TTS_v1
/data/nhandt23/Dataset/MMSData/13GKsS26F4U/asr_subtitle/wavs/13GKsS26F4U_00976.wav,2.6549570560455322,NISQA_TTS_v1
/data/nhandt23/Dataset/MMSData/13GKsS26F4U/asr_subtitle/wavs/13GKsS26F4U_03651.wav,3.9783616065979004,NISQA_TTS_v1
/data/nhandt23/Dataset/MMSData/13GKsS26F4U/asr_subtitle/wavs/13GKsS26F4U_04417.wav,2.5783894062042236,NISQA_TTS_v1
/data/nhandt23/Dataset/MMSData/13GKsS26F4U/asr_subtitle/wavs/13GKsS26F4U_01383.wav,2.4301979541778564,NISQA_TTS_v1
/data/nhandt23/Dataset/MMSData/13GKsS26F4U/asr_subtitle/wavs/13GKsS26F4U_04609.wav,3.650869846343994,NISQA_TTS_v1
/data/nhandt23/Dataset/MMSData/13GKsS26F4U/asr_subtitle/wavs/13GKsS26F4U_01486.wav,3.047057867050171,NISQA_TTS_v1
/data/nhandt23/Dataset/MMSData/13GKsS26F4U/asr_subtitle/wavs/13GKsS26F4U_02063.wav,2.6342856884002686,NISQA_TTS_v1
/data/nhandt23/Dataset/MMSData/13GKsS26F4U/asr_subtitle/wavs/13GKsS26F4U_02093.wav,3.0907576084136963,NISQA_TTS_v1
/data/nhandt23/Dataset/MMSData/13GKsS26F4U/asr_subtitle/wavs/13GKsS26F4U_01002.wav,2.175093412399292,NISQA_TTS_v1
/data/nhandt23/Dataset/MMSData/13GKsS26F4U/asr_subtitle/wavs/13GKsS26F4U_00484.wav,3.1862802505493164,NISQA_TTS_v1
/data/nhandt23/Dataset/MMSData/13GKsS26F4U/asr_subtitle/wavs/13GKsS26F4U_01932.wav,3.343418598175049,NISQA_TTS_v1
/data/nhandt23/Dataset/MMSData/13GKsS26F4U/asr_subtitle/wavs/13GKsS26F4U_03208.wav,3.1526734828948975,NISQA_TTS_v1
/data/nhandt23/Dataset/MMSData/13GKsS26F4U/asr_subtitle/wavs/13GKsS26F4U_00179.wav,2.7186765670776367,NISQA_TTS_v1
/data/nhandt23/Dataset/MMSData/13GKsS26F4U/asr_subtitle/wavs/13GKsS26F4U_00285.wav,3.6788017749786377,NISQA_TTS_v1
/data/nhandt23/Dataset/MMSData/13GKsS26F4U/asr_subtitle/wavs/13GKsS26F4U_03365.wav,2.788518190383911,NISQA_TTS_v1
/data/nhandt23/Dataset/MMSData/13GKsS26F4U/asr_subtitle/wavs/13GKsS26F4U_01810.wav,3.7148702144622803,NISQA_TTS_v1
/data/nhandt23/Dataset/MMSData/13GKsS26F4U/asr_subtitle/wavs/13GKsS26F4U_03818.wav,2.8182570934295654,NISQA_TTS_v1
/data/nhandt23/Dataset/MMSData/13GKsS26F4U/asr_subtitle/wavs/13GKsS26F4U_00826.wav,2.5605342388153076,NISQA_TTS_v1
/data/nhandt23/Dataset/MMSData/13GKsS26F4U/asr_subtitle/wavs/13GKsS26F4U_00032.wav,3.2734804153442383,NISQA_TTS_v1
/data/nhandt23/Dataset/MMSData/13GKsS26F4U/asr_subtitle/wavs/13GKsS26F4U_00852.wav,2.618788719177246,NISQA_TTS_v1
/data/nhandt23/Dataset/MMSData/13GKsS26F4U/asr_subtitle/wavs/13GKsS26F4U_00486.wav,3.5195093154907227,NISQA_TTS_v1
/data/nhandt23/Dataset/MMSData/13GKsS26F4U/asr_subtitle/wavs/13GKsS26F4U_03535.wav,3.7710185050964355,NISQA_TTS_v1
/data/nhandt23/Dataset/MMSData/13GKsS26F4U/asr_subtitle/wavs/13GKsS26F4U_03499.wav,2.7581989765167236,NISQA_TTS_v1
/data/nhandt23/Dataset/MMSData/13GKsS26F4U/asr_subtitle/wavs/13GKsS26F4U_02581.wav,3.3633882999420166,NISQA_TTS_v1
/data/nhandt23/Dataset/MMSData/13GKsS26F4U/asr_subtitle/wavs/13GKsS26F4U_00759.wav,3.967385768890381,NISQA_TTS_v1
/data/nhandt23/Dataset/MMSData/13GKsS26F4U/asr_subtitle/wavs/13GKsS26F4U_02449.wav,3.3787434101104736,NISQA_TTS_v1
/data/nhandt23/Dataset/MMSData/13GKsS26F4U/asr_subtitle/wavs/13GKsS26F4U_02386.wav,2.581251621246338,NISQA_TTS_v1
/data/nhandt23/Dataset/MMSData/13GKsS26F4U/asr_subtitle/wavs/13GKsS26F4U_01345.wav,3.153473138809204,NISQA_TTS_v1
/data/nhandt23/Dataset/MMSData/13GKsS26F4U/asr_subtitle/wavs/13GKsS26F4U_02369.wav,3.7568066120147705,NISQA_TTS_v1
/data/nhandt23/Dataset/MMSData/13GKsS26F4U/asr_subtitle/wavs/13GKsS26F4U_00943.wav,3.1448919773101807,NISQA_TTS_v1
/data/nhandt23/Dataset/MMSData/13GKsS26F4U/asr_subtitle/wavs/13GKsS26F4U_03065.wav,3.0352537631988525,NISQA_TTS_v1
/data/nhandt23/Dataset/MMSData/13GKsS26F4U/asr_subtitle/wavs/13GKsS26F4U_03592.wav,2.3912556171417236,NISQA_TTS_v1
/data/nhandt23/Dataset/MMSData/13GKsS26F4U/asr_subtitle/wavs/13GKsS26F4U_03789.wav,2.8817999362945557,NISQA_TTS_v1
/data/nhandt23/Dataset/MMSData/13GKsS26F4U/asr_subtitle/wavs/13GKsS26F4U_01640.wav,2.5107946395874023,NISQA_TTS_v1
/data/nhandt23/Dataset/MMSData/13GKsS26F4U/asr_subtitle/wavs/13GKsS26F4U_00291.wav,2.980743169784546,NISQA_TTS_v1
/data/nhandt23/Dataset/MMSData/13GKsS26F4U/asr_subtitle/wavs/13GKsS26F4U_04264.wav,3.6120963096618652,NISQA_TTS_v1
/data/nhandt23/Dataset/MMSData/13GKsS26F4U/asr_subtitle/wavs/13GKsS26F4U_03823.wav,2.5170063972473145,NISQA_TTS_v1
/data/nhandt23/Dataset/MMSData/13GKsS26F4U/asr_subtitle/wavs/13GKsS26F4U_00155.wav,2.8011739253997803,NISQA_TTS_v1
/data/nhandt23/Dataset/MMSData/13GKsS26F4U/asr_subtitle/wavs/13GKsS26F4U_04994.wav,2.6615264415740967,NISQA_TTS_v1
/data/nhandt23/Dataset/MMSData/13GKsS26F4U/asr_subtitle/wavs/13GKsS26F4U_01070.wav,3.183934450149536,NISQA_TTS_v1
/data/nhandt23/Dataset/MMSData/13GKsS26F4U/asr_subtitle/wavs/13GKsS26F4U_01389.wav,3.7745730876922607,NISQA_TTS_v1
/data/nhandt23/Dataset/MMSData/13GKsS26F4U/asr_subtitle/wavs/13GKsS26F4U_02360.wav,2.736366033554077,NISQA_TTS_v1
/data/nhandt23/Dataset/MMSData/13GKsS26F4U/asr_subtitle/wavs/13GKsS26F4U_03759.wav,2.005350112915039,NISQA_TTS_v1
/data/nhandt23/Dataset/MMSData/13GKsS26F4U/asr_subtitle/wavs/13GKsS26F4U_01032.wav,2.0733087062835693,NISQA_TTS_v1
/data/nhandt23/Dataset/MMSData/13GKsS26F4U/asr_subtitle/wavs/13GKsS26F4U_00538.wav,2.621973752975464,NISQA_TTS_v1
/data/nhandt23/Dataset/MMSData/13GKsS26F4U/asr_subtitle/wavs/13GKsS26F4U_01756.wav,2.864154577255249,NISQA_TTS_v1
/data/nhandt23/Dataset/MMSData/13GKsS26F4U/asr_subtitle/wavs/13GKsS26F4U_00644.wav,2.932203531265259,NISQA_TTS_v1
/data/nhandt23/Dataset/MMSData/13GKsS26F4U/asr_subtitle/wavs/13GKsS26F4U_02531.wav,2.6416537761688232,NISQA_TTS_v1
/data/nhandt23/Dataset/MMSData/13GKsS26F4U/asr_subtitle/wavs/13GKsS26F4U_01709.wav,3.18375825881958,NISQA_TTS_v1
/data/nhandt23/Dataset/MMSData/13GKsS26F4U/asr_subtitle/wavs/13GKsS26F4U_02546.wav,3.2047979831695557,NISQA_TTS_v1
/data/nhandt23/Dataset/MMSData/13GKsS26F4U/asr_subtitle/wavs/13GKsS26F4U_01076.wav,3.2897887229919434,NISQA_TTS_v1
/data/nhandt23/Dataset/MMSData/13GKsS26F4U/asr_subtitle/wavs/13GKsS26F4U_02421.wav,4.119564533233643,NISQA_TTS_v1
/data/nhandt23/Dataset/MMSData/13GKsS26F4U/asr_subtitle/wavs/13GKsS26F4U_04823.wav,2.2242305278778076,NISQA_TTS_v1
/data/nhandt23/Dataset/MMSData/13GKsS26F4U/asr_subtitle/wavs/13GKsS26F4U_00388.wav,3.107384204864502,NISQA_TTS_v1
/data/nhandt23/Dataset/MMSData/13GKsS26F4U/asr_subtitle/wavs/13GKsS26F4U_01579.wav,2.236736297607422,NISQA_TTS_v1
/data/nhandt23/Dataset/MMSData/13GKsS26F4U/asr_subtitle/wavs/13GKsS26F4U_04552.wav,3.528301477432251,NISQA_TTS_v1
/data/nhandt23/Dataset/MMSData/13GKsS26F4U/asr_subtitle/wavs/13GKsS26F4U_00945.wav,3.1032750606536865,NISQA_TTS_v1
/data/nhandt23/Dataset/MMSData/13GKsS26F4U/asr_subtitle/wavs/13GKsS26F4U_03027.wav,2.4784047603607178,NISQA_TTS_v1
/data/nhandt23/Dataset/MMSData/13GKsS26F4U/asr_subtitle/wavs/13GKsS26F4U_03480.wav,3.259536027908325,NISQA_TTS_v1
/data/nhandt23/Dataset/MMSData/13GKsS26F4U/asr_subtitle/wavs/13GKsS26F4U_01341.wav,2.2955446243286133,NISQA_TTS_v1
/data/nhandt23/Dataset/MMSData/13GKsS26F4U/asr_subtitle/wavs/13GKsS26F4U_05064.wav,2.9720728397369385,NISQA_TTS_v1
/data/nhandt23/Dataset/MMSData/13GKsS26F4U/asr_subtitle/wavs/13GKsS26F4U_01928.wav,3.114835023880005,NISQA_TTS_v1
/data/nhandt23/Dataset/MMSData/13GKsS26F4U/asr_subtitle/wavs/13GKsS26F4U_02599.wav,3.3604443073272705,NISQA_TTS_v1
/data/nhandt23/Dataset/MMSData/13GKsS26F4U/asr_subtitle/wavs/13GKsS26F4U_00934.wav,3.3059909343719482,NISQA_TTS_v1
/data/nhandt23/Dataset/MMSData/13GKsS26F4U/asr_subtitle/wavs/13GKsS26F4U_04426.wav,3.8283352851867676,NISQA_TTS_v1
/data/nhandt23/Dataset/MMSData/13GKsS26F4U/asr_subtitle/wavs/13GKsS26F4U_01103.wav,3.230252265930176,NISQA_TTS_v1
/data/nhandt23/Dataset/MMSData/13GKsS26F4U/asr_subtitle/wavs/13GKsS26F4U_00581.wav,2.5665390491485596,NISQA_TTS_v1
/data/nhandt23/Dataset/MMSData/13GKsS26F4U/asr_subtitle/wavs/13GKsS26F4U_02621.wav,2.063483238220215,NISQA_TTS_v1
/data/nhandt23/Dataset/MMSData/13GKsS26F4U/asr_subtitle/wavs/13GKsS26F4U_03927.wav,2.4814140796661377,NISQA_TTS_v1
/data/nhandt23/Dataset/MMSData/13GKsS26F4U/asr_subtitle/wavs/13GKsS26F4U_04490.wav,2.3742594718933105,NISQA_TTS_v1
/data/nhandt23/Dataset/MMSData/13GKsS26F4U/asr_subtitle/wavs/13GKsS26F4U_04388.wav,2.9587714672088623,NISQA_TTS_v1
/data/nhandt23/Dataset/MMSData/13GKsS26F4U/asr_subtitle/wavs/13GKsS26F4U_01363.wav,3.0258710384368896,NISQA_TTS_v1
/data/nhandt23/Dataset/MMSData/13GKsS26F4U/asr_subtitle/wavs/13GKsS26F4U_02565.wav,3.1288604736328125,NISQA_TTS_v1
/data/nhandt23/Dataset/MMSData/13GKsS26F4U/asr_subtitle/wavs/13GKsS26F4U_01849.wav,3.3785624504089355,NISQA_TTS_v1
/data/nhandt23/Dataset/MMSData/13GKsS26F4U/asr_subtitle/wavs/13GKsS26F4U_02145.wav,3.105482339859009,NISQA_TTS_v1
/data/nhandt23/Dataset/MMSData/13GKsS26F4U/asr_subtitle/wavs/13GKsS26F4U_02387.wav,2.373936891555786,NISQA_TTS_v1
/data/nhandt23/Dataset/MMSData/13GKsS26F4U/asr_subtitle/wavs/13GKsS26F4U_01857.wav,3.224870204925537,NISQA_TTS_v1
/data/nhandt23/Dataset/MMSData/13GKsS26F4U/asr_subtitle/wavs/13GKsS26F4U_00346.wav,3.7966294288635254,NISQA_TTS_v1
/data/nhandt23/Dataset/MMSData/13GKsS26F4U/asr_subtitle/wavs/13GKsS26F4U_00765.wav,2.3654873371124268,NISQA_TTS_v1
/data/nhandt23/Dataset/MMSData/13GKsS26F4U/asr_subtitle/wavs/13GKsS26F4U_00402.wav,2.7880914211273193,NISQA_TTS_v1
/data/nhandt23/Dataset/MMSData/13GKsS26F4U/asr_subtitle/wavs/13GKsS26F4U_01359.wav,2.8687050342559814,NISQA_TTS_v1
/data/nhandt23/Dataset/MMSData/13GKsS26F4U/asr_subtitle/wavs/13GKsS26F4U_03017.wav,2.9949538707733154,NISQA_TTS_v1
/data/nhandt23/Dataset/MMSData/13GKsS26F4U/asr_subtitle/wavs/13GKsS26F4U_02973.wav,2.607619047164917,NISQA_TTS_v1
/data/nhandt23/Dataset/MMSData/13GKsS26F4U/asr_subtitle/wavs/13GKsS26F4U_01968.wav,3.2663092613220215,NISQA_TTS_v1
/data/nhandt23/Dataset/MMSData/13GKsS26F4U/asr_subtitle/wavs/13GKsS26F4U_01508.wav,2.866492509841919,NISQA_TTS_v1
/data/nhandt23/Dataset/MMSData/13GKsS26F4U/asr_subtitle/wavs/13GKsS26F4U_01876.wav,3.3148586750030518,NISQA_TTS_v1
/data/nhandt23/Dataset/MMSData/13GKsS26F4U/asr_subtitle/wavs/13GKsS26F4U_00331.wav,3.2958133220672607,NISQA_TTS_v1
/data/nhandt23/Dataset/MMSData/13GKsS26F4U/asr_subtitle/wavs/13GKsS26F4U_02122.wav,3.3757731914520264,NISQA_TTS_v1
/data/nhandt23/Dataset/MMSData/13GKsS26F4U/asr_subtitle/wavs/13GKsS26F4U_04117.wav,3.1943564414978027,NISQA_TTS_v1
/data/nhandt23/Dataset/MMSData/13GKsS26F4U/asr_subtitle/wavs/13GKsS26F4U_01216.wav,3.459001302719116,NISQA_TTS_v1
/data/nhandt23/Dataset/MMSData/13GKsS26F4U/asr_subtitle/wavs/13GKsS26F4U_05037.wav,3.1384031772613525,NISQA_TTS_v1
/data/nhandt23/Dataset/MMSData/13GKsS26F4U/asr_subtitle/wavs/13GKsS26F4U_00691.wav,4.147461414337158,NISQA_TTS_v1
/data/nhandt23/Dataset/MMSData/13GKsS26F4U/asr_subtitle/wavs/13GKsS26F4U_03469.wav,3.1060516834259033,NISQA_TTS_v1
/data/nhandt23/Dataset/MMSData/13GKsS26F4U/asr_subtitle/wavs/13GKsS26F4U_00004.wav,2.0303401947021484,NISQA_TTS_v1
/data/nhandt23/Dataset/MMSData/13GKsS26F4U/asr_subtitle/wavs/13GKsS26F4U_02299.wav,3.3209969997406006,NISQA_TTS_v1
/data/nhandt23/Dataset/MMSData/13GKsS26F4U/asr_subtitle/wavs/13GKsS26F4U_04923.wav,3.3262786865234375,NISQA_TTS_v1
/data/nhandt23/Dataset/MMSData/13GKsS26F4U/asr_subtitle/wavs/13GKsS26F4U_01441.wav,3.5659689903259277,NISQA_TTS_v1
/data/nhandt23/Dataset/MMSData/13GKsS26F4U/asr_subtitle/wavs/13GKsS26F4U_04595.wav,3.0147719383239746,NISQA_TTS_v1
/data/nhandt23/Dataset/MMSData/13GKsS26F4U/asr_subtitle/wavs/13GKsS26F4U_02671.wav,3.362614870071411,NISQA_TTS_v1
/data/nhandt23/Dataset/MMSData/13GKsS26F4U/asr_subtitle/wavs/13GKsS26F4U_03725.wav,4.3866987228393555,NISQA_TTS_v1
/data/nhandt23/Dataset/MMSData/13GKsS26F4U/asr_subtitle/wavs/13GKsS26F4U_01493.wav,2.8475685119628906,NISQA_TTS_v1
/data/nhandt23/Dataset/MMSData/13GKsS26F4U/asr_subtitle/wavs/13GKsS26F4U_01798.wav,3.3796281814575195,NISQA_TTS_v1
/data/nhandt23/Dataset/MMSData/13GKsS26F4U/asr_subtitle/wavs/13GKsS26F4U_03936.wav,1.680832028388977,NISQA_TTS_v1
/data/nhandt23/Dataset/MMSData/13GKsS26F4U/asr_subtitle/wavs/13GKsS26F4U_03207.wav,3.3164126873016357,NISQA_TTS_v1
/data/nhandt23/Dataset/MMSData/13GKsS26F4U/asr_subtitle/wavs/13GKsS26F4U_02679.wav,3.7941670417785645,NISQA_TTS_v1
/data/nhandt23/Dataset/MMSData/13GKsS26F4U/asr_subtitle/wavs/13GKsS26F4U_03740.wav,2.8924853801727295,NISQA_TTS_v1
/data/nhandt23/Dataset/MMSData/13GKsS26F4U/asr_subtitle/wavs/13GKsS26F4U_01315.wav,3.2542574405670166,NISQA_TTS_v1
/data/nhandt23/Dataset/MMSData/13GKsS26F4U/asr_subtitle/wavs/13GKsS26F4U_03492.wav,2.8115451335906982,NISQA_TTS_v1
/data/nhandt23/Dataset/MMSData/13GKsS26F4U/asr_subtitle/wavs/13GKsS26F4U_04394.wav,3.0969207286834717,NISQA_TTS_v1
/data/nhandt23/Dataset/MMSData/13GKsS26F4U/asr_subtitle/wavs/13GKsS26F4U_01723.wav,3.386888027191162,NISQA_TTS_v1
/data/nhandt23/Dataset/MMSData/13GKsS26F4U/asr_subtitle/wavs/13GKsS26F4U_00631.wav,3.1329727172851562,NISQA_TTS_v1
/data/nhandt23/Dataset/MMSData/13GKsS26F4U/asr_subtitle/wavs/13GKsS26F4U_01362.wav,2.7487168312072754,NISQA_TTS_v1
/data/nhandt23/Dataset/MMSData/13GKsS26F4U/asr_subtitle/wavs/13GKsS26F4U_02943.wav,3.10591197013855,NISQA_TTS_v1
/data/nhandt23/Dataset/MMSData/13GKsS26F4U/asr_subtitle/wavs/13GKsS26F4U_03254.wav,2.8979651927948,NISQA_TTS_v1
/data/nhandt23/Dataset/MMSData/13GKsS26F4U/asr_subtitle/wavs/13GKsS26F4U_01903.wav,2.6929218769073486,NISQA_TTS_v1
/data/nhandt23/Dataset/MMSData/13GKsS26F4U/asr_subtitle/wavs/13GKsS26F4U_04262.wav,3.519073963165283,NISQA_TTS_v1
/data/nhandt23/Dataset/MMSData/13GKsS26F4U/asr_subtitle/wavs/13GKsS26F4U_04860.wav,3.5420596599578857,NISQA_TTS_v1
/data/nhandt23/Dataset/MMSData/13GKsS26F4U/asr_subtitle/wavs/13GKsS26F4U_01336.wav,3.0387213230133057,NISQA_TTS_v1
/data/nhandt23/Dataset/MMSData/13GKsS26F4U/asr_subtitle/wavs/13GKsS26F4U_01847.wav,3.052387237548828,NISQA_TTS_v1
/data/nhandt23/Dataset/MMSData/13GKsS26F4U/asr_subtitle/wavs/13GKsS26F4U_04354.wav,2.4824635982513428,NISQA_TTS_v1
/data/nhandt23/Dataset/MMSData/13GKsS26F4U/asr_subtitle/wavs/13GKsS26F4U_04053.wav,3.0184309482574463,NISQA_TTS_v1
/data/nhandt23/Dataset/MMSData/13GKsS26F4U/asr_subtitle/wavs/13GKsS26F4U_02940.wav,2.566734552383423,NISQA_TTS_v1
/data/nhandt23/Dataset/MMSData/13GKsS26F4U/asr_subtitle/wavs/13GKsS26F4U_04768.wav,2.8574540615081787,NISQA_TTS_v1
/data/nhandt23/Dataset/MMSData/13GKsS26F4U/asr_subtitle/wavs/13GKsS26F4U_03421.wav,3.8232784271240234,NISQA_TTS_v1
/data/nhandt23/Dataset/MMSData/13GKsS26F4U/asr_subtitle/wavs/13GKsS26F4U_02155.wav,3.8539934158325195,NISQA_TTS_v1
/data/nhandt23/Dataset/MMSData/13GKsS26F4U/asr_subtitle/wavs/13GKsS26F4U_01276.wav,3.5781869888305664,NISQA_TTS_v1
/data/nhandt23/Dataset/MMSData/13GKsS26F4U/asr_subtitle/wavs/13GKsS26F4U_01554.wav,2.875058174133301,NISQA_TTS_v1
/data/nhandt23/Dataset/MMSData/13GKsS26F4U/asr_subtitle/wavs/13GKsS26F4U_02703.wav,2.4914486408233643,NISQA_TTS_v1
/data/nhandt23/Dataset/MMSData/13GKsS26F4U/asr_subtitle/wavs/13GKsS26F4U_00084.wav,2.406111478805542,NISQA_TTS_v1
/data/nhandt23/Dataset/MMSData/13GKsS26F4U/asr_subtitle/wavs/13GKsS26F4U_02566.wav,3.9464142322540283,NISQA_TTS_v1
/data/nhandt23/Dataset/MMSData/13GKsS26F4U/asr_subtitle/wavs/13GKsS26F4U_01466.wav,3.340721368789673,NISQA_TTS_v1
/data/nhandt23/Dataset/MMSData/13GKsS26F4U/asr_subtitle/wavs/13GKsS26F4U_01305.wav,3.8354337215423584,NISQA_TTS_v1
/data/nhandt23/Dataset/MMSData/13GKsS26F4U/asr_subtitle/wavs/13GKsS26F4U_01818.wav,2.912968397140503,NISQA_TTS_v1
/data/nhandt23/Dataset/MMSData/13GKsS26F4U/asr_subtitle/wavs/13GKsS26F4U_04362.wav,3.1403372287750244,NISQA_TTS_v1
/data/nhandt23/Dataset/MMSData/13GKsS26F4U/asr_subtitle/wavs/13GKsS26F4U_04572.wav,3.3288345336914062,NISQA_TTS_v1
/data/nhandt23/Dataset/MMSData/13GKsS26F4U/asr_subtitle/wavs/13GKsS26F4U_02812.wav,2.793267011642456,NISQA_TTS_v1
/data/nhandt23/Dataset/MMSData/13GKsS26F4U/asr_subtitle/wavs/13GKsS26F4U_03222.wav,4.439092636108398,NISQA_TTS_v1
/data/nhandt23/Dataset/MMSData/13GKsS26F4U/asr_subtitle/wavs/13GKsS26F4U_02327.wav,2.4204766750335693,NISQA_TTS_v1
/data/nhandt23/Dataset/MMSData/13GKsS26F4U/asr_subtitle/wavs/13GKsS26F4U_00112.wav,3.573991298675537,NISQA_TTS_v1
/data/nhandt23/Dataset/MMSData/13GKsS26F4U/asr_subtitle/wavs/13GKsS26F4U_00083.wav,3.14219331741333,NISQA_TTS_v1
/data/nhandt23/Dataset/MMSData/13GKsS26F4U/asr_subtitle/wavs/13GKsS26F4U_01113.wav,3.435476541519165,NISQA_TTS_v1
/data/nhandt23/Dataset/MMSData/13GKsS26F4U/asr_subtitle/wavs/13GKsS26F4U_04797.wav,3.5550849437713623,NISQA_TTS_v1
/data/nhandt23/Dataset/MMSData/13GKsS26F4U/asr_subtitle/wavs/13GKsS26F4U_00078.wav,3.5773887634277344,NISQA_TTS_v1
/data/nhandt23/Dataset/MMSData/13GKsS26F4U/asr_subtitle/wavs/13GKsS26F4U_01117.wav,3.3852076530456543,NISQA_TTS_v1
/data/nhandt23/Dataset/MMSData/13GKsS26F4U/asr_subtitle/wavs/13GKsS26F4U_02748.wav,1.8956230878829956,NISQA_TTS_v1
/data/nhandt23/Dataset/MMSData/13GKsS26F4U/asr_subtitle/wavs/13GKsS26F4U_01724.wav,2.7204413414001465,NISQA_TTS_v1
/data/nhandt23/Dataset/MMSData/13GKsS26F4U/asr_subtitle/wavs/13GKsS26F4U_03968.wav,3.1735098361968994,NISQA_TTS_v1
/data/nhandt23/Dataset/MMSData/13GKsS26F4U/asr_subtitle/wavs/13GKsS26F4U_02264.wav,3.7020275592803955,NISQA_TTS_v1
/data/nhandt23/Dataset/MMSData/13GKsS26F4U/asr_subtitle/wavs/13GKsS26F4U_03265.wav,3.6231038570404053,NISQA_TTS_v1
/data/nhandt23/Dataset/MMSData/13GKsS26F4U/asr_subtitle/wavs/13GKsS26F4U_01429.wav,2.9177327156066895,NISQA_TTS_v1
/data/nhandt23/Dataset/MMSData/13GKsS26F4U/asr_subtitle/wavs/13GKsS26F4U_03303.wav,2.5163426399230957,NISQA_TTS_v1
/data/nhandt23/Dataset/MMSData/13GKsS26F4U/asr_subtitle/wavs/13GKsS26F4U_03426.wav,3.4348156452178955,NISQA_TTS_v1
/data/nhandt23/Dataset/MMSData/13GKsS26F4U/asr_subtitle/wavs/13GKsS26F4U_03042.wav,3.107124090194702,NISQA_TTS_v1
/data/nhandt23/Dataset/MMSData/13GKsS26F4U/asr_subtitle/wavs/13GKsS26F4U_03706.wav,3.1928184032440186,NISQA_TTS_v1
/data/nhandt23/Dataset/MMSData/13GKsS26F4U/asr_subtitle/wavs/13GKsS26F4U_02105.wav,3.063812017440796,NISQA_TTS_v1
/data/nhandt23/Dataset/MMSData/13GKsS26F4U/asr_subtitle/wavs/13GKsS26F4U_00887.wav,3.9671125411987305,NISQA_TTS_v1
/data/nhandt23/Dataset/MMSData/13GKsS26F4U/asr_subtitle/wavs/13GKsS26F4U_03852.wav,2.9830358028411865,NISQA_TTS_v1
/data/nhandt23/Dataset/MMSData/13GKsS26F4U/asr_subtitle/wavs/13GKsS26F4U_03773.wav,3.5662715435028076,NISQA_TTS_v1
/data/nhandt23/Dataset/MMSData/13GKsS26F4U/asr_subtitle/wavs/13GKsS26F4U_00456.wav,3.581486940383911,NISQA_TTS_v1
/data/nhandt23/Dataset/MMSData/13GKsS26F4U/asr_subtitle/wavs/13GKsS26F4U_02178.wav,2.8363001346588135,NISQA_TTS_v1
/data/nhandt23/Dataset/MMSData/13GKsS26F4U/asr_subtitle/wavs/13GKsS26F4U_02266.wav,2.941696882247925,NISQA_TTS_v1
/data/nhandt23/Dataset/MMSData/13GKsS26F4U/asr_subtitle/wavs/13GKsS26F4U_03995.wav,3.041318655014038,NISQA_TTS_v1
/data/nhandt23/Dataset/MMSData/13GKsS26F4U/asr_subtitle/wavs/13GKsS26F4U_01302.wav,3.2119719982147217,NISQA_TTS_v1
/data/nhandt23/Dataset/MMSData/13GKsS26F4U/asr_subtitle/wavs/13GKsS26F4U_02116.wav,2.5459327697753906,NISQA_TTS_v1
/data/nhandt23/Dataset/MMSData/13GKsS26F4U/asr_subtitle/wavs/13GKsS26F4U_02651.wav,2.933509349822998,NISQA_TTS_v1
/data/nhandt23/Dataset/MMSData/13GKsS26F4U/asr_subtitle/wavs/13GKsS26F4U_02412.wav,2.9855878353118896,NISQA_TTS_v1
/data/nhandt23/Dataset/MMSData/13GKsS26F4U/asr_subtitle/wavs/13GKsS26F4U_04474.wav,2.2161471843719482,NISQA_TTS_v1
/data/nhandt23/Dataset/MMSData/13GKsS26F4U/asr_subtitle/wavs/13GKsS26F4U_02685.wav,3.304697275161743,NISQA_TTS_v1
/data/nhandt23/Dataset/MMSData/13GKsS26F4U/asr_subtitle/wavs/13GKsS26F4U_01994.wav,3.0996720790863037,NISQA_TTS_v1
/data/nhandt23/Dataset/MMSData/13GKsS26F4U/asr_subtitle/wavs/13GKsS26F4U_03702.wav,3.108701467514038,NISQA_TTS_v1
/data/nhandt23/Dataset/MMSData/13GKsS26F4U/asr_subtitle/wavs/13GKsS26F4U_04839.wav,3.313350200653076,NISQA_TTS_v1
/data/nhandt23/Dataset/MMSData/13GKsS26F4U/asr_subtitle/wavs/13GKsS26F4U_02018.wav,3.951575517654419,NISQA_TTS_v1
/data/nhandt23/Dataset/MMSData/13GKsS26F4U/asr_subtitle/wavs/13GKsS26F4U_01592.wav,3.298393964767456,NISQA_TTS_v1
/data/nhandt23/Dataset/MMSData/13GKsS26F4U/asr_subtitle/wavs/13GKsS26F4U_03583.wav,2.932025194168091,NISQA_TTS_v1
/data/nhandt23/Dataset/MMSData/13GKsS26F4U/asr_subtitle/wavs/13GKsS26F4U_00761.wav,3.893184185028076,NISQA_TTS_v1
/data/nhandt23/Dataset/MMSData/13GKsS26F4U/asr_subtitle/wavs/13GKsS26F4U_03444.wav,3.1115059852600098,NISQA_TTS_v1
/data/nhandt23/Dataset/MMSData/13GKsS26F4U/asr_subtitle/wavs/13GKsS26F4U_03429.wav,2.4690427780151367,NISQA_TTS_v1
/data/nhandt23/Dataset/MMSData/13GKsS26F4U/asr_subtitle/wavs/13GKsS26F4U_00744.wav,3.87318754196167,NISQA_TTS_v1
/data/nhandt23/Dataset/MMSData/13GKsS26F4U/asr_subtitle/wavs/13GKsS26F4U_01935.wav,2.1450798511505127,NISQA_TTS_v1
/data/nhandt23/Dataset/MMSData/13GKsS26F4U/asr_subtitle/wavs/13GKsS26F4U_03460.wav,2.9878880977630615,NISQA_TTS_v1
/data/nhandt23/Dataset/MMSData/13GKsS26F4U/asr_subtitle/wavs/13GKsS26F4U_03846.wav,3.260847806930542,NISQA_TTS_v1
/data/nhandt23/Dataset/MMSData/13GKsS26F4U/asr_subtitle/wavs/13GKsS26F4U_03291.wav,2.2187650203704834,NISQA_TTS_v1
/data/nhandt23/Dataset/MMSData/13GKsS26F4U/asr_subtitle/wavs/13GKsS26F4U_00209.wav,3.1535050868988037,NISQA_TTS_v1
/data/nhandt23/Dataset/MMSData/13GKsS26F4U/asr_subtitle/wavs/13GKsS26F4U_03548.wav,3.2929468154907227,NISQA_TTS_v1
/data/nhandt23/Dataset/MMSData/13GKsS26F4U/asr_subtitle/wavs/13GKsS26F4U_02265.wav,3.831601858139038,NISQA_TTS_v1
/data/nhandt23/Dataset/MMSData/13GKsS26F4U/asr_subtitle/wavs/13GKsS26F4U_03831.wav,3.4264419078826904,NISQA_TTS_v1
/data/nhandt23/Dataset/MMSData/13GKsS26F4U/asr_subtitle/wavs/13GKsS26F4U_03621.wav,3.365612030029297,NISQA_TTS_v1
/data/nhandt23/Dataset/MMSData/13GKsS26F4U/asr_subtitle/wavs/13GKsS26F4U_02856.wav,2.7975878715515137,NISQA_TTS_v1
/data/nhandt23/Dataset/MMSData/13GKsS26F4U/asr_subtitle/wavs/13GKsS26F4U_01128.wav,2.973073720932007,NISQA_TTS_v1
/data/nhandt23/Dataset/MMSData/13GKsS26F4U/asr_subtitle/wavs/13GKsS26F4U_04471.wav,2.7473196983337402,NISQA_TTS_v1
/data/nhandt23/Dataset/MMSData/13GKsS26F4U/asr_subtitle/wavs/13GKsS26F4U_03039.wav,1.9419593811035156,NISQA_TTS_v1
/data/nhandt23/Dataset/MMSData/13GKsS26F4U/asr_subtitle/wavs/13GKsS26F4U_00946.wav,3.3690617084503174,NISQA_TTS_v1
/data/nhandt23/Dataset/MMSData/13GKsS26F4U/asr_subtitle/wavs/13GKsS26F4U_03582.wav,3.157156229019165,NISQA_TTS_v1
/data/nhandt23/Dataset/MMSData/13GKsS26F4U/asr_subtitle/wavs/13GKsS26F4U_02664.wav,2.005128860473633,NISQA_TTS_v1
/data/nhandt23/Dataset/MMSData/13GKsS26F4U/asr_subtitle/wavs/13GKsS26F4U_00605.wav,3.6157004833221436,NISQA_TTS_v1
/data/nhandt23/Dataset/MMSData/13GKsS26F4U/asr_subtitle/wavs/13GKsS26F4U_05081.wav,3.6078908443450928,NISQA_TTS_v1
/data/nhandt23/Dataset/MMSData/13GKsS26F4U/asr_subtitle/wavs/13GKsS26F4U_02858.wav,3.2275125980377197,NISQA_TTS_v1
/data/nhandt23/Dataset/MMSData/13GKsS26F4U/asr_subtitle/wavs/13GKsS26F4U_04507.wav,1.8833101987838745,NISQA_TTS_v1
/data/nhandt23/Dataset/MMSData/13GKsS26F4U/asr_subtitle/wavs/13GKsS26F4U_00036.wav,3.3296737670898438,NISQA_TTS_v1
/data/nhandt23/Dataset/MMSData/13GKsS26F4U/asr_subtitle/wavs/13GKsS26F4U_02263.wav,3.539210081100464,NISQA_TTS_v1
/data/nhandt23/Dataset/MMSData/13GKsS26F4U/asr_subtitle/wavs/13GKsS26F4U_02189.wav,2.8880484104156494,NISQA_TTS_v1
/data/nhandt23/Dataset/MMSData/13GKsS26F4U/asr_subtitle/wavs/13GKsS26F4U_01966.wav,2.415402412414551,NISQA_TTS_v1
/data/nhandt23/Dataset/MMSData/13GKsS26F4U/asr_subtitle/wavs/13GKsS26F4U_00118.wav,3.1894774436950684,NISQA_TTS_v1
/data/nhandt23/Dataset/MMSData/13GKsS26F4U/asr_subtitle/wavs/13GKsS26F4U_01161.wav,2.2808399200439453,NISQA_TTS_v1
/data/nhandt23/Dataset/MMSData/13GKsS26F4U/asr_subtitle/wavs/13GKsS26F4U_00235.wav,2.95186710357666,NISQA_TTS_v1
/data/nhandt23/Dataset/MMSData/13GKsS26F4U/asr_subtitle/wavs/13GKsS26F4U_04358.wav,3.9740190505981445,NISQA_TTS_v1
/data/nhandt23/Dataset/MMSData/13GKsS26F4U/asr_subtitle/wavs/13GKsS26F4U_00109.wav,2.616101026535034,NISQA_TTS_v1
/data/nhandt23/Dataset/MMSData/13GKsS26F4U/asr_subtitle/wavs/13GKsS26F4U_04268.wav,3.124778985977173,NISQA_TTS_v1
/data/nhandt23/Dataset/MMSData/13GKsS26F4U/asr_subtitle/wavs/13GKsS26F4U_00152.wav,3.141885757446289,NISQA_TTS_v1
/data/nhandt23/Dataset/MMSData/13GKsS26F4U/asr_subtitle/wavs/13GKsS26F4U_02554.wav,3.791621446609497,NISQA_TTS_v1
/data/nhandt23/Dataset/MMSData/13GKsS26F4U/asr_subtitle/wavs/13GKsS26F4U_04201.wav,3.066187858581543,NISQA_TTS_v1
/data/nhandt23/Dataset/MMSData/13GKsS26F4U/asr_subtitle/wavs/13GKsS26F4U_02399.wav,2.867332696914673,NISQA_TTS_v1
/data/nhandt23/Dataset/MMSData/13GKsS26F4U/asr_subtitle/wavs/13GKsS26F4U_01775.wav,3.116126775741577,NISQA_TTS_v1
/data/nhandt23/Dataset/MMSData/13GKsS26F4U/asr_subtitle/wavs/13GKsS26F4U_02982.wav,3.5407321453094482,NISQA_TTS_v1
/data/nhandt23/Dataset/MMSData/13GKsS26F4U/asr_subtitle/wavs/13GKsS26F4U_02240.wav,2.5895299911499023,NISQA_TTS_v1
/data/nhandt23/Dataset/MMSData/13GKsS26F4U/asr_subtitle/wavs/13GKsS26F4U_02184.wav,2.298576593399048,NISQA_TTS_v1
/data/nhandt23/Dataset/MMSData/13GKsS26F4U/asr_subtitle/wavs/13GKsS26F4U_01013.wav,3.3440165519714355,NISQA_TTS_v1
/data/nhandt23/Dataset/MMSData/13GKsS26F4U/asr_subtitle/wavs/13GKsS26F4U_00394.wav,3.737304449081421,NISQA_TTS_v1
/data/nhandt23/Dataset/MMSData/13GKsS26F4U/asr_subtitle/wavs/13GKsS26F4U_04648.wav,3.212437391281128,NISQA_TTS_v1
/data/nhandt23/Dataset/MMSData/13GKsS26F4U/asr_subtitle/wavs/13GKsS26F4U_04233.wav,2.751633882522583,NISQA_TTS_v1
/data/nhandt23/Dataset/MMSData/13GKsS26F4U/asr_subtitle/wavs/13GKsS26F4U_04765.wav,2.6724822521209717,NISQA_TTS_v1
/data/nhandt23/Dataset/MMSData/13GKsS26F4U/asr_subtitle/wavs/13GKsS26F4U_03135.wav,3.343871831893921,NISQA_TTS_v1
/data/nhandt23/Dataset/MMSData/13GKsS26F4U/asr_subtitle/wavs/13GKsS26F4U_01967.wav,2.797150135040283,NISQA_TTS_v1
/data/nhandt23/Dataset/MMSData/13GKsS26F4U/asr_subtitle/wavs/13GKsS26F4U_03309.wav,3.3966710567474365,NISQA_TTS_v1
/data/nhandt23/Dataset/MMSData/13GKsS26F4U/asr_subtitle/wavs/13GKsS26F4U_04582.wav,3.1400437355041504,NISQA_TTS_v1
/data/nhandt23/Dataset/MMSData/13GKsS26F4U/asr_subtitle/wavs/13GKsS26F4U_01199.wav,3.158086061477661,NISQA_TTS_v1
/data/nhandt23/Dataset/MMSData/13GKsS26F4U/asr_subtitle/wavs/13GKsS26F4U_05091.wav,3.5835936069488525,NISQA_TTS_v1
/data/nhandt23/Dataset/MMSData/13GKsS26F4U/asr_subtitle/wavs/13GKsS26F4U_03780.wav,2.356645345687866,NISQA_TTS_v1
/data/nhandt23/Dataset/MMSData/13GKsS26F4U/asr_subtitle/wavs/13GKsS26F4U_03776.wav,2.8765766620635986,NISQA_TTS_v1
/data/nhandt23/Dataset/MMSData/13GKsS26F4U/asr_subtitle/wavs/13GKsS26F4U_00073.wav,2.6631619930267334,NISQA_TTS_v1
/data/nhandt23/Dataset/MMSData/13GKsS26F4U/asr_subtitle/wavs/13GKsS26F4U_03089.wav,2.5097455978393555,NISQA_TTS_v1
/data/nhandt23/Dataset/MMSData/13GKsS26F4U/asr_subtitle/wavs/13GKsS26F4U_01415.wav,3.054469108581543,NISQA_TTS_v1
/data/nhandt23/Dataset/MMSData/13GKsS26F4U/asr_subtitle/wavs/13GKsS26F4U_04905.wav,4.182183265686035,NISQA_TTS_v1
/data/nhandt23/Dataset/MMSData/13GKsS26F4U/asr_subtitle/wavs/13GKsS26F4U_00469.wav,3.628978967666626,NISQA_TTS_v1
/data/nhandt23/Dataset/MMSData/13GKsS26F4U/asr_subtitle/wavs/13GKsS26F4U_01181.wav,3.401603937149048,NISQA_TTS_v1
/data/nhandt23/Dataset/MMSData/13GKsS26F4U/asr_subtitle/wavs/13GKsS26F4U_03457.wav,3.3763620853424072,NISQA_TTS_v1
/data/nhandt23/Dataset/MMSData/13GKsS26F4U/asr_subtitle/wavs/13GKsS26F4U_01294.wav,3.2971670627593994,NISQA_TTS_v1
/data/nhandt23/Dataset/MMSData/13GKsS26F4U/asr_subtitle/wavs/13GKsS26F4U_01262.wav,2.386608362197876,NISQA_TTS_v1
/data/nhandt23/Dataset/MMSData/13GKsS26F4U/asr_subtitle/wavs/13GKsS26F4U_04924.wav,2.634700298309326,NISQA_TTS_v1
/data/nhandt23/Dataset/MMSData/13GKsS26F4U/asr_subtitle/wavs/13GKsS26F4U_03110.wav,3.348766326904297,NISQA_TTS_v1
/data/nhandt23/Dataset/MMSData/13GKsS26F4U/asr_subtitle/wavs/13GKsS26F4U_02404.wav,2.550222873687744,NISQA_TTS_v1
/data/nhandt23/Dataset/MMSData/13GKsS26F4U/asr_subtitle/wavs/13GKsS26F4U_00797.wav,2.789790153503418,NISQA_TTS_v1
/data/nhandt23/Dataset/MMSData/13GKsS26F4U/asr_subtitle/wavs/13GKsS26F4U_05126.wav,2.571903944015503,NISQA_TTS_v1
/data/nhandt23/Dataset/MMSData/13GKsS26F4U/asr_subtitle/wavs/13GKsS26F4U_01170.wav,3.3375160694122314,NISQA_TTS_v1
/data/nhandt23/Dataset/MMSData/13GKsS26F4U/asr_subtitle/wavs/13GKsS26F4U_01352.wav,3.5048630237579346,NISQA_TTS_v1
/data/nhandt23/Dataset/MMSData/13GKsS26F4U/asr_subtitle/wavs/13GKsS26F4U_03219.wav,3.065734624862671,NISQA_TTS_v1
/data/nhandt23/Dataset/MMSData/13GKsS26F4U/asr_subtitle/wavs/13GKsS26F4U_00968.wav,2.8796746730804443,NISQA_TTS_v1
/data/nhandt23/Dataset/MMSData/13GKsS26F4U/asr_subtitle/wavs/13GKsS26F4U_00871.wav,2.0579960346221924,NISQA_TTS_v1
/data/nhandt23/Dataset/MMSData/13GKsS26F4U/asr_subtitle/wavs/13GKsS26F4U_02427.wav,2.5926146507263184,NISQA_TTS_v1
/data/nhandt23/Dataset/MMSData/13GKsS26F4U/asr_subtitle/wavs/13GKsS26F4U_01286.wav,3.443138599395752,NISQA_TTS_v1
/data/nhandt23/Dataset/MMSData/13GKsS26F4U/asr_subtitle/wavs/13GKsS26F4U_02038.wav,3.7220981121063232,NISQA_TTS_v1
/data/nhandt23/Dataset/MMSData/13GKsS26F4U/asr_subtitle/wavs/13GKsS26F4U_03142.wav,3.2638449668884277,NISQA_TTS_v1
/data/nhandt23/Dataset/MMSData/13GKsS26F4U/asr_subtitle/wavs/13GKsS26F4U_02342.wav,2.820995569229126,NISQA_TTS_v1
/data/nhandt23/Dataset/MMSData/13GKsS26F4U/asr_subtitle/wavs/13GKsS26F4U_02452.wav,2.554879665374756,NISQA_TTS_v1
/data/nhandt23/Dataset/MMSData/13GKsS26F4U/asr_subtitle/wavs/13GKsS26F4U_04059.wav,3.3567707538604736,NISQA_TTS_v1
/data/nhandt23/Dataset/MMSData/13GKsS26F4U/asr_subtitle/wavs/13GKsS26F4U_00440.wav,3.391153335571289,NISQA_TTS_v1
/data/nhandt23/Dataset/MMSData/13GKsS26F4U/asr_subtitle/wavs/13GKsS26F4U_00229.wav,3.5930259227752686,NISQA_TTS_v1
/data/nhandt23/Dataset/MMSData/13GKsS26F4U/asr_subtitle/wavs/13GKsS26F4U_02613.wav,2.709946870803833,NISQA_TTS_v1
/data/nhandt23/Dataset/MMSData/13GKsS26F4U/asr_subtitle/wavs/13GKsS26F4U_01907.wav,3.510725259780884,NISQA_TTS_v1
/data/nhandt23/Dataset/MMSData/13GKsS26F4U/asr_subtitle/wavs/13GKsS26F4U_00847.wav,2.6140730381011963,NISQA_TTS_v1
/data/nhandt23/Dataset/MMSData/13GKsS26F4U/asr_subtitle/wavs/13GKsS26F4U_00791.wav,2.458906888961792,NISQA_TTS_v1
/data/nhandt23/Dataset/MMSData/13GKsS26F4U/asr_subtitle/wavs/13GKsS26F4U_01153.wav,3.1750638484954834,NISQA_TTS_v1
/data/nhandt23/Dataset/MMSData/13GKsS26F4U/asr_subtitle/wavs/13GKsS26F4U_00278.wav,3.6086645126342773,NISQA_TTS_v1
/data/nhandt23/Dataset/MMSData/13GKsS26F4U/asr_subtitle/wavs/13GKsS26F4U_04348.wav,3.221909523010254,NISQA_TTS_v1
/data/nhandt23/Dataset/MMSData/13GKsS26F4U/asr_subtitle/wavs/13GKsS26F4U_00431.wav,3.1957156658172607,NISQA_TTS_v1
/data/nhandt23/Dataset/MMSData/13GKsS26F4U/asr_subtitle/wavs/13GKsS26F4U_02443.wav,1.9574402570724487,NISQA_TTS_v1
/data/nhandt23/Dataset/MMSData/13GKsS26F4U/asr_subtitle/wavs/13GKsS26F4U_04256.wav,3.2303550243377686,NISQA_TTS_v1
/data/nhandt23/Dataset/MMSData/13GKsS26F4U/asr_subtitle/wavs/13GKsS26F4U_03503.wav,2.780205011367798,NISQA_TTS_v1
/data/nhandt23/Dataset/MMSData/13GKsS26F4U/asr_subtitle/wavs/13GKsS26F4U_04922.wav,3.300112009048462,NISQA_TTS_v1
/data/nhandt23/Dataset/MMSData/13GKsS26F4U/asr_subtitle/wavs/13GKsS26F4U_01075.wav,3.451111078262329,NISQA_TTS_v1
/data/nhandt23/Dataset/MMSData/13GKsS26F4U/asr_subtitle/wavs/13GKsS26F4U_03408.wav,2.6295201778411865,NISQA_TTS_v1
/data/nhandt23/Dataset/MMSData/13GKsS26F4U/asr_subtitle/wavs/13GKsS26F4U_04886.wav,3.4348976612091064,NISQA_TTS_v1
/data/nhandt23/Dataset/MMSData/13GKsS26F4U/asr_subtitle/wavs/13GKsS26F4U_00906.wav,2.184065103530884,NISQA_TTS_v1
/data/nhandt23/Dataset/MMSData/13GKsS26F4U/asr_subtitle/wavs/13GKsS26F4U_04570.wav,3.1759400367736816,NISQA_TTS_v1
/data/nhandt23/Dataset/MMSData/13GKsS26F4U/asr_subtitle/wavs/13GKsS26F4U_01853.wav,3.7711799144744873,NISQA_TTS_v1
/data/nhandt23/Dataset/MMSData/13GKsS26F4U/asr_subtitle/wavs/13GKsS26F4U_03958.wav,3.1808738708496094,NISQA_TTS_v1
/data/nhandt23/Dataset/MMSData/13GKsS26F4U/asr_subtitle/wavs/13GKsS26F4U_00232.wav,3.0976810455322266,NISQA_TTS_v1
/data/nhandt23/Dataset/MMSData/13GKsS26F4U/asr_subtitle/wavs/13GKsS26F4U_01266.wav,3.519678831100464,NISQA_TTS_v1
/data/nhandt23/Dataset/MMSData/13GKsS26F4U/asr_subtitle/wavs/13GKsS26F4U_00585.wav,3.3504440784454346,NISQA_TTS_v1
/data/nhandt23/Dataset/MMSData/13GKsS26F4U/asr_subtitle/wavs/13GKsS26F4U_02074.wav,3.1949374675750732,NISQA_TTS_v1
/data/nhandt23/Dataset/MMSData/13GKsS26F4U/asr_subtitle/wavs/13GKsS26F4U_04022.wav,4.246346473693848,NISQA_TTS_v1
/data/nhandt23/Dataset/MMSData/13GKsS26F4U/asr_subtitle/wavs/13GKsS26F4U_01515.wav,3.4228482246398926,NISQA_TTS_v1
/data/nhandt23/Dataset/MMSData/13GKsS26F4U/asr_subtitle/wavs/13GKsS26F4U_04534.wav,3.5510432720184326,NISQA_TTS_v1
/data/nhandt23/Dataset/MMSData/13GKsS26F4U/asr_subtitle/wavs/13GKsS26F4U_04966.wav,3.5020129680633545,NISQA_TTS_v1
/data/nhandt23/Dataset/MMSData/13GKsS26F4U/asr_subtitle/wavs/13GKsS26F4U_03198.wav,2.4868578910827637,NISQA_TTS_v1
/data/nhandt23/Dataset/MMSData/13GKsS26F4U/asr_subtitle/wavs/13GKsS26F4U_04406.wav,2.558243989944458,NISQA_TTS_v1
/data/nhandt23/Dataset/MMSData/13GKsS26F4U/asr_subtitle/wavs/13GKsS26F4U_00099.wav,3.039259195327759,NISQA_TTS_v1
/data/nhandt23/Dataset/MMSData/13GKsS26F4U/asr_subtitle/wavs/13GKsS26F4U_00689.wav,3.6439049243927,NISQA_TTS_v1
/data/nhandt23/Dataset/MMSData/13GKsS26F4U/asr_subtitle/wavs/13GKsS26F4U_00686.wav,4.136447429656982,NISQA_TTS_v1
/data/nhandt23/Dataset/MMSData/13GKsS26F4U/asr_subtitle/wavs/13GKsS26F4U_00166.wav,3.5979714393615723,NISQA_TTS_v1
/data/nhandt23/Dataset/MMSData/13GKsS26F4U/asr_subtitle/wavs/13GKsS26F4U_04592.wav,3.775622844696045,NISQA_TTS_v1
/data/nhandt23/Dataset/MMSData/13GKsS26F4U/asr_subtitle/wavs/13GKsS26F4U_00381.wav,3.548534631729126,NISQA_TTS_v1
/data/nhandt23/Dataset/MMSData/13GKsS26F4U/asr_subtitle/wavs/13GKsS26F4U_02267.wav,3.3736422061920166,NISQA_TTS_v1
/data/nhandt23/Dataset/MMSData/13GKsS26F4U/asr_subtitle/wavs/13GKsS26F4U_03534.wav,2.7763142585754395,NISQA_TTS_v1
/data/nhandt23/Dataset/MMSData/13GKsS26F4U/asr_subtitle/wavs/13GKsS26F4U_05002.wav,2.6277058124542236,NISQA_TTS_v1
/data/nhandt23/Dataset/MMSData/13GKsS26F4U/asr_subtitle/wavs/13GKsS26F4U_04001.wav,2.7794811725616455,NISQA_TTS_v1
/data/nhandt23/Dataset/MMSData/13GKsS26F4U/asr_subtitle/wavs/13GKsS26F4U_05113.wav,2.9070913791656494,NISQA_TTS_v1
/data/nhandt23/Dataset/MMSData/13GKsS26F4U/asr_subtitle/wavs/13GKsS26F4U_02992.wav,2.6830835342407227,NISQA_TTS_v1
/data/nhandt23/Dataset/MMSData/13GKsS26F4U/asr_subtitle/wavs/13GKsS26F4U_03533.wav,2.8726460933685303,NISQA_TTS_v1
/data/nhandt23/Dataset/MMSData/13GKsS26F4U/asr_subtitle/wavs/13GKsS26F4U_01920.wav,3.6886138916015625,NISQA_TTS_v1
/data/nhandt23/Dataset/MMSData/13GKsS26F4U/asr_subtitle/wavs/13GKsS26F4U_04441.wav,3.3103573322296143,NISQA_TTS_v1
/data/nhandt23/Dataset/MMSData/13GKsS26F4U/asr_subtitle/wavs/13GKsS26F4U_02380.wav,3.3849754333496094,NISQA_TTS_v1
/data/nhandt23/Dataset/MMSData/13GKsS26F4U/asr_subtitle/wavs/13GKsS26F4U_03848.wav,3.3201091289520264,NISQA_TTS_v1
/data/nhandt23/Dataset/MMSData/13GKsS26F4U/asr_subtitle/wavs/13GKsS26F4U_01498.wav,3.2853844165802,NISQA_TTS_v1
/data/nhandt23/Dataset/MMSData/13GKsS26F4U/asr_subtitle/wavs/13GKsS26F4U_03414.wav,3.098424196243286,NISQA_TTS_v1
/data/nhandt23/Dataset/MMSData/13GKsS26F4U/asr_subtitle/wavs/13GKsS26F4U_01513.wav,3.6654510498046875,NISQA_TTS_v1
/data/nhandt23/Dataset/MMSData/13GKsS26F4U/asr_subtitle/wavs/13GKsS26F4U_01831.wav,3.7909438610076904,NISQA_TTS_v1
/data/nhandt23/Dataset/MMSData/13GKsS26F4U/asr_subtitle/wavs/13GKsS26F4U_02374.wav,2.2369439601898193,NISQA_TTS_v1
/data/nhandt23/Dataset/MMSData/13GKsS26F4U/asr_subtitle/wavs/13GKsS26F4U_01830.wav,3.4106216430664062,NISQA_TTS_v1
/data/nhandt23/Dataset/MMSData/13GKsS26F4U/asr_subtitle/wavs/13GKsS26F4U_02117.wav,3.7323997020721436,NISQA_TTS_v1
/data/nhandt23/Dataset/MMSData/13GKsS26F4U/asr_subtitle/wavs/13GKsS26F4U_02331.wav,2.9788777828216553,NISQA_TTS_v1
/data/nhandt23/Dataset/MMSData/13GKsS26F4U/asr_subtitle/wavs/13GKsS26F4U_01396.wav,3.0546720027923584,NISQA_TTS_v1
/data/nhandt23/Dataset/MMSData/13GKsS26F4U/asr_subtitle/wavs/13GKsS26F4U_02878.wav,3.0535154342651367,NISQA_TTS_v1
/data/nhandt23/Dataset/MMSData/13GKsS26F4U/asr_subtitle/wavs/13GKsS26F4U_03056.wav,2.732163667678833,NISQA_TTS_v1
/data/nhandt23/Dataset/MMSData/13GKsS26F4U/asr_subtitle/wavs/13GKsS26F4U_00612.wav,4.5928425788879395,NISQA_TTS_v1
/data/nhandt23/Dataset/MMSData/13GKsS26F4U/asr_subtitle/wavs/13GKsS26F4U_03964.wav,3.368547201156616,NISQA_TTS_v1
/data/nhandt23/Dataset/MMSData/13GKsS26F4U/asr_subtitle/wavs/13GKsS26F4U_03318.wav,3.1072587966918945,NISQA_TTS_v1
/data/nhandt23/Dataset/MMSData/13GKsS26F4U/asr_subtitle/wavs/13GKsS26F4U_00096.wav,2.5425636768341064,NISQA_TTS_v1
/data/nhandt23/Dataset/MMSData/13GKsS26F4U/asr_subtitle/wavs/13GKsS26F4U_01330.wav,2.341198682785034,NISQA_TTS_v1
/data/nhandt23/Dataset/MMSData/13GKsS26F4U/asr_subtitle/wavs/13GKsS26F4U_05027.wav,3.312885046005249,NISQA_TTS_v1
/data/nhandt23/Dataset/MMSData/13GKsS26F4U/asr_subtitle/wavs/13GKsS26F4U_04377.wav,2.254945993423462,NISQA_TTS_v1
/data/nhandt23/Dataset/MMSData/13GKsS26F4U/asr_subtitle/wavs/13GKsS26F4U_04023.wav,2.9992878437042236,NISQA_TTS_v1
/data/nhandt23/Dataset/MMSData/13GKsS26F4U/asr_subtitle/wavs/13GKsS26F4U_01509.wav,3.2264580726623535,NISQA_TTS_v1
/data/nhandt23/Dataset/MMSData/13GKsS26F4U/asr_subtitle/wavs/13GKsS26F4U_03925.wav,3.929680824279785,NISQA_TTS_v1
/data/nhandt23/Dataset/MMSData/13GKsS26F4U/asr_subtitle/wavs/13GKsS26F4U_00075.wav,3.509679079055786,NISQA_TTS_v1
/data/nhandt23/Dataset/MMSData/13GKsS26F4U/asr_subtitle/wavs/13GKsS26F4U_02084.wav,3.0405666828155518,NISQA_TTS_v1
/data/nhandt23/Dataset/MMSData/13GKsS26F4U/asr_subtitle/wavs/13GKsS26F4U_02785.wav,3.2556793689727783,NISQA_TTS_v1
/data/nhandt23/Dataset/MMSData/13GKsS26F4U/asr_subtitle/wavs/13GKsS26F4U_04824.wav,3.473982095718384,NISQA_TTS_v1
/data/nhandt23/Dataset/MMSData/13GKsS26F4U/asr_subtitle/wavs/13GKsS26F4U_05155.wav,3.897084951400757,NISQA_TTS_v1
/data/nhandt23/Dataset/MMSData/13GKsS26F4U/asr_subtitle/wavs/13GKsS26F4U_04656.wav,3.2692067623138428,NISQA_TTS_v1
/data/nhandt23/Dataset/MMSData/13GKsS26F4U/asr_subtitle/wavs/13GKsS26F4U_01548.wav,2.967924118041992,NISQA_TTS_v1
/data/nhandt23/Dataset/MMSData/13GKsS26F4U/asr_subtitle/wavs/13GKsS26F4U_01463.wav,3.1777400970458984,NISQA_TTS_v1
/data/nhandt23/Dataset/MMSData/13GKsS26F4U/asr_subtitle/wavs/13GKsS26F4U_03565.wav,3.26570725440979,NISQA_TTS_v1
/data/nhandt23/Dataset/MMSData/13GKsS26F4U/asr_subtitle/wavs/13GKsS26F4U_00168.wav,2.9172093868255615,NISQA_TTS_v1
/data/nhandt23/Dataset/MMSData/13GKsS26F4U/asr_subtitle/wavs/13GKsS26F4U_01003.wav,4.163329601287842,NISQA_TTS_v1
/data/nhandt23/Dataset/MMSData/13GKsS26F4U/asr_subtitle/wavs/13GKsS26F4U_03620.wav,2.8531734943389893,NISQA_TTS_v1
/data/nhandt23/Dataset/MMSData/13GKsS26F4U/asr_subtitle/wavs/13GKsS26F4U_03652.wav,2.826160192489624,NISQA_TTS_v1
/data/nhandt23/Dataset/MMSData/13GKsS26F4U/asr_subtitle/wavs/13GKsS26F4U_03459.wav,2.490736246109009,NISQA_TTS_v1
/data/nhandt23/Dataset/MMSData/13GKsS26F4U/asr_subtitle/wavs/13GKsS26F4U_04693.wav,3.397684335708618,NISQA_TTS_v1
/data/nhandt23/Dataset/MMSData/13GKsS26F4U/asr_subtitle/wavs/13GKsS26F4U_03361.wav,3.687836170196533,NISQA_TTS_v1
/data/nhandt23/Dataset/MMSData/13GKsS26F4U/asr_subtitle/wavs/13GKsS26F4U_03988.wav,3.268087148666382,NISQA_TTS_v1
/data/nhandt23/Dataset/MMSData/13GKsS26F4U/asr_subtitle/wavs/13GKsS26F4U_01791.wav,2.831195592880249,NISQA_TTS_v1
/data/nhandt23/Dataset/MMSData/13GKsS26F4U/asr_subtitle/wavs/13GKsS26F4U_00771.wav,3.3649051189422607,NISQA_TTS_v1
/data/nhandt23/Dataset/MMSData/13GKsS26F4U/asr_subtitle/wavs/13GKsS26F4U_00274.wav,2.793076515197754,NISQA_TTS_v1
/data/nhandt23/Dataset/MMSData/13GKsS26F4U/asr_subtitle/wavs/13GKsS26F4U_03737.wav,3.0091912746429443,NISQA_TTS_v1
/data/nhandt23/Dataset/MMSData/13GKsS26F4U/asr_subtitle/wavs/13GKsS26F4U_03579.wav,2.2904679775238037,NISQA_TTS_v1
/data/nhandt23/Dataset/MMSData/13GKsS26F4U/asr_subtitle/wavs/13GKsS26F4U_03376.wav,3.4628870487213135,NISQA_TTS_v1
/data/nhandt23/Dataset/MMSData/13GKsS26F4U/asr_subtitle/wavs/13GKsS26F4U_01549.wav,2.9562830924987793,NISQA_TTS_v1
/data/nhandt23/Dataset/MMSData/13GKsS26F4U/asr_subtitle/wavs/13GKsS26F4U_04156.wav,1.9966837167739868,NISQA_TTS_v1
/data/nhandt23/Dataset/MMSData/13GKsS26F4U/asr_subtitle/wavs/13GKsS26F4U_03570.wav,2.719913959503174,NISQA_TTS_v1
/data/nhandt23/Dataset/MMSData/13GKsS26F4U/asr_subtitle/wavs/13GKsS26F4U_02090.wav,3.5350418090820312,NISQA_TTS_v1
/data/nhandt23/Dataset/MMSData/13GKsS26F4U/asr_subtitle/wavs/13GKsS26F4U_02005.wav,2.6337897777557373,NISQA_TTS_v1
/data/nhandt23/Dataset/MMSData/13GKsS26F4U/asr_subtitle/wavs/13GKsS26F4U_00769.wav,2.809976816177368,NISQA_TTS_v1
/data/nhandt23/Dataset/MMSData/13GKsS26F4U/asr_subtitle/wavs/13GKsS26F4U_02997.wav,2.8162193298339844,NISQA_TTS_v1
/data/nhandt23/Dataset/MMSData/13GKsS26F4U/asr_subtitle/wavs/13GKsS26F4U_00491.wav,3.208597183227539,NISQA_TTS_v1
/data/nhandt23/Dataset/MMSData/13GKsS26F4U/asr_subtitle/wavs/13GKsS26F4U_01378.wav,3.4405107498168945,NISQA_TTS_v1
/data/nhandt23/Dataset/MMSData/13GKsS26F4U/asr_subtitle/wavs/13GKsS26F4U_01995.wav,2.3365087509155273,NISQA_TTS_v1
/data/nhandt23/Dataset/MMSData/13GKsS26F4U/asr_subtitle/wavs/13GKsS26F4U_04439.wav,2.437161445617676,NISQA_TTS_v1
/data/nhandt23/Dataset/MMSData/13GKsS26F4U/asr_subtitle/wavs/13GKsS26F4U_04228.wav,2.769598960876465,NISQA_TTS_v1
/data/nhandt23/Dataset/MMSData/13GKsS26F4U/asr_subtitle/wavs/13GKsS26F4U_01843.wav,2.740614175796509,NISQA_TTS_v1
/data/nhandt23/Dataset/MMSData/13GKsS26F4U/asr_subtitle/wavs/13GKsS26F4U_03837.wav,2.7876832485198975,NISQA_TTS_v1
/data/nhandt23/Dataset/MMSData/13GKsS26F4U/asr_subtitle/wavs/13GKsS26F4U_01366.wav,4.250861644744873,NISQA_TTS_v1
/data/nhandt23/Dataset/MMSData/13GKsS26F4U/asr_subtitle/wavs/13GKsS26F4U_01531.wav,2.9356491565704346,NISQA_TTS_v1
/data/nhandt23/Dataset/MMSData/13GKsS26F4U/asr_subtitle/wavs/13GKsS26F4U_04250.wav,3.6751015186309814,NISQA_TTS_v1
/data/nhandt23/Dataset/MMSData/13GKsS26F4U/asr_subtitle/wavs/13GKsS26F4U_02813.wav,4.138973712921143,NISQA_TTS_v1
/data/nhandt23/Dataset/MMSData/13GKsS26F4U/asr_subtitle/wavs/13GKsS26F4U_01575.wav,2.761537790298462,NISQA_TTS_v1
/data/nhandt23/Dataset/MMSData/13GKsS26F4U/asr_subtitle/wavs/13GKsS26F4U_02068.wav,3.3195130825042725,NISQA_TTS_v1
/data/nhandt23/Dataset/MMSData/13GKsS26F4U/asr_subtitle/wavs/13GKsS26F4U_00869.wav,3.7608048915863037,NISQA_TTS_v1
/data/nhandt23/Dataset/MMSData/13GKsS26F4U/asr_subtitle/wavs/13GKsS26F4U_03295.wav,2.7724344730377197,NISQA_TTS_v1
/data/nhandt23/Dataset/MMSData/13GKsS26F4U/asr_subtitle/wavs/13GKsS26F4U_04528.wav,3.5842137336730957,NISQA_TTS_v1
/data/nhandt23/Dataset/MMSData/13GKsS26F4U/asr_subtitle/wavs/13GKsS26F4U_00336.wav,3.1678850650787354,NISQA_TTS_v1
/data/nhandt23/Dataset/MMSData/13GKsS26F4U/asr_subtitle/wavs/13GKsS26F4U_02339.wav,3.017512559890747,NISQA_TTS_v1
/data/nhandt23/Dataset/MMSData/13GKsS26F4U/asr_subtitle/wavs/13GKsS26F4U_05018.wav,2.62248158454895,NISQA_TTS_v1
/data/nhandt23/Dataset/MMSData/13GKsS26F4U/asr_subtitle/wavs/13GKsS26F4U_02598.wav,2.9631669521331787,NISQA_TTS_v1
/data/nhandt23/Dataset/MMSData/13GKsS26F4U/asr_subtitle/wavs/13GKsS26F4U_01523.wav,3.6724042892456055,NISQA_TTS_v1
/data/nhandt23/Dataset/MMSData/13GKsS26F4U/asr_subtitle/wavs/13GKsS26F4U_04425.wav,2.52630877494812,NISQA_TTS_v1
/data/nhandt23/Dataset/MMSData/13GKsS26F4U/asr_subtitle/wavs/13GKsS26F4U_01880.wav,2.7789924144744873,NISQA_TTS_v1
/data/nhandt23/Dataset/MMSData/13GKsS26F4U/asr_subtitle/wavs/13GKsS26F4U_01757.wav,3.382223129272461,NISQA_TTS_v1
/data/nhandt23/Dataset/MMSData/13GKsS26F4U/asr_subtitle/wavs/13GKsS26F4U_02437.wav,3.0552761554718018,NISQA_TTS_v1
/data/nhandt23/Dataset/MMSData/13GKsS26F4U/asr_subtitle/wavs/13GKsS26F4U_01797.wav,2.5513579845428467,NISQA_TTS_v1
/data/nhandt23/Dataset/MMSData/13GKsS26F4U/asr_subtitle/wavs/13GKsS26F4U_01807.wav,1.6689566373825073,NISQA_TTS_v1
/data/nhandt23/Dataset/MMSData/13GKsS26F4U/asr_subtitle/wavs/13GKsS26F4U_00657.wav,3.715815305709839,NISQA_TTS_v1
/data/nhandt23/Dataset/MMSData/13GKsS26F4U/asr_subtitle/wavs/13GKsS26F4U_00803.wav,4.337385654449463,NISQA_TTS_v1
/data/nhandt23/Dataset/MMSData/13GKsS26F4U/asr_subtitle/wavs/13GKsS26F4U_02603.wav,2.837968587875366,NISQA_TTS_v1
/data/nhandt23/Dataset/MMSData/13GKsS26F4U/asr_subtitle/wavs/13GKsS26F4U_00042.wav,3.820190668106079,NISQA_TTS_v1
/data/nhandt23/Dataset/MMSData/13GKsS26F4U/asr_subtitle/wavs/13GKsS26F4U_01751.wav,3.0474631786346436,NISQA_TTS_v1
/data/nhandt23/Dataset/MMSData/13GKsS26F4U/asr_subtitle/wavs/13GKsS26F4U_02686.wav,3.2320454120635986,NISQA_TTS_v1
/data/nhandt23/Dataset/MMSData/13GKsS26F4U/asr_subtitle/wavs/13GKsS26F4U_04721.wav,3.7767341136932373,NISQA_TTS_v1
/data/nhandt23/Dataset/MMSData/13GKsS26F4U/asr_subtitle/wavs/13GKsS26F4U_04898.wav,4.4150710105896,NISQA_TTS_v1
/data/nhandt23/Dataset/MMSData/13GKsS26F4U/asr_subtitle/wavs/13GKsS26F4U_01736.wav,3.492854356765747,NISQA_TTS_v1
/data/nhandt23/Dataset/MMSData/13GKsS26F4U/asr_subtitle/wavs/13GKsS26F4U_02026.wav,3.110490560531616,NISQA_TTS_v1
/data/nhandt23/Dataset/MMSData/13GKsS26F4U/asr_subtitle/wavs/13GKsS26F4U_04198.wav,2.7706024646759033,NISQA_TTS_v1
/data/nhandt23/Dataset/MMSData/13GKsS26F4U/asr_subtitle/wavs/13GKsS26F4U_00961.wav,2.6984784603118896,NISQA_TTS_v1
/data/nhandt23/Dataset/MMSData/13GKsS26F4U/asr_subtitle/wavs/13GKsS26F4U_02391.wav,3.3677475452423096,NISQA_TTS_v1
/data/nhandt23/Dataset/MMSData/13GKsS26F4U/asr_subtitle/wavs/13GKsS26F4U_04167.wav,2.815617799758911,NISQA_TTS_v1
/data/nhandt23/Dataset/MMSData/13GKsS26F4U/asr_subtitle/wavs/13GKsS26F4U_00430.wav,2.892033815383911,NISQA_TTS_v1
/data/nhandt23/Dataset/MMSData/13GKsS26F4U/asr_subtitle/wavs/13GKsS26F4U_02162.wav,2.5610125064849854,NISQA_TTS_v1
/data/nhandt23/Dataset/MMSData/13GKsS26F4U/asr_subtitle/wavs/13GKsS26F4U_00360.wav,3.2170188426971436,NISQA_TTS_v1
/data/nhandt23/Dataset/MMSData/13GKsS26F4U/asr_subtitle/wavs/13GKsS26F4U_00385.wav,4.335075855255127,NISQA_TTS_v1
/data/nhandt23/Dataset/MMSData/13GKsS26F4U/asr_subtitle/wavs/13GKsS26F4U_03339.wav,3.51452898979187,NISQA_TTS_v1
/data/nhandt23/Dataset/MMSData/13GKsS26F4U/asr_subtitle/wavs/13GKsS26F4U_00475.wav,3.178845167160034,NISQA_TTS_v1
/data/nhandt23/Dataset/MMSData/13GKsS26F4U/asr_subtitle/wavs/13GKsS26F4U_03630.wav,2.009490489959717,NISQA_TTS_v1
/data/nhandt23/Dataset/MMSData/13GKsS26F4U/asr_subtitle/wavs/13GKsS26F4U_04799.wav,3.170133352279663,NISQA_TTS_v1
/data/nhandt23/Dataset/MMSData/13GKsS26F4U/asr_subtitle/wavs/13GKsS26F4U_03371.wav,2.812546491622925,NISQA_TTS_v1
/data/nhandt23/Dataset/MMSData/13GKsS26F4U/asr_subtitle/wavs/13GKsS26F4U_04219.wav,2.5868215560913086,NISQA_TTS_v1
/data/nhandt23/Dataset/MMSData/13GKsS26F4U/asr_subtitle/wavs/13GKsS26F4U_03970.wav,3.2688229084014893,NISQA_TTS_v1
/data/nhandt23/Dataset/MMSData/13GKsS26F4U/asr_subtitle/wavs/13GKsS26F4U_02347.wav,3.691514253616333,NISQA_TTS_v1
/data/nhandt23/Dataset/MMSData/13GKsS26F4U/asr_subtitle/wavs/13GKsS26F4U_05076.wav,4.131796836853027,NISQA_TTS_v1
/data/nhandt23/Dataset/MMSData/13GKsS26F4U/asr_subtitle/wavs/13GKsS26F4U_04561.wav,3.0185494422912598,NISQA_TTS_v1
/data/nhandt23/Dataset/MMSData/13GKsS26F4U/asr_subtitle/wavs/13GKsS26F4U_01885.wav,3.1840109825134277,NISQA_TTS_v1
/data/nhandt23/Dataset/MMSData/13GKsS26F4U/asr_subtitle/wavs/13GKsS26F4U_04642.wav,3.1696701049804688,NISQA_TTS_v1
/data/nhandt23/Dataset/MMSData/13GKsS26F4U/asr_subtitle/wavs/13GKsS26F4U_00449.wav,2.5655105113983154,NISQA_TTS_v1
/data/nhandt23/Dataset/MMSData/13GKsS26F4U/asr_subtitle/wavs/13GKsS26F4U_04530.wav,1.9679683446884155,NISQA_TTS_v1
/data/nhandt23/Dataset/MMSData/13GKsS26F4U/asr_subtitle/wavs/13GKsS26F4U_00165.wav,3.9711897373199463,NISQA_TTS_v1
/data/nhandt23/Dataset/MMSData/13GKsS26F4U/asr_subtitle/wavs/13GKsS26F4U_00604.wav,4.0420241355896,NISQA_TTS_v1
/data/nhandt23/Dataset/MMSData/13GKsS26F4U/asr_subtitle/wavs/13GKsS26F4U_00933.wav,2.9731333255767822,NISQA_TTS_v1
/data/nhandt23/Dataset/MMSData/13GKsS26F4U/asr_subtitle/wavs/13GKsS26F4U_04347.wav,2.58292818069458,NISQA_TTS_v1
/data/nhandt23/Dataset/MMSData/13GKsS26F4U/asr_subtitle/wavs/13GKsS26F4U_00913.wav,2.4302523136138916,NISQA_TTS_v1
/data/nhandt23/Dataset/MMSData/13GKsS26F4U/asr_subtitle/wavs/13GKsS26F4U_03578.wav,3.1135737895965576,NISQA_TTS_v1
/data/nhandt23/Dataset/MMSData/13GKsS26F4U/asr_subtitle/wavs/13GKsS26F4U_00393.wav,2.6579577922821045,NISQA_TTS_v1
/data/nhandt23/Dataset/MMSData/13GKsS26F4U/asr_subtitle/wavs/13GKsS26F4U_01114.wav,3.8088977336883545,NISQA_TTS_v1
/data/nhandt23/Dataset/MMSData/13GKsS26F4U/asr_subtitle/wavs/13GKsS26F4U_02390.wav,3.289132595062256,NISQA_TTS_v1
/data/nhandt23/Dataset/MMSData/13GKsS26F4U/asr_subtitle/wavs/13GKsS26F4U_00023.wav,3.1228621006011963,NISQA_TTS_v1
/data/nhandt23/Dataset/MMSData/13GKsS26F4U/asr_subtitle/wavs/13GKsS26F4U_02410.wav,3.4906697273254395,NISQA_TTS_v1
/data/nhandt23/Dataset/MMSData/13GKsS26F4U/asr_subtitle/wavs/13GKsS26F4U_02222.wav,2.821856737136841,NISQA_TTS_v1
/data/nhandt23/Dataset/MMSData/13GKsS26F4U/asr_subtitle/wavs/13GKsS26F4U_04173.wav,3.166161060333252,NISQA_TTS_v1
/data/nhandt23/Dataset/MMSData/13GKsS26F4U/asr_subtitle/wavs/13GKsS26F4U_01501.wav,2.6393020153045654,NISQA_TTS_v1
/data/nhandt23/Dataset/MMSData/13GKsS26F4U/asr_subtitle/wavs/13GKsS26F4U_01475.wav,2.9872055053710938,NISQA_TTS_v1
/data/nhandt23/Dataset/MMSData/13GKsS26F4U/asr_subtitle/wavs/13GKsS26F4U_02804.wav,3.543644666671753,NISQA_TTS_v1
/data/nhandt23/Dataset/MMSData/13GKsS26F4U/asr_subtitle/wavs/13GKsS26F4U_00427.wav,3.0821011066436768,NISQA_TTS_v1
/data/nhandt23/Dataset/MMSData/13GKsS26F4U/asr_subtitle/wavs/13GKsS26F4U_02895.wav,2.717710018157959,NISQA_TTS_v1
/data/nhandt23/Dataset/MMSData/13GKsS26F4U/asr_subtitle/wavs/13GKsS26F4U_00171.wav,3.3842949867248535,NISQA_TTS_v1
/data/nhandt23/Dataset/MMSData/13GKsS26F4U/asr_subtitle/wavs/13GKsS26F4U_03665.wav,3.0303308963775635,NISQA_TTS_v1
/data/nhandt23/Dataset/MMSData/13GKsS26F4U/asr_subtitle/wavs/13GKsS26F4U_03292.wav,3.114877939224243,NISQA_TTS_v1
/data/nhandt23/Dataset/MMSData/13GKsS26F4U/asr_subtitle/wavs/13GKsS26F4U_01316.wav,2.9282476902008057,NISQA_TTS_v1
/data/nhandt23/Dataset/MMSData/13GKsS26F4U/asr_subtitle/wavs/13GKsS26F4U_03943.wav,2.8443658351898193,NISQA_TTS_v1
/data/nhandt23/Dataset/MMSData/13GKsS26F4U/asr_subtitle/wavs/13GKsS26F4U_03296.wav,3.8026230335235596,NISQA_TTS_v1
/data/nhandt23/Dataset/MMSData/13GKsS26F4U/asr_subtitle/wavs/13GKsS26F4U_04732.wav,3.1132848262786865,NISQA_TTS_v1
/data/nhandt23/Dataset/MMSData/13GKsS26F4U/asr_subtitle/wavs/13GKsS26F4U_03096.wav,3.3881802558898926,NISQA_TTS_v1
/data/nhandt23/Dataset/MMSData/13GKsS26F4U/asr_subtitle/wavs/13GKsS26F4U_04505.wav,3.4066123962402344,NISQA_TTS_v1
/data/nhandt23/Dataset/MMSData/13GKsS26F4U/asr_subtitle/wavs/13GKsS26F4U_01567.wav,2.76102352142334,NISQA_TTS_v1
/data/nhandt23/Dataset/MMSData/13GKsS26F4U/asr_subtitle/wavs/13GKsS26F4U_02953.wav,2.597400426864624,NISQA_TTS_v1
/data/nhandt23/Dataset/MMSData/13GKsS26F4U/asr_subtitle/wavs/13GKsS26F4U_01659.wav,3.1811397075653076,NISQA_TTS_v1
/data/nhandt23/Dataset/MMSData/13GKsS26F4U/asr_subtitle/wavs/13GKsS26F4U_04104.wav,3.0434374809265137,NISQA_TTS_v1
/data/nhandt23/Dataset/MMSData/13GKsS26F4U/asr_subtitle/wavs/13GKsS26F4U_00338.wav,2.606928586959839,NISQA_TTS_v1
/data/nhandt23/Dataset/MMSData/13GKsS26F4U/asr_subtitle/wavs/13GKsS26F4U_02247.wav,3.0843114852905273,NISQA_TTS_v1
/data/nhandt23/Dataset/MMSData/13GKsS26F4U/asr_subtitle/wavs/13GKsS26F4U_03683.wav,3.0278453826904297,NISQA_TTS_v1
/data/nhandt23/Dataset/MMSData/13GKsS26F4U/asr_subtitle/wavs/13GKsS26F4U_00703.wav,2.870877981185913,NISQA_TTS_v1
/data/nhandt23/Dataset/MMSData/13GKsS26F4U/asr_subtitle/wavs/13GKsS26F4U_00051.wav,3.349799871444702,NISQA_TTS_v1
/data/nhandt23/Dataset/MMSData/13GKsS26F4U/asr_subtitle/wavs/13GKsS26F4U_02820.wav,3.438509464263916,NISQA_TTS_v1
/data/nhandt23/Dataset/MMSData/13GKsS26F4U/asr_subtitle/wavs/13GKsS26F4U_03526.wav,2.5856142044067383,NISQA_TTS_v1
/data/nhandt23/Dataset/MMSData/13GKsS26F4U/asr_subtitle/wavs/13GKsS26F4U_00175.wav,2.94378924369812,NISQA_TTS_v1
/data/nhandt23/Dataset/MMSData/13GKsS26F4U/asr_subtitle/wavs/13GKsS26F4U_04252.wav,2.8069264888763428,NISQA_TTS_v1
/data/nhandt23/Dataset/MMSData/13GKsS26F4U/asr_subtitle/wavs/13GKsS26F4U_00030.wav,4.239276885986328,NISQA_TTS_v1
/data/nhandt23/Dataset/MMSData/13GKsS26F4U/asr_subtitle/wavs/13GKsS26F4U_01203.wav,3.166731595993042,NISQA_TTS_v1
/data/nhandt23/Dataset/MMSData/13GKsS26F4U/asr_subtitle/wavs/13GKsS26F4U_05087.wav,3.9377949237823486,NISQA_TTS_v1
/data/nhandt23/Dataset/MMSData/13GKsS26F4U/asr_subtitle/wavs/13GKsS26F4U_04202.wav,2.585379123687744,NISQA_TTS_v1
/data/nhandt23/Dataset/MMSData/13GKsS26F4U/asr_subtitle/wavs/13GKsS26F4U_02108.wav,3.2469167709350586,NISQA_TTS_v1
/data/nhandt23/Dataset/MMSData/13GKsS26F4U/asr_subtitle/wavs/13GKsS26F4U_01897.wav,3.400343656539917,NISQA_TTS_v1
/data/nhandt23/Dataset/MMSData/13GKsS26F4U/asr_subtitle/wavs/13GKsS26F4U_05092.wav,3.2350637912750244,NISQA_TTS_v1
/data/nhandt23/Dataset/MMSData/13GKsS26F4U/asr_subtitle/wavs/13GKsS26F4U_00403.wav,3.3169167041778564,NISQA_TTS_v1
/data/nhandt23/Dataset/MMSData/13GKsS26F4U/asr_subtitle/wavs/13GKsS26F4U_04440.wav,4.118851184844971,NISQA_TTS_v1
/data/nhandt23/Dataset/MMSData/13GKsS26F4U/asr_subtitle/wavs/13GKsS26F4U_04308.wav,2.2558932304382324,NISQA_TTS_v1
/data/nhandt23/Dataset/MMSData/13GKsS26F4U/asr_subtitle/wavs/13GKsS26F4U_03857.wav,3.8571808338165283,NISQA_TTS_v1
/data/nhandt23/Dataset/MMSData/13GKsS26F4U/asr_subtitle/wavs/13GKsS26F4U_01644.wav,3.2226107120513916,NISQA_TTS_v1
/data/nhandt23/Dataset/MMSData/13GKsS26F4U/asr_subtitle/wavs/13GKsS26F4U_01591.wav,2.500861883163452,NISQA_TTS_v1
/data/nhandt23/Dataset/MMSData/13GKsS26F4U/asr_subtitle/wavs/13GKsS26F4U_03190.wav,2.816882371902466,NISQA_TTS_v1
/data/nhandt23/Dataset/MMSData/13GKsS26F4U/asr_subtitle/wavs/13GKsS26F4U_01290.wav,2.864287853240967,NISQA_TTS_v1
/data/nhandt23/Dataset/MMSData/13GKsS26F4U/asr_subtitle/wavs/13GKsS26F4U_02845.wav,3.3003435134887695,NISQA_TTS_v1
/data/nhandt23/Dataset/MMSData/13GKsS26F4U/asr_subtitle/wavs/13GKsS26F4U_01111.wav,3.2404568195343018,NISQA_TTS_v1
/data/nhandt23/Dataset/MMSData/13GKsS26F4U/asr_subtitle/wavs/13GKsS26F4U_04121.wav,2.6301748752593994,NISQA_TTS_v1
/data/nhandt23/Dataset/MMSData/13GKsS26F4U/asr_subtitle/wavs/13GKsS26F4U_04788.wav,3.2466464042663574,NISQA_TTS_v1
/data/nhandt23/Dataset/MMSData/13GKsS26F4U/asr_subtitle/wavs/13GKsS26F4U_04341.wav,3.033695936203003,NISQA_TTS_v1
/data/nhandt23/Dataset/MMSData/13GKsS26F4U/asr_subtitle/wavs/13GKsS26F4U_03969.wav,2.485243797302246,NISQA_TTS_v1
/data/nhandt23/Dataset/MMSData/13GKsS26F4U/asr_subtitle/wavs/13GKsS26F4U_01055.wav,2.2165896892547607,NISQA_TTS_v1
/data/nhandt23/Dataset/MMSData/13GKsS26F4U/asr_subtitle/wavs/13GKsS26F4U_01521.wav,2.7247135639190674,NISQA_TTS_v1
/data/nhandt23/Dataset/MMSData/13GKsS26F4U/asr_subtitle/wavs/13GKsS26F4U_01267.wav,2.843822717666626,NISQA_TTS_v1
/data/nhandt23/Dataset/MMSData/13GKsS26F4U/asr_subtitle/wavs/13GKsS26F4U_04903.wav,3.006169557571411,NISQA_TTS_v1
/data/nhandt23/Dataset/MMSData/13GKsS26F4U/asr_subtitle/wavs/13GKsS26F4U_02683.wav,3.5236759185791016,NISQA_TTS_v1
/data/nhandt23/Dataset/MMSData/13GKsS26F4U/asr_subtitle/wavs/13GKsS26F4U_02127.wav,3.284769058227539,NISQA_TTS_v1
/data/nhandt23/Dataset/MMSData/13GKsS26F4U/asr_subtitle/wavs/13GKsS26F4U_01990.wav,2.6844642162323,NISQA_TTS_v1
/data/nhandt23/Dataset/MMSData/13GKsS26F4U/asr_subtitle/wavs/13GKsS26F4U_01630.wav,3.267868757247925,NISQA_TTS_v1
/data/nhandt23/Dataset/MMSData/13GKsS26F4U/asr_subtitle/wavs/13GKsS26F4U_03741.wav,3.002211093902588,NISQA_TTS_v1
/data/nhandt23/Dataset/MMSData/13GKsS26F4U/asr_subtitle/wavs/13GKsS26F4U_03705.wav,2.5083653926849365,NISQA_TTS_v1
/data/nhandt23/Dataset/MMSData/13GKsS26F4U/asr_subtitle/wavs/13GKsS26F4U_04437.wav,2.8396341800689697,NISQA_TTS_v1
/data/nhandt23/Dataset/MMSData/13GKsS26F4U/asr_subtitle/wavs/13GKsS26F4U_01691.wav,2.892667770385742,NISQA_TTS_v1
/data/nhandt23/Dataset/MMSData/13GKsS26F4U/asr_subtitle/wavs/13GKsS26F4U_03581.wav,2.935279607772827,NISQA_TTS_v1
/data/nhandt23/Dataset/MMSData/13GKsS26F4U/asr_subtitle/wavs/13GKsS26F4U_04803.wav,2.966857671737671,NISQA_TTS_v1
/data/nhandt23/Dataset/MMSData/13GKsS26F4U/asr_subtitle/wavs/13GKsS26F4U_05116.wav,3.258373498916626,NISQA_TTS_v1
/data/nhandt23/Dataset/MMSData/13GKsS26F4U/asr_subtitle/wavs/13GKsS26F4U_03784.wav,3.097806930541992,NISQA_TTS_v1
/data/nhandt23/Dataset/MMSData/13GKsS26F4U/asr_subtitle/wavs/13GKsS26F4U_02541.wav,2.3219778537750244,NISQA_TTS_v1
/data/nhandt23/Dataset/MMSData/13GKsS26F4U/asr_subtitle/wavs/13GKsS26F4U_00400.wav,3.3908326625823975,NISQA_TTS_v1
/data/nhandt23/Dataset/MMSData/13GKsS26F4U/asr_subtitle/wavs/13GKsS26F4U_04785.wav,3.876211404800415,NISQA_TTS_v1
/data/nhandt23/Dataset/MMSData/13GKsS26F4U/asr_subtitle/wavs/13GKsS26F4U_03897.wav,4.252139091491699,NISQA_TTS_v1
/data/nhandt23/Dataset/MMSData/13GKsS26F4U/asr_subtitle/wavs/13GKsS26F4U_01106.wav,3.193141222000122,NISQA_TTS_v1
/data/nhandt23/Dataset/MMSData/13GKsS26F4U/asr_subtitle/wavs/13GKsS26F4U_03603.wav,4.253826141357422,NISQA_TTS_v1
/data/nhandt23/Dataset/MMSData/13GKsS26F4U/asr_subtitle/wavs/13GKsS26F4U_03589.wav,2.9138474464416504,NISQA_TTS_v1
/data/nhandt23/Dataset/MMSData/13GKsS26F4U/asr_subtitle/wavs/13GKsS26F4U_00704.wav,3.971789836883545,NISQA_TTS_v1
/data/nhandt23/Dataset/MMSData/13GKsS26F4U/asr_subtitle/wavs/13GKsS26F4U_02160.wav,3.516906499862671,NISQA_TTS_v1
/data/nhandt23/Dataset/MMSData/13GKsS26F4U/asr_subtitle/wavs/13GKsS26F4U_03862.wav,1.639402151107788,NISQA_TTS_v1
/data/nhandt23/Dataset/MMSData/13GKsS26F4U/asr_subtitle/wavs/13GKsS26F4U_04223.wav,3.5902516841888428,NISQA_TTS_v1
/data/nhandt23/Dataset/MMSData/13GKsS26F4U/asr_subtitle/wavs/13GKsS26F4U_04564.wav,3.348803758621216,NISQA_TTS_v1
/data/nhandt23/Dataset/MMSData/13GKsS26F4U/asr_subtitle/wavs/13GKsS26F4U_02556.wav,3.0368263721466064,NISQA_TTS_v1
/data/nhandt23/Dataset/MMSData/13GKsS26F4U/asr_subtitle/wavs/13GKsS26F4U_01213.wav,2.496907949447632,NISQA_TTS_v1
/data/nhandt23/Dataset/MMSData/13GKsS26F4U/asr_subtitle/wavs/13GKsS26F4U_03561.wav,2.4969558715820312,NISQA_TTS_v1
/data/nhandt23/Dataset/MMSData/13GKsS26F4U/asr_subtitle/wavs/13GKsS26F4U_01719.wav,2.358253240585327,NISQA_TTS_v1
/data/nhandt23/Dataset/MMSData/13GKsS26F4U/asr_subtitle/wavs/13GKsS26F4U_03887.wav,3.624877452850342,NISQA_TTS_v1
/data/nhandt23/Dataset/MMSData/13GKsS26F4U/asr_subtitle/wavs/13GKsS26F4U_00572.wav,3.490671396255493,NISQA_TTS_v1
/data/nhandt23/Dataset/MMSData/13GKsS26F4U/asr_subtitle/wavs/13GKsS26F4U_02104.wav,3.4247000217437744,NISQA_TTS_v1
/data/nhandt23/Dataset/MMSData/13GKsS26F4U/asr_subtitle/wavs/13GKsS26F4U_05003.wav,3.2214553356170654,NISQA_TTS_v1
/data/nhandt23/Dataset/MMSData/13GKsS26F4U/asr_subtitle/wavs/13GKsS26F4U_02986.wav,3.1988799571990967,NISQA_TTS_v1
/data/nhandt23/Dataset/MMSData/13GKsS26F4U/asr_subtitle/wavs/13GKsS26F4U_03530.wav,3.2633073329925537,NISQA_TTS_v1
/data/nhandt23/Dataset/MMSData/13GKsS26F4U/asr_subtitle/wavs/13GKsS26F4U_03941.wav,2.5459144115448,NISQA_TTS_v1
/data/nhandt23/Dataset/MMSData/13GKsS26F4U/asr_subtitle/wavs/13GKsS26F4U_01370.wav,3.5629916191101074,NISQA_TTS_v1
/data/nhandt23/Dataset/MMSData/13GKsS26F4U/asr_subtitle/wavs/13GKsS26F4U_04153.wav,3.4172494411468506,NISQA_TTS_v1
/data/nhandt23/Dataset/MMSData/13GKsS26F4U/asr_subtitle/wavs/13GKsS26F4U_03402.wav,2.4330883026123047,NISQA_TTS_v1
/data/nhandt23/Dataset/MMSData/13GKsS26F4U/asr_subtitle/wavs/13GKsS26F4U_01973.wav,4.136688709259033,NISQA_TTS_v1
/data/nhandt23/Dataset/MMSData/13GKsS26F4U/asr_subtitle/wavs/13GKsS26F4U_02851.wav,2.794349193572998,NISQA_TTS_v1
/data/nhandt23/Dataset/MMSData/13GKsS26F4U/asr_subtitle/wavs/13GKsS26F4U_03978.wav,3.2084572315216064,NISQA_TTS_v1
/data/nhandt23/Dataset/MMSData/13GKsS26F4U/asr_subtitle/wavs/13GKsS26F4U_03124.wav,2.661604404449463,NISQA_TTS_v1
/data/nhandt23/Dataset/MMSData/13GKsS26F4U/asr_subtitle/wavs/13GKsS26F4U_03613.wav,2.9843733310699463,NISQA_TTS_v1
/data/nhandt23/Dataset/MMSData/13GKsS26F4U/asr_subtitle/wavs/13GKsS26F4U_02961.wav,2.915173292160034,NISQA_TTS_v1
/data/nhandt23/Dataset/MMSData/13GKsS26F4U/asr_subtitle/wavs/13GKsS26F4U_00609.wav,3.528160810470581,NISQA_TTS_v1
/data/nhandt23/Dataset/MMSData/13GKsS26F4U/asr_subtitle/wavs/13GKsS26F4U_03781.wav,2.3903682231903076,NISQA_TTS_v1
/data/nhandt23/Dataset/MMSData/13GKsS26F4U/asr_subtitle/wavs/13GKsS26F4U_00819.wav,2.8057172298431396,NISQA_TTS_v1
/data/nhandt23/Dataset/MMSData/13GKsS26F4U/asr_subtitle/wavs/13GKsS26F4U_02064.wav,3.5186352729797363,NISQA_TTS_v1
/data/nhandt23/Dataset/MMSData/13GKsS26F4U/asr_subtitle/wavs/13GKsS26F4U_04523.wav,4.586788654327393,NISQA_TTS_v1
/data/nhandt23/Dataset/MMSData/13GKsS26F4U/asr_subtitle/wavs/13GKsS26F4U_01599.wav,2.611663579940796,NISQA_TTS_v1
/data/nhandt23/Dataset/MMSData/13GKsS26F4U/asr_subtitle/wavs/13GKsS26F4U_00529.wav,2.613039016723633,NISQA_TTS_v1
/data/nhandt23/Dataset/MMSData/13GKsS26F4U/asr_subtitle/wavs/13GKsS26F4U_00007.wav,2.1781179904937744,NISQA_TTS_v1
/data/nhandt23/Dataset/MMSData/13GKsS26F4U/asr_subtitle/wavs/13GKsS26F4U_03166.wav,2.752794027328491,NISQA_TTS_v1
/data/nhandt23/Dataset/MMSData/13GKsS26F4U/asr_subtitle/wavs/13GKsS26F4U_02260.wav,3.0829246044158936,NISQA_TTS_v1
/data/nhandt23/Dataset/MMSData/13GKsS26F4U/asr_subtitle/wavs/13GKsS26F4U_00779.wav,2.6817662715911865,NISQA_TTS_v1
/data/nhandt23/Dataset/MMSData/13GKsS26F4U/asr_subtitle/wavs/13GKsS26F4U_00648.wav,3.315833806991577,NISQA_TTS_v1
/data/nhandt23/Dataset/MMSData/13GKsS26F4U/asr_subtitle/wavs/13GKsS26F4U_02552.wav,4.1146111488342285,NISQA_TTS_v1
/data/nhandt23/Dataset/MMSData/13GKsS26F4U/asr_subtitle/wavs/13GKsS26F4U_05014.wav,2.8783273696899414,NISQA_TTS_v1
/data/nhandt23/Dataset/MMSData/13GKsS26F4U/asr_subtitle/wavs/13GKsS26F4U_02006.wav,3.055589437484741,NISQA_TTS_v1
/data/nhandt23/Dataset/MMSData/13GKsS26F4U/asr_subtitle/wavs/13GKsS26F4U_00136.wav,3.0551271438598633,NISQA_TTS_v1
/data/nhandt23/Dataset/MMSData/13GKsS26F4U/asr_subtitle/wavs/13GKsS26F4U_00049.wav,2.682814121246338,NISQA_TTS_v1
/data/nhandt23/Dataset/MMSData/13GKsS26F4U/asr_subtitle/wavs/13GKsS26F4U_05130.wav,3.0052740573883057,NISQA_TTS_v1
/data/nhandt23/Dataset/MMSData/13GKsS26F4U/asr_subtitle/wavs/13GKsS26F4U_02174.wav,3.3732926845550537,NISQA_TTS_v1
/data/nhandt23/Dataset/MMSData/13GKsS26F4U/asr_subtitle/wavs/13GKsS26F4U_04599.wav,4.4228973388671875,NISQA_TTS_v1
/data/nhandt23/Dataset/MMSData/13GKsS26F4U/asr_subtitle/wavs/13GKsS26F4U_00625.wav,2.603672504425049,NISQA_TTS_v1
/data/nhandt23/Dataset/MMSData/13GKsS26F4U/asr_subtitle/wavs/13GKsS26F4U_00359.wav,3.136735677719116,NISQA_TTS_v1
/data/nhandt23/Dataset/MMSData/13GKsS26F4U/asr_subtitle/wavs/13GKsS26F4U_01596.wav,2.913923978805542,NISQA_TTS_v1
/data/nhandt23/Dataset/MMSData/13GKsS26F4U/asr_subtitle/wavs/13GKsS26F4U_00679.wav,3.0935428142547607,NISQA_TTS_v1
/data/nhandt23/Dataset/MMSData/13GKsS26F4U/asr_subtitle/wavs/13GKsS26F4U_00180.wav,3.7183640003204346,NISQA_TTS_v1
/data/nhandt23/Dataset/MMSData/13GKsS26F4U/asr_subtitle/wavs/13GKsS26F4U_03326.wav,2.8314242362976074,NISQA_TTS_v1
/data/nhandt23/Dataset/MMSData/13GKsS26F4U/asr_subtitle/wavs/13GKsS26F4U_00243.wav,2.9600348472595215,NISQA_TTS_v1
/data/nhandt23/Dataset/MMSData/13GKsS26F4U/asr_subtitle/wavs/13GKsS26F4U_00745.wav,2.697368860244751,NISQA_TTS_v1
/data/nhandt23/Dataset/MMSData/13GKsS26F4U/asr_subtitle/wavs/13GKsS26F4U_04782.wav,3.080651044845581,NISQA_TTS_v1
/data/nhandt23/Dataset/MMSData/13GKsS26F4U/asr_subtitle/wavs/13GKsS26F4U_02345.wav,2.4739158153533936,NISQA_TTS_v1
/data/nhandt23/Dataset/MMSData/13GKsS26F4U/asr_subtitle/wavs/13GKsS26F4U_02023.wav,2.054107189178467,NISQA_TTS_v1
/data/nhandt23/Dataset/MMSData/13GKsS26F4U/asr_subtitle/wavs/13GKsS26F4U_03316.wav,2.7619855403900146,NISQA_TTS_v1
/data/nhandt23/Dataset/MMSData/13GKsS26F4U/asr_subtitle/wavs/13GKsS26F4U_01819.wav,2.7343661785125732,NISQA_TTS_v1
/data/nhandt23/Dataset/MMSData/13GKsS26F4U/asr_subtitle/wavs/13GKsS26F4U_01210.wav,3.843510627746582,NISQA_TTS_v1
/data/nhandt23/Dataset/MMSData/13GKsS26F4U/asr_subtitle/wavs/13GKsS26F4U_04915.wav,4.038558006286621,NISQA_TTS_v1
/data/nhandt23/Dataset/MMSData/13GKsS26F4U/asr_subtitle/wavs/13GKsS26F4U_02020.wav,3.3965253829956055,NISQA_TTS_v1
/data/nhandt23/Dataset/MMSData/13GKsS26F4U/asr_subtitle/wavs/13GKsS26F4U_01350.wav,3.3867404460906982,NISQA_TTS_v1
/data/nhandt23/Dataset/MMSData/13GKsS26F4U/asr_subtitle/wavs/13GKsS26F4U_03483.wav,2.469717264175415,NISQA_TTS_v1
/data/nhandt23/Dataset/MMSData/13GKsS26F4U/asr_subtitle/wavs/13GKsS26F4U_03160.wav,3.001014232635498,NISQA_TTS_v1
/data/nhandt23/Dataset/MMSData/13GKsS26F4U/asr_subtitle/wavs/13GKsS26F4U_02497.wav,3.3009440898895264,NISQA_TTS_v1
/data/nhandt23/Dataset/MMSData/13GKsS26F4U/asr_subtitle/wavs/13GKsS26F4U_02473.wav,2.54891300201416,NISQA_TTS_v1
/data/nhandt23/Dataset/MMSData/13GKsS26F4U/asr_subtitle/wavs/13GKsS26F4U_04889.wav,4.574532508850098,NISQA_TTS_v1
/data/nhandt23/Dataset/MMSData/13GKsS26F4U/asr_subtitle/wavs/13GKsS26F4U_03966.wav,2.9997005462646484,NISQA_TTS_v1
/data/nhandt23/Dataset/MMSData/13GKsS26F4U/asr_subtitle/wavs/13GKsS26F4U_03192.wav,2.708977699279785,NISQA_TTS_v1
/data/nhandt23/Dataset/MMSData/13GKsS26F4U/asr_subtitle/wavs/13GKsS26F4U_02065.wav,2.5376265048980713,NISQA_TTS_v1
/data/nhandt23/Dataset/MMSData/13GKsS26F4U/asr_subtitle/wavs/13GKsS26F4U_02340.wav,2.6787703037261963,NISQA_TTS_v1
/data/nhandt23/Dataset/MMSData/13GKsS26F4U/asr_subtitle/wavs/13GKsS26F4U_00683.wav,2.9257071018218994,NISQA_TTS_v1
/data/nhandt23/Dataset/MMSData/13GKsS26F4U/asr_subtitle/wavs/13GKsS26F4U_02238.wav,3.1133229732513428,NISQA_TTS_v1
/data/nhandt23/Dataset/MMSData/13GKsS26F4U/asr_subtitle/wavs/13GKsS26F4U_03713.wav,3.4807260036468506,NISQA_TTS_v1
/data/nhandt23/Dataset/MMSData/13GKsS26F4U/asr_subtitle/wavs/13GKsS26F4U_02741.wav,2.5637471675872803,NISQA_TTS_v1
/data/nhandt23/Dataset/MMSData/13GKsS26F4U/asr_subtitle/wavs/13GKsS26F4U_03425.wav,3.524463653564453,NISQA_TTS_v1
/data/nhandt23/Dataset/MMSData/13GKsS26F4U/asr_subtitle/wavs/13GKsS26F4U_00299.wav,3.108851671218872,NISQA_TTS_v1
/data/nhandt23/Dataset/MMSData/13GKsS26F4U/asr_subtitle/wavs/13GKsS26F4U_00994.wav,2.813164710998535,NISQA_TTS_v1
/data/nhandt23/Dataset/MMSData/13GKsS26F4U/asr_subtitle/wavs/13GKsS26F4U_01974.wav,3.2873897552490234,NISQA_TTS_v1
/data/nhandt23/Dataset/MMSData/13GKsS26F4U/asr_subtitle/wavs/13GKsS26F4U_03870.wav,2.274994134902954,NISQA_TTS_v1
/data/nhandt23/Dataset/MMSData/13GKsS26F4U/asr_subtitle/wavs/13GKsS26F4U_05058.wav,3.268768310546875,NISQA_TTS_v1
/data/nhandt23/Dataset/MMSData/13GKsS26F4U/asr_subtitle/wavs/13GKsS26F4U_00720.wav,4.138067245483398,NISQA_TTS_v1
/data/nhandt23/Dataset/MMSData/13GKsS26F4U/asr_subtitle/wavs/13GKsS26F4U_03001.wav,3.422882318496704,NISQA_TTS_v1
/data/nhandt23/Dataset/MMSData/13GKsS26F4U/asr_subtitle/wavs/13GKsS26F4U_02938.wav,3.4511067867279053,NISQA_TTS_v1
/data/nhandt23/Dataset/MMSData/13GKsS26F4U/asr_subtitle/wavs/13GKsS26F4U_02359.wav,3.238476514816284,NISQA_TTS_v1
/data/nhandt23/Dataset/MMSData/13GKsS26F4U/asr_subtitle/wavs/13GKsS26F4U_04090.wav,3.9113988876342773,NISQA_TTS_v1
/data/nhandt23/Dataset/MMSData/13GKsS26F4U/asr_subtitle/wavs/13GKsS26F4U_04971.wav,1.9591491222381592,NISQA_TTS_v1
/data/nhandt23/Dataset/MMSData/13GKsS26F4U/asr_subtitle/wavs/13GKsS26F4U_00613.wav,2.800766944885254,NISQA_TTS_v1
/data/nhandt23/Dataset/MMSData/13GKsS26F4U/asr_subtitle/wavs/13GKsS26F4U_04366.wav,2.751826763153076,NISQA_TTS_v1
/data/nhandt23/Dataset/MMSData/13GKsS26F4U/asr_subtitle/wavs/13GKsS26F4U_01698.wav,2.9931390285491943,NISQA_TTS_v1
/data/nhandt23/Dataset/MMSData/13GKsS26F4U/asr_subtitle/wavs/13GKsS26F4U_03952.wav,2.7052273750305176,NISQA_TTS_v1
/data/nhandt23/Dataset/MMSData/13GKsS26F4U/asr_subtitle/wavs/13GKsS26F4U_00404.wav,3.908787965774536,NISQA_TTS_v1
/data/nhandt23/Dataset/MMSData/13GKsS26F4U/asr_subtitle/wavs/13GKsS26F4U_02140.wav,2.9686949253082275,NISQA_TTS_v1
/data/nhandt23/Dataset/MMSData/13GKsS26F4U/asr_subtitle/wavs/13GKsS26F4U_02408.wav,3.859478712081909,NISQA_TTS_v1
/data/nhandt23/Dataset/MMSData/13GKsS26F4U/asr_subtitle/wavs/13GKsS26F4U_04762.wav,2.8734521865844727,NISQA_TTS_v1
/data/nhandt23/Dataset/MMSData/13GKsS26F4U/asr_subtitle/wavs/13GKsS26F4U_02484.wav,2.9884235858917236,NISQA_TTS_v1
/data/nhandt23/Dataset/MMSData/13GKsS26F4U/asr_subtitle/wavs/13GKsS26F4U_04303.wav,3.45013165473938,NISQA_TTS_v1
/data/nhandt23/Dataset/MMSData/13GKsS26F4U/asr_subtitle/wavs/13GKsS26F4U_00725.wav,3.2916488647460938,NISQA_TTS_v1
/data/nhandt23/Dataset/MMSData/13GKsS26F4U/asr_subtitle/wavs/13GKsS26F4U_00425.wav,4.1295013427734375,NISQA_TTS_v1
/data/nhandt23/Dataset/MMSData/13GKsS26F4U/asr_subtitle/wavs/13GKsS26F4U_04140.wav,2.815641164779663,NISQA_TTS_v1
/data/nhandt23/Dataset/MMSData/13GKsS26F4U/asr_subtitle/wavs/13GKsS26F4U_03518.wav,3.016838312149048,NISQA_TTS_v1
/data/nhandt23/Dataset/MMSData/13GKsS26F4U/asr_subtitle/wavs/13GKsS26F4U_02131.wav,3.0024797916412354,NISQA_TTS_v1
/data/nhandt23/Dataset/MMSData/13GKsS26F4U/asr_subtitle/wavs/13GKsS26F4U_03025.wav,2.872986078262329,NISQA_TTS_v1
/data/nhandt23/Dataset/MMSData/13GKsS26F4U/asr_subtitle/wavs/13GKsS26F4U_02046.wav,3.542583703994751,NISQA_TTS_v1
/data/nhandt23/Dataset/MMSData/13GKsS26F4U/asr_subtitle/wavs/13GKsS26F4U_00421.wav,3.858891010284424,NISQA_TTS_v1
/data/nhandt23/Dataset/MMSData/13GKsS26F4U/asr_subtitle/wavs/13GKsS26F4U_00773.wav,3.2838637828826904,NISQA_TTS_v1
/data/nhandt23/Dataset/MMSData/13GKsS26F4U/asr_subtitle/wavs/13GKsS26F4U_04893.wav,4.0348219871521,NISQA_TTS_v1
/data/nhandt23/Dataset/MMSData/13GKsS26F4U/asr_subtitle/wavs/13GKsS26F4U_01196.wav,2.532611846923828,NISQA_TTS_v1
/data/nhandt23/Dataset/MMSData/13GKsS26F4U/asr_subtitle/wavs/13GKsS26F4U_03353.wav,3.5355067253112793,NISQA_TTS_v1
/data/nhandt23/Dataset/MMSData/13GKsS26F4U/asr_subtitle/wavs/13GKsS26F4U_00749.wav,4.003726482391357,NISQA_TTS_v1
/data/nhandt23/Dataset/MMSData/13GKsS26F4U/asr_subtitle/wavs/13GKsS26F4U_01727.wav,3.54062819480896,NISQA_TTS_v1
/data/nhandt23/Dataset/MMSData/13GKsS26F4U/asr_subtitle/wavs/13GKsS26F4U_04536.wav,3.1504828929901123,NISQA_TTS_v1
/data/nhandt23/Dataset/MMSData/13GKsS26F4U/asr_subtitle/wavs/13GKsS26F4U_01825.wav,2.759779691696167,NISQA_TTS_v1
/data/nhandt23/Dataset/MMSData/13GKsS26F4U/asr_subtitle/wavs/13GKsS26F4U_03694.wav,2.6129984855651855,NISQA_TTS_v1
/data/nhandt23/Dataset/MMSData/13GKsS26F4U/asr_subtitle/wavs/13GKsS26F4U_00037.wav,4.269320964813232,NISQA_TTS_v1
/data/nhandt23/Dataset/MMSData/13GKsS26F4U/asr_subtitle/wavs/13GKsS26F4U_00478.wav,3.3235762119293213,NISQA_TTS_v1
/data/nhandt23/Dataset/MMSData/13GKsS26F4U/asr_subtitle/wavs/13GKsS26F4U_05099.wav,3.0924363136291504,NISQA_TTS_v1
/data/nhandt23/Dataset/MMSData/13GKsS26F4U/asr_subtitle/wavs/13GKsS26F4U_03471.wav,3.0343639850616455,NISQA_TTS_v1
/data/nhandt23/Dataset/MMSData/13GKsS26F4U/asr_subtitle/wavs/13GKsS26F4U_01939.wav,2.1782166957855225,NISQA_TTS_v1
/data/nhandt23/Dataset/MMSData/13GKsS26F4U/asr_subtitle/wavs/13GKsS26F4U_04913.wav,3.559382677078247,NISQA_TTS_v1
/data/nhandt23/Dataset/MMSData/13GKsS26F4U/asr_subtitle/wavs/13GKsS26F4U_03143.wav,2.859593152999878,NISQA_TTS_v1
/data/nhandt23/Dataset/MMSData/13GKsS26F4U/asr_subtitle/wavs/13GKsS26F4U_00025.wav,3.083911657333374,NISQA_TTS_v1
/data/nhandt23/Dataset/MMSData/13GKsS26F4U/asr_subtitle/wavs/13GKsS26F4U_01459.wav,3.1597952842712402,NISQA_TTS_v1
/data/nhandt23/Dataset/MMSData/13GKsS26F4U/asr_subtitle/wavs/13GKsS26F4U_00297.wav,3.859388589859009,NISQA_TTS_v1
/data/nhandt23/Dataset/MMSData/13GKsS26F4U/asr_subtitle/wavs/13GKsS26F4U_01530.wav,3.974419593811035,NISQA_TTS_v1
/data/nhandt23/Dataset/MMSData/13GKsS26F4U/asr_subtitle/wavs/13GKsS26F4U_03850.wav,3.0461783409118652,NISQA_TTS_v1
/data/nhandt23/Dataset/MMSData/13GKsS26F4U/asr_subtitle/wavs/13GKsS26F4U_04295.wav,2.686633825302124,NISQA_TTS_v1
/data/nhandt23/Dataset/MMSData/13GKsS26F4U/asr_subtitle/wavs/13GKsS26F4U_01639.wav,3.00534987449646,NISQA_TTS_v1
/data/nhandt23/Dataset/MMSData/13GKsS26F4U/asr_subtitle/wavs/13GKsS26F4U_01304.wav,3.4531090259552,NISQA_TTS_v1
/data/nhandt23/Dataset/MMSData/13GKsS26F4U/asr_subtitle/wavs/13GKsS26F4U_01560.wav,2.50197696685791,NISQA_TTS_v1
/data/nhandt23/Dataset/MMSData/13GKsS26F4U/asr_subtitle/wavs/13GKsS26F4U_00481.wav,3.598752021789551,NISQA_TTS_v1
/data/nhandt23/Dataset/MMSData/13GKsS26F4U/asr_subtitle/wavs/13GKsS26F4U_04115.wav,2.4305226802825928,NISQA_TTS_v1
/data/nhandt23/Dataset/MMSData/13GKsS26F4U/asr_subtitle/wavs/13GKsS26F4U_04742.wav,3.510389804840088,NISQA_TTS_v1
/data/nhandt23/Dataset/MMSData/13GKsS26F4U/asr_subtitle/wavs/13GKsS26F4U_04675.wav,3.3150064945220947,NISQA_TTS_v1
/data/nhandt23/Dataset/MMSData/13GKsS26F4U/asr_subtitle/wavs/13GKsS26F4U_01561.wav,2.642239570617676,NISQA_TTS_v1
/data/nhandt23/Dataset/MMSData/13GKsS26F4U/asr_subtitle/wavs/13GKsS26F4U_01621.wav,3.4975669384002686,NISQA_TTS_v1
/data/nhandt23/Dataset/MMSData/13GKsS26F4U/asr_subtitle/wavs/13GKsS26F4U_01069.wav,3.8738315105438232,NISQA_TTS_v1
/data/nhandt23/Dataset/MMSData/13GKsS26F4U/asr_subtitle/wavs/13GKsS26F4U_00455.wav,2.7968215942382812,NISQA_TTS_v1
/data/nhandt23/Dataset/MMSData/13GKsS26F4U/asr_subtitle/wavs/13GKsS26F4U_04545.wav,2.848728895187378,NISQA_TTS_v1
/data/nhandt23/Dataset/MMSData/13GKsS26F4U/asr_subtitle/wavs/13GKsS26F4U_01933.wav,2.858696222305298,NISQA_TTS_v1
/data/nhandt23/Dataset/MMSData/13GKsS26F4U/asr_subtitle/wavs/13GKsS26F4U_00600.wav,3.8186683654785156,NISQA_TTS_v1
/data/nhandt23/Dataset/MMSData/13GKsS26F4U/asr_subtitle/wavs/13GKsS26F4U_03024.wav,2.963984966278076,NISQA_TTS_v1
/data/nhandt23/Dataset/MMSData/13GKsS26F4U/asr_subtitle/wavs/13GKsS26F4U_00383.wav,2.7640764713287354,NISQA_TTS_v1
/data/nhandt23/Dataset/MMSData/13GKsS26F4U/asr_subtitle/wavs/13GKsS26F4U_02462.wav,2.9160501956939697,NISQA_TTS_v1
/data/nhandt23/Dataset/MMSData/13GKsS26F4U/asr_subtitle/wavs/13GKsS26F4U_03642.wav,2.759162425994873,NISQA_TTS_v1
/data/nhandt23/Dataset/MMSData/13GKsS26F4U/asr_subtitle/wavs/13GKsS26F4U_01357.wav,2.761563301086426,NISQA_TTS_v1
/data/nhandt23/Dataset/MMSData/13GKsS26F4U/asr_subtitle/wavs/13GKsS26F4U_01666.wav,2.9937965869903564,NISQA_TTS_v1
/data/nhandt23/Dataset/MMSData/13GKsS26F4U/asr_subtitle/wavs/13GKsS26F4U_00583.wav,3.580732583999634,NISQA_TTS_v1
/data/nhandt23/Dataset/MMSData/13GKsS26F4U/asr_subtitle/wavs/13GKsS26F4U_02373.wav,3.5536439418792725,NISQA_TTS_v1
/data/nhandt23/Dataset/MMSData/13GKsS26F4U/asr_subtitle/wavs/13GKsS26F4U_02032.wav,2.2383766174316406,NISQA_TTS_v1
/data/nhandt23/Dataset/MMSData/13GKsS26F4U/asr_subtitle/wavs/13GKsS26F4U_03771.wav,3.527538299560547,NISQA_TTS_v1
/data/nhandt23/Dataset/MMSData/13GKsS26F4U/asr_subtitle/wavs/13GKsS26F4U_04933.wav,3.631549596786499,NISQA_TTS_v1
/data/nhandt23/Dataset/MMSData/13GKsS26F4U/asr_subtitle/wavs/13GKsS26F4U_03757.wav,2.134040117263794,NISQA_TTS_v1
/data/nhandt23/Dataset/MMSData/13GKsS26F4U/asr_subtitle/wavs/13GKsS26F4U_00788.wav,2.7534830570220947,NISQA_TTS_v1
/data/nhandt23/Dataset/MMSData/13GKsS26F4U/asr_subtitle/wavs/13GKsS26F4U_02791.wav,3.457899332046509,NISQA_TTS_v1
/data/nhandt23/Dataset/MMSData/13GKsS26F4U/asr_subtitle/wavs/13GKsS26F4U_02305.wav,2.9410817623138428,NISQA_TTS_v1
/data/nhandt23/Dataset/MMSData/13GKsS26F4U/asr_subtitle/wavs/13GKsS26F4U_03957.wav,3.1054883003234863,NISQA_TTS_v1
/data/nhandt23/Dataset/MMSData/13GKsS26F4U/asr_subtitle/wavs/13GKsS26F4U_04928.wav,3.6950647830963135,NISQA_TTS_v1
/data/nhandt23/Dataset/MMSData/13GKsS26F4U/asr_subtitle/wavs/13GKsS26F4U_02181.wav,2.3426120281219482,NISQA_TTS_v1
/data/nhandt23/Dataset/MMSData/13GKsS26F4U/asr_subtitle/wavs/13GKsS26F4U_04526.wav,2.7267253398895264,NISQA_TTS_v1
/data/nhandt23/Dataset/MMSData/13GKsS26F4U/asr_subtitle/wavs/13GKsS26F4U_00738.wav,3.699259042739868,NISQA_TTS_v1
/data/nhandt23/Dataset/MMSData/13GKsS26F4U/asr_subtitle/wavs/13GKsS26F4U_04858.wav,4.3224945068359375,NISQA_TTS_v1
/data/nhandt23/Dataset/MMSData/13GKsS26F4U/asr_subtitle/wavs/13GKsS26F4U_01986.wav,3.783271074295044,NISQA_TTS_v1
/data/nhandt23/Dataset/MMSData/13GKsS26F4U/asr_subtitle/wavs/13GKsS26F4U_01149.wav,2.6203317642211914,NISQA_TTS_v1
/data/nhandt23/Dataset/MMSData/13GKsS26F4U/asr_subtitle/wavs/13GKsS26F4U_00856.wav,2.6774094104766846,NISQA_TTS_v1
/data/nhandt23/Dataset/MMSData/13GKsS26F4U/asr_subtitle/wavs/13GKsS26F4U_03290.wav,3.6445698738098145,NISQA_TTS_v1
/data/nhandt23/Dataset/MMSData/13GKsS26F4U/asr_subtitle/wavs/13GKsS26F4U_02678.wav,2.9915053844451904,NISQA_TTS_v1
/data/nhandt23/Dataset/MMSData/13GKsS26F4U/asr_subtitle/wavs/13GKsS26F4U_01921.wav,2.8736281394958496,NISQA_TTS_v1
/data/nhandt23/Dataset/MMSData/13GKsS26F4U/asr_subtitle/wavs/13GKsS26F4U_00016.wav,3.93106746673584,NISQA_TTS_v1
/data/nhandt23/Dataset/MMSData/13GKsS26F4U/asr_subtitle/wavs/13GKsS26F4U_01042.wav,2.9428865909576416,NISQA_TTS_v1
/data/nhandt23/Dataset/MMSData/13GKsS26F4U/asr_subtitle/wavs/13GKsS26F4U_02130.wav,3.130450487136841,NISQA_TTS_v1
/data/nhandt23/Dataset/MMSData/13GKsS26F4U/asr_subtitle/wavs/13GKsS26F4U_04003.wav,2.8492648601531982,NISQA_TTS_v1
/data/nhandt23/Dataset/MMSData/13GKsS26F4U/asr_subtitle/wavs/13GKsS26F4U_04854.wav,2.5678770542144775,NISQA_TTS_v1
/data/nhandt23/Dataset/MMSData/13GKsS26F4U/asr_subtitle/wavs/13GKsS26F4U_03120.wav,2.8506815433502197,NISQA_TTS_v1
/data/nhandt23/Dataset/MMSData/13GKsS26F4U/asr_subtitle/wavs/13GKsS26F4U_00941.wav,3.366582155227661,NISQA_TTS_v1
/data/nhandt23/Dataset/MMSData/13GKsS26F4U/asr_subtitle/wavs/13GKsS26F4U_02280.wav,3.427157402038574,NISQA_TTS_v1
/data/nhandt23/Dataset/MMSData/13GKsS26F4U/asr_subtitle/wavs/13GKsS26F4U_03416.wav,3.555497169494629,NISQA_TTS_v1
/data/nhandt23/Dataset/MMSData/13GKsS26F4U/asr_subtitle/wavs/13GKsS26F4U_04289.wav,2.9600541591644287,NISQA_TTS_v1
/data/nhandt23/Dataset/MMSData/13GKsS26F4U/asr_subtitle/wavs/13GKsS26F4U_02753.wav,2.6221184730529785,NISQA_TTS_v1
/data/nhandt23/Dataset/MMSData/13GKsS26F4U/asr_subtitle/wavs/13GKsS26F4U_00067.wav,4.257089138031006,NISQA_TTS_v1
/data/nhandt23/Dataset/MMSData/13GKsS26F4U/asr_subtitle/wavs/13GKsS26F4U_04919.wav,1.8934979438781738,NISQA_TTS_v1
/data/nhandt23/Dataset/MMSData/13GKsS26F4U/asr_subtitle/wavs/13GKsS26F4U_03450.wav,3.1992013454437256,NISQA_TTS_v1
/data/nhandt23/Dataset/MMSData/13GKsS26F4U/asr_subtitle/wavs/13GKsS26F4U_00379.wav,1.8080323934555054,NISQA_TTS_v1
/data/nhandt23/Dataset/MMSData/13GKsS26F4U/asr_subtitle/wavs/13GKsS26F4U_02244.wav,2.9226222038269043,NISQA_TTS_v1
/data/nhandt23/Dataset/MMSData/13GKsS26F4U/asr_subtitle/wavs/13GKsS26F4U_03894.wav,3.7352921962738037,NISQA_TTS_v1
/data/nhandt23/Dataset/MMSData/13GKsS26F4U/asr_subtitle/wavs/13GKsS26F4U_04783.wav,3.179267168045044,NISQA_TTS_v1
/data/nhandt23/Dataset/MMSData/13GKsS26F4U/asr_subtitle/wavs/13GKsS26F4U_03896.wav,2.9593307971954346,NISQA_TTS_v1
/data/nhandt23/Dataset/MMSData/13GKsS26F4U/asr_subtitle/wavs/13GKsS26F4U_02388.wav,2.5559189319610596,NISQA_TTS_v1
/data/nhandt23/Dataset/MMSData/13GKsS26F4U/asr_subtitle/wavs/13GKsS26F4U_05085.wav,4.181162357330322,NISQA_TTS_v1
/data/nhandt23/Dataset/MMSData/13GKsS26F4U/asr_subtitle/wavs/13GKsS26F4U_02762.wav,2.8034451007843018,NISQA_TTS_v1
/data/nhandt23/Dataset/MMSData/13GKsS26F4U/asr_subtitle/wavs/13GKsS26F4U_04668.wav,2.2383229732513428,NISQA_TTS_v1
/data/nhandt23/Dataset/MMSData/13GKsS26F4U/asr_subtitle/wavs/13GKsS26F4U_02674.wav,2.6578149795532227,NISQA_TTS_v1
/data/nhandt23/Dataset/MMSData/13GKsS26F4U/asr_subtitle/wavs/13GKsS26F4U_04855.wav,3.0574800968170166,NISQA_TTS_v1
/data/nhandt23/Dataset/MMSData/13GKsS26F4U/asr_subtitle/wavs/13GKsS26F4U_01826.wav,2.7949697971343994,NISQA_TTS_v1
/data/nhandt23/Dataset/MMSData/13GKsS26F4U/asr_subtitle/wavs/13GKsS26F4U_01485.wav,3.6085808277130127,NISQA_TTS_v1
/data/nhandt23/Dataset/MMSData/13GKsS26F4U/asr_subtitle/wavs/13GKsS26F4U_01233.wav,3.2557761669158936,NISQA_TTS_v1
/data/nhandt23/Dataset/MMSData/13GKsS26F4U/asr_subtitle/wavs/13GKsS26F4U_02332.wav,3.852343797683716,NISQA_TTS_v1
/data/nhandt23/Dataset/MMSData/13GKsS26F4U/asr_subtitle/wavs/13GKsS26F4U_02066.wav,3.1824686527252197,NISQA_TTS_v1
/data/nhandt23/Dataset/MMSData/13GKsS26F4U/asr_subtitle/wavs/13GKsS26F4U_00177.wav,2.4007608890533447,NISQA_TTS_v1
/data/nhandt23/Dataset/MMSData/13GKsS26F4U/asr_subtitle/wavs/13GKsS26F4U_01381.wav,2.7674942016601562,NISQA_TTS_v1
/data/nhandt23/Dataset/MMSData/13GKsS26F4U/asr_subtitle/wavs/13GKsS26F4U_00047.wav,3.445175886154175,NISQA_TTS_v1
/data/nhandt23/Dataset/MMSData/13GKsS26F4U/asr_subtitle/wavs/13GKsS26F4U_01241.wav,3.4553847312927246,NISQA_TTS_v1
/data/nhandt23/Dataset/MMSData/13GKsS26F4U/asr_subtitle/wavs/13GKsS26F4U_01413.wav,2.9588027000427246,NISQA_TTS_v1
/data/nhandt23/Dataset/MMSData/13GKsS26F4U/asr_subtitle/wavs/13GKsS26F4U_02239.wav,2.8358497619628906,NISQA_TTS_v1
/data/nhandt23/Dataset/MMSData/13GKsS26F4U/asr_subtitle/wavs/13GKsS26F4U_03225.wav,3.61714768409729,NISQA_TTS_v1
/data/nhandt23/Dataset/MMSData/13GKsS26F4U/asr_subtitle/wavs/13GKsS26F4U_04516.wav,3.0764412879943848,NISQA_TTS_v1
/data/nhandt23/Dataset/MMSData/13GKsS26F4U/asr_subtitle/wavs/13GKsS26F4U_01913.wav,3.783090829849243,NISQA_TTS_v1
/data/nhandt23/Dataset/MMSData/13GKsS26F4U/asr_subtitle/wavs/13GKsS26F4U_03945.wav,3.2712647914886475,NISQA_TTS_v1
/data/nhandt23/Dataset/MMSData/13GKsS26F4U/asr_subtitle/wavs/13GKsS26F4U_03144.wav,3.3910748958587646,NISQA_TTS_v1
/data/nhandt23/Dataset/MMSData/13GKsS26F4U/asr_subtitle/wavs/13GKsS26F4U_01299.wav,2.867809534072876,NISQA_TTS_v1
/data/nhandt23/Dataset/MMSData/13GKsS26F4U/asr_subtitle/wavs/13GKsS26F4U_00040.wav,4.230139255523682,NISQA_TTS_v1
/data/nhandt23/Dataset/MMSData/13GKsS26F4U/asr_subtitle/wavs/13GKsS26F4U_03655.wav,2.750406503677368,NISQA_TTS_v1
/data/nhandt23/Dataset/MMSData/13GKsS26F4U/asr_subtitle/wavs/13GKsS26F4U_05079.wav,2.5968265533447266,NISQA_TTS_v1
/data/nhandt23/Dataset/MMSData/13GKsS26F4U/asr_subtitle/wavs/13GKsS26F4U_02156.wav,2.948531150817871,NISQA_TTS_v1
/data/nhandt23/Dataset/MMSData/13GKsS26F4U/asr_subtitle/wavs/13GKsS26F4U_03508.wav,3.313523292541504,NISQA_TTS_v1
/data/nhandt23/Dataset/MMSData/13GKsS26F4U/asr_subtitle/wavs/13GKsS26F4U_02626.wav,3.979750871658325,NISQA_TTS_v1
/data/nhandt23/Dataset/MMSData/13GKsS26F4U/asr_subtitle/wavs/13GKsS26F4U_03614.wav,2.9889776706695557,NISQA_TTS_v1
/data/nhandt23/Dataset/MMSData/13GKsS26F4U/asr_subtitle/wavs/13GKsS26F4U_04689.wav,4.354825496673584,NISQA_TTS_v1
/data/nhandt23/Dataset/MMSData/13GKsS26F4U/asr_subtitle/wavs/13GKsS26F4U_02907.wav,2.2997496128082275,NISQA_TTS_v1
/data/nhandt23/Dataset/MMSData/13GKsS26F4U/asr_subtitle/wavs/13GKsS26F4U_02929.wav,3.071119785308838,NISQA_TTS_v1
/data/nhandt23/Dataset/MMSData/13GKsS26F4U/asr_subtitle/wavs/13GKsS26F4U_00530.wav,3.992478609085083,NISQA_TTS_v1
/data/nhandt23/Dataset/MMSData/13GKsS26F4U/asr_subtitle/wavs/13GKsS26F4U_00442.wav,3.155407667160034,NISQA_TTS_v1
/data/nhandt23/Dataset/MMSData/13GKsS26F4U/asr_subtitle/wavs/13GKsS26F4U_00231.wav,3.088895320892334,NISQA_TTS_v1
/data/nhandt23/Dataset/MMSData/13GKsS26F4U/asr_subtitle/wavs/13GKsS26F4U_05031.wav,3.315201997756958,NISQA_TTS_v1
/data/nhandt23/Dataset/MMSData/13GKsS26F4U/asr_subtitle/wavs/13GKsS26F4U_02696.wav,2.5668089389801025,NISQA_TTS_v1
/data/nhandt23/Dataset/MMSData/13GKsS26F4U/asr_subtitle/wavs/13GKsS26F4U_04473.wav,3.2053582668304443,NISQA_TTS_v1
/data/nhandt23/Dataset/MMSData/13GKsS26F4U/asr_subtitle/wavs/13GKsS26F4U_02396.wav,2.9355008602142334,NISQA_TTS_v1
/data/nhandt23/Dataset/MMSData/13GKsS26F4U/asr_subtitle/wavs/13GKsS26F4U_05125.wav,3.228980302810669,NISQA_TTS_v1
/data/nhandt23/Dataset/MMSData/13GKsS26F4U/asr_subtitle/wavs/13GKsS26F4U_03463.wav,2.9322712421417236,NISQA_TTS_v1
/data/nhandt23/Dataset/MMSData/13GKsS26F4U/asr_subtitle/wavs/13GKsS26F4U_00026.wav,2.9534976482391357,NISQA_TTS_v1
/data/nhandt23/Dataset/MMSData/13GKsS26F4U/asr_subtitle/wavs/13GKsS26F4U_00350.wav,3.0476996898651123,NISQA_TTS_v1
/data/nhandt23/Dataset/MMSData/13GKsS26F4U/asr_subtitle/wavs/13GKsS26F4U_01056.wav,2.4716174602508545,NISQA_TTS_v1
/data/nhandt23/Dataset/MMSData/13GKsS26F4U/asr_subtitle/wavs/13GKsS26F4U_01349.wav,2.9604549407958984,NISQA_TTS_v1
/data/nhandt23/Dataset/MMSData/13GKsS26F4U/asr_subtitle/wavs/13GKsS26F4U_01072.wav,2.287538528442383,NISQA_TTS_v1
/data/nhandt23/Dataset/MMSData/13GKsS26F4U/asr_subtitle/wavs/13GKsS26F4U_03224.wav,2.9558522701263428,NISQA_TTS_v1
/data/nhandt23/Dataset/MMSData/13GKsS26F4U/asr_subtitle/wavs/13GKsS26F4U_04371.wav,3.0607874393463135,NISQA_TTS_v1
/data/nhandt23/Dataset/MMSData/13GKsS26F4U/asr_subtitle/wavs/13GKsS26F4U_01545.wav,2.768000364303589,NISQA_TTS_v1
/data/nhandt23/Dataset/MMSData/13GKsS26F4U/asr_subtitle/wavs/13GKsS26F4U_03002.wav,2.7148637771606445,NISQA_TTS_v1
/data/nhandt23/Dataset/MMSData/13GKsS26F4U/asr_subtitle/wavs/13GKsS26F4U_03877.wav,3.090904951095581,NISQA_TTS_v1
/data/nhandt23/Dataset/MMSData/13GKsS26F4U/asr_subtitle/wavs/13GKsS26F4U_04830.wav,4.13958215713501,NISQA_TTS_v1
/data/nhandt23/Dataset/MMSData/13GKsS26F4U/asr_subtitle/wavs/13GKsS26F4U_00716.wav,2.8332808017730713,NISQA_TTS_v1
/data/nhandt23/Dataset/MMSData/13GKsS26F4U/asr_subtitle/wavs/13GKsS26F4U_00992.wav,3.212618589401245,NISQA_TTS_v1
/data/nhandt23/Dataset/MMSData/13GKsS26F4U/asr_subtitle/wavs/13GKsS26F4U_02591.wav,2.792449712753296,NISQA_TTS_v1
/data/nhandt23/Dataset/MMSData/13GKsS26F4U/asr_subtitle/wavs/13GKsS26F4U_01943.wav,2.5736374855041504,NISQA_TTS_v1
/data/nhandt23/Dataset/MMSData/13GKsS26F4U/asr_subtitle/wavs/13GKsS26F4U_02283.wav,2.9691123962402344,NISQA_TTS_v1
/data/nhandt23/Dataset/MMSData/13GKsS26F4U/asr_subtitle/wavs/13GKsS26F4U_00515.wav,3.205132246017456,NISQA_TTS_v1
/data/nhandt23/Dataset/MMSData/13GKsS26F4U/asr_subtitle/wavs/13GKsS26F4U_03328.wav,2.340977430343628,NISQA_TTS_v1
/data/nhandt23/Dataset/MMSData/13GKsS26F4U/asr_subtitle/wavs/13GKsS26F4U_04658.wav,3.1300673484802246,NISQA_TTS_v1
/data/nhandt23/Dataset/MMSData/13GKsS26F4U/asr_subtitle/wavs/13GKsS26F4U_02630.wav,3.550609827041626,NISQA_TTS_v1
/data/nhandt23/Dataset/MMSData/13GKsS26F4U/asr_subtitle/wavs/13GKsS26F4U_03961.wav,4.003684043884277,NISQA_TTS_v1
/data/nhandt23/Dataset/MMSData/13GKsS26F4U/asr_subtitle/wavs/13GKsS26F4U_04204.wav,4.0727386474609375,NISQA_TTS_v1
/data/nhandt23/Dataset/MMSData/13GKsS26F4U/asr_subtitle/wavs/13GKsS26F4U_01895.wav,2.9786832332611084,NISQA_TTS_v1
/data/nhandt23/Dataset/MMSData/13GKsS26F4U/asr_subtitle/wavs/13GKsS26F4U_04076.wav,3.6921865940093994,NISQA_TTS_v1
/data/nhandt23/Dataset/MMSData/13GKsS26F4U/asr_subtitle/wavs/13GKsS26F4U_01036.wav,3.7485759258270264,NISQA_TTS_v1
/data/nhandt23/Dataset/MMSData/13GKsS26F4U/asr_subtitle/wavs/13GKsS26F4U_02887.wav,3.005873680114746,NISQA_TTS_v1
/data/nhandt23/Dataset/MMSData/13GKsS26F4U/asr_subtitle/wavs/13GKsS26F4U_00850.wav,3.8344151973724365,NISQA_TTS_v1
/data/nhandt23/Dataset/MMSData/13GKsS26F4U/asr_subtitle/wavs/13GKsS26F4U_01192.wav,3.6222753524780273,NISQA_TTS_v1
/data/nhandt23/Dataset/MMSData/13GKsS26F4U/asr_subtitle/wavs/13GKsS26F4U_03515.wav,4.222138404846191,NISQA_TTS_v1
/data/nhandt23/Dataset/MMSData/13GKsS26F4U/asr_subtitle/wavs/13GKsS26F4U_00391.wav,2.802314281463623,NISQA_TTS_v1
/data/nhandt23/Dataset/MMSData/13GKsS26F4U/asr_subtitle/wavs/13GKsS26F4U_02310.wav,2.4044768810272217,NISQA_TTS_v1
/data/nhandt23/Dataset/MMSData/13GKsS26F4U/asr_subtitle/wavs/13GKsS26F4U_01710.wav,3.4325530529022217,NISQA_TTS_v1
/data/nhandt23/Dataset/MMSData/13GKsS26F4U/asr_subtitle/wavs/13GKsS26F4U_00554.wav,2.413071632385254,NISQA_TTS_v1
/data/nhandt23/Dataset/MMSData/13GKsS26F4U/asr_subtitle/wavs/13GKsS26F4U_04448.wav,4.105390548706055,NISQA_TTS_v1
/data/nhandt23/Dataset/MMSData/13GKsS26F4U/asr_subtitle/wavs/13GKsS26F4U_04697.wav,3.8718743324279785,NISQA_TTS_v1
/data/nhandt23/Dataset/MMSData/13GKsS26F4U/asr_subtitle/wavs/13GKsS26F4U_04476.wav,3.1239187717437744,NISQA_TTS_v1
/data/nhandt23/Dataset/MMSData/13GKsS26F4U/asr_subtitle/wavs/13GKsS26F4U_01004.wav,3.685943603515625,NISQA_TTS_v1
/data/nhandt23/Dataset/MMSData/13GKsS26F4U/asr_subtitle/wavs/13GKsS26F4U_00597.wav,2.9205434322357178,NISQA_TTS_v1
/data/nhandt23/Dataset/MMSData/13GKsS26F4U/asr_subtitle/wavs/13GKsS26F4U_03389.wav,3.043043375015259,NISQA_TTS_v1
/data/nhandt23/Dataset/MMSData/13GKsS26F4U/asr_subtitle/wavs/13GKsS26F4U_01524.wav,2.7989790439605713,NISQA_TTS_v1
/data/nhandt23/Dataset/MMSData/13GKsS26F4U/asr_subtitle/wavs/13GKsS26F4U_01094.wav,2.871985673904419,NISQA_TTS_v1
/data/nhandt23/Dataset/MMSData/13GKsS26F4U/asr_subtitle/wavs/13GKsS26F4U_04395.wav,3.235631227493286,NISQA_TTS_v1
/data/nhandt23/Dataset/MMSData/13GKsS26F4U/asr_subtitle/wavs/13GKsS26F4U_01838.wav,2.80300235748291,NISQA_TTS_v1
/data/nhandt23/Dataset/MMSData/13GKsS26F4U/asr_subtitle/wavs/13GKsS26F4U_01089.wav,2.799503803253174,NISQA_TTS_v1
/data/nhandt23/Dataset/MMSData/13GKsS26F4U/asr_subtitle/wavs/13GKsS26F4U_02937.wav,2.616783857345581,NISQA_TTS_v1
/data/nhandt23/Dataset/MMSData/13GKsS26F4U/asr_subtitle/wavs/13GKsS26F4U_02638.wav,3.365842580795288,NISQA_TTS_v1
/data/nhandt23/Dataset/MMSData/13GKsS26F4U/asr_subtitle/wavs/13GKsS26F4U_01395.wav,3.068490743637085,NISQA_TTS_v1
/data/nhandt23/Dataset/MMSData/13GKsS26F4U/asr_subtitle/wavs/13GKsS26F4U_02001.wav,4.12155294418335,NISQA_TTS_v1
/data/nhandt23/Dataset/MMSData/13GKsS26F4U/asr_subtitle/wavs/13GKsS26F4U_04661.wav,3.9269015789031982,NISQA_TTS_v1
/data/nhandt23/Dataset/MMSData/13GKsS26F4U/asr_subtitle/wavs/13GKsS26F4U_03551.wav,2.7974889278411865,NISQA_TTS_v1
/data/nhandt23/Dataset/MMSData/13GKsS26F4U/asr_subtitle/wavs/13GKsS26F4U_02910.wav,3.5398812294006348,NISQA_TTS_v1
/data/nhandt23/Dataset/MMSData/13GKsS26F4U/asr_subtitle/wavs/13GKsS26F4U_03506.wav,2.677732229232788,NISQA_TTS_v1
/data/nhandt23/Dataset/MMSData/13GKsS26F4U/asr_subtitle/wavs/13GKsS26F4U_00303.wav,3.041743278503418,NISQA_TTS_v1
/data/nhandt23/Dataset/MMSData/13GKsS26F4U/asr_subtitle/wavs/13GKsS26F4U_02295.wav,3.44466233253479,NISQA_TTS_v1
/data/nhandt23/Dataset/MMSData/13GKsS26F4U/asr_subtitle/wavs/13GKsS26F4U_05096.wav,3.2210772037506104,NISQA_TTS_v1
/data/nhandt23/Dataset/MMSData/13GKsS26F4U/asr_subtitle/wavs/13GKsS26F4U_02633.wav,3.7237093448638916,NISQA_TTS_v1
/data/nhandt23/Dataset/MMSData/13GKsS26F4U/asr_subtitle/wavs/13GKsS26F4U_04401.wav,2.9145634174346924,NISQA_TTS_v1
/data/nhandt23/Dataset/MMSData/13GKsS26F4U/asr_subtitle/wavs/13GKsS26F4U_01749.wav,3.7141292095184326,NISQA_TTS_v1
/data/nhandt23/Dataset/MMSData/13GKsS26F4U/asr_subtitle/wavs/13GKsS26F4U_02243.wav,3.3077306747436523,NISQA_TTS_v1
/data/nhandt23/Dataset/MMSData/13GKsS26F4U/asr_subtitle/wavs/13GKsS26F4U_03728.wav,2.180894613265991,NISQA_TTS_v1
/data/nhandt23/Dataset/MMSData/13GKsS26F4U/asr_subtitle/wavs/13GKsS26F4U_02447.wav,2.458479642868042,NISQA_TTS_v1
/data/nhandt23/Dataset/MMSData/13GKsS26F4U/asr_subtitle/wavs/13GKsS26F4U_05115.wav,3.2217071056365967,NISQA_TTS_v1
/data/nhandt23/Dataset/MMSData/13GKsS26F4U/asr_subtitle/wavs/13GKsS26F4U_01081.wav,2.9681692123413086,NISQA_TTS_v1
/data/nhandt23/Dataset/MMSData/13GKsS26F4U/asr_subtitle/wavs/13GKsS26F4U_04101.wav,3.522991895675659,NISQA_TTS_v1
/data/nhandt23/Dataset/MMSData/13GKsS26F4U/asr_subtitle/wavs/13GKsS26F4U_02338.wav,2.819608449935913,NISQA_TTS_v1
/data/nhandt23/Dataset/MMSData/13GKsS26F4U/asr_subtitle/wavs/13GKsS26F4U_00340.wav,3.5184009075164795,NISQA_TTS_v1
/data/nhandt23/Dataset/MMSData/13GKsS26F4U/asr_subtitle/wavs/13GKsS26F4U_03491.wav,2.551173686981201,NISQA_TTS_v1
/data/nhandt23/Dataset/MMSData/13GKsS26F4U/asr_subtitle/wavs/13GKsS26F4U_00111.wav,3.1381826400756836,NISQA_TTS_v1
/data/nhandt23/Dataset/MMSData/13GKsS26F4U/asr_subtitle/wavs/13GKsS26F4U_04699.wav,2.7219650745391846,NISQA_TTS_v1
/data/nhandt23/Dataset/MMSData/13GKsS26F4U/asr_subtitle/wavs/13GKsS26F4U_00821.wav,2.8936805725097656,NISQA_TTS_v1
/data/nhandt23/Dataset/MMSData/13GKsS26F4U/asr_subtitle/wavs/13GKsS26F4U_01099.wav,2.579179525375366,NISQA_TTS_v1
/data/nhandt23/Dataset/MMSData/13GKsS26F4U/asr_subtitle/wavs/13GKsS26F4U_01759.wav,2.891280174255371,NISQA_TTS_v1
/data/nhandt23/Dataset/MMSData/13GKsS26F4U/asr_subtitle/wavs/13GKsS26F4U_04711.wav,2.863323450088501,NISQA_TTS_v1
/data/nhandt23/Dataset/MMSData/13GKsS26F4U/asr_subtitle/wavs/13GKsS26F4U_01021.wav,2.8707730770111084,NISQA_TTS_v1
/data/nhandt23/Dataset/MMSData/13GKsS26F4U/asr_subtitle/wavs/13GKsS26F4U_00397.wav,3.4219019412994385,NISQA_TTS_v1
/data/nhandt23/Dataset/MMSData/13GKsS26F4U/asr_subtitle/wavs/13GKsS26F4U_01799.wav,3.601658582687378,NISQA_TTS_v1
/data/nhandt23/Dataset/MMSData/13GKsS26F4U/asr_subtitle/wavs/13GKsS26F4U_00130.wav,3.812481164932251,NISQA_TTS_v1
/data/nhandt23/Dataset/MMSData/13GKsS26F4U/asr_subtitle/wavs/13GKsS26F4U_00477.wav,3.8956081867218018,NISQA_TTS_v1
/data/nhandt23/Dataset/MMSData/13GKsS26F4U/asr_subtitle/wavs/13GKsS26F4U_04322.wav,3.571021795272827,NISQA_TTS_v1
/data/nhandt23/Dataset/MMSData/13GKsS26F4U/asr_subtitle/wavs/13GKsS26F4U_01711.wav,2.742009401321411,NISQA_TTS_v1
/data/nhandt23/Dataset/MMSData/13GKsS26F4U/asr_subtitle/wavs/13GKsS26F4U_04301.wav,3.4806268215179443,NISQA_TTS_v1
/data/nhandt23/Dataset/MMSData/13GKsS26F4U/asr_subtitle/wavs/13GKsS26F4U_00197.wav,3.401482105255127,NISQA_TTS_v1
/data/nhandt23/Dataset/MMSData/13GKsS26F4U/asr_subtitle/wavs/13GKsS26F4U_01093.wav,3.638688325881958,NISQA_TTS_v1
/data/nhandt23/Dataset/MMSData/13GKsS26F4U/asr_subtitle/wavs/13GKsS26F4U_03834.wav,3.118476629257202,NISQA_TTS_v1
/data/nhandt23/Dataset/MMSData/13GKsS26F4U/asr_subtitle/wavs/13GKsS26F4U_01848.wav,2.719266176223755,NISQA_TTS_v1
/data/nhandt23/Dataset/MMSData/13GKsS26F4U/asr_subtitle/wavs/13GKsS26F4U_00184.wav,2.5047571659088135,NISQA_TTS_v1
/data/nhandt23/Dataset/MMSData/13GKsS26F4U/asr_subtitle/wavs/13GKsS26F4U_03672.wav,2.665911912918091,NISQA_TTS_v1
/data/nhandt23/Dataset/MMSData/13GKsS26F4U/asr_subtitle/wavs/13GKsS26F4U_04127.wav,2.831061840057373,NISQA_TTS_v1
/data/nhandt23/Dataset/MMSData/13GKsS26F4U/asr_subtitle/wavs/13GKsS26F4U_01038.wav,3.78204345703125,NISQA_TTS_v1
/data/nhandt23/Dataset/MMSData/13GKsS26F4U/asr_subtitle/wavs/13GKsS26F4U_03949.wav,3.2943522930145264,NISQA_TTS_v1
/data/nhandt23/Dataset/MMSData/13GKsS26F4U/asr_subtitle/wavs/13GKsS26F4U_02667.wav,2.9948463439941406,NISQA_TTS_v1
/data/nhandt23/Dataset/MMSData/13GKsS26F4U/asr_subtitle/wavs/13GKsS26F4U_02350.wav,3.484240770339966,NISQA_TTS_v1
/data/nhandt23/Dataset/MMSData/13GKsS26F4U/asr_subtitle/wavs/13GKsS26F4U_04719.wav,2.5245840549468994,NISQA_TTS_v1
/data/nhandt23/Dataset/MMSData/13GKsS26F4U/asr_subtitle/wavs/13GKsS26F4U_01998.wav,2.8920419216156006,NISQA_TTS_v1
/data/nhandt23/Dataset/MMSData/13GKsS26F4U/asr_subtitle/wavs/13GKsS26F4U_02394.wav,3.717998504638672,NISQA_TTS_v1
/data/nhandt23/Dataset/MMSData/13GKsS26F4U/asr_subtitle/wavs/13GKsS26F4U_03504.wav,3.2932980060577393,NISQA_TTS_v1
/data/nhandt23/Dataset/MMSData/13GKsS26F4U/asr_subtitle/wavs/13GKsS26F4U_01074.wav,2.5188190937042236,NISQA_TTS_v1
/data/nhandt23/Dataset/MMSData/13GKsS26F4U/asr_subtitle/wavs/13GKsS26F4U_03680.wav,3.4184372425079346,NISQA_TTS_v1
/data/nhandt23/Dataset/MMSData/13GKsS26F4U/asr_subtitle/wavs/13GKsS26F4U_01837.wav,3.2545363903045654,NISQA_TTS_v1
/data/nhandt23/Dataset/MMSData/13GKsS26F4U/asr_subtitle/wavs/13GKsS26F4U_03127.wav,2.234041452407837,NISQA_TTS_v1
/data/nhandt23/Dataset/MMSData/13GKsS26F4U/asr_subtitle/wavs/13GKsS26F4U_04039.wav,2.7619504928588867,NISQA_TTS_v1
/data/nhandt23/Dataset/MMSData/13GKsS26F4U/asr_subtitle/wavs/13GKsS26F4U_04616.wav,3.5399930477142334,NISQA_TTS_v1
/data/nhandt23/Dataset/MMSData/13GKsS26F4U/asr_subtitle/wavs/13GKsS26F4U_02333.wav,2.7885773181915283,NISQA_TTS_v1
/data/nhandt23/Dataset/MMSData/13GKsS26F4U/asr_subtitle/wavs/13GKsS26F4U_03468.wav,2.9290387630462646,NISQA_TTS_v1
/data/nhandt23/Dataset/MMSData/13GKsS26F4U/asr_subtitle/wavs/13GKsS26F4U_05005.wav,3.581387996673584,NISQA_TTS_v1
/data/nhandt23/Dataset/MMSData/13GKsS26F4U/asr_subtitle/wavs/13GKsS26F4U_01219.wav,3.0253512859344482,NISQA_TTS_v1
/data/nhandt23/Dataset/MMSData/13GKsS26F4U/asr_subtitle/wavs/13GKsS26F4U_01142.wav,2.8886239528656006,NISQA_TTS_v1
/data/nhandt23/Dataset/MMSData/13GKsS26F4U/asr_subtitle/wavs/13GKsS26F4U_03169.wav,3.290038824081421,NISQA_TTS_v1
/data/nhandt23/Dataset/MMSData/13GKsS26F4U/asr_subtitle/wavs/13GKsS26F4U_03419.wav,3.300999641418457,NISQA_TTS_v1
/data/nhandt23/Dataset/MMSData/13GKsS26F4U/asr_subtitle/wavs/13GKsS26F4U_02454.wav,2.6045939922332764,NISQA_TTS_v1
/data/nhandt23/Dataset/MMSData/13GKsS26F4U/asr_subtitle/wavs/13GKsS26F4U_01690.wav,2.892951011657715,NISQA_TTS_v1
/data/nhandt23/Dataset/MMSData/13GKsS26F4U/asr_subtitle/wavs/13GKsS26F4U_05121.wav,3.614990234375,NISQA_TTS_v1
/data/nhandt23/Dataset/MMSData/13GKsS26F4U/asr_subtitle/wavs/13GKsS26F4U_03241.wav,2.8736910820007324,NISQA_TTS_v1
/data/nhandt23/Dataset/MMSData/13GKsS26F4U/asr_subtitle/wavs/13GKsS26F4U_00655.wav,3.1172544956207275,NISQA_TTS_v1
/data/nhandt23/Dataset/MMSData/13GKsS26F4U/asr_subtitle/wavs/13GKsS26F4U_00480.wav,3.2053189277648926,NISQA_TTS_v1
/data/nhandt23/Dataset/MMSData/13GKsS26F4U/asr_subtitle/wavs/13GKsS26F4U_02547.wav,4.116724491119385,NISQA_TTS_v1
/data/nhandt23/Dataset/MMSData/13GKsS26F4U/asr_subtitle/wavs/13GKsS26F4U_00568.wav,3.031996488571167,NISQA_TTS_v1
/data/nhandt23/Dataset/MMSData/13GKsS26F4U/asr_subtitle/wavs/13GKsS26F4U_01855.wav,3.211080312728882,NISQA_TTS_v1
/data/nhandt23/Dataset/MMSData/13GKsS26F4U/asr_subtitle/wavs/13GKsS26F4U_02761.wav,2.4353556632995605,NISQA_TTS_v1
/data/nhandt23/Dataset/MMSData/13GKsS26F4U/asr_subtitle/wavs/13GKsS26F4U_01854.wav,3.1831676959991455,NISQA_TTS_v1
/data/nhandt23/Dataset/MMSData/13GKsS26F4U/asr_subtitle/wavs/13GKsS26F4U_00660.wav,3.454580068588257,NISQA_TTS_v1
/data/nhandt23/Dataset/MMSData/13GKsS26F4U/asr_subtitle/wavs/13GKsS26F4U_00382.wav,3.484805107116699,NISQA_TTS_v1
/data/nhandt23/Dataset/MMSData/13GKsS26F4U/asr_subtitle/wavs/13GKsS26F4U_01745.wav,3.037170171737671,NISQA_TTS_v1
/data/nhandt23/Dataset/MMSData/13GKsS26F4U/asr_subtitle/wavs/13GKsS26F4U_00740.wav,2.644754409790039,NISQA_TTS_v1
/data/nhandt23/Dataset/MMSData/13GKsS26F4U/asr_subtitle/wavs/13GKsS26F4U_01872.wav,3.0903775691986084,NISQA_TTS_v1
/data/nhandt23/Dataset/MMSData/13GKsS26F4U/asr_subtitle/wavs/13GKsS26F4U_01184.wav,3.405693769454956,NISQA_TTS_v1
/data/nhandt23/Dataset/MMSData/13GKsS26F4U/asr_subtitle/wavs/13GKsS26F4U_04704.wav,2.7765839099884033,NISQA_TTS_v1
/data/nhandt23/Dataset/MMSData/13GKsS26F4U/asr_subtitle/wavs/13GKsS26F4U_04455.wav,2.9033730030059814,NISQA_TTS_v1
/data/nhandt23/Dataset/MMSData/13GKsS26F4U/asr_subtitle/wavs/13GKsS26F4U_01279.wav,3.055617332458496,NISQA_TTS_v1
/data/nhandt23/Dataset/MMSData/13GKsS26F4U/asr_subtitle/wavs/13GKsS26F4U_02631.wav,3.366630792617798,NISQA_TTS_v1
/data/nhandt23/Dataset/MMSData/13GKsS26F4U/asr_subtitle/wavs/13GKsS26F4U_03500.wav,3.43002986907959,NISQA_TTS_v1
/data/nhandt23/Dataset/MMSData/13GKsS26F4U/asr_subtitle/wavs/13GKsS26F4U_03849.wav,2.435666799545288,NISQA_TTS_v1
/data/nhandt23/Dataset/MMSData/13GKsS26F4U/asr_subtitle/wavs/13GKsS26F4U_03521.wav,2.9597487449645996,NISQA_TTS_v1
/data/nhandt23/Dataset/MMSData/13GKsS26F4U/asr_subtitle/wavs/13GKsS26F4U_02193.wav,3.1034250259399414,NISQA_TTS_v1
/data/nhandt23/Dataset/MMSData/13GKsS26F4U/asr_subtitle/wavs/13GKsS26F4U_01292.wav,3.6974213123321533,NISQA_TTS_v1
/data/nhandt23/Dataset/MMSData/13GKsS26F4U/asr_subtitle/wavs/13GKsS26F4U_02758.wav,3.2006852626800537,NISQA_TTS_v1
/data/nhandt23/Dataset/MMSData/13GKsS26F4U/asr_subtitle/wavs/13GKsS26F4U_01765.wav,2.994152784347534,NISQA_TTS_v1
/data/nhandt23/Dataset/MMSData/13GKsS26F4U/asr_subtitle/wavs/13GKsS26F4U_02314.wav,3.5111567974090576,NISQA_TTS_v1
/data/nhandt23/Dataset/MMSData/13GKsS26F4U/asr_subtitle/wavs/13GKsS26F4U_05124.wav,3.7612743377685547,NISQA_TTS_v1
/data/nhandt23/Dataset/MMSData/13GKsS26F4U/asr_subtitle/wavs/13GKsS26F4U_03858.wav,3.6368000507354736,NISQA_TTS_v1
/data/nhandt23/Dataset/MMSData/13GKsS26F4U/asr_subtitle/wavs/13GKsS26F4U_01207.wav,3.6327507495880127,NISQA_TTS_v1
/data/nhandt23/Dataset/MMSData/13GKsS26F4U/asr_subtitle/wavs/13GKsS26F4U_03838.wav,2.9468204975128174,NISQA_TTS_v1
/data/nhandt23/Dataset/MMSData/13GKsS26F4U/asr_subtitle/wavs/13GKsS26F4U_02977.wav,3.475682020187378,NISQA_TTS_v1
/data/nhandt23/Dataset/MMSData/13GKsS26F4U/asr_subtitle/wavs/13GKsS26F4U_01060.wav,3.508709669113159,NISQA_TTS_v1
/data/nhandt23/Dataset/MMSData/13GKsS26F4U/asr_subtitle/wavs/13GKsS26F4U_00396.wav,3.7825262546539307,NISQA_TTS_v1
/data/nhandt23/Dataset/MMSData/13GKsS26F4U/asr_subtitle/wavs/13GKsS26F4U_02451.wav,2.9523582458496094,NISQA_TTS_v1
/data/nhandt23/Dataset/MMSData/13GKsS26F4U/asr_subtitle/wavs/13GKsS26F4U_03703.wav,2.8212084770202637,NISQA_TTS_v1
/data/nhandt23/Dataset/MMSData/13GKsS26F4U/asr_subtitle/wavs/13GKsS26F4U_03298.wav,2.7777326107025146,NISQA_TTS_v1
/data/nhandt23/Dataset/MMSData/13GKsS26F4U/asr_subtitle/wavs/13GKsS26F4U_01536.wav,2.949819564819336,NISQA_TTS_v1
/data/nhandt23/Dataset/MMSData/13GKsS26F4U/asr_subtitle/wavs/13GKsS26F4U_04073.wav,1.9046589136123657,NISQA_TTS_v1
/data/nhandt23/Dataset/MMSData/13GKsS26F4U/asr_subtitle/wavs/13GKsS26F4U_01426.wav,2.719003915786743,NISQA_TTS_v1
/data/nhandt23/Dataset/MMSData/13GKsS26F4U/asr_subtitle/wavs/13GKsS26F4U_00108.wav,3.155061721801758,NISQA_TTS_v1
/data/nhandt23/Dataset/MMSData/13GKsS26F4U/asr_subtitle/wavs/13GKsS26F4U_01417.wav,2.9377782344818115,NISQA_TTS_v1
/data/nhandt23/Dataset/MMSData/13GKsS26F4U/asr_subtitle/wavs/13GKsS26F4U_03531.wav,3.973663330078125,NISQA_TTS_v1
/data/nhandt23/Dataset/MMSData/13GKsS26F4U/asr_subtitle/wavs/13GKsS26F4U_02684.wav,3.292527437210083,NISQA_TTS_v1
/data/nhandt23/Dataset/MMSData/13GKsS26F4U/asr_subtitle/wavs/13GKsS26F4U_02666.wav,2.903630495071411,NISQA_TTS_v1
/data/nhandt23/Dataset/MMSData/13GKsS26F4U/asr_subtitle/wavs/13GKsS26F4U_04226.wav,3.0870354175567627,NISQA_TTS_v1
/data/nhandt23/Dataset/MMSData/13GKsS26F4U/asr_subtitle/wavs/13GKsS26F4U_00873.wav,2.822523355484009,NISQA_TTS_v1
/data/nhandt23/Dataset/MMSData/13GKsS26F4U/asr_subtitle/wavs/13GKsS26F4U_02993.wav,3.7313642501831055,NISQA_TTS_v1
/data/nhandt23/Dataset/MMSData/13GKsS26F4U/asr_subtitle/wavs/13GKsS26F4U_00006.wav,2.5952165126800537,NISQA_TTS_v1
/data/nhandt23/Dataset/MMSData/13GKsS26F4U/asr_subtitle/wavs/13GKsS26F4U_00814.wav,3.7754809856414795,NISQA_TTS_v1
/data/nhandt23/Dataset/MMSData/13GKsS26F4U/asr_subtitle/wavs/13GKsS26F4U_03550.wav,2.163478136062622,NISQA_TTS_v1
/data/nhandt23/Dataset/MMSData/13GKsS26F4U/asr_subtitle/wavs/13GKsS26F4U_01526.wav,3.3829195499420166,NISQA_TTS_v1
/data/nhandt23/Dataset/MMSData/13GKsS26F4U/asr_subtitle/wavs/13GKsS26F4U_02095.wav,3.29380464553833,NISQA_TTS_v1
/data/nhandt23/Dataset/MMSData/13GKsS26F4U/asr_subtitle/wavs/13GKsS26F4U_01188.wav,3.6194849014282227,NISQA_TTS_v1
/data/nhandt23/Dataset/MMSData/13GKsS26F4U/asr_subtitle/wavs/13GKsS26F4U_02646.wav,2.5180277824401855,NISQA_TTS_v1
/data/nhandt23/Dataset/MMSData/13GKsS26F4U/asr_subtitle/wavs/13GKsS26F4U_01870.wav,3.052811861038208,NISQA_TTS_v1
/data/nhandt23/Dataset/MMSData/13GKsS26F4U/asr_subtitle/wavs/13GKsS26F4U_01058.wav,2.9245574474334717,NISQA_TTS_v1
/data/nhandt23/Dataset/MMSData/13GKsS26F4U/asr_subtitle/wavs/13GKsS26F4U_01364.wav,2.7167656421661377,NISQA_TTS_v1
/data/nhandt23/Dataset/MMSData/13GKsS26F4U/asr_subtitle/wavs/13GKsS26F4U_02532.wav,3.3107998371124268,NISQA_TTS_v1
/data/nhandt23/Dataset/MMSData/13GKsS26F4U/asr_subtitle/wavs/13GKsS26F4U_03263.wav,3.7932894229888916,NISQA_TTS_v1
/data/nhandt23/Dataset/MMSData/13GKsS26F4U/asr_subtitle/wavs/13GKsS26F4U_02188.wav,3.257685899734497,NISQA_TTS_v1
/data/nhandt23/Dataset/MMSData/13GKsS26F4U/asr_subtitle/wavs/13GKsS26F4U_01517.wav,2.889800786972046,NISQA_TTS_v1
/data/nhandt23/Dataset/MMSData/13GKsS26F4U/asr_subtitle/wavs/13GKsS26F4U_01405.wav,2.67960262298584,NISQA_TTS_v1
/data/nhandt23/Dataset/MMSData/13GKsS26F4U/asr_subtitle/wavs/13GKsS26F4U_04838.wav,3.708932638168335,NISQA_TTS_v1
/data/nhandt23/Dataset/MMSData/13GKsS26F4U/asr_subtitle/wavs/13GKsS26F4U_05153.wav,2.882267713546753,NISQA_TTS_v1
/data/nhandt23/Dataset/MMSData/13GKsS26F4U/asr_subtitle/wavs/13GKsS26F4U_00079.wav,2.5583109855651855,NISQA_TTS_v1
/data/nhandt23/Dataset/MMSData/13GKsS26F4U/asr_subtitle/wavs/13GKsS26F4U_03616.wav,3.253990411758423,NISQA_TTS_v1
/data/nhandt23/Dataset/MMSData/13GKsS26F4U/asr_subtitle/wavs/13GKsS26F4U_01098.wav,3.4747869968414307,NISQA_TTS_v1
/data/nhandt23/Dataset/MMSData/13GKsS26F4U/asr_subtitle/wavs/13GKsS26F4U_02316.wav,2.902493953704834,NISQA_TTS_v1
/data/nhandt23/Dataset/MMSData/13GKsS26F4U/asr_subtitle/wavs/13GKsS26F4U_03331.wav,2.5052614212036133,NISQA_TTS_v1
/data/nhandt23/Dataset/MMSData/13GKsS26F4U/asr_subtitle/wavs/13GKsS26F4U_03401.wav,2.0382564067840576,NISQA_TTS_v1
/data/nhandt23/Dataset/MMSData/13GKsS26F4U/asr_subtitle/wavs/13GKsS26F4U_00064.wav,4.304844379425049,NISQA_TTS_v1
/data/nhandt23/Dataset/MMSData/13GKsS26F4U/asr_subtitle/wavs/13GKsS26F4U_00194.wav,2.8377363681793213,NISQA_TTS_v1
/data/nhandt23/Dataset/MMSData/13GKsS26F4U/asr_subtitle/wavs/13GKsS26F4U_02291.wav,4.148812770843506,NISQA_TTS_v1
/data/nhandt23/Dataset/MMSData/13GKsS26F4U/asr_subtitle/wavs/13GKsS26F4U_00041.wav,3.724998950958252,NISQA_TTS_v1
/data/nhandt23/Dataset/MMSData/13GKsS26F4U/asr_subtitle/wavs/13GKsS26F4U_03395.wav,4.020965099334717,NISQA_TTS_v1
/data/nhandt23/Dataset/MMSData/13GKsS26F4U/asr_subtitle/wavs/13GKsS26F4U_00045.wav,3.0998919010162354,NISQA_TTS_v1
/data/nhandt23/Dataset/MMSData/13GKsS26F4U/asr_subtitle/wavs/13GKsS26F4U_04749.wav,2.8605573177337646,NISQA_TTS_v1
/data/nhandt23/Dataset/MMSData/13GKsS26F4U/asr_subtitle/wavs/13GKsS26F4U_01945.wav,2.690455913543701,NISQA_TTS_v1
/data/nhandt23/Dataset/MMSData/13GKsS26F4U/asr_subtitle/wavs/13GKsS26F4U_00144.wav,2.6377604007720947,NISQA_TTS_v1
/data/nhandt23/Dataset/MMSData/13GKsS26F4U/asr_subtitle/wavs/13GKsS26F4U_00717.wav,2.4696710109710693,NISQA_TTS_v1
/data/nhandt23/Dataset/MMSData/13GKsS26F4U/asr_subtitle/wavs/13GKsS26F4U_02764.wav,3.7446885108947754,NISQA_TTS_v1
/data/nhandt23/Dataset/MMSData/13GKsS26F4U/asr_subtitle/wavs/13GKsS26F4U_01250.wav,4.029661655426025,NISQA_TTS_v1
/data/nhandt23/Dataset/MMSData/13GKsS26F4U/asr_subtitle/wavs/13GKsS26F4U_01178.wav,3.372250556945801,NISQA_TTS_v1
/data/nhandt23/Dataset/MMSData/13GKsS26F4U/asr_subtitle/wavs/13GKsS26F4U_04904.wav,2.733901262283325,NISQA_TTS_v1
/data/nhandt23/Dataset/MMSData/13GKsS26F4U/asr_subtitle/wavs/13GKsS26F4U_04024.wav,3.098687171936035,NISQA_TTS_v1
/data/nhandt23/Dataset/MMSData/13GKsS26F4U/asr_subtitle/wavs/13GKsS26F4U_04126.wav,2.7030091285705566,NISQA_TTS_v1
/data/nhandt23/Dataset/MMSData/13GKsS26F4U/asr_subtitle/wavs/13GKsS26F4U_01664.wav,2.5732333660125732,NISQA_TTS_v1
/data/nhandt23/Dataset/MMSData/13GKsS26F4U/asr_subtitle/wavs/13GKsS26F4U_03259.wav,3.5298149585723877,NISQA_TTS_v1
/data/nhandt23/Dataset/MMSData/13GKsS26F4U/asr_subtitle/wavs/13GKsS26F4U_01875.wav,4.011562824249268,NISQA_TTS_v1
/data/nhandt23/Dataset/MMSData/13GKsS26F4U/asr_subtitle/wavs/13GKsS26F4U_02499.wav,2.9564321041107178,NISQA_TTS_v1
/data/nhandt23/Dataset/MMSData/13GKsS26F4U/asr_subtitle/wavs/13GKsS26F4U_03607.wav,3.628262519836426,NISQA_TTS_v1
/data/nhandt23/Dataset/MMSData/13GKsS26F4U/asr_subtitle/wavs/13GKsS26F4U_02669.wav,3.2641656398773193,NISQA_TTS_v1
/data/nhandt23/Dataset/MMSData/13GKsS26F4U/asr_subtitle/wavs/13GKsS26F4U_03813.wav,3.250282049179077,NISQA_TTS_v1
/data/nhandt23/Dataset/MMSData/13GKsS26F4U/asr_subtitle/wavs/13GKsS26F4U_04724.wav,2.9592831134796143,NISQA_TTS_v1
/data/nhandt23/Dataset/MMSData/13GKsS26F4U/asr_subtitle/wavs/13GKsS26F4U_00138.wav,2.884019136428833,NISQA_TTS_v1
/data/nhandt23/Dataset/MMSData/13GKsS26F4U/asr_subtitle/wavs/13GKsS26F4U_00799.wav,3.626232147216797,NISQA_TTS_v1
/data/nhandt23/Dataset/MMSData/13GKsS26F4U/asr_subtitle/wavs/13GKsS26F4U_01354.wav,3.0693881511688232,NISQA_TTS_v1
/data/nhandt23/Dataset/MMSData/13GKsS26F4U/asr_subtitle/wavs/13GKsS26F4U_02223.wav,3.896773099899292,NISQA_TTS_v1
/data/nhandt23/Dataset/MMSData/13GKsS26F4U/asr_subtitle/wavs/13GKsS26F4U_01115.wav,3.100637435913086,NISQA_TTS_v1
/data/nhandt23/Dataset/MMSData/13GKsS26F4U/asr_subtitle/wavs/13GKsS26F4U_03814.wav,3.186985969543457,NISQA_TTS_v1
/data/nhandt23/Dataset/MMSData/13GKsS26F4U/asr_subtitle/wavs/13GKsS26F4U_01889.wav,3.1578476428985596,NISQA_TTS_v1
/data/nhandt23/Dataset/MMSData/13GKsS26F4U/asr_subtitle/wavs/13GKsS26F4U_02031.wav,2.9983904361724854,NISQA_TTS_v1
/data/nhandt23/Dataset/MMSData/13GKsS26F4U/asr_subtitle/wavs/13GKsS26F4U_00465.wav,2.7430193424224854,NISQA_TTS_v1
/data/nhandt23/Dataset/MMSData/13GKsS26F4U/asr_subtitle/wavs/13GKsS26F4U_00308.wav,2.7633354663848877,NISQA_TTS_v1
/data/nhandt23/Dataset/MMSData/13GKsS26F4U/asr_subtitle/wavs/13GKsS26F4U_04598.wav,2.5727505683898926,NISQA_TTS_v1
/data/nhandt23/Dataset/MMSData/13GKsS26F4U/asr_subtitle/wavs/13GKsS26F4U_00862.wav,3.7636680603027344,NISQA_TTS_v1
/data/nhandt23/Dataset/MMSData/13GKsS26F4U/asr_subtitle/wavs/13GKsS26F4U_00776.wav,2.640535831451416,NISQA_TTS_v1
/data/nhandt23/Dataset/MMSData/13GKsS26F4U/asr_subtitle/wavs/13GKsS26F4U_02132.wav,3.159749746322632,NISQA_TTS_v1
/data/nhandt23/Dataset/MMSData/13GKsS26F4U/asr_subtitle/wavs/13GKsS26F4U_03738.wav,2.3983235359191895,NISQA_TTS_v1
/data/nhandt23/Dataset/MMSData/13GKsS26F4U/asr_subtitle/wavs/13GKsS26F4U_01182.wav,2.9437036514282227,NISQA_TTS_v1
/data/nhandt23/Dataset/MMSData/13GKsS26F4U/asr_subtitle/wavs/13GKsS26F4U_02457.wav,2.7996480464935303,NISQA_TTS_v1
/data/nhandt23/Dataset/MMSData/13GKsS26F4U/asr_subtitle/wavs/13GKsS26F4U_00378.wav,3.9942100048065186,NISQA_TTS_v1
/data/nhandt23/Dataset/MMSData/13GKsS26F4U/asr_subtitle/wavs/13GKsS26F4U_00408.wav,3.773758888244629,NISQA_TTS_v1
/data/nhandt23/Dataset/MMSData/13GKsS26F4U/asr_subtitle/wavs/13GKsS26F4U_04829.wav,3.8892054557800293,NISQA_TTS_v1
/data/nhandt23/Dataset/MMSData/13GKsS26F4U/asr_subtitle/wavs/13GKsS26F4U_00748.wav,3.146196126937866,NISQA_TTS_v1
/data/nhandt23/Dataset/MMSData/13GKsS26F4U/asr_subtitle/wavs/13GKsS26F4U_02689.wav,3.0071449279785156,NISQA_TTS_v1
/data/nhandt23/Dataset/MMSData/13GKsS26F4U/asr_subtitle/wavs/13GKsS26F4U_03394.wav,3.2406554222106934,NISQA_TTS_v1
/data/nhandt23/Dataset/MMSData/13GKsS26F4U/asr_subtitle/wavs/13GKsS26F4U_03156.wav,3.094059944152832,NISQA_TTS_v1
/data/nhandt23/Dataset/MMSData/13GKsS26F4U/asr_subtitle/wavs/13GKsS26F4U_00910.wav,2.402780294418335,NISQA_TTS_v1
/data/nhandt23/Dataset/MMSData/13GKsS26F4U/asr_subtitle/wavs/13GKsS26F4U_03637.wav,3.5270729064941406,NISQA_TTS_v1
/data/nhandt23/Dataset/MMSData/13GKsS26F4U/asr_subtitle/wavs/13GKsS26F4U_01552.wav,3.576369047164917,NISQA_TTS_v1
/data/nhandt23/Dataset/MMSData/13GKsS26F4U/asr_subtitle/wavs/13GKsS26F4U_02017.wav,3.2782039642333984,NISQA_TTS_v1
/data/nhandt23/Dataset/MMSData/13GKsS26F4U/asr_subtitle/wavs/13GKsS26F4U_01643.wav,2.332498550415039,NISQA_TTS_v1
/data/nhandt23/Dataset/MMSData/13GKsS26F4U/asr_subtitle/wavs/13GKsS26F4U_02875.wav,2.565685510635376,NISQA_TTS_v1
/data/nhandt23/Dataset/MMSData/13GKsS26F4U/asr_subtitle/wavs/13GKsS26F4U_02071.wav,3.310706853866577,NISQA_TTS_v1
/data/nhandt23/Dataset/MMSData/13GKsS26F4U/asr_subtitle/wavs/13GKsS26F4U_02307.wav,3.0208940505981445,NISQA_TTS_v1
/data/nhandt23/Dataset/MMSData/13GKsS26F4U/asr_subtitle/wavs/13GKsS26F4U_03256.wav,3.6408793926239014,NISQA_TTS_v1
/data/nhandt23/Dataset/MMSData/13GKsS26F4U/asr_subtitle/wavs/13GKsS26F4U_00899.wav,2.8033528327941895,NISQA_TTS_v1
/data/nhandt23/Dataset/MMSData/13GKsS26F4U/asr_subtitle/wavs/13GKsS26F4U_02194.wav,3.0178678035736084,NISQA_TTS_v1
/data/nhandt23/Dataset/MMSData/13GKsS26F4U/asr_subtitle/wavs/13GKsS26F4U_04522.wav,2.874729633331299,NISQA_TTS_v1
/data/nhandt23/Dataset/MMSData/13GKsS26F4U/asr_subtitle/wavs/13GKsS26F4U_00443.wav,3.4150502681732178,NISQA_TTS_v1
/data/nhandt23/Dataset/MMSData/13GKsS26F4U/asr_subtitle/wavs/13GKsS26F4U_00784.wav,4.243592739105225,NISQA_TTS_v1
/data/nhandt23/Dataset/MMSData/13GKsS26F4U/asr_subtitle/wavs/13GKsS26F4U_00266.wav,3.1879279613494873,NISQA_TTS_v1
/data/nhandt23/Dataset/MMSData/13GKsS26F4U/asr_subtitle/wavs/13GKsS26F4U_01337.wav,3.261772871017456,NISQA_TTS_v1
/data/nhandt23/Dataset/MMSData/13GKsS26F4U/asr_subtitle/wavs/13GKsS26F4U_00021.wav,3.8562488555908203,NISQA_TTS_v1
/data/nhandt23/Dataset/MMSData/13GKsS26F4U/asr_subtitle/wavs/13GKsS26F4U_03998.wav,3.0015461444854736,NISQA_TTS_v1
/data/nhandt23/Dataset/MMSData/13GKsS26F4U/asr_subtitle/wavs/13GKsS26F4U_04975.wav,3.868281364440918,NISQA_TTS_v1
/data/nhandt23/Dataset/MMSData/13GKsS26F4U/asr_subtitle/wavs/13GKsS26F4U_03080.wav,2.4831790924072266,NISQA_TTS_v1
/data/nhandt23/Dataset/MMSData/13GKsS26F4U/asr_subtitle/wavs/13GKsS26F4U_02124.wav,3.036656618118286,NISQA_TTS_v1
/data/nhandt23/Dataset/MMSData/13GKsS26F4U/asr_subtitle/wavs/13GKsS26F4U_01274.wav,3.0528366565704346,NISQA_TTS_v1
/data/nhandt23/Dataset/MMSData/13GKsS26F4U/asr_subtitle/wavs/13GKsS26F4U_03153.wav,2.731693983078003,NISQA_TTS_v1
/data/nhandt23/Dataset/MMSData/13GKsS26F4U/asr_subtitle/wavs/13GKsS26F4U_00969.wav,3.6096203327178955,NISQA_TTS_v1
/data/nhandt23/Dataset/MMSData/13GKsS26F4U/asr_subtitle/wavs/13GKsS26F4U_03880.wav,2.9156317710876465,NISQA_TTS_v1
/data/nhandt23/Dataset/MMSData/13GKsS26F4U/asr_subtitle/wavs/13GKsS26F4U_04375.wav,3.6062352657318115,NISQA_TTS_v1
/data/nhandt23/Dataset/MMSData/13GKsS26F4U/asr_subtitle/wavs/13GKsS26F4U_00380.wav,2.3058600425720215,NISQA_TTS_v1
/data/nhandt23/Dataset/MMSData/13GKsS26F4U/asr_subtitle/wavs/13GKsS26F4U_02393.wav,2.822727680206299,NISQA_TTS_v1
/data/nhandt23/Dataset/MMSData/13GKsS26F4U/asr_subtitle/wavs/13GKsS26F4U_03372.wav,2.5905141830444336,NISQA_TTS_v1
/data/nhandt23/Dataset/MMSData/13GKsS26F4U/asr_subtitle/wavs/13GKsS26F4U_04723.wav,3.2944767475128174,NISQA_TTS_v1
/data/nhandt23/Dataset/MMSData/13GKsS26F4U/asr_subtitle/wavs/13GKsS26F4U_04147.wav,2.5124099254608154,NISQA_TTS_v1
/data/nhandt23/Dataset/MMSData/13GKsS26F4U/asr_subtitle/wavs/13GKsS26F4U_04972.wav,3.4980084896087646,NISQA_TTS_v1
/data/nhandt23/Dataset/MMSData/13GKsS26F4U/asr_subtitle/wavs/13GKsS26F4U_01227.wav,3.1104612350463867,NISQA_TTS_v1
/data/nhandt23/Dataset/MMSData/13GKsS26F4U/asr_subtitle/wavs/13GKsS26F4U_03711.wav,2.93113112449646,NISQA_TTS_v1
/data/nhandt23/Dataset/MMSData/13GKsS26F4U/asr_subtitle/wavs/13GKsS26F4U_02660.wav,3.587944984436035,NISQA_TTS_v1
/data/nhandt23/Dataset/MMSData/13GKsS26F4U/asr_subtitle/wavs/13GKsS26F4U_03396.wav,2.8273584842681885,NISQA_TTS_v1
/data/nhandt23/Dataset/MMSData/13GKsS26F4U/asr_subtitle/wavs/13GKsS26F4U_00057.wav,4.019379615783691,NISQA_TTS_v1
/data/nhandt23/Dataset/MMSData/13GKsS26F4U/asr_subtitle/wavs/13GKsS26F4U_02413.wav,2.9397757053375244,NISQA_TTS_v1
/data/nhandt23/Dataset/MMSData/13GKsS26F4U/asr_subtitle/wavs/13GKsS26F4U_00482.wav,3.3446133136749268,NISQA_TTS_v1
/data/nhandt23/Dataset/MMSData/13GKsS26F4U/asr_subtitle/wavs/13GKsS26F4U_03538.wav,3.1348917484283447,NISQA_TTS_v1
/data/nhandt23/Dataset/MMSData/13GKsS26F4U/asr_subtitle/wavs/13GKsS26F4U_04006.wav,3.010652780532837,NISQA_TTS_v1
/data/nhandt23/Dataset/MMSData/13GKsS26F4U/asr_subtitle/wavs/13GKsS26F4U_03355.wav,2.4630115032196045,NISQA_TTS_v1
/data/nhandt23/Dataset/MMSData/13GKsS26F4U/asr_subtitle/wavs/13GKsS26F4U_03488.wav,3.572206974029541,NISQA_TTS_v1
/data/nhandt23/Dataset/MMSData/13GKsS26F4U/asr_subtitle/wavs/13GKsS26F4U_00988.wav,2.580080270767212,NISQA_TTS_v1
/data/nhandt23/Dataset/MMSData/13GKsS26F4U/asr_subtitle/wavs/13GKsS26F4U_04843.wav,2.8081390857696533,NISQA_TTS_v1
/data/nhandt23/Dataset/MMSData/13GKsS26F4U/asr_subtitle/wavs/13GKsS26F4U_01764.wav,3.7710468769073486,NISQA_TTS_v1
/data/nhandt23/Dataset/MMSData/13GKsS26F4U/asr_subtitle/wavs/13GKsS26F4U_00519.wav,3.4588325023651123,NISQA_TTS_v1
/data/nhandt23/Dataset/MMSData/13GKsS26F4U/asr_subtitle/wavs/13GKsS26F4U_01051.wav,2.4663145542144775,NISQA_TTS_v1
/data/nhandt23/Dataset/MMSData/13GKsS26F4U/asr_subtitle/wavs/13GKsS26F4U_01317.wav,3.055354595184326,NISQA_TTS_v1
/data/nhandt23/Dataset/MMSData/13GKsS26F4U/asr_subtitle/wavs/13GKsS26F4U_04274.wav,2.3812336921691895,NISQA_TTS_v1
/data/nhandt23/Dataset/MMSData/13GKsS26F4U/asr_subtitle/wavs/13GKsS26F4U_05010.wav,3.687756299972534,NISQA_TTS_v1
/data/nhandt23/Dataset/MMSData/13GKsS26F4U/asr_subtitle/wavs/13GKsS26F4U_01234.wav,3.1136462688446045,NISQA_TTS_v1
/data/nhandt23/Dataset/MMSData/13GKsS26F4U/asr_subtitle/wavs/13GKsS26F4U_02075.wav,3.2402169704437256,NISQA_TTS_v1
/data/nhandt23/Dataset/MMSData/13GKsS26F4U/asr_subtitle/wavs/13GKsS26F4U_01671.wav,3.0355916023254395,NISQA_TTS_v1
/data/nhandt23/Dataset/MMSData/13GKsS26F4U/asr_subtitle/wavs/13GKsS26F4U_00343.wav,2.916353464126587,NISQA_TTS_v1
/data/nhandt23/Dataset/MMSData/13GKsS26F4U/asr_subtitle/wavs/13GKsS26F4U_03816.wav,3.0069360733032227,NISQA_TTS_v1
/data/nhandt23/Dataset/MMSData/13GKsS26F4U/asr_subtitle/wavs/13GKsS26F4U_03104.wav,3.878535747528076,NISQA_TTS_v1
/data/nhandt23/Dataset/MMSData/13GKsS26F4U/asr_subtitle/wavs/13GKsS26F4U_01343.wav,3.136770248413086,NISQA_TTS_v1
/data/nhandt23/Dataset/MMSData/13GKsS26F4U/asr_subtitle/wavs/13GKsS26F4U_02141.wav,3.159266710281372,NISQA_TTS_v1
/data/nhandt23/Dataset/MMSData/13GKsS26F4U/asr_subtitle/wavs/13GKsS26F4U_03359.wav,2.7723262310028076,NISQA_TTS_v1
/data/nhandt23/Dataset/MMSData/13GKsS26F4U/asr_subtitle/wavs/13GKsS26F4U_01613.wav,3.932892084121704,NISQA_TTS_v1
/data/nhandt23/Dataset/MMSData/13GKsS26F4U/asr_subtitle/wavs/13GKsS26F4U_04637.wav,2.5603902339935303,NISQA_TTS_v1
/data/nhandt23/Dataset/MMSData/13GKsS26F4U/asr_subtitle/wavs/13GKsS26F4U_03588.wav,2.433593511581421,NISQA_TTS_v1
/data/nhandt23/Dataset/MMSData/13GKsS26F4U/asr_subtitle/wavs/13GKsS26F4U_00552.wav,3.638650894165039,NISQA_TTS_v1
/data/nhandt23/Dataset/MMSData/13GKsS26F4U/asr_subtitle/wavs/13GKsS26F4U_03131.wav,2.864387273788452,NISQA_TTS_v1
/data/nhandt23/Dataset/MMSData/13GKsS26F4U/asr_subtitle/wavs/13GKsS26F4U_04082.wav,2.1378860473632812,NISQA_TTS_v1
/data/nhandt23/Dataset/MMSData/13GKsS26F4U/asr_subtitle/wavs/13GKsS26F4U_03842.wav,3.592344284057617,NISQA_TTS_v1
/data/nhandt23/Dataset/MMSData/13GKsS26F4U/asr_subtitle/wavs/13GKsS26F4U_02705.wav,3.362506866455078,NISQA_TTS_v1
/data/nhandt23/Dataset/MMSData/13GKsS26F4U/asr_subtitle/wavs/13GKsS26F4U_00332.wav,2.9287445545196533,NISQA_TTS_v1
/data/nhandt23/Dataset/MMSData/13GKsS26F4U/asr_subtitle/wavs/13GKsS26F4U_04974.wav,2.616584062576294,NISQA_TTS_v1
/data/nhandt23/Dataset/MMSData/13GKsS26F4U/asr_subtitle/wavs/13GKsS26F4U_04826.wav,3.6331424713134766,NISQA_TTS_v1
/data/nhandt23/Dataset/MMSData/13GKsS26F4U/asr_subtitle/wavs/13GKsS26F4U_02096.wav,3.0094242095947266,NISQA_TTS_v1
/data/nhandt23/Dataset/MMSData/13GKsS26F4U/asr_subtitle/wavs/13GKsS26F4U_03332.wav,3.1674582958221436,NISQA_TTS_v1
/data/nhandt23/Dataset/MMSData/13GKsS26F4U/asr_subtitle/wavs/13GKsS26F4U_02571.wav,2.8780863285064697,NISQA_TTS_v1
/data/nhandt23/Dataset/MMSData/13GKsS26F4U/asr_subtitle/wavs/13GKsS26F4U_03257.wav,3.17663311958313,NISQA_TTS_v1
/data/nhandt23/Dataset/MMSData/13GKsS26F4U/asr_subtitle/wavs/13GKsS26F4U_02487.wav,2.8129518032073975,NISQA_TTS_v1
/data/nhandt23/Dataset/MMSData/13GKsS26F4U/asr_subtitle/wavs/13GKsS26F4U_02139.wav,3.277360677719116,NISQA_TTS_v1
/data/nhandt23/Dataset/MMSData/13GKsS26F4U/asr_subtitle/wavs/13GKsS26F4U_03242.wav,2.885688543319702,NISQA_TTS_v1
/data/nhandt23/Dataset/MMSData/13GKsS26F4U/asr_subtitle/wavs/13GKsS26F4U_03787.wav,1.560242772102356,NISQA_TTS_v1
/data/nhandt23/Dataset/MMSData/13GKsS26F4U/asr_subtitle/wavs/13GKsS26F4U_01972.wav,3.0068509578704834,NISQA_TTS_v1
/data/nhandt23/Dataset/MMSData/13GKsS26F4U/asr_subtitle/wavs/13GKsS26F4U_00151.wav,3.5130274295806885,NISQA_TTS_v1
/data/nhandt23/Dataset/MMSData/13GKsS26F4U/asr_subtitle/wavs/13GKsS26F4U_00840.wav,3.0493578910827637,NISQA_TTS_v1
/data/nhandt23/Dataset/MMSData/13GKsS26F4U/asr_subtitle/wavs/13GKsS26F4U_03752.wav,2.646735429763794,NISQA_TTS_v1
/data/nhandt23/Dataset/MMSData/13GKsS26F4U/asr_subtitle/wavs/13GKsS26F4U_04745.wav,3.805081605911255,NISQA_TTS_v1
/data/nhandt23/Dataset/MMSData/13GKsS26F4U/asr_subtitle/wavs/13GKsS26F4U_03111.wav,2.6717946529388428,NISQA_TTS_v1
/data/nhandt23/Dataset/MMSData/13GKsS26F4U/asr_subtitle/wavs/13GKsS26F4U_02695.wav,2.4281461238861084,NISQA_TTS_v1
/data/nhandt23/Dataset/MMSData/13GKsS26F4U/asr_subtitle/wavs/13GKsS26F4U_02824.wav,2.386286973953247,NISQA_TTS_v1
/data/nhandt23/Dataset/MMSData/13GKsS26F4U/asr_subtitle/wavs/13GKsS26F4U_03723.wav,2.159799575805664,NISQA_TTS_v1
/data/nhandt23/Dataset/MMSData/13GKsS26F4U/asr_subtitle/wavs/13GKsS26F4U_03474.wav,3.694697618484497,NISQA_TTS_v1
/data/nhandt23/Dataset/MMSData/13GKsS26F4U/asr_subtitle/wavs/13GKsS26F4U_02576.wav,2.997147560119629,NISQA_TTS_v1
/data/nhandt23/Dataset/MMSData/13GKsS26F4U/asr_subtitle/wavs/13GKsS26F4U_01642.wav,2.9962637424468994,NISQA_TTS_v1
/data/nhandt23/Dataset/MMSData/13GKsS26F4U/asr_subtitle/wavs/13GKsS26F4U_00998.wav,2.8760764598846436,NISQA_TTS_v1
/data/nhandt23/Dataset/MMSData/13GKsS26F4U/asr_subtitle/wavs/13GKsS26F4U_02137.wav,2.603731155395508,NISQA_TTS_v1
/data/nhandt23/Dataset/MMSData/13GKsS26F4U/asr_subtitle/wavs/13GKsS26F4U_04318.wav,2.9887373447418213,NISQA_TTS_v1
/data/nhandt23/Dataset/MMSData/13GKsS26F4U/asr_subtitle/wavs/13GKsS26F4U_01650.wav,3.3520309925079346,NISQA_TTS_v1
/data/nhandt23/Dataset/MMSData/13GKsS26F4U/asr_subtitle/wavs/13GKsS26F4U_03767.wav,2.9478399753570557,NISQA_TTS_v1
/data/nhandt23/Dataset/MMSData/13GKsS26F4U/asr_subtitle/wavs/13GKsS26F4U_04634.wav,2.996080160140991,NISQA_TTS_v1
/data/nhandt23/Dataset/MMSData/13GKsS26F4U/asr_subtitle/wavs/13GKsS26F4U_00137.wav,4.205264568328857,NISQA_TTS_v1
/data/nhandt23/Dataset/MMSData/13GKsS26F4U/asr_subtitle/wavs/13GKsS26F4U_01284.wav,3.548668622970581,NISQA_TTS_v1
/data/nhandt23/Dataset/MMSData/13GKsS26F4U/asr_subtitle/wavs/13GKsS26F4U_04166.wav,3.868917942047119,NISQA_TTS_v1
/data/nhandt23/Dataset/MMSData/13GKsS26F4U/asr_subtitle/wavs/13GKsS26F4U_01969.wav,3.364828109741211,NISQA_TTS_v1
/data/nhandt23/Dataset/MMSData/13GKsS26F4U/asr_subtitle/wavs/13GKsS26F4U_04859.wav,3.6977083683013916,NISQA_TTS_v1
/data/nhandt23/Dataset/MMSData/13GKsS26F4U/asr_subtitle/wavs/13GKsS26F4U_00911.wav,2.5317490100860596,NISQA_TTS_v1
/data/nhandt23/Dataset/MMSData/13GKsS26F4U/asr_subtitle/wavs/13GKsS26F4U_03379.wav,3.627021074295044,NISQA_TTS_v1
/data/nhandt23/Dataset/MMSData/13GKsS26F4U/asr_subtitle/wavs/13GKsS26F4U_01086.wav,3.2605128288269043,NISQA_TTS_v1
/data/nhandt23/Dataset/MMSData/13GKsS26F4U/asr_subtitle/wavs/13GKsS26F4U_03327.wav,3.771023988723755,NISQA_TTS_v1
/data/nhandt23/Dataset/MMSData/13GKsS26F4U/asr_subtitle/wavs/13GKsS26F4U_04431.wav,2.7151057720184326,NISQA_TTS_v1
/data/nhandt23/Dataset/MMSData/13GKsS26F4U/asr_subtitle/wavs/13GKsS26F4U_02606.wav,2.5415234565734863,NISQA_TTS_v1
/data/nhandt23/Dataset/MMSData/13GKsS26F4U/asr_subtitle/wavs/13GKsS26F4U_04467.wav,3.4061427116394043,NISQA_TTS_v1
/data/nhandt23/Dataset/MMSData/13GKsS26F4U/asr_subtitle/wavs/13GKsS26F4U_04302.wav,2.643120765686035,NISQA_TTS_v1
/data/nhandt23/Dataset/MMSData/13GKsS26F4U/asr_subtitle/wavs/13GKsS26F4U_00158.wav,3.028095006942749,NISQA_TTS_v1
/data/nhandt23/Dataset/MMSData/13GKsS26F4U/asr_subtitle/wavs/13GKsS26F4U_02849.wav,3.4875361919403076,NISQA_TTS_v1
/data/nhandt23/Dataset/MMSData/13GKsS26F4U/asr_subtitle/wavs/13GKsS26F4U_00539.wav,3.9376776218414307,NISQA_TTS_v1
/data/nhandt23/Dataset/MMSData/13GKsS26F4U/asr_subtitle/wavs/13GKsS26F4U_04435.wav,2.998142957687378,NISQA_TTS_v1
/data/nhandt23/Dataset/MMSData/13GKsS26F4U/asr_subtitle/wavs/13GKsS26F4U_03996.wav,3.224893569946289,NISQA_TTS_v1
/data/nhandt23/Dataset/MMSData/13GKsS26F4U/asr_subtitle/wavs/13GKsS26F4U_00598.wav,4.052894115447998,NISQA_TTS_v1
/data/nhandt23/Dataset/MMSData/13GKsS26F4U/asr_subtitle/wavs/13GKsS26F4U_02168.wav,3.103968858718872,NISQA_TTS_v1
/data/nhandt23/Dataset/MMSData/13GKsS26F4U/asr_subtitle/wavs/13GKsS26F4U_02175.wav,4.025668144226074,NISQA_TTS_v1
/data/nhandt23/Dataset/MMSData/13GKsS26F4U/asr_subtitle/wavs/13GKsS26F4U_03210.wav,3.530337333679199,NISQA_TTS_v1
/data/nhandt23/Dataset/MMSData/13GKsS26F4U/asr_subtitle/wavs/13GKsS26F4U_03284.wav,2.3696916103363037,NISQA_TTS_v1
/data/nhandt23/Dataset/MMSData/13GKsS26F4U/asr_subtitle/wavs/13GKsS26F4U_04929.wav,3.353001356124878,NISQA_TTS_v1
/data/nhandt23/Dataset/MMSData/13GKsS26F4U/asr_subtitle/wavs/13GKsS26F4U_04035.wav,2.766695261001587,NISQA_TTS_v1
/data/nhandt23/Dataset/MMSData/13GKsS26F4U/asr_subtitle/wavs/13GKsS26F4U_00114.wav,3.6720383167266846,NISQA_TTS_v1
/data/nhandt23/Dataset/MMSData/13GKsS26F4U/asr_subtitle/wavs/13GKsS26F4U_03179.wav,4.013489246368408,NISQA_TTS_v1
/data/nhandt23/Dataset/MMSData/13GKsS26F4U/asr_subtitle/wavs/13GKsS26F4U_03132.wav,2.8277580738067627,NISQA_TTS_v1
/data/nhandt23/Dataset/MMSData/13GKsS26F4U/asr_subtitle/wavs/13GKsS26F4U_03758.wav,3.183089017868042,NISQA_TTS_v1
/data/nhandt23/Dataset/MMSData/13GKsS26F4U/asr_subtitle/wavs/13GKsS26F4U_02482.wav,2.8542768955230713,NISQA_TTS_v1
/data/nhandt23/Dataset/MMSData/13GKsS26F4U/asr_subtitle/wavs/13GKsS26F4U_01230.wav,4.296722888946533,NISQA_TTS_v1
/data/nhandt23/Dataset/MMSData/13GKsS26F4U/asr_subtitle/wavs/13GKsS26F4U_04555.wav,3.94889760017395,NISQA_TTS_v1
/data/nhandt23/Dataset/MMSData/13GKsS26F4U/asr_subtitle/wavs/13GKsS26F4U_00813.wav,3.3505983352661133,NISQA_TTS_v1
/data/nhandt23/Dataset/MMSData/13GKsS26F4U/asr_subtitle/wavs/13GKsS26F4U_02918.wav,2.97148060798645,NISQA_TTS_v1
/data/nhandt23/Dataset/MMSData/13GKsS26F4U/asr_subtitle/wavs/13GKsS26F4U_02632.wav,3.312474012374878,NISQA_TTS_v1
/data/nhandt23/Dataset/MMSData/13GKsS26F4U/asr_subtitle/wavs/13GKsS26F4U_02370.wav,2.429821729660034,NISQA_TTS_v1
/data/nhandt23/Dataset/MMSData/13GKsS26F4U/asr_subtitle/wavs/13GKsS26F4U_01689.wav,3.5780844688415527,NISQA_TTS_v1
/data/nhandt23/Dataset/MMSData/13GKsS26F4U/asr_subtitle/wavs/13GKsS26F4U_02519.wav,4.158764362335205,NISQA_TTS_v1
/data/nhandt23/Dataset/MMSData/13GKsS26F4U/asr_subtitle/wavs/13GKsS26F4U_01326.wav,3.2144784927368164,NISQA_TTS_v1
/data/nhandt23/Dataset/MMSData/13GKsS26F4U/asr_subtitle/wavs/13GKsS26F4U_00958.wav,3.8788163661956787,NISQA_TTS_v1
/data/nhandt23/Dataset/MMSData/13GKsS26F4U/asr_subtitle/wavs/13GKsS26F4U_00798.wav,3.6305158138275146,NISQA_TTS_v1
/data/nhandt23/Dataset/MMSData/13GKsS26F4U/asr_subtitle/wavs/13GKsS26F4U_03743.wav,4.4603753089904785,NISQA_TTS_v1
/data/nhandt23/Dataset/MMSData/13GKsS26F4U/asr_subtitle/wavs/13GKsS26F4U_02505.wav,2.5291249752044678,NISQA_TTS_v1
/data/nhandt23/Dataset/MMSData/13GKsS26F4U/asr_subtitle/wavs/13GKsS26F4U_03009.wav,3.00158953666687,NISQA_TTS_v1
/data/nhandt23/Dataset/MMSData/13GKsS26F4U/asr_subtitle/wavs/13GKsS26F4U_00619.wav,3.6305582523345947,NISQA_TTS_v1
/data/nhandt23/Dataset/MMSData/13GKsS26F4U/asr_subtitle/wavs/13GKsS26F4U_00034.wav,3.372392177581787,NISQA_TTS_v1
/data/nhandt23/Dataset/MMSData/13GKsS26F4U/asr_subtitle/wavs/13GKsS26F4U_04434.wav,2.9109740257263184,NISQA_TTS_v1
/data/nhandt23/Dataset/MMSData/13GKsS26F4U/asr_subtitle/wavs/13GKsS26F4U_04640.wav,3.2136168479919434,NISQA_TTS_v1
/data/nhandt23/Dataset/MMSData/13GKsS26F4U/asr_subtitle/wavs/13GKsS26F4U_03695.wav,3.639981269836426,NISQA_TTS_v1
/data/nhandt23/Dataset/MMSData/13GKsS26F4U/asr_subtitle/wavs/13GKsS26F4U_02714.wav,2.5339150428771973,NISQA_TTS_v1
/data/nhandt23/Dataset/MMSData/13GKsS26F4U/asr_subtitle/wavs/13GKsS26F4U_03593.wav,3.343026876449585,NISQA_TTS_v1
/data/nhandt23/Dataset/MMSData/13GKsS26F4U/asr_subtitle/wavs/13GKsS26F4U_04197.wav,2.8668839931488037,NISQA_TTS_v1
/data/nhandt23/Dataset/MMSData/13GKsS26F4U/asr_subtitle/wavs/13GKsS26F4U_01145.wav,3.7983078956604004,NISQA_TTS_v1
/data/nhandt23/Dataset/MMSData/13GKsS26F4U/asr_subtitle/wavs/13GKsS26F4U_03108.wav,3.4956696033477783,NISQA_TTS_v1
/data/nhandt23/Dataset/MMSData/13GKsS26F4U/asr_subtitle/wavs/13GKsS26F4U_01356.wav,3.2457289695739746,NISQA_TTS_v1
/data/nhandt23/Dataset/MMSData/13GKsS26F4U/asr_subtitle/wavs/13GKsS26F4U_01225.wav,2.7315104007720947,NISQA_TTS_v1
/data/nhandt23/Dataset/MMSData/13GKsS26F4U/asr_subtitle/wavs/13GKsS26F4U_04005.wav,2.584454298019409,NISQA_TTS_v1
/data/nhandt23/Dataset/MMSData/13GKsS26F4U/asr_subtitle/wavs/13GKsS26F4U_00294.wav,3.829188108444214,NISQA_TTS_v1
/data/nhandt23/Dataset/MMSData/13GKsS26F4U/asr_subtitle/wavs/13GKsS26F4U_01198.wav,3.1507091522216797,NISQA_TTS_v1
/data/nhandt23/Dataset/MMSData/13GKsS26F4U/asr_subtitle/wavs/13GKsS26F4U_00701.wav,3.1871769428253174,NISQA_TTS_v1
/data/nhandt23/Dataset/MMSData/13GKsS26F4U/asr_subtitle/wavs/13GKsS26F4U_03453.wav,3.701263666152954,NISQA_TTS_v1
/data/nhandt23/Dataset/MMSData/13GKsS26F4U/asr_subtitle/wavs/13GKsS26F4U_04381.wav,3.655151128768921,NISQA_TTS_v1
/data/nhandt23/Dataset/MMSData/13GKsS26F4U/asr_subtitle/wavs/13GKsS26F4U_04365.wav,2.8896737098693848,NISQA_TTS_v1
/data/nhandt23/Dataset/MMSData/13GKsS26F4U/asr_subtitle/wavs/13GKsS26F4U_04611.wav,2.063356399536133,NISQA_TTS_v1
/data/nhandt23/Dataset/MMSData/13GKsS26F4U/asr_subtitle/wavs/13GKsS26F4U_01707.wav,2.913619041442871,NISQA_TTS_v1
/data/nhandt23/Dataset/MMSData/13GKsS26F4U/asr_subtitle/wavs/13GKsS26F4U_02752.wav,1.658906102180481,NISQA_TTS_v1
/data/nhandt23/Dataset/MMSData/13GKsS26F4U/asr_subtitle/wavs/13GKsS26F4U_02783.wav,3.840606927871704,NISQA_TTS_v1
/data/nhandt23/Dataset/MMSData/13GKsS26F4U/asr_subtitle/wavs/13GKsS26F4U_02544.wav,2.9597389698028564,NISQA_TTS_v1
/data/nhandt23/Dataset/MMSData/13GKsS26F4U/asr_subtitle/wavs/13GKsS26F4U_01629.wav,2.9979324340820312,NISQA_TTS_v1
/data/nhandt23/Dataset/MMSData/13GKsS26F4U/asr_subtitle/wavs/13GKsS26F4U_03580.wav,3.6032450199127197,NISQA_TTS_v1
/data/nhandt23/Dataset/MMSData/13GKsS26F4U/asr_subtitle/wavs/13GKsS26F4U_00276.wav,3.787874460220337,NISQA_TTS_v1
